id;latitud;longitud
1;40,43276288;-3,701040333
2;40,4388709;-3,6934291
3;40,44707075;-3,703195999
4;40,4336632;-3,6942857
5;40,42315928;-3,718206567
6;40,4336632;-3,6942857
7;40,4347638;-3,7083155
8;40,43277095;-3,701034132
9;40,4336632;-3,6942857
10;40,42315928;-3,718206567
11;40,43296355;-3,691283008
12;40,4349358;-3,7147092
13;40,43852501;-3,701437129
14;40,4336632;-3,6942857
15;40,43630188;-3,711186847
16;40,42315928;-3,718206567
17;40,43243409;-3,693364755
18;40,42315928;-3,718206567
19;40,43050399;-3,690767176
20;40,4336632;-3,6942857
21;40,42640189;-3,69331608
22;40,42883904;-3,69283545
23;40,4288171;-3,6920625
24;40,4330613;-3,7010182
25;40,43175953;-3,712333175
26;40,4336632;-3,6942857
27;40,4336632;-3,6942857
28;40,43050399;-3,690767176
29;40,43945381;-3,696142952
30;40,4331414;-3,6981508
31;40,4330613;-3,7010182
32;40,42315928;-3,718206567
33;40,4336632;-3,6942857
34;40,4327091;-3,696121397
35;40,42981171;-3,623382805
36;40,4431893;-3,7108233
37;40,4359994;-3,7052328
38;40,42315928;-3,718206567
39;40,4336632;-3,6942857
40;40,4336632;-3,6942857
41;40,4288171;-3,6920625
42;40,4349358;-3,7147092
43;40,42315928;-3,718206567
44;40,43276288;-3,701040333
45;40,44623324;-3,693511674
46;40,43309965;-3,715950006
47;40,4336632;-3,6942857
48;40,4364524;-3,6963197
49;40,42315928;-3,718206567
50;40,4351123;-3,705672239
51;40,42941469;-3,69866161
52;40,4305398;-3,7056806
53;40,4336632;-3,6942857
54;40,4376551;-3,713123775
55;40,43666974;-3,696328664
56;40,43649952;-3,700937885
57;40,43666974;-3,696328664
58;40,43243409;-3,693364755
59;40,44660365;-3,692189199
60;40,4461072;-3,6909899
61;40,42315928;-3,718206567
62;40,4336632;-3,6942857
63;40,43538515;-3,713144204
64;40,44623324;-3,693511674
65;40,44600117;-3,713494044
66;40,43665205;-3,696417971
67;40,43542954;-3,714333004
68;40,43277095;-3,701034132
69;40,44660365;-3,692189199
70;40,42315928;-3,718206567
71;40,43304104;-3,699581983
72;40,4336632;-3,6942857
73;40,4334731;-3,69213965
74;40,4336632;-3,6942857
75;40,42315928;-3,718206567
76;40,4368575;-3,701605
77;40,4368575;-3,701605
78;40,4368575;-3,701605
79;40,4347638;-3,7083155
80;40,4389621;-3,705302
81;40,4334359;-3,7024953
82;40,4336632;-3,6942857
83;40,43168103;-3,702101257
84;40,43624068;-3,710118446
85;40,4375959;-3,7104879
86;40,4336632;-3,6942857
87;40,43485649;-3,703643221
88;40,43276288;-3,701040333
89;40,4293019;-3,7031526
90;40,42315928;-3,718206567
91;40,4331314;-3,6969593
92;40,42315928;-3,718206567
93;40,43484947;-3,715516139
94;40,4445857;-3,703224921
95;40,4368575;-3,701605
96;40,4349358;-3,7147092
97;40,43276288;-3,701040333
98;40,42315928;-3,718206567
99;40,43907795;-3,715083375
100;40,4280227;-3,6955996
101;40,4330613;-3,7010182
102;40,4337331;-3,690383242
103;40,4302235;-3,6964522
104;40,42315928;-3,718206567
105;40,4330613;-3,7010182
106;40,42315928;-3,718206567
107;40,4347638;-3,7083155
108;40,42315928;-3,718206567
109;40,4292388;-3,70393449
110;40,44300322;-3,698522239
111;40,42971685;-3,69906178
112;40,42315928;-3,718206567
113;40,4347638;-3,7083155
114;40,4461072;-3,6909899
115;40,4292388;-3,70393449
116;40,4268284;-3,6937173
117;40,42935418;-3,700595374
118;40,42315928;-3,718206567
119;40,4310262;-3,701144988
120;40,4347638;-3,7083155
121;40,4431893;-3,7108233
122;40,43551899;-3,716623365
123;40,4336632;-3,6942857
124;40,4336632;-3,6942857
125;40,43070484;-3,69480057
126;40,42315928;-3,718206567
127;40,4339302;-3,694919284
128;40,4339302;-3,694919284
129;40,42315928;-3,718206567
130;40,46249107;-3,682314368
131;40,44024116;-3,701005923
132;40,4326248;-3,708794589
133;40,4327091;-3,696121397
134;40,42315928;-3,718206567
135;40,44041345;-3,6966524
136;40,4336632;-3,6942857
137;40,43542954;-3,714333004
138;40,4310262;-3,701144988
139;40,43276288;-3,701040333
140;40,42315928;-3,718206567
141;40,4336632;-3,6942857
142;40,439479;-3,7079031
143;40,43551899;-3,716623365
144;40,43852501;-3,701437129
145;40,4292388;-3,70393449
146;40,43243409;-3,693364755
147;40,4363315;-3,7026306
148;40,43243409;-3,693364755
149;40,42941469;-3,69866161
150;40,44660365;-3,692189199
151;40,4336632;-3,6942857
152;40,43624068;-3,710118446
153;40,43575273;-3,698605805
154;40,44499978;-3,709112057
155;40,4330613;-3,7010182
156;40,4431893;-3,7108233
157;40,4389621;-3,705302
158;40,44247501;-3,69900861
159;40,44112726;-3,6960617
160;40,42315928;-3,718206567
161;40,43168103;-3,702101257
162;40,44009364;-3,706433925
163;40,4292388;-3,70393449
164;40,43274127;-3,711624666
165;40,44009364;-3,706433925
166;40,44247501;-3,69900861
167;40,44830297;-3,705209943
168;40,43274127;-3,711624666
169;40,4292388;-3,70393449
170;40,44024116;-3,701005923
171;40,43397766;-3,693557197
172;40,43577165;-3,704948857
173;40,44499978;-3,709112057
174;40,4376551;-3,713123775
175;40,4386397;-3,7081597
176;40,43945381;-3,696142952
177;40,43876862;-3,707343161
178;40,44499978;-3,709112057
179;40,43243409;-3,693364755
180;40,4361882;-3,7076218
181;40,44458045;-3,701361941
182;40,4363621;-3,6991715
183;40,43050399;-3,690767176
184;40,43339955;-3,714314051
185;40,43624068;-3,710118446
186;40,4336632;-3,6942857
187;40,4336632;-3,6942857
188;40,4336632;-3,6942857
189;40,4336632;-3,6942857
190;40,42315928;-3,718206567
191;40,44009364;-3,706433925
192;40,4330613;-3,7010182
193;40,4336632;-3,6942857
194;40,42315928;-3,718206567
195;40,42315928;-3,718206567
196;40,44429798;-3,700534517
197;40,4336632;-3,6942857
198;40,4310262;-3,701144988
199;40,4388179;-3,6961424
200;40,42889333;-3,694348456
201;40,4431893;-3,7108233
202;40,42315928;-3,718206567
203;40,434998;-3,7047127
204;40,43852501;-3,701437129
205;40,42315928;-3,718206567
206;40,4363553;-3,7108614
207;40,4330613;-3,7010182
208;40,43665205;-3,696417971
209;40,43626351;-3,691244449
210;40,43649952;-3,700937885
211;40,4288171;-3,6920625
212;40,44112726;-3,6960617
213;40,44579187;-3,706162393
214;40,4323503;-3,702685716
215;40,43542954;-3,714333004
216;40,43243409;-3,693364755
217;40,43551899;-3,716623365
218;40,4336632;-3,6942857
219;40,43279915;-3,697355131
220;40,4351123;-3,705672239
221;40,4292388;-3,70393449
222;40,43074387;-3,70305998
223;40,4356854;-3,699375978
224;40,43173292;-3,702788584
225;40,43575273;-3,698605805
226;40,4370481;-3,7021798
227;40,43666294;-3,697946682
228;40,43907795;-3,715083375
229;40,4405476;-3,695901307
230;40,44623324;-3,693511674
231;40,4292388;-3,70393449
232;40,44600117;-3,713494044
233;40,43175953;-3,712333175
234;40,43542954;-3,714333004
235;40,4389621;-3,705302
236;40,44416147;-3,699921404
237;40,4351123;-3,705672239
238;40,43538515;-3,713144204
239;40,42315928;-3,718206567
240;40,4312925;-3,6942101
241;40,43575273;-3,698605805
242;40,43666294;-3,697946682
243;40,43907795;-3,715083375
244;40,44660365;-3,692189199
245;40,4349358;-3,7147092
246;40,43844623;-3,699785121
247;40,4326248;-3,708794589
248;40,44112726;-3,6960617
249;40,44189808;-3,718664603
250;40,4376551;-3,713123775
251;40,43753645;-3,698632918
252;40,43168103;-3,702101257
253;40,4349358;-3,7147092
254;40,4310262;-3,701144988
255;40,43276288;-3,701040333
256;40,43274127;-3,711624666
257;40,43070484;-3,69480057
258;40,4336632;-3,6942857
259;40,44024116;-3,701005923
260;40,43822337;-3,717798029
261;40,4330613;-3,7010182
262;40,4405476;-3,695901307
263;40,44830297;-3,705209943
264;40,42889333;-3,694348456
265;40,44024116;-3,701005923
266;40,43109387;-3,709694302
267;40,42814306;-3,692569917
268;40,42992925;-3,694393509
269;40,44499978;-3,709112057
270;40,44416147;-3,699921404
271;40,44501359;-3,717138513
272;40,44024116;-3,701005923
273;40,43000277;-3,697690571
274;40,43753645;-3,698632918
275;40,4342655;-3,7123424
276;40,44024116;-3,701005923
277;40,43484947;-3,715516139
278;40,44300322;-3,698522239
279;40,43822337;-3,717798029
280;40,43243409;-3,693364755
281;40,4301994;-3,6927714
282;40,43246703;-3,717519525
283;40,4423982;-3,69746209
284;40,43380259;-3,70420351
285;40,4380069;-3,716186832
286;40,4336632;-3,6942857
287;40,4303977;-3,7103348
288;40,4349358;-3,7147092
289;40,44660365;-3,692189199
290;40,44660365;-3,692189199
291;40,43276288;-3,701040333
292;40,43624068;-3,710118446
293;40,42954525;-3,699706132
294;40,4334118;-3,704980954
295;40,43624068;-3,710118446
296;40,43945381;-3,696142952
297;40,44830297;-3,705209943
298;40,430386;-3,701892108
299;40,44600117;-3,713494044
300;40,43519982;-3,7068364
301;40,436544;-3,7024617
302;40,43276288;-3,701040333
303;40,428132;-3,6907537
304;40,43508698;-3,6939818
305;40,43626351;-3,691244449
306;40,4339302;-3,694919284
307;40,4357719;-3,70052
308;40,42315928;-3,718206567
309;40,43243409;-3,693364755
310;40,4330613;-3,7010182
311;40,44024116;-3,701005923
312;40,42736788;-3,692989449
313;40,4389621;-3,705302
314;40,43057973;-3,691038747
315;40,44660365;-3,692189199
316;40,44185775;-3,70005787
317;40,43575273;-3,698605805
318;40,43666294;-3,697946682
319;40,43274127;-3,711624666
320;40,43551899;-3,716623365
321;40,4357719;-3,70052
322;40,4368784;-3,7018224
323;40,4373794;-3,7131022
324;40,4336632;-3,6942857
325;40,43276288;-3,701040333
326;40,43649952;-3,700937885
327;40,43309965;-3,715950006
328;40,4407762;-3,7128498
329;40,4435639;-3,700839459
330;40,4310262;-3,701144988
331;40,44429798;-3,700534517
332;40,43666974;-3,696328664
333;40,46249107;-3,682314368
334;40,43376236;-3,699111149
335;40,44024116;-3,701005923
336;40,44501359;-3,717138513
337;40,4336632;-3,6942857
338;40,43243409;-3,693364755
339;40,44429798;-3,700534517
340;40,44300322;-3,698522239
341;40,4431893;-3,7108233
342;40,43542954;-3,714333004
343;40,4389621;-3,705302
344;40,43538515;-3,713144204
345;40,43032695;-3,700979627
346;40,4307447;-3,698101006
347;40,4336632;-3,6942857
348;40,44830297;-3,705209943
349;40,43276288;-3,701040333
350;40,4218831;-3,700964217
351;40,43413206;-3,71128878
352;40,42889333;-3,694348456
353;40,4356854;-3,699375978
354;40,4389621;-3,705302
355;40,4339102;-3,7024169
356;40,4389621;-3,705302
357;40,4336632;-3,6942857
358;40,42315928;-3,718206567
359;40,430386;-3,701892108
360;40,4343997;-3,7179095
361;40,42315928;-3,718206567
362;40,4389621;-3,705302
363;40,43630188;-3,711186847
364;40,4329059;-3,6928882
365;40,43243409;-3,693364755
366;40,42640189;-3,69331608
367;40,43575273;-3,698605805
368;40,44499978;-3,709112057
369;40,44499978;-3,709112057
370;40,43945381;-3,696142952
371;40,43945381;-3,696142952
372;40,4349358;-3,7147092
373;40,4349358;-3,7147092
374;40,4327091;-3,696121397
375;40,43279915;-3,697355131
376;40,42315928;-3,718206567
377;40,43413206;-3,71128878
378;40,43945381;-3,696142952
379;40,43945381;-3,696142952
380;40,4427157;-3,7152139
381;40,44499978;-3,709112057
382;40,4347638;-3,7083155
383;40,4349358;-3,7147092
384;40,436301;-3,700038292
385;40,4315405;-3,7146747
386;40,43413206;-3,71128878
387;40,43108821;-3,701817097
388;40,43747878;-3,698649799
389;40,42315928;-3,718206567
390;40,44499978;-3,709112057
391;40,4461072;-3,6909899
392;40,43852501;-3,701437129
393;40,43907795;-3,715083375
394;40,4389621;-3,705302
395;40,43542954;-3,714333004
396;40,43626351;-3,691244449
397;40,43413206;-3,71128878
398;40,43508698;-3,6939818
399;40,43626351;-3,691244449
400;40,4389621;-3,705302
401;40,43050399;-3,690767176
402;40,44660365;-3,692189199
403;40,43380259;-3,70420351
404;40,44499978;-3,709112057
405;40,4423982;-3,69746209
406;40,4310262;-3,701144988
407;40,4431893;-3,7108233
408;40,4310262;-3,701144988
409;40,4307447;-3,698101006
410;40,42246451;-3,707699303
411;40,4326248;-3,708794589
412;40,43309965;-3,715950006
413;40,4389621;-3,705302
414;40,43551899;-3,716623365
415;40,43907795;-3,715083375
416;40,43508698;-3,6939818
417;40,4368784;-3,7018224
418;40,4343166;-3,701282728
419;40,4298146;-3,707558961
420;40,4323835;-3,7146186
421;40,4310262;-3,701144988
422;40,4389621;-3,705302
423;40,43666974;-3,696328664
424;40,44623324;-3,693511674
425;40,4349358;-3,7147092
426;40,4336632;-3,6942857
427;40,4389621;-3,705302
428;40,4336632;-3,6942857
429;40,44024116;-3,701005923
430;40,43000277;-3,697690571
431;40,43844623;-3,699785121
432;40,43945381;-3,696142952
433;40,4347638;-3,7083155
434;40,43844623;-3,699785121
435;40,43945381;-3,696142952
436;40,4423982;-3,69746209
437;40,4328148;-3,7098453
438;40,4390387;-3,6992008
439;40,4431893;-3,7108233
440;40,4429212;-3,701008646
441;40,43050399;-3,690767176
442;40,4389621;-3,705302
443;40,42315928;-3,718206567
444;40,4336632;-3,6942857
445;40,4328318;-3,7038247
446;40,4389621;-3,705302
447;40,43945381;-3,696142952
448;40,44024116;-3,701005923
449;40,4389621;-3,705302
450;40,4393173;-3,7156031
451;40,44024116;-3,701005923
452;40,4389621;-3,705302
453;40,43050399;-3,690767176
454;40,4341481;-3,7168718
455;40,43276288;-3,701040333
456;40,4458169;-3,7032506
457;40,42315928;-3,718206567
458;40,43624068;-3,710118446
459;40,44501359;-3,717138513
460;40,4353554;-3,7123659
461;40,44660365;-3,692189199
462;40,44499978;-3,709112057
463;40,4336632;-3,6942857
464;40,4431893;-3,7108233
465;40,4349358;-3,7147092
466;40,44592335;-3,700944364
467;40,42315928;-3,718206567
468;40,436301;-3,700038292
469;40,4349358;-3,7147092
470;40,43551899;-3,716623365
471;40,43699261;-3,702546584
472;40,4458416;-3,6916991
473;40,4389621;-3,705302
474;40,44005667;-3,714034841
475;40,44024116;-3,701005923
476;40,42315928;-3,718206567
477;40,4389621;-3,705302
478;40,43274127;-3,711624666
479;40,44009364;-3,706433925
480;40,435392;-3,714847306
481;40,43551899;-3,716623365
482;40,4423982;-3,69746209
483;40,44429798;-3,700534517
484;40,4292388;-3,70393449
485;40,4307372;-3,7051894
486;40,4349358;-3,7147092
487;40,43753645;-3,698632918
488;40,4349358;-3,7147092
489;40,4323503;-3,702685716
490;40,4336632;-3,6942857
491;40,43309965;-3,715950006
492;40,4322526;-3,7143842
493;40,4407215;-3,7139075
494;40,43173043;-3,694637616
495;40,4330613;-3,7010182
496;40,4350606;-3,7005123
497;40,4361827;-3,7180083
498;40,4349358;-3,7147092
499;40,4423982;-3,69746209
500;40,43276288;-3,701040333
501;40,4336632;-3,6942857
502;40,44416147;-3,699921404
503;40,42315928;-3,718206567
504;40,4336632;-3,6942857
505;40,43630188;-3,711186847
506;40,4281232;-3,692085
507;40,43852501;-3,701437129
508;40,43413206;-3,71128878
509;40,43666974;-3,696328664
510;40,42315928;-3,718206567
511;40,43852501;-3,701437129
512;40,43519982;-3,7068364
513;40,4328113;-3,6993978
514;40,4292388;-3,70393449
515;40,43907795;-3,715083375
516;40,43413206;-3,71128878
517;40,42866767;-3,697127775
518;40,43649952;-3,700937885
519;40,4336632;-3,6942857
520;40,43551899;-3,716623365
521;40,4415308;-3,6955205
522;40,44247501;-3,69900861
523;40,43551899;-3,716623365
524;40,4267515;-3,6924031
525;40,43484947;-3,715516139
526;40,42820131;-3,704972517
527;40,4345185;-3,7162706
528;40,43945381;-3,696142952
529;40,43175953;-3,712333175
530;40,44376601;-3,714143463
531;40,43274127;-3,711624666
532;40,43852501;-3,701437129
533;40,4323503;-3,702685716
534;40,44376601;-3,714143463
535;40,42865395;-3,700696723
536;40,4339302;-3,694919284
537;40,44247501;-3,69900861
538;40,43175953;-3,712333175
539;40,43175953;-3,712333175
540;40,4349358;-3,7147092
541;40,4307447;-3,698101006
542;40,4372385;-3,7024563
543;40,4408172;-3,7156518
544;40,4408172;-3,7156518
545;40,5064887;-4,232898
546;40,43480772;-3,713775366
547;40,44499978;-3,709112057
548;40,44499978;-3,709112057
549;40,44376601;-3,714143463
550;40,43624068;-3,710118446
551;40,435392;-3,714847306
552;40,4334731;-3,69213965
553;40,4431893;-3,7108233
554;40,4336632;-3,6942857
555;40,42315928;-3,718206567
556;40,4376551;-3,713123775
557;40,48932943;-3,966575523
558;40,435392;-3,714847306
559;40,43508698;-3,6939818
560;40,4281232;-3,692085
561;40,43397766;-3,693557197
562;40,42570565;-3,712659739
563;40,44024116;-3,701005923
564;40,44499978;-3,709112057
565;40,4336632;-3,6942857
566;40,4389621;-3,705302
567;40,4349358;-3,7147092
568;40,4349358;-3,7147092
569;40,4380899;-3,6999172
570;40,5064887;-4,232898
571;40,4423982;-3,69746209
572;40,4423982;-3,69746209
573;40,43598866;-3,703359087
574;40,4423982;-3,69746209
575;40,4380899;-3,6999172
576;40,4380899;-3,6999172
577;40,43666974;-3,696328664
578;40,43538515;-3,713144204
579;40,44499978;-3,709112057
580;40,43551899;-3,716623365
581;40,44185775;-3,70005787
582;40,43666294;-3,697946682
583;40,43666294;-3,697946682
584;40,44185775;-3,70005787
585;40,4298146;-3,707558961
586;40,44009364;-3,706433925
587;40,4431893;-3,7108233
588;40,43611101;-3,698602359
589;40,42315928;-3,718206567
590;40,44416147;-3,699921404
591;40,43484947;-3,715516139
592;40,4326418;-3,6990675
593;40,44623324;-3,693511674
594;40,43538515;-3,713144204
595;40,4336632;-3,6942857
596;40,43508698;-3,6939818
597;40,43243409;-3,693364755
598;40,4431893;-3,7108233
599;40,43538515;-3,713144204
600;40,4349358;-3,7147092
601;40,42315928;-3,718206567
602;40,43575273;-3,698605805
603;40,4389621;-3,705302
604;40,43243409;-3,693364755
605;40,43413206;-3,71128878
606;40,4327443;-3,7033977
607;40,4349358;-3,7147092
608;40,43575273;-3,698605805
609;40,4408172;-3,7156518
610;40,43243409;-3,693364755
611;40,42315928;-3,718206567
612;40,4336632;-3,6942857
613;40,43551899;-3,716623365
614;40,4396968;-3,6994173
615;40,44639435;-3,712288884
616;40,42889333;-3,694348456
617;40,44247501;-3,69900861
618;40,43309965;-3,715950006
619;40,42889333;-3,694348456
620;40,43611101;-3,698602359
621;40,43753645;-3,698632918
622;40,44024116;-3,701005923
623;40,43276288;-3,701040333
624;40,43551899;-3,716623365
625;40,44660365;-3,692189199
626;40,44660365;-3,692189199
627;40,4330613;-3,7010182
628;40,42640189;-3,69331608
629;40,4334118;-3,704980954
630;40,42935418;-3,700595374
631;40,4339302;-3,694919284
632;40,4310262;-3,701144988
633;40,4307447;-3,698101006
634;40,4376551;-3,713123775
635;40,4370503;-3,7136338
636;40,46249107;-3,682314368
637;40,44024116;-3,701005923
638;40,4364367;-3,7125232
639;40,44300322;-3,698522239
640;40,44024116;-3,701005923
641;40,43243409;-3,693364755
642;40,46249107;-3,682314368
643;40,4336632;-3,6942857
644;40,43551899;-3,716623365
645;40,43551899;-3,716623365
646;40,43000277;-3,697690571
647;40,43397766;-3,693557197
648;40,4349358;-3,7147092
649;40,4349358;-3,7147092
650;40,4389621;-3,705302
651;40,43316195;-3,697600833
652;40,439479;-3,7079031
653;40,46249107;-3,682314368
654;40,439479;-3,7079031
655;40,42883904;-3,69283545
656;40,4461072;-3,6909899
657;40,4431893;-3,7108233
658;40,44416147;-3,699921404
659;40,43276288;-3,701040333
660;40,43413206;-3,71128878
661;40,43913979;-3,715241667
662;40,42866767;-3,697127775
663;40,4327091;-3,696121397
664;40,42883904;-3,69283545
665;40,4380899;-3,6999172
666;40,43243409;-3,693364755
667;40,4389621;-3,705302
668;40,44185775;-3,70005787
669;40,43413206;-3,71128878
670;40,43413206;-3,71128878
671;40,4423982;-3,69746209
672;40,43276288;-3,701040333
673;40,44024116;-3,701005923
674;40,44024116;-3,701005923
675;40,43542954;-3,714333004
676;40,44600117;-3,713494044
677;40,43484947;-3,715516139
678;40,44024116;-3,701005923
679;40,43575273;-3,698605805
680;40,43000277;-3,697690571
681;40,43070484;-3,69480057
682;40,43666974;-3,696328664
683;40,435392;-3,714847306
684;40,43276288;-3,701040333
685;40,44499978;-3,709112057
686;40,44499978;-3,709112057
687;40,44499978;-3,709112057
688;40,44499978;-3,709112057
689;40,43666974;-3,696328664
690;40,44830297;-3,705209943
691;40,43276288;-3,701040333
692;40,4380899;-3,6999172
693;40,4380899;-3,6999172
694;40,4347638;-3,7083155
695;40,43575273;-3,698605805
696;40,4431893;-3,7108233
697;40,4349358;-3,7147092
698;40,4336632;-3,6942857
699;40,434998;-3,7047127
700;40,4336632;-3,6942857
701;40,44185831;-3,710998174
702;40,43666974;-3,696328664
703;40,43907795;-3,715083375
704;40,43413206;-3,71128878
705;40,43551899;-3,716623365
706;40,4431893;-3,7108233
707;40,43852501;-3,701437129
708;40,43276288;-3,701040333
709;40,44623324;-3,693511674
710;40,43070484;-3,69480057
711;40,4292388;-3,70393449
712;40,4431893;-3,7108233
713;40,4349358;-3,7147092
714;40,44024116;-3,701005923
715;40,4431893;-3,7108233
716;40,43173043;-3,694637616
717;40,4357332;-3,7031575
718;40,4461072;-3,6909899
719;40,4389621;-3,705302
720;40,43413206;-3,71128878
721;40,43551899;-3,716623365
722;40,43276288;-3,701040333
723;40,4288171;-3,6920625
724;40,44660365;-3,692189199
725;40,43945381;-3,696142952
726;40,43666294;-3,697946682
727;40,42315928;-3,718206567
728;40,4288171;-3,6920625
729;40,43413206;-3,71128878
730;40,44024116;-3,701005923
731;40,4423982;-3,69746209
732;40,43000277;-3,697690571
733;40,43508698;-3,6939818
734;40,4298146;-3,707558961
735;40,42746421;-3,689920249
736;40,43168103;-3,702101257
737;40,44499978;-3,709112057
738;40,4336632;-3,6942857
739;40,43907795;-3,715083375
740;40,44024116;-3,701005923
741;40,44024116;-3,701005923
742;40,42315928;-3,718206567
743;40,4324805;-3,704506
744;40,4389621;-3,705302
745;40,42315928;-3,718206567
746;40,43844623;-3,699785121
747;40,44499978;-3,709112057
748;40,4389621;-3,705302
749;40,43508698;-3,6939818
750;40,43243409;-3,693364755
751;40,43508698;-3,6939818
752;40,4336632;-3,6942857
753;40,4300031;-3,7007394
754;40,44499978;-3,709112057
755;40,4288171;-3,6920625
756;40,44024116;-3,701005923
757;40,43309965;-3,715950006
758;40,43551899;-3,716623365
759;40,4327091;-3,696121397
760;40,43243409;-3,693364755
761;40,4564203;-3,640206622
762;40,4564203;-3,640206622
763;40,4618893;-3,6433517
764;40,4751907;-3,66261
765;40,4653474;-3,6505036
766;40,4618893;-3,6433517
767;40,4724696;-3,6489613
768;40,4618893;-3,6433517
769;40,4792813;-3,6576306
770;40,4931887;-3,6564023
771;40,4725491;-3,6425515
772;40,4564203;-3,640206622
773;40,49022585;-3,658584634
774;40,47441293;-3,643351353
775;40,47482879;-3,646265983
776;40,4931887;-3,6564023
777;40,4618893;-3,6433517
778;40,4725491;-3,6425515
779;40,5069625;-3,6556001
780;40,5069625;-3,6556001
781;40,49497855;-3,619723971
782;40,48254551;-3,630016858
783;40,47461456;-3,66133044
784;40,4522376;-3,6141158
785;40,4564203;-3,640206622
786;40,4724696;-3,6489613
787;40,4724696;-3,6489613
788;40,4655629;-3,650517653
789;40,4886881;-3,6621349
790;40,4725491;-3,6425515
791;40,4564203;-3,640206622
792;40,4618893;-3,6433517
793;40,4564203;-3,640206622
794;40,46080141;-3,650805865
795;40,47377278;-3,654197774
796;40,47790347;-3,627667553
797;40,47193248;-3,653245681
798;40,4564203;-3,640206622
799;40,4878764;-3,6641765
800;40,4825543;-3,6334316
801;40,4818094;-3,6164188
802;40,4564203;-3,640206622
803;40,4564203;-3,640206622
804;40,4656681;-3,6342665
805;40,4534273;-3,6224037
806;40,3223572;-3,7385443
807;40,4848318;-3,6348449
808;40,45672616;-3,619416396
809;40,45653006;-3,647643301
810;40,48625235;-3,671224244
811;40,45348381;-3,622255127
812;40,4564203;-3,640206622
813;40,44601453;-3,671259904
814;40,498551;-3,6149035
815;40,4724696;-3,6489613
816;40,4931887;-3,6564023
817;40,4856736;-3,6476926
818;40,4931887;-3,6564023
819;40,4931887;-3,6564023
820;40,45764571;-3,635281273
821;40,4725491;-3,6425515
822;40,47407808;-3,660980976
823;40,46525108;-3,63327535
824;40,47514911;-3,65461147
825;40,45212008;-3,617190207
826;40,45222373;-3,608523948
827;40,4725491;-3,6425515
828;40,4872436;-3,661223
829;40,46472792;-3,633255071
830;40,45774442;-3,64511193
831;40,5062691;-3,6560818
832;40,2414192;-3,7062731
833;40,26927116;-3,750404971
834;40,44601453;-3,671259904
835;40,4792813;-3,6576306
836;40,46700291;-3,66133927
837;40,50035395;-3,654121672
838;40,4818094;-3,6164188
839;40,4418013;-3,67521693
840;40,4598447;-3,627862524
841;40,4621278;-3,6296056
842;40,4618893;-3,6433517
843;40,50035395;-3,654121672
844;40,4725491;-3,6425515
845;40,48549877;-3,667031652
846;40,47193248;-3,653245681
847;40,45506482;-3,614898376
848;40,4781644;-3,646803447
849;40,4877278;-3,666042226
850;40,45880977;-3,651682202
851;40,48748855;-3,66204321
852;40,46199669;-3,657196575
853;40,4755173;-3,6386543
854;40,4618893;-3,6433517
855;40,4564203;-3,640206622
856;40,4512551;-3,611712167
857;40,46080141;-3,650805865
858;40,49246677;-3,612701394
859;40,45706215;-3,644254828
860;40,4994407;-3,6576931
861;40,4931887;-3,6564023
862;40,4858467;-3,6503797
863;40,4720705;-3,65125
864;40,4735412;-3,636222399
865;40,46346017;-3,646345277
866;40,4676466;-3,6389021
867;40,49246677;-3,612701394
868;40,4564203;-3,640206622
869;40,4564203;-3,640206622
870;40,48625235;-3,671224244
871;40,4724696;-3,6489613
872;40,47389995;-3,649638128
873;40,45859035;-3,635211913
874;40,45203298;-3,615874595
875;40,49869738;-3,652159968
876;40,4931887;-3,6564023
877;40,48448244;-3,629689626
878;40,5058557;-3,652528522
879;40,45373737;-3,61907818
880;40,49246677;-3,612701394
881;40,49022585;-3,658584634
882;40,45414467;-3,612631229
883;40,99196714;-3,636527508
884;40,49603772;-3,65202501
885;40,45348381;-3,622255127
886;40,4512278;-3,6116945
887;40,4521621;-3,6421483
888;40,45764571;-3,635281273
889;40,45854809;-3,648456502
890;40,4591486;-3,6447473
891;40,4818094;-3,6164188
892;40,45575907;-3,619772714
893;40,45940109;-3,629814546
894;40,46840029;-3,652826909
895;40,45506482;-3,614898376
896;40,45348381;-3,622255127
897;40,46472792;-3,633255071
898;40,4764884;-3,6594029
899;40,48549877;-3,667031652
900;40,5615453;-3,621393934
901;40,49869738;-3,652159968
902;40,4656681;-3,6342665
903;40,48549877;-3,667031652
904;40,49461972;-3,612683893
905;40,49461972;-3,612683893
906;40,484607;-3,6518491
907;40,4621033;-3,6574935
908;40,45053496;-3,613702592
909;40,46046735;-3,648053141
910;40,46525108;-3,63327535
911;40,4931887;-3,6564023
912;40,48530901;-3,61617455
913;40,47486945;-3,637814999
914;40,45323483;-3,631179751
915;40,45203298;-3,615874595
916;40,49352268;-3,654601251
917;40,45280687;-3,61245357
918;40,46262095;-3,628086345
919;40,45373737;-3,61907818
920;40,49246677;-3,612701394
921;40,45774442;-3,64511193
922;40,4200754;-3,8181988
923;40,4200754;-3,8181988
924;40,4724696;-3,6489613
925;40,4725491;-3,6425515
926;40,457178;-3,6521383
927;40,4662213;-3,6352094
928;40,50130717;-3,651481163
929;40,4931887;-3,6564023
930;40,48993612;-3,606575663
931;40,4818094;-3,6164188
932;40,4818094;-3,6164188
933;40,4818094;-3,6164188
934;40,4564203;-3,640206622
935;40,45373737;-3,61907818
936;40,4818094;-3,6164188
937;40,4547734;-3,6150113
938;40,4713378;-3,6487618
939;40,46080141;-3,650805865
940;40,46208644;-3,652100103
941;40,4733526;-3,6382458
942;40,4764884;-3,6594029
943;40,4725491;-3,6425515
944;40,50035395;-3,654121672
945;40,4818094;-3,6164188
946;40,45319378;-3,613591274
947;40,47198915;-3,63257425
948;40,32235692;-3,738544539
949;40,32235692;-3,738544539
950;40,32235692;-3,738544539
951;40,4931887;-3,6564023
952;40,48993612;-3,606575663
953;40,48993612;-3,606575663
954;40,49281455;-3,668488611
955;40,4564203;-3,640206622
956;40,4618893;-3,6433517
957;40,4702826;-3,6518871
958;40,4709938;-3,6386621
959;40,4685785;-3,6451891
960;40,32235692;-3,738544539
961;40,32235692;-3,738544539
962;40,32235692;-3,738544539
963;40,32235692;-3,738544539
964;40,45373737;-3,61907818
965;40,32235692;-3,738544539
966;40,32235692;-3,738544539
967;40,47759669;-3,628276301
968;40,35294654;-3,856487128
969;40,47070716;-3,649191178
970;40,46020903;-3,632491162
971;40,32235692;-3,738544539
972;40,32235692;-3,738544539
973;40,48448244;-3,629689626
974;40,48180335;-3,613287048
975;40,48180335;-3,613287048
976;40,48180335;-3,613287048
977;40,1615755;-3,6200174
978;40,48448244;-3,629689626
979;40,4564203;-3,640206622
980;40,4724696;-3,6489613
981;40,49603772;-3,65202501
982;40,4818094;-3,6164188
983;40,46096369;-3,638098044
984;40,468231;-3,6383813
985;40,46389844;-3,659098989
986;40,4725491;-3,6425515
987;40,46799268;-3,640535558
988;40,50071249;-3,652568729
989;40,49486192;-3,610587764
990;40,47441293;-3,643351353
991;40,49869738;-3,652159968
992;40,4564203;-3,640206622
993;40,4931887;-3,6564023
994;40,46772596;-3,633915953
995;40,48549877;-3,667031652
996;40,45925772;-3,637862692
997;40,45067201;-3,644315649
998;40,49169081;-3,663898332
999;40,45323483;-3,631179751
1000;40,45323483;-3,631179751
1001;40,45764571;-3,635281273
1002;40,4618893;-3,6433517
1003;40,45335596;-3,656674525
1004;40,4564203;-3,640206622
1005;40,4725491;-3,6425515
1006;40,45672616;-3,619416396
1007;40,4725491;-3,6425515
1008;40,46486185;-3,630597369
1009;40,4660568;-3,638431
1010;40,4931887;-3,6564023
1011;40,4724696;-3,6489613
1012;40,47464577;-3,662011085
1013;40,4764884;-3,6594029
1014;40,45677522;-3,640472107
1015;40,4618893;-3,6433517
1016;40,4682736;-3,6542653
1017;40,48925938;-3,66553919
1018;40,4564203;-3,640206622
1019;40,4531326;-3,615524649
1020;40,45808616;-3,62987041
1021;40,47566355;-3,62853525
1022;40,46716682;-3,631120247
1023;40,4744432;-3,6380533
1024;40,4692975;-3,6626802
1025;40,477948;-3,6483434
1026;40,473117;-3,635067
1027;40,4858467;-3,6503797
1028;40,499943;-3,6531693
1029;40,4618893;-3,6433517
1030;40,4655629;-3,650517653
1031;40,49869738;-3,652159968
1032;40,47430701;-3,650444706
1033;40,48549877;-3,667031652
1034;40,47210325;-3,65322509
1035;40,49246677;-3,612701394
1036;40,46303065;-3,653515987
1037;40,4564203;-3,640206622
1038;40,49246677;-3,612701394
1039;40,47745447;-3,648414922
1040;40,48146985;-3,660751236
1041;40,4724696;-3,6489613
1042;40,478169;-3,646807
1043;40,45203298;-3,615874595
1044;40,4612842;-3,6456539
1045;40,4724696;-3,6489613
1046;40,47441293;-3,643351353
1047;40,4634225;-3,6464645
1048;40,48549877;-3,667031652
1049;40,4742819;-3,6395267
1050;40,48946794;-3,656322211
1051;40,4564203;-3,640206622
1052;40,4585681;-3,6479392
1053;40,46080141;-3,650805865
1054;40,454683;-3,6521557
1055;40,4564203;-3,640206622
1056;40,45373737;-3,61907818
1057;40,4679035;-3,6510648
1058;40,4592587;-3,6468176
1059;40,4725491;-3,6425515
1060;40,48549877;-3,667031652
1061;40,4530464;-3,618663618
1062;40,4653474;-3,6505036
1063;40,4725491;-3,6425515
1064;40,4766786;-3,6591929
1065;40,45067201;-3,644315649
1066;40,4725491;-3,6425515
1067;40,4507014;-3,6238867
1068;40,459801;-3,6336052
1069;40,48549877;-3,667031652
1070;40,4564203;-3,640206622
1071;40,4564203;-3,640206622
1072;40,4733526;-3,6382458
1073;40,4564203;-3,640206622
1074;40,4725491;-3,6425515
1075;40,4707292;-3,6490797
1076;40,48549877;-3,667031652
1077;40,4618893;-3,6433517
1078;40,4564203;-3,640206622
1079;40,4618893;-3,6433517
1080;40,4653495;-3,6489016
1081;40,73288289;-4,011414829
1082;40,472225;-3,6442039
1083;40,4818094;-3,6164188
1084;40,4931887;-3,6564023
1085;40,4618893;-3,6433517
1086;40,45323483;-3,631179751
1087;40,4725491;-3,6425515
1088;40,48549877;-3,667031652
1089;40,4564203;-3,640206622
1090;40,4564203;-3,640206622
1091;40,4764884;-3,6594029
1092;40,49022585;-3,658584634
1093;40,45373737;-3,61907818
1094;40,4532356;-3,6134734
1095;40,47663088;-3,641064934
1096;40,4564203;-3,640206622
1097;40,45181002;-3,621385557
1098;40,468733;-3,6542371
1099;40,4725491;-3,6425515
1100;40,4585788;-3,63518
1101;40,4564203;-3,640206622
1102;40,49361895;-3,610096759
1103;40,4818094;-3,6164188
1104;40,4612842;-3,6456539
1105;40,45319378;-3,613591274
1106;40,48549877;-3,667031652
1107;40,45774442;-3,64511193
1108;40,4564203;-3,640206622
1109;40,49022585;-3,658584634
1110;40,4831148;-3,6338083
1111;40,4725491;-3,6425515
1112;40,459801;-3,6336052
1113;40,45280687;-3,61245357
1114;40,4653365;-3,6619169
1115;40,99196714;-3,636527508
1116;40,4653365;-3,6619169
1117;40,4653365;-3,6619169
1118;40,4564203;-3,640206622
1119;40,4564203;-3,640206622
1120;40,4653365;-3,6619169
1121;40,4653474;-3,6505036
1122;40,46472792;-3,633255071
1123;40,4564203;-3,640206622
1124;40,4653495;-3,6489016
1125;40,4522376;-3,6141158
1126;40,4725491;-3,6425515
1127;40,4676;-3,6318611
1128;40,48549877;-3,667031652
1129;40,48549877;-3,667031652
1130;40,4618893;-3,6433517
1131;40,459801;-3,6336052
1132;40,4725491;-3,6425515
1133;40,4618893;-3,6433517
1134;40,4569029;-3,6273746
1135;40,4550492;-3,64121
1136;40,49022585;-3,658584634
1137;40,4725491;-3,6425515
1138;40,4564203;-3,640206622
1139;40,4725491;-3,6425515
1140;40,4564203;-3,640206622
1141;40,45764571;-3,635281273
1142;40,4725491;-3,6425515
1143;40,4564203;-3,640206622
1144;40,45323483;-3,631179751
1145;40,4564203;-3,640206622
1146;40,45263412;-3,609180423
1147;40,45348381;-3,622255127
1148;40,4564203;-3,640206622
1149;40,4724696;-3,6489613
1150;40,4724696;-3,6489613
1151;40,4618893;-3,6433517
1152;40,4724696;-3,6489613
1153;40,4618893;-3,6433517
1154;40,4725491;-3,6425515
1155;40,4564203;-3,640206622
1156;40,4725491;-3,6425515
1157;40,45348381;-3,622255127
1158;40,4530464;-3,618663618
1159;40,49298677;-3,653056551
1160;40,4931887;-3,6564023
1161;40,4564203;-3,640206622
1162;40,45280687;-3,61245357
1163;40,46526299;-3,66182763
1164;40,45549168;-3,634125228
1165;40,4564203;-3,640206622
1166;40,4725491;-3,6425515
1167;40,4564203;-3,640206622
1168;40,4564203;-3,640206622
1169;40,4564203;-3,640206622
1170;40,4564203;-3,640206622
1171;40,4564203;-3,640206622
1172;40,45323483;-3,631179751
1173;40,3973755;-3,3612024
1174;40,3875018;-3,3216811
1175;40,50209129;-3,256530013
1176;40,48032264;-3,366562013
1177;40,50887938;-3,365685365
1178;40,3973755;-3,3612024
1179;40,48643271;-3,365784327
1180;40,4601643;-3,4878862
1181;40,4759768;-3,38318335
1182;40,47683096;-3,384075188
1183;40,47820517;-3,373263846
1184;40,4759768;-3,38318335
1185;40,477528;-3,3838595
1186;40,4247912;-3,5524171
1187;40,4904697;-3,3494295
1188;40,49639;-3,378128
1189;40,3964494;-3,4909457
1190;40,47478584;-3,377167239
1191;40,3970061;-3,4878557
1192;40,36768762;-3,487707804
1193;40,51109667;-3,361465056
1194;40,51163807;-3,359838291
1195;40,51163807;-3,359838291
1196;40,51109667;-3,361465056
1197;40,51163807;-3,359838291
1198;40,5114203;-3,3599547
1199;40,51163807;-3,359838291
1200;40,484995;-3,3367182
1201;40,4508382;-3,4687784
1202;40,47558845;-3,379038024
1203;40,4255473;-3,566322631
1204;40,4317433;-3,2984856
1205;40,4255327;-3,5368156
1206;40,4517339;-3,4683584
1207;40,4508382;-3,4687784
1208;40,4531579;-3,4957062
1209;40,4508382;-3,4687784
1210;40,4851343;-3,366095985
1211;40,47828539;-3,364305785
1212;40,4867885;-3,35399792
1213;40,4840675;-3,3600934
1214;40,5511669;-3,3785156
1215;40,4185613;-3,1757268
1216;40,5524564;-3,320612
1217;40,4262882;-3,5463744
1218;40,5082931;-3,354021486
1219;40,4879028;-3,3618639
1220;40,3099914;-3,4498879
1221;40,49167325;-3,35850175
1222;40,41860081;-3,539861282
1223;40,49502567;-3,3735589
1224;40,4853122;-3,3595206
1225;40,43243635;-3,528202146
1226;40,4167413;-3,1761825
1227;40,47873382;-3,366974795
1228;40,47507693;-3,38366261
1229;40,4139265;-3,2987737
1230;40,5544594;-3,325603299
1231;40,3948384;-3,4765575
1232;40,4535383;-3,4735685
1233;40,491154;-3,365657
1234;40,4535916;-3,470895
1235;40,3859595;-3,3183965
1236;40,48628805;-3,36938805
1237;40,4916634;-3,3759766
1238;40,47762047;-3,36284088
1239;40,44808645;-3,337758102
1240;40,4740265;-3,3757426
1241;40,4884118;-3,3653339
1242;40,4413026;-3,5643374
1243;40,4517339;-3,4683584
1244;40,484995;-3,3367182
1245;40,4740265;-3,3757426
1246;40,484995;-3,3367182
1247;40,3851826;-3,4156547
1248;40,4413026;-3,5643374
1249;40,484995;-3,3367182
1250;40,4916634;-3,3759766
1251;40,4255327;-3,5368156
1252;40,44655943;-3,475374004
1253;40,4255327;-3,5368156
1254;40,4517339;-3,4683584
1255;40,484995;-3,3367182
1256;40,5027257;-3,2534627
1257;40,4740265;-3,3757426
1258;40,484995;-3,3367182
1259;40,5047032;-3,5292199
1260;40,42003855;-3,566777532
1261;40,4508382;-3,4687784
1262;40,4527558;-3,3444052
1263;40,4413026;-3,5643374
1264;40,484995;-3,3367182
1265;40,42003855;-3,566777532
1266;40,4508382;-3,4687784
1267;40,4508382;-3,4687784
1268;40,4266068;-3,5280154
1269;40,423394;-3,2634769
1270;40,3113785;-3,4483085
1271;40,4508382;-3,4687784
1272;40,3964169;-3,4872442
1273;40,4917659;-3,3655112
1274;40,43848449;-3,362317982
1275;40,5464757;-3,3312382
1276;40,4854287;-3,356920038
1277;40,49968871;-3,347734745
1278;40,4836843;-3,3562743
1279;40,4637003;-3,2681957
1280;40,48385722;-3,355583397
1281;40,3099914;-3,4498879
1282;40,4798051;-3,3679599
1283;40,484995;-3,3367182
1284;40,42003855;-3,566777532
1285;40,4517339;-3,4683584
1286;40,42003855;-3,566777532
1287;40,4421412;-3,4733139
1288;40,3136354;-3,4468841
1289;40,3850029;-3,4153816
1290;40,4517339;-3,4683584
1291;40,4515597;-3,4677124
1292;40,4265948;-3,554762081
1293;40,5298542;-3,3833502
1294;40,45945315;-3,48782235
1295;40,39917639;-3,491325332
1296;40,3970061;-3,4878557
1297;40,4740265;-3,3757426
1298;40,4708132;-3,3649705
1299;40,39866416;-3,486486177
1300;40,4596997;-3,4859265
1301;40,4517339;-3,4683584
1302;40,4720188;-3,375690235
1303;40,4772647;-3,3837774
1304;40,4740286;-3,2334937
1305;40,41584961;-3,544226583
1306;40,44553664;-3,368133391
1307;40,4422648;-3,2836168
1308;40,48915702;-3,362050112
1309;40,4790839;-3,376197508
1310;40,4511838;-3,4642039
1311;40,484995;-3,3367182
1312;40,4600178;-3,465842
1313;40,3641049;-3,4836991
1314;40,4319651;-3,2988398
1315;40,3128608;-3,4476178
1316;40,46673936;-3,436656573
1317;40,4068495;-3,3628145
1318;40,48638215;-3,358978154
1319;40,4339131;-3,3006773
1320;40,4413026;-3,5643374
1321;40,423802;-3,5552882
1322;40,4848959;-3,3606598
1323;40,48813246;-3,377278702
1324;40,484995;-3,3367182
1325;40,484995;-3,3367182
1326;40,4766639;-3,38125315
1327;40,4123027;-3,449978
1328;40,484995;-3,3367182
1329;40,484995;-3,3367182
1330;40,484995;-3,3367182
1331;40,3672048;-3,4919389
1332;40,3118621;-3,4481572
1333;40,4517339;-3,4683584
1334;40,4310876;-3,5418218
1335;40,39553687;-3,490743432
1336;40,3992773;-3,4929357
1337;40,4734297;-3,2315625
1338;40,4740265;-3,3757426
1339;40,48550991;-3,359129961
1340;40,4508382;-3,4687784
1341;40,4740265;-3,3757426
1342;40,4856694;-3,361282059
1343;40,484995;-3,3367182
1344;40,4856694;-3,361282059
1345;40,4956209;-3,3782114
1346;40,4270188;-3,5333839
1347;40,39605088;-3,487447488
1348;40,484995;-3,3367182
1349;40,484995;-3,3367182
1350;40,37546238;-3,488594914
1351;40,484995;-3,3367182
1352;40,42413873;-3,525040249
1353;40,46576229;-3,449408511
1354;40,3675729;-3,4855244
1355;40,484995;-3,3367182
1356;40,4641057;-3,4740728
1357;40,46208622;-3,478575809
1358;40,4621914;-3,4772858
1359;40,484995;-3,3367182
1360;40,4765893;-3,3858968
1361;40,4191202;-3,1756272
1362;40,484995;-3,3367182
1363;40,484995;-3,3367182
1364;40,4255327;-3,5368156
1365;40,4310246;-3,2919883
1366;40,4171024;-3,4392946
1367;40,42003855;-3,566777532
1368;40,4740265;-3,3757426
1369;40,3970061;-3,4878557
1370;40,484995;-3,3367182
1371;40,48639039;-3,366588231
1372;40,481663;-3,3641362
1373;40,37259575;-3,485070684
1374;40,5257435;-3,376671
1375;40,4189564;-3,1752083
1376;40,4641346;-3,4591123
1377;40,53003769;-3,383757941
1378;40,42003855;-3,566777532
1379;40,484995;-3,3367182
1380;40,4517339;-3,4683584
1381;40,4910329;-3,3722666
1382;40,47478584;-3,377167239
1383;40,4517339;-3,4683584
1384;40,484995;-3,3367182
1385;40,484995;-3,3367182
1386;40,4255327;-3,5368156
1387;40,484995;-3,3367182
1388;40,484995;-3,3367182
1389;40,484995;-3,3367182
1390;40,4255327;-3,5368156
1391;40,484995;-3,3367182
1392;40,484995;-3,3367182
1393;40,484995;-3,3367182
1394;40,484995;-3,3367182
1395;40,4508382;-3,4687784
1396;40,484995;-3,3367182
1397;40,5257435;-3,376671
1398;40,47643865;-3,36763089
1399;40,42528948;-3,532935339
1400;40,4752121;-3,378071694
1401;40,55041347;-3,322254489
1402;40,41703155;-3,523414719
1403;40,5034267;-3,2551132
1404;40,484995;-3,3367182
1405;40,4790839;-3,376197508
1406;40,484995;-3,3367182
1407;40,4310246;-3,2919883
1408;40,484995;-3,3367182
1409;40,484995;-3,3367182
1410;40,4867336;-3,3538997
1411;40,484995;-3,3367182
1412;40,4740265;-3,3757426
1413;40,4228628;-3,5677122
1414;40,4886056;-3,3751057
1415;40,48969275;-3,3616787
1416;40,47529324;-3,392177839
1417;40,484995;-3,3367182
1418;40,42528948;-3,532935339
1419;40,484995;-3,3367182
1420;40,4996713;-3,2594241
1421;40,484995;-3,3367182
1422;40,3670041;-3,4922588
1423;40,484995;-3,3367182
1424;40,4244967;-3,548090436
1425;40,41584961;-3,544226583
1426;40,4915051;-3,3755104
1427;40,4877377;-3,3453232
1428;40,484995;-3,3367182
1429;40,4508382;-3,4687784
1430;40,3991512;-3,4900092
1431;40,3670641;-3,4867093
1432;40,4864808;-3,3401438
1433;40,3806431;-3,493584
1434;40,4701293;-3,3696682
1435;40,43059198;-3,526773625
1436;40,484995;-3,3367182
1437;40,3985494;-3,4863366
1438;40,53837584;-3,389642028
1439;40,484995;-3,3367182
1440;40,4517339;-3,4683584
1441;40,4255327;-3,5368156
1442;40,5949787;-3,3709303
1443;40,4878657;-3,3686457
1444;40,484995;-3,3367182
1445;40,4508382;-3,4687784
1446;40,47478584;-3,377167239
1447;40,485954;-3,3399862
1448;40,42003855;-3,566777532
1449;40,484995;-3,3367182
1450;40,4508382;-3,4687784
1451;40,484995;-3,3367182
1452;40,4508382;-3,4687784
1453;40,4528563;-3,4638737
1454;40,484995;-3,3367182
1455;40,4517339;-3,4683584
1456;40,4255327;-3,5368156
1457;40,484995;-3,3367182
1458;40,4879103;-3,3470811
1459;40,4785055;-3,3624396
1460;40,484995;-3,3367182
1461;40,47478584;-3,377167239
1462;40,4740265;-3,3757426
1463;40,9932932;-3,6385995
1464;40,49970093;-3,259799932
1465;40,4273988;-3,5377005
1466;40,4897398;-3,3587948
1467;40,48214372;-3,391326035
1468;40,3970061;-3,4878557
1469;40,3972492;-3,4892687
1470;40,45448726;-3,451278663
1471;40,3970061;-3,4878557
1472;40,53837584;-3,389642028
1473;40,484995;-3,3367182
1474;40,4701865;-3,3676114
1475;40,48601914;-3,368765946
1476;40,4864126;-3,3665083
1477;40,484995;-3,3367182
1478;40,48487963;-3,358346333
1479;40,4517339;-3,4683584
1480;40,47797515;-3,393102272
1481;40,55419721;-3,379907391
1482;40,5532945;-3,379564
1483;40,47870992;-3,376177156
1484;40,44305886;-3,460971282
1485;40,4915022;-3,3757124
1486;40,484995;-3,3367182
1487;40,4044275;-3,3699445
1488;40,3670041;-3,4922588
1489;40,3670041;-3,4922588
1490;40,49198185;-3,3505177
1491;40,4761157;-3,377633783
1492;40,4189455;-3,1793693
1493;40,4337188;-3,2915587
1494;40,4254932;-3,5287238
1495;40,4368644;-3,4727517
1496;40,53108766;-3,390171626
1497;40,51035364;-3,354836923
1498;40,454931;-3,4539591
1499;40,485918;-3,364182
1500;40,48882438;-3,377613734
1501;40,53003769;-3,383757941
1502;40,427573;-3,554740995
1503;40,4597751;-3,436247
1504;40,4363625;-3,4729991
1505;40,4901901;-3,3613373
1506;40,4987659;-3,3722465
1507;40,46291523;-3,46553628
1508;40,4574132;-3,485252972
1509;40,4956209;-3,3782114
1510;40,4913141;-3,3655935
1511;40,47489775;-3,37634255
1512;40,484995;-3,3367182
1513;40,4175464;-3,1748932
1514;40,484995;-3,3367182
1515;40,484995;-3,3367182
1516;40,47529324;-3,392177839
1517;40,4346547;-3,2995211
1518;40,4508382;-3,4687784
1519;40,4315919;-3,5399703
1520;40,51163807;-3,359838291
1521;40,4798051;-3,3679599
1522;40,3651208;-3,4846144
1523;40,4517339;-3,4683584
1524;40,4914679;-3,3655327
1525;40,5299822;-3,3838271
1526;40,4310246;-3,2919883
1527;40,3950483;-3,483912754
1528;40,484995;-3,3367182
1529;40,4310246;-3,2919883
1530;40,4561426;-3,4821205
1531;40,4045227;-3,4770144
1532;40,484995;-3,3367182
1533;40,4290637;-3,5316193
1534;40,46876852;-3,364139905
1535;40,42631751;-3,549168532
1536;40,5485665;-3,319925844
1537;40,48874345;-3,367383492
1538;40,4508382;-3,4687784
1539;40,401094;-3,3554004
1540;40,5536562;-3,3244662
1541;40,4250139;-3,5232769
1542;40,4649934;-3,2679627
1543;40,39410881;-3,477088753
1544;40,48367353;-3,395547991
1545;40,501006;-3,2579186
1546;40,42003855;-3,566777532
1547;40,4255327;-3,5368156
1548;40,4913141;-3,3655935
1549;40,55041347;-3,322254489
1550;40,48504874;-3,344140931
1551;40,5034267;-3,2551132
1552;40,4746945;-3,38199415
1553;40,4222843;-3,5596501
1554;40,46198986;-3,450831913
1555;40,423385;-3,545077
1556;40,484995;-3,3367182
1557;40,55784259;-3,327906011
1558;40,4605448;-3,4892706
1559;40,47219397;-3,37202221
1560;40,47326517;-3,372341277
1561;40,4517339;-3,4683584
1562;40,553311;-3,3796191
1563;40,4867336;-3,3538997
1564;40,3974353;-3,4928053
1565;40,4517339;-3,4683584
1566;40,3670041;-3,4922588
1567;40,4852877;-3,3652223
1568;40,484995;-3,3367182
1569;40,484995;-3,3367182
1570;40,484995;-3,3367182
1571;40,42003855;-3,566777532
1572;40,46275016;-3,436765538
1573;40,5074483;-3,3699321
1574;40,4307013;-3,2922813
1575;40,4508382;-3,4687784
1576;40,484995;-3,3367182
1577;40,484995;-3,3367182
1578;40,484995;-3,3367182
1579;40,484995;-3,3367182
1580;40,484995;-3,3367182
1581;40,3927164;-3,4837699
1582;40,3992938;-3,4837932
1583;40,4640464;-3,4374016
1584;40,484995;-3,3367182
1585;40,3131703;-3,4470536
1586;40,4594992;-3,4404299
1587;40,31156;-3,4482531
1588;40,3961047;-3,4856127
1589;40,484995;-3,3367182
1590;40,416638;-3,5431654
1591;40,4915022;-3,3757124
1592;40,484995;-3,3367182
1593;40,48848784;-3,377091537
1594;40,39329106;-3,492321553
1595;40,3906315;-3,4093088
1596;40,2766809;-4,30948
1597;40,4290637;-3,5316193
1598;40,484995;-3,3367182
1599;40,42413873;-3,525040249
1600;40,4159567;-3,5737831
1601;40,39917639;-3,491325332
1602;40,4255852;-3,263192
1603;40,4316257;-3,2890143
1604;40,47764469;-3,375884248
1605;40,484995;-3,3367182
1606;40,4273243;-3,5363195
1607;40,51163807;-3,359838291
1608;40,4398264;-3,3566952
1609;40,46190546;-3,45711246
1610;40,4517339;-3,4683584
1611;40,481633;-3,3781532
1612;40,4917659;-3,3655112
1613;40,47427239;-3,363602976
1614;40,4915022;-3,3757124
1615;40,4775506;-3,380334
1616;40,423385;-3,545077
1617;40,50983291;-3,359254016
1618;40,6013651;-3,3727597
1619;40,47529324;-3,392177839
1620;40,4414517;-3,5317222
1621;40,4316257;-3,2890143
1622;40,37546238;-3,488594914
1623;40,55314084;-3,326557949
1624;40,4508382;-3,4687784
1625;40,4517339;-3,4683584
1626;40,48526916;-3,365241787
1627;40,42018806;-3,523491353
1628;40,4982659;-3,2479569
1629;40,50255058;-3,36030585
1630;40,4883325;-3,3636151
1631;40,4169404;-3,1767974
1632;40,4255274;-3,5302894
1633;40,4874794;-3,35790364
1634;40,484995;-3,3367182
1635;40,484995;-3,3367182
1636;40,484995;-3,3367182
1637;40,4722899;-3,3728293
1638;40,4517339;-3,4683584
1639;40,36773768;-3,487579898
1640;40,440526;-3,3621296
1641;40,4517339;-3,4683584
1642;40,484995;-3,3367182
1643;40,42822247;-3,538420153
1644;40,49510743;-3,377627814
1645;40,4331568;-3,2852883
1646;40,484995;-3,3367182
1647;40,48834773;-3,360822724
1648;40,4508382;-3,4687784
1649;40,42003855;-3,566777532
1650;40,484995;-3,3367182
1651;40,39710766;-3,49208579
1652;40,4517339;-3,4683584
1653;40,484995;-3,3367182
1654;40,48442277;-3,393803532
1655;40,47819601;-3,369199165
1656;40,39231504;-3,482018344
1657;40,484995;-3,3367182
1658;40,47515567;-3,375983438
1659;40,484995;-3,3367182
1660;40,42558678;-3,55007762
1661;40,48910275;-3,3588304
1662;40,484995;-3,3367182
1663;40,4791198;-3,3651113
1664;40,4656843;-3,4655867
1665;40,4848836;-3,6504802
1666;40,484995;-3,3367182
1667;40,48834773;-3,360822724
1668;40,41860081;-3,539861282
1669;40,4968828;-3,36349106
1670;40,484995;-3,3367182
1671;40,48308779;-3,349477612
1672;40,5019073;-3,255190081
1673;40,44745013;-3,348384608
1674;40,484995;-3,3367182
1675;40,54673005;-3,32449385
1676;40,5034267;-3,2551132
1677;40,4310246;-3,2919883
1678;40,4283556;-3,5293465
1679;40,4600021;-3,4362937
1680;40,5034267;-3,2551132
1681;40,5034267;-3,2551132
1682;40,4890599;-3,366189
1683;40,4508382;-3,4687784
1684;40,4517339;-3,4683584
1685;40,42439985;-3,52600999
1686;40,39400639;-3,482133673
1687;40,43841019;-3,468294338
1688;40,4239784;-3,5605148
1689;40,484995;-3,3367182
1690;40,4450373;-3,471566
1691;40,41681245;-3,555930565
1692;40,484995;-3,3367182
1693;40,4255327;-3,5368156
1694;40,48212015;-3,369498383
1695;40,4508382;-3,4687784
1696;40,4468357;-3,4728357
1697;40,4790839;-3,376197508
1698;40,484995;-3,3367182
1699;40,48548782;-3,36731873
1700;40,4175464;-3,1748932
1701;40,42983583;-3,529595211
1702;40,46425729;-3,480047566
1703;40,4675682;-3,2688662
1704;40,47633922;-3,376727305
1705;40,5082575;-3,2117594
1706;40,4649934;-3,2679627
1707;40,484995;-3,3367182
1708;40,4517339;-3,4683584
1709;40,4487675;-3,6846292
1710;40,3136354;-3,4468841
1711;40,49488988;-3,361398396
1712;40,48998352;-3,36032212
1713;40,553311;-3,3796191
1714;40,53837584;-3,389642028
1715;40,42175632;-3,540014756
1716;40,48638215;-3,358978154
1717;40,41584961;-3,544226583
1718;40,48184855;-3,35519036
1719;40,5569296;-3,373723
1720;40,4828169;-3,364445112
1721;40,4467577;-3,4744333
1722;40,48242036;-3,36527233
1723;40,4720188;-3,375690235
1724;40,53003769;-3,383757941
1725;40,42589856;-3,522964682
1726;40,4508382;-3,4687784
1727;40,48572545;-3,3558833
1728;40,484995;-3,3367182
1729;40,484995;-3,3367182
1730;40,42413873;-3,525040249
1731;40,5059664;-3,3693466
1732;40,4622868;-3,4846306
1733;40,484995;-3,3367182
1734;40,4508382;-3,4687784
1735;40,481663;-3,3641362
1736;40,50063951;-3,346673195
1737;40,3990458;-3,486678742
1738;40,4487675;-3,6846292
1739;40,4517339;-3,4683584
1740;40,484995;-3,3367182
1741;40,4741983;-3,2338093
1742;40,4609095;-3,4754681
1743;40,5550441;-3,3248242
1744;40,484995;-3,3367182
1745;40,484995;-3,3367182
1746;40,367034;-3,4915376
1747;40,42631751;-3,549168532
1748;40,5144364;-3,3735087
1749;40,484995;-3,3367182
1750;40,4487675;-3,6846292
1751;40,484995;-3,3367182
1752;40,55192297;-3,374858957
1753;40,4310246;-3,2919883
1754;40,49179505;-3,340542471
1755;40,484995;-3,3367182
1756;40,5593894;-3,37298
1757;40,424141;-3,53404743
1758;40,4179795;-3,524949181
1759;40,484995;-3,3367182
1760;40,3956124;-3,4901709
1761;40,3826238;-3,4161853
1762;40,553311;-3,3796191
1763;40,4114366;-3,4593715
1764;40,484995;-3,3367182
1765;40,47734804;-3,374522754
1766;40,4628895;-3,4369722
1767;40,5455518;-3,337331
1768;40,42616071;-3,559236363
1769;40,42120807;-3,521303129
1770;40,3993565;-3,4777174
1771;40,4165489;-4,199859
1772;40,4336462;-3,2897482
1773;40,4740265;-3,3757426
1774;40,4336462;-3,2897482
1775;40,49179505;-3,340542471
1776;40,4028306;-3,3625429
1777;40,4028306;-3,3625429
1778;40,4028306;-3,3625429
1779;40,40253;-3,3612355
1780;40,4508382;-3,4687784
1781;40,484995;-3,3367182
1782;40,3113785;-3,4483085
1783;40,5046174;-3,2523077
1784;40,4820561;-3,3572408
1785;40,48076193;-3,370443544
1786;40,3136354;-3,4468841
1787;40,4517339;-3,4683584
1788;40,4188211;-3,1790145
1789;40,484995;-3,3367182
1790;40,48945705;-3,35935145
1791;40,3913568;-3,48716
1792;40,4310011;-3,289077
1793;40,4310011;-3,289077
1794;40,4310011;-3,289077
1795;40,48834975;-3,35849405
1796;40,4310011;-3,289077
1797;40,4310011;-3,289077
1798;40,4310011;-3,289077
1799;40,4589056;-3,443938
1800;40,4044275;-3,3699445
1801;40,4508382;-3,4687784
1802;40,46068406;-3,442901263
1803;40,454931;-3,4539591
1804;40,41885229;-3,573242334
1805;40,49502567;-3,3735589
1806;40,4803451;-3,3929927
1807;40,42677263;-3,530973215
1808;40,51233861;-3,370079144
1809;40,48510535;-3,35978908
1810;40,51233861;-3,370079144
1811;40,4179795;-3,524949181
1812;40,4432769;-3,3626622
1813;40,4628895;-3,4369722
1814;40,4628895;-3,4369722
1815;40,4628895;-3,4369722
1816;40,4628895;-3,4369722
1817;40,5497577;-3,379162
1818;40,5497577;-3,379162
1819;40,3670041;-3,4922588
1820;40,5497577;-3,379162
1821;40,4237334;-3,5610079
1822;40,54952436;-3,378490659
1823;40,5497577;-3,379162
1824;40,5497577;-3,379162
1825;40,5497577;-3,379162
1826;40,42144878;-3,535783302
1827;40,4790839;-3,376197508
1828;40,48442277;-3,393803532
1829;40,3974212;-3,4909181
1830;40,4406907;-3,4660157
1831;40,4406907;-3,4660157
1832;40,4382061;-3,4686935
1833;40,4382061;-3,4686935
1834;40,4517339;-3,4683584
1835;40,41922482;-3,543810919
1836;40,50193983;-3,345302379
1837;40,50193983;-3,345302379
1838;40,50193983;-3,345302379
1839;40,50193983;-3,345302379
1840;40,50193983;-3,345302379
1841;40,50193983;-3,345302379
1842;40,50193983;-3,345302379
1843;40,4163327;-3,5438339
1844;40,51268323;-3,357525731
1845;40,5460955;-3,3726284
1846;40,3156527;-3,4470197
1847;40,5137373;-3,3609549
1848;40,51268323;-3,357525731
1849;40,3156527;-3,4470197
1850;40,50240655;-3,38373862
1851;40,3156527;-3,4470197
1852;40,3156527;-3,4470197
1853;40,3156527;-3,4470197
1854;40,3156527;-3,4470197
1855;40,3672664;-3,48511105
1856;40,3672664;-3,48511105
1857;40,47444326;-3,380525914
1858;40,4028306;-3,3625429
1859;40,3669575;-3,4861978
1860;40,51142676;-3,360454535
1861;40,3669575;-3,4861978
1862;40,4628895;-3,4369722
1863;40,4028306;-3,3625429
1864;40,4628895;-3,4369722
1865;40,475182;-3,372369
1866;40,3672664;-3,48511105
1867;40,4628895;-3,4369722
1868;40,3669575;-3,4861978
1869;40,4028306;-3,3625429
1870;40,4662994;-3,4358689
1871;40,51316098;-3,3708065
1872;40,4662994;-3,4358689
1873;40,50779082;-3,381677228
1874;40,51316098;-3,3708065
1875;40,3664808;-3,4876402
1876;40,3664808;-3,4876402
1877;40,3664808;-3,4876402
1878;40,4348776;-3,3612673
1879;40,4552265;-3,4557977
1880;40,4552265;-3,4557977
1881;40,3989479;-3,486451
1882;40,4552265;-3,4557977
1883;40,4552265;-3,4557977
1884;40,4552265;-3,4557977
1885;40,4310246;-3,2919883
1886;40,4310246;-3,2919883
1887;40,4552265;-3,4557977
1888;40,3670041;-3,4922588
1889;40,4310246;-3,2919883
1890;40,4552265;-3,4557977
1891;40,4552265;-3,4557977
1892;40,4310246;-3,2919883
1893;40,4857553;-3,367834582
1894;40,4206435;-3,5562843
1895;40,5133883;-3,3202847
1896;40,47796628;-3,39519217
1897;40,47796628;-3,39519217
1898;40,47796628;-3,39519217
1899;40,4364261;-3,4706778
1900;40,4364261;-3,4706778
1901;40,38170483;-3,422394698
1902;40,47796628;-3,39519217
1903;40,47796628;-3,39519217
1904;40,50063951;-3,346673195
1905;40,47796628;-3,39519217
1906;40,4239929;-3,5362969
1907;40,4517339;-3,4683584
1908;40,3670041;-3,4922588
1909;40,3864986;-3,4266357
1910;40,3951566;-3,4766052
1911;40,3951566;-3,4766052
1912;40,484995;-3,3367182
1913;40,3951566;-3,4766052
1914;40,3951566;-3,4766052
1915;40,3951566;-3,4766052
1916;40,45497521;-3,445682761
1917;40,4301189;-3,2926015
1918;40,4549502;-3,4455516
1919;40,4301189;-3,2926015
1920;40,4549502;-3,4455516
1921;40,4662994;-3,4358689
1922;40,46626993;-3,435998968
1923;40,4672471;-3,4367347
1924;40,5441268;-3,3793808
1925;40,5441268;-3,3793808
1926;40,4672471;-3,4367347
1927;40,4662994;-3,4358689
1928;40,50779082;-3,381677228
1929;40,50779082;-3,381677228
1930;40,4672471;-3,4367347
1931;40,4672471;-3,4367347
1932;40,4210877;-3,5221366
1933;40,54310928;-3,379904339
1934;40,54310928;-3,379904339
1935;40,4000892;-3,4776336
1936;40,42120807;-3,521303129
1937;40,4000892;-3,4776336
1938;40,48008332;-3,384686163
1939;40,484995;-3,3367182
1940;40,4517339;-3,4683584
1941;40,4508382;-3,4687784
1942;40,4508382;-3,4687784
1943;40,4508382;-3,4687784
1944;40,4508382;-3,4687784
1945;40,4310246;-3,2919883
1946;40,4171024;-3,4392946
1947;40,4508382;-3,4687784
1948;40,50063951;-3,346673195
1949;40,484995;-3,3367182
1950;40,50685363;-3,38292922
1951;40,50685363;-3,38292922
1952;40,50685363;-3,38292922
1953;40,440882;-3,466144
1954;40,50063951;-3,346673195
1955;40,440882;-3,466144
1956;40,50063951;-3,346673195
1957;40,50063951;-3,346673195
1958;40,50193983;-3,345302379
1959;40,50193983;-3,345302379
1960;40,50193983;-3,345302379
1961;40,50193983;-3,345302379
1962;40,48901987;-3,357870632
1963;40,4517339;-3,4683584
1964;40,4517339;-3,4683584
1965;40,4508382;-3,4687784
1966;40,442624;-3,4665167
1967;40,5426634;-3,3325003
1968;40,50676017;-3,372871866
1969;40,4508382;-3,4687784
1970;40,5068559;-3,369971
1971;40,4310246;-3,2919883
1972;40,5101826;-3,355793539
1973;40,5101826;-3,355793539
1974;40,5101826;-3,355793539
1975;40,4983;-3,3521653
1976;40,5114203;-3,3599547
1977;40,4983;-3,3521653
1978;40,5114203;-3,3599547
1979;40,5114203;-3,3599547
1980;40,5114203;-3,3599547
1981;40,51516046;-3,388448921
1982;40,480888;-3,3694276
1983;40,41414166;-3,550320586
1984;40,4237334;-3,5610079
1985;40,48639039;-3,366588231
1986;40,5257435;-3,376671
1987;40,484995;-3,3367182
1988;40,4517339;-3,4683584
1989;40,484995;-3,3367182
1990;40,4508382;-3,4687784
1991;40,4517339;-3,4683584
1992;40,484995;-3,3367182
1993;40,484995;-3,3367182
1994;40,484995;-3,3367182
1995;40,4740265;-3,3757426
1996;40,4740265;-3,3757426
1997;40,4255327;-3,5368156
1998;40,481663;-3,3641362
1999;40,48643271;-3,365784327
2000;40,484995;-3,3367182
2001;40,4517339;-3,4683584
2002;40,484995;-3,3367182
2003;40,4517339;-3,4683584
2004;40,484995;-3,3367182
2005;40,484995;-3,3367182
2006;40,4517339;-3,4683584
2007;40,398488;-3,4902476
2008;40,5047032;-3,5292199
2009;40,484995;-3,3367182
2010;40,484995;-3,3367182
2011;40,3670041;-3,4922588
2012;40,484995;-3,3367182
2013;40,484995;-3,3367182
2014;40,484995;-3,3367182
2015;40,484995;-3,3367182
2016;40,48805914;-3,353555213
2017;40,461267;-3,480538
2018;40,4740265;-3,3757426
2019;40,47882178;-3,372027922
2020;40,41728285;-3,526604197
2021;40,4487675;-3,6846292
2022;40,3136354;-3,4468841
2023;40,484995;-3,3367182
2024;40,45703244;-3,479141875
2025;40,484995;-3,3367182
2026;40,484995;-3,3367182
2027;40,42003855;-3,566777532
2028;40,4508382;-3,4687784
2029;40,4569938;-3,4814027
2030;40,484995;-3,3367182
2031;40,49032231;-3,372619706
2032;40,484995;-3,3367182
2033;40,46183715;-3,465452777
2034;40,4517339;-3,4683584
2035;40,484995;-3,3367182
2036;40,484995;-3,3367182
2037;40,4740265;-3,3757426
2038;40,484995;-3,3367182
2039;40,484995;-3,3367182
2040;40,4987562;-3,3666656
2041;40,41689968;-3,522891352
2042;40,47683096;-3,384075188
2043;40,427138;-3,535321019
2044;40,4508382;-3,4687784
2045;40,47764469;-3,375884248
2046;40,7395957;-3,0375249
2047;40,4508382;-3,4687784
2048;40,4867885;-3,35399792
2049;40,3970061;-3,4878557
2050;40,4589611;-3,4775916
2051;40,42484549;-3,527210435
2052;40,5482363;-3,3754248
2053;40,48332494;-3,36678027
2054;40,3803743;-3,4760299
2055;40,46312419;-3,487144193
2056;40,49359954;-3,362175816
2057;40,5480906;-3,3787107
2058;40,4487675;-3,6846292
2059;40,428624;-3,525908476
2060;40,396079;-3,4891588
2061;40,4864126;-3,3665083
2062;40,48735959;-3,360486064
2063;40,45705859;-3,478579295
2064;40,5101826;-3,355793539
2065;40,484995;-3,3367182
2066;40,43254928;-3,529290648
2067;40,50063951;-3,346673195
2068;40,53003769;-3,383757941
2069;40,4508382;-3,4687784
2070;40,48874853;-3,353250204
2071;40,484995;-3,3367182
2072;40,46198986;-3,450831913
2073;40,4276576;-3,5315089
2074;40,4268339;-3,5605074
2075;40,48541133;-3,356740415
2076;40,5579756;-3,3757149
2077;40,4884861;-3,3538701
2078;40,3970061;-3,4878557
2079;40,5537455;-3,3800952
2080;40,4475984;-3,463126
2081;40,48214102;-3,36687501
2082;40,484995;-3,3367182
2083;40,4255327;-3,5368156
2084;40,484995;-3,3367182
2085;40,4431694;-3,3711037
2086;40,484995;-3,3367182
2087;40,42003855;-3,566777532
2088;40,484995;-3,3367182
2089;40,484995;-3,3367182
2090;40,484995;-3,3367182
2091;40,4752298;-3,3765517
2092;40,484995;-3,3367182
2093;40,50983291;-3,359254016
2094;40,484995;-3,3367182
2095;40,484995;-3,3367182
2096;40,42413873;-3,525040249
2097;40,5133883;-3,3202847
2098;40,3822874;-3,418965
2099;40,484995;-3,3367182
2100;40,4346547;-3,2995211
2101;40,4880414;-3,3659939
2102;40,4440029;-3,3607003
2103;40,4508382;-3,4687784
2104;40,484995;-3,3367182
2105;40,3657029;-3,48813805
2106;40,48768228;-3,360922038
2107;40,41728285;-3,526604197
2108;40,45721943;-3,476350888
2109;40,4944805;-3,3256329
2110;40,48458413;-3,351684316
2111;40,4508382;-3,4687784
2112;40,4033924;-3,3602078
2113;40,4655691;-3,4420471
2114;40,4655691;-3,4420471
2115;40,4310246;-3,2919883
2116;40,461267;-3,480538
2117;40,4508382;-3,4687784
2118;40,39727449;-3,482069562
2119;40,49581003;-3,372375949
2120;40,42120807;-3,521303129
2121;40,48526916;-3,365241787
2122;40,3877648;-3,4182457
2123;40,5588022;-3,3735993
2124;40,5133883;-3,3202847
2125;40,4234899;-3,5482519
2126;40,39729338;-3,490979626
2127;40,43226851;-3,528190955
2128;40,4310246;-3,2919883
2129;40,484995;-3,3367182
2130;40,484995;-3,3367182
2131;40,4413026;-3,5643374
2132;40,484995;-3,3367182
2133;40,484995;-3,3367182
2134;40,409881;-3,4698788
2135;40,3898101;-3,4888304
2136;40,42474174;-3,531597595
2137;40,4536604;-3,466713737
2138;40,4517339;-3,4683584
2139;40,3821881;-3,4085428
2140;40,4237334;-3,5610079
2141;40,484995;-3,3367182
2142;40,4405831;-3,4687695
2143;40,484995;-3,3367182
2144;40,4487675;-3,6846292
2145;40,484995;-3,3367182
2146;40,484995;-3,3367182
2147;40,4740265;-3,3757426
2148;40,484995;-3,3367182
2149;40,4785055;-3,3624396
2150;40,484995;-3,3367182
2151;40,4867336;-3,3538997
2152;40,4790839;-3,376197508
2153;40,484995;-3,3367182
2154;40,4255327;-3,5368156
2155;40,446888;-3,472801777
2156;40,5030117;-3,3740124
2157;40,481954;-3,363981
2158;40,4255327;-3,5368156
2159;40,4413026;-3,5643374
2160;40,484995;-3,3367182
2161;40,484995;-3,3367182
2162;40,4467577;-3,4744333
2163;40,4785055;-3,3624396
2164;40,4785055;-3,3624396
2165;40,4785055;-3,3624396
2166;40,3944463;-3,4871138
2167;40,4785311;-3,3765244
2168;40,4785311;-3,3765244
2169;40,4867336;-3,3538997
2170;40,4310246;-3,2919883
2171;40,4316257;-3,2890143
2172;40,424141;-3,53404743
2173;40,424141;-3,53404743
2174;40,4508382;-3,4687784
2175;40,3821881;-3,4085428
2176;40,5257435;-3,376671
2177;40,484995;-3,3367182
2178;40,4552265;-3,4557977
2179;40,4552265;-3,4557977
2180;40,424141;-3,53404743
2181;40,4552265;-3,4557977
2182;40,4857553;-3,367834582
2183;40,4301189;-3,2926015
2184;40,3990439;-3,4868417
2185;40,4886056;-3,3751057
2186;40,484995;-3,3367182
2187;40,49510743;-3,377627814
2188;40,4368644;-3,4727517
2189;40,5013587;-3,364085192
2190;40,5257435;-3,376671
2191;40,401094;-3,3554004
2192;40,50193983;-3,345302379
2193;40,50193983;-3,345302379
2194;40,484995;-3,3367182
2195;40,5441268;-3,3793808
2196;40,4467577;-3,4744333
2197;40,49510743;-3,377627814
2198;40,54310928;-3,379904339
2199;40,4310246;-3,2919883
2200;40,3451316;-3,7526549
2201;40,4417044;-3,4598075
2202;40,4517339;-3,4683584
2203;40,4517339;-3,4683584
2204;40,5542616;-3,3799704
2205;40,4399397;-3,3698309
2206;40,39917639;-3,491325332
2207;40,4310246;-3,2919883
2208;40,4785055;-3,3624396
2209;40,484995;-3,3367182
2210;40,47783598;-3,39256319
2211;40,49563383;-3,373066295
2212;40,47616586;-3,368284818
2213;40,47616586;-3,368284818
2214;40,47616586;-3,368284818
2215;40,484995;-3,3367182
2216;40,49581003;-3,372375949
2217;40,484995;-3,3367182
2218;40,484995;-3,3367182
2219;40,484995;-3,3367182
2220;40,484995;-3,3367182
2221;40,484995;-3,3367182
2222;40,5105933;-3,3662784
2223;40,4890599;-3,366189
2224;40,4517339;-3,4683584
2225;40,47653583;-3,386176595
2226;40,48735959;-3,360486064
2227;40,4987562;-3,3666656
2228;40,48771053;-3,354610626
2229;40,484995;-3,3367182
2230;40,484995;-3,3367182
2231;40,4740265;-3,3757426
2232;40,484995;-3,3367182
2233;40,484995;-3,3367182
2234;40,4740265;-3,3757426
2235;40,47764469;-3,375884248
2236;40,4953002;-3,3757934
2237;40,49755807;-3,350249364
2238;40,4635532;-3,4364936
2239;40,49755807;-3,350249364
2240;40,4515597;-3,4677124
2241;40,484995;-3,3367182
2242;40,484995;-3,3367182
2243;40,484995;-3,3367182
2244;40,484995;-3,3367182
2245;40,47764469;-3,375884248
2246;40,47821298;-3,380533616
2247;40,4508382;-3,4687784
2248;40,4269601;-3,5298482
2249;40,484995;-3,3367182
2250;40,4255327;-3,5368156
2251;40,4517339;-3,4683584
2252;40,484995;-3,3367182
2253;40,4206435;-3,5562843
2254;40,4889819;-3,3600118
2255;40,4861008;-3,364296
2256;40,484995;-3,3367182
2257;40,4255327;-3,5368156
2258;40,484995;-3,3367182
2259;40,484995;-3,3367182
2260;40,38209805;-3,41287855
2261;40,484995;-3,3367182
2262;40,484995;-3,3367182
2263;40,4517339;-3,4683584
2264;40,47529324;-3,392177839
2265;40,4740265;-3,3757426
2266;40,484995;-3,3367182
2267;40,42003855;-3,566777532
2268;40,4884861;-3,3538701
2269;40,484995;-3,3367182
2270;40,484995;-3,3367182
2271;40,47584569;-3,373361385
2272;40,484995;-3,3367182
2273;40,4243091;-3,5462654
2274;40,47529324;-3,392177839
2275;40,484995;-3,3367182
2276;40,37546238;-3,488594914
2277;40,54719361;-3,337642057
2278;40,397018;-3,483754
2279;40,46079645;-3,4886904
2280;40,4404443;-3,3609327
2281;40,39891061;-3,489404305
2282;40,4641057;-3,4740728
2283;40,3963201;-3,4871079
2284;40,43129476;-3,531125621
2285;40,5047032;-3,5292199
2286;40,46208622;-3,478575809
2287;40,484995;-3,3367182
2288;40,4343283;-3,3006185
2289;40,4508382;-3,4687784
2290;40,48504874;-3,344140931
2291;40,44447044;-3,47193823
2292;40,47035894;-3,361671785
2293;40,4517339;-3,4683584
2294;40,484995;-3,3367182
2295;40,4421121;-3,360443
2296;40,4299516;-3,5295526
2297;40,4561426;-3,4821205
2298;40,402798;-3,3700064
2299;40,484995;-3,3367182
2300;40,5473036;-3,3275089
2301;40,4282812;-3,529878
2302;40,4532553;-3,453210752
2303;40,42964674;-3,561582189
2304;40,458496;-3,4788818
2305;40,42003855;-3,566777532
2306;40,5025848;-3,2552011
2307;40,4877895;-3,353359
2308;40,42589856;-3,522964682
2309;40,51179337;-3,353878605
2310;40,4508382;-3,4687784
2311;40,4867885;-3,35399792
2312;40,54500778;-3,337086624
2313;40,4528172;-3,4685762
2314;40,5482363;-3,3754248
2315;40,484995;-3,3367182
2316;40,4309993;-3,2921396
2317;40,4516377;-3,4639168
2318;40,3987101;-3,4780512
2319;40,3099914;-3,4498879
2320;40,4517339;-3,4683584
2321;40,4487675;-3,6846292
2322;40,4255327;-3,5368156
2323;40,46041041;-3,46515344
2324;40,484995;-3,3367182
2325;40,39916263;-3,493160747
2326;40,5047032;-3,5292199
2327;40,4255327;-3,5368156
2328;40,484995;-3,3367182
2329;40,48860329;-3,37286486
2330;40,484995;-3,3367182
2331;40,3942427;-3,476225
2332;40,5528905;-3,3273839
2333;40,4238632;-3,5700041
2334;40,4517339;-3,4683584
2335;40,4264719;-3,5275589
2336;40,4517339;-3,4683584
2337;40,4170035;-3,5407544
2338;40,42003855;-3,566777532
2339;40,484995;-3,3367182
2340;40,48442277;-3,393803532
2341;40,4904367;-3,3682881
2342;40,46591639;-3,445703076
2343;40,4109525;-3,4615192
2344;40,5496792;-3,3233708
2345;40,3991523;-3,4800281
2346;40,4851343;-3,366095985
2347;40,36620257;-3,490723362
2348;40,4058215;-3,704027629
2349;40,39930584;-3,696198753
2350;40,37608123;-3,682332742
2351;40,40503825;-3,72039062
2352;40,2889186;-3,7939133
2353;40,41460304;-3,707033746
2354;40,39647601;-3,690962934
2355;40,39770805;-3,694298673
2356;40,39720233;-3,69982021
2357;40,3967843;-3,6900384
2358;40,4000232;-3,7017654
2359;40,40201645;-3,692885643
2360;40,3950981;-3,6994819
2361;40,40353595;-3,695516309
2362;40,40361259;-3,701348859
2363;40,3874917;-3,68963407
2364;40,63195736;-4,00295406
2365;40,39608944;-3,692481149
2366;40,2889186;-3,7939133
2367;40,4048322;-3,713675771
2368;40,399437;-3,703089905
2369;40,39770805;-3,694298673
2370;40,4018483;-3,703153
2371;40,4039856;-3,6934118
2372;41,0303483;-3,6255785
2373;40,4030849;-3,6947843
2374;40,39770805;-3,694298673
2375;40,39628732;-3,695478473
2376;40,3950981;-3,6994819
2377;40,38398739;-3,686295595
2378;40,3967843;-3,6900384
2379;40,40364604;-3,689074417
2380;40,40340351;-3,708532281
2381;40,40872715;-3,716634148
2382;40,2516963;-3,8353021
2383;40,40009374;-3,697267256
2384;40,4057995;-3,7186854
2385;40,40277735;-3,689133024
2386;40,396737;-3,697786368
2387;40,4040749;-3,7059572
2388;40,4057995;-3,7186854
2389;40,40398709;-3,690757033
2390;40,40398709;-3,690757033
2391;40,4047056;-3,690934616
2392;40,4030791;-3,703037
2393;40,3913653;-3,6914084
2394;40,39905438;-3,70665991
2395;40,39257346;-3,695706155
2396;40,40733861;-3,694553129
2397;40,4057995;-3,7186854
2398;40,40240133;-3,689882348
2399;40,3961194;-3,6928401
2400;40,3914432;-3,6949558
2401;40,4030849;-3,6947843
2402;40,4025226;-3,6960679
2403;40,37608123;-3,682332742
2404;40,4034257;-3,702325
2405;40,40656031;-3,721875908
2406;40,39066793;-3,692505116
2407;40,39770805;-3,694298673
2408;40,390808;-3,690721778
2409;40,4003534;-3,7040681
2410;40,4012622;-3,6989703
2411;40,39770805;-3,694298673
2412;40,4030849;-3,6947843
2413;40,38634166;-3,691711
2414;40,40404643;-3,692140728
2415;40,39861261;-3,696000119
2416;40,40229792;-3,690836839
2417;40,3969729;-3,6942173
2418;40,4519777;-3,8092487
2419;40,40240133;-3,689882348
2420;40,40733861;-3,694553129
2421;40,39861261;-3,696000119
2422;40,41205379;-3,719839096
2423;40,41114336;-3,719518554
2424;40,3975906;-3,698084
2425;40,40656031;-3,721875908
2426;40,4064457;-3,7126147
2427;40,40277735;-3,689133024
2428;40,3975906;-3,698084
2429;40,38848811;-3,69341309
2430;40,41114336;-3,719518554
2431;40,4057995;-3,7186854
2432;40,3858854;-3,6875651
2433;40,39770805;-3,694298673
2434;40,39930584;-3,696198753
2435;40,39770805;-3,694298673
2436;40,3963756;-3,69903955
2437;40,38398739;-3,686295595
2438;40,40362173;-3,694732501
2439;40,39861261;-3,696000119
2440;40,39514568;-3,69839306
2441;40,4024242;-3,7087908
2442;40,3967843;-3,6900384
2443;40,40656031;-3,721875908
2444;40,40398709;-3,690757033
2445;40,4025226;-3,6960679
2446;40,39770805;-3,694298673
2447;40,38848811;-3,69341309
2448;40,41205379;-3,719839096
2449;40,39905438;-3,70665991
2450;40,40340351;-3,708532281
2451;40,4012622;-3,6989703
2452;40,39628732;-3,695478473
2453;40,4103413;-3,7186622
2454;40,40276645;-3,69885091
2455;40,40276645;-3,69885091
2456;40,39770805;-3,694298673
2457;40,4004662;-3,7089406
2458;40,40364604;-3,689074417
2459;40,390808;-3,690721778
2460;40,3952481;-3,694154
2461;40,3914432;-3,6949558
2462;40,401882;-3,693852257
2463;40,40398709;-3,690757033
2464;40,39861261;-3,696000119
2465;40,4003534;-3,7040681
2466;40,3948339;-3,6964084
2467;40,40276645;-3,69885091
2468;40,40296248;-3,699110425
2469;40,40276645;-3,69885091
2470;40,39673135;-3,696866551
2471;40,40276645;-3,69885091
2472;40,4042611;-3,7108215
2473;40,3967843;-3,6900384
2474;40,37608123;-3,682332742
2475;40,38398739;-3,686295595
2476;40,39770805;-3,694298673
2477;40,40194244;-3,701625897
2478;40,41460304;-3,707033746
2479;40,41370047;-3,711200781
2480;40,3920567;-3,694639045
2481;40,39478054;-3,700123554
2482;40,40656031;-3,721875908
2483;40,41114336;-3,719518554
2484;40,40398709;-3,690757033
2485;40,39391598;-3,696585506
2486;40,4003768;-3,703718629
2487;40,40462475;-3,697227209
2488;40,37608123;-3,682332742
2489;41,0303483;-3,6255785
2490;40,41185197;-3,72054134
2491;40,41286149;-3,719226367
2492;40,41370047;-3,711200781
2493;40,38970764;-3,693261
2494;40,41460304;-3,707033746
2495;40,4042436;-3,7004983
2496;40,40872715;-3,716634148
2497;40,396274;-3,693012433
2498;40,4032005;-3,692412012
2499;40,38667436;-3,694289822
2500;40,38667436;-3,694289822
2501;40,38667436;-3,694289822
2502;40,38667436;-3,694289822
2503;40,38667436;-3,694289822
2504;40,39770805;-3,694298673
2505;40,4129316;-3,718385633
2506;40,40284783;-3,71332125
2507;40,40055334;-3,688368883
2508;40,4030849;-3,6947843
2509;40,39257346;-3,695706155
2510;40,3949714;-3,691668749
2511;40,3949714;-3,691668749
2512;40,3949714;-3,691668749
2513;40,3949714;-3,691668749
2514;40,3949714;-3,691668749
2515;40,3949714;-3,691668749
2516;40,3949714;-3,691668749
2517;40,3949714;-3,691668749
2518;40,3949714;-3,691668749
2519;41,0303483;-3,6255785
2520;40,4129316;-3,718385633
2521;40,40398709;-3,690757033
2522;40,40277735;-3,689133024
2523;40,40398709;-3,690757033
2524;40,41205379;-3,719839096
2525;40,56095605;-3,887455882
2526;40,4040749;-3,7059572
2527;40,4045753;-3,7208295
2528;40,4064457;-3,7126147
2529;40,40144425;-3,696229453
2530;40,40462107;-3,700361825
2531;40,39762225;-3,701385093
2532;40,4034758;-3,701678961
2533;40,4040749;-3,7059572
2534;40,4048264;-3,694181379
2535;40,3936363;-3,696932635
2536;40,40656031;-3,721875908
2537;40,40773043;-3,71717497
2538;40,3950981;-3,6994819
2539;40,4057995;-3,7186854
2540;40,40537815;-3,705116895
2541;40,4064457;-3,7126147
2542;40,3863076;-3,6864802
2543;40,40121005;-3,717624371
2544;40,4057995;-3,7186854
2545;40,40384135;-3,702189812
2546;40,4131162;-3,7208961
2547;40,40246915;-3,691136737
2548;40,39637;-3,698644858
2549;40,3924359;-3,696457284
2550;40,3914432;-3,6949558
2551;40,4030849;-3,6947843
2552;40,40473895;-3,715003635
2553;40,3914432;-3,6949558
2554;40,39770805;-3,694298673
2555;40,3948339;-3,6964084
2556;40,3948339;-3,6964084
2557;40,38747618;-3,693875546
2558;40,40364604;-3,689074417
2559;40,39861261;-3,696000119
2560;40,3967843;-3,6900384
2561;40,4030849;-3,6947843
2562;40,40194244;-3,701625897
2563;40,38751531;-3,692777545
2564;40,39905438;-3,70665991
2565;40,40581295;-3,713056882
2566;40,4026763;-3,7009335
2567;40,388627;-3,6951427
2568;40,40053905;-3,691574098
2569;40,3882259;-3,691019
2570;40,41114336;-3,719518554
2571;40,40276625;-3,703199468
2572;40,40277735;-3,689133024
2573;40,40158573;-3,696200599
2574;40,40733861;-3,694553129
2575;40,3989813;-3,698359254
2576;40,40364604;-3,689074417
2577;40,40527313;-3,693599017
2578;40,3911936;-3,6934558
2579;40,40840982;-3,72039089
2580;40,39478054;-3,700123554
2581;40,39770805;-3,694298673
2582;40,37608123;-3,682332742
2583;40,41114336;-3,719518554
2584;40,40158573;-3,696200599
2585;40,40733861;-3,694553129
2586;40,41205379;-3,719839096
2587;40,39930584;-3,696198753
2588;40,40034227;-3,70406009
2589;40,41185197;-3,72054134
2590;40,4040749;-3,7059572
2591;40,4025226;-3,6960679
2592;40,40277735;-3,689133024
2593;40,3882259;-3,691019
2594;40,4034257;-3,702325
2595;40,40540897;-3,71965558
2596;40,4129316;-3,718385633
2597;40,40656031;-3,721875908
2598;40,40263306;-3,707413184
2599;40,39628732;-3,695478473
2600;40,40733861;-3,694553129
2601;40,40229792;-3,690836839
2602;40,39514568;-3,69839306
2603;40,40277735;-3,689133024
2604;40,40385065;-3,700885451
2605;40,41286149;-3,719226367
2606;40,40229792;-3,690836839
2607;40,39989835;-3,703348698
2608;40,40158573;-3,696200599
2609;40,3914432;-3,6949558
2610;40,40296248;-3,699110425
2611;40,4032411;-3,705005487
2612;40,3858854;-3,6875651
2613;40,38667436;-3,694289822
2614;40,38667436;-3,694289822
2615;40,39999259;-3,708480201
2616;40,3903616;-3,6888487
2617;40,4129316;-3,718385633
2618;40,40284783;-3,71332125
2619;40,40158573;-3,696200599
2620;40,41185197;-3,72054134
2621;40,63142101;-4,002232171
2622;40,40705872;-3,715148411
2623;40,39770805;-3,694298673
2624;40,65109576;-3,781255989
2625;40,38832447;-3,68829362
2626;40,4012622;-3,6989703
2627;40,40296248;-3,699110425
2628;40,39478054;-3,700123554
2629;40,40032495;-3,698608088
2630;40,41205379;-3,719839096
2631;40,4000232;-3,7017654
2632;40,4012622;-3,6989703
2633;40,39898605;-3,696374473
2634;40,4040749;-3,7059572
2635;40,4040749;-3,7059572
2636;40,41460304;-3,707033746
2637;40,4008366;-3,710650281
2638;40,40009374;-3,697267256
2639;40,4030791;-3,703037
2640;40,2889186;-3,793891447
2641;40,4064457;-3,7126147
2642;40,3996052;-3,7024164
2643;40,3948339;-3,6964084
2644;40,3893429;-3,6899247
2645;40,3996052;-3,7024164
2646;40,37608123;-3,682332742
2647;40,4012622;-3,6989703
2648;40,39436121;-3,68493372
2649;40,4070069;-3,6948713
2650;40,4034257;-3,702325
2651;40,39770805;-3,694298673
2652;40,39930584;-3,696198753
2653;40,4004662;-3,7089406
2654;40,39590714;-3,695853358
2655;40,4098206;-3,7210548
2656;40,41205379;-3,719839096
2657;40,41205379;-3,719839096
2658;40,4030791;-3,703037
2659;40,4739157;-3,5779335
2660;40,3863326;-3,7069611
2661;40,47137515;-3,626106152
2662;40,47273505;-3,579198495
2663;40,4575814;-3,5879745
2664;40,4533512;-3,584808599
2665;40,93385315;-3,470540168
2666;40,47367886;-3,58005173
2667;40,4745094;-3,5780906
2668;40,4575814;-3,5879745
2669;40,42738037;-3,698072733
2670;40,45193804;-3,604114064
2671;40,42738037;-3,698072733
2672;40,4575814;-3,5879745
2673;40,3863326;-3,7069611
2674;40,4575814;-3,5879745
2675;40,45193804;-3,604114064
2676;40,4752426;-3,5768618
2677;40,4717784;-3,584302237
2678;40,45139665;-3,59476643
2679;40,4663363;-3,5941078
2680;40,4717784;-3,584302237
2681;40,47387143;-3,575941489
2682;40,42738037;-3,698072733
2683;40,4622841;-3,5946532
2684;40,4754516;-3,57806389
2685;40,47317863;-3,58413611
2686;40,4557724;-3,586609332
2687;40,46957538;-3,585947627
2688;40,46739881;-3,587470719
2689;40,46359197;-3,5908751
2690;40,46789415;-3,590419214
2691;40,45999179;-3,581311784
2692;40,47181132;-3,582951759
2693;40,46379504;-3,583878814
2694;40,45447554;-3,59014599
2695;40,4516371;-3,5829674
2696;40,45873773;-3,585009843
2697;40,45852421;-3,595394614
2698;40,4717784;-3,584302237
2699;40,45873773;-3,585009843
2700;40,45342626;-3,589186806
2701;40,47153825;-3,57844783
2702;40,4717784;-3,584302237
2703;40,4733999;-3,5756314
2704;40,46155977;-3,579212343
2705;40,47072449;-3,58519178
2706;40,47087116;-3,587940814
2707;40,46739881;-3,587470719
2708;40,45236593;-3,590372969
2709;40,47087116;-3,587940814
2710;40,47347733;-3,579241556
2711;40,4577966;-3,591578855
2712;40,4737401;-3,576377357
2713;40,4737863;-3,5763596
2714;40,4737863;-3,5763596
2715;40,47334397;-3,580544753
2716;40,47334397;-3,580544753
2717;40,46739881;-3,587470719
2718;40,47238239;-3,57883878
2719;40,4575814;-3,5879745
2720;40,46644908;-3,589267038
2721;40,47508998;-3,576181308
2722;40,46229165;-3,585714989
2723;40,47334397;-3,580544753
2724;40,47334397;-3,580544753
2725;40,47508998;-3,576181308
2726;40,46789415;-3,590419214
2727;40,47317863;-3,58413611
2728;40,4508082;-3,5816335
2729;40,4533512;-3,584808599
2730;40,46522451;-3,587593407
2731;40,46522451;-3,587593407
2732;40,4662558;-3,593702
2733;40,47058406;-3,579290224
2734;40,4717784;-3,584302237
2735;40,4706343;-3,5949286
2736;40,47137515;-3,626106152
2737;40,47284624;-3,582553204
2738;40,47407548;-3,588649067
2739;40,45852421;-3,595394614
2740;40,47137515;-3,626106152
2741;40,46739881;-3,587470719
2742;40,47440265;-3,580687195
2743;40,46575886;-3,587703821
2744;40,4748333;-3,5939185
2745;40,45814906;-3,591636801
2746;40,45781142;-3,599145138
2747;40,4575814;-3,5879745
2748;40,4575814;-3,5879745
2749;40,47137515;-3,626106152
2750;40,4575814;-3,5879745
2751;40,4575814;-3,5879745
2752;40,47317863;-3,58413611
2753;40,46789415;-3,590419214
2754;40,46575886;-3,587703821
2755;40,4336258;-3,6857059
2756;40,4333241;-3,6841316
2757;40,4333241;-3,6841316
2758;40,4333241;-3,6841316
2759;40,4333241;-3,6841316
2760;40,42702676;-3,683968916
2761;40,4333241;-3,6841316
2762;40,43400136;-3,684497531
2763;40,4333241;-3,6841316
2764;40,4333241;-3,6841316
2765;40,4361663;-3,6849151
2766;40,4346731;-3,6802214
2767;40,42702676;-3,683968916
2768;40,4333241;-3,6841316
2769;40,4333241;-3,6841316
2770;40,4333241;-3,6841316
2771;40,4333241;-3,6841316
2772;40,4333241;-3,6841316
2773;40,4333241;-3,6841316
2774;40,4333241;-3,6841316
2775;40,43667668;-3,679266218
2776;40,4333241;-3,6841316
2777;40,4283596;-3,6826412
2778;40,4333241;-3,6841316
2779;40,4333241;-3,6841316
2780;40,4333241;-3,6841316
2781;40,4333241;-3,6841316
2782;40,4333241;-3,6841316
2783;40,4333241;-3,6841316
2784;40,4333241;-3,6841316
2785;40,43388852;-3,682058369
2786;40,4333241;-3,6841316
2787;40,42792454;-3,687377781
2788;40,43378746;-3,68146015
2789;40,43312014;-3,680869699
2790;40,43616567;-3,683426464
2791;40,4333241;-3,6841316
2792;40,4333241;-3,6841316
2793;40,43312014;-3,680869699
2794;40,42702676;-3,683968916
2795;40,4333241;-3,6841316
2796;40,4333241;-3,6841316
2797;40,4333241;-3,6841316
2798;40,43312014;-3,680869699
2799;40,43525925;-3,683284266
2800;40,4333241;-3,6841316
2801;40,4333241;-3,6841316
2802;40,4333241;-3,6841316
2803;40,4333241;-3,6841316
2804;40,4333241;-3,6841316
2805;40,4333241;-3,6841316
2806;40,43378746;-3,68146015
2807;40,4355566;-3,6794568
2808;40,4541789;-3,6893577
2809;40,43378746;-3,68146015
2810;40,43525925;-3,683284266
2811;40,4333241;-3,6841316
2812;40,4333241;-3,6841316
2813;40,43312014;-3,680869699
2814;40,4333241;-3,6841316
2815;40,4333241;-3,6841316
2816;40,43616567;-3,683426464
2817;40,4333241;-3,6841316
2818;40,43388852;-3,682058369
2819;40,4333241;-3,6841316
2820;40,42997938;-3,677177599
2821;40,43312014;-3,680869699
2822;40,4333241;-3,6841316
2823;40,42997938;-3,677177599
2824;40,43312014;-3,680869699
2825;40,4333241;-3,6841316
2826;40,43501607;-3,684840042
2827;40,4333241;-3,6841316
2828;40,44508288;-3,678398995
2829;40,4333241;-3,6841316
2830;40,4333241;-3,6841316
2831;40,4333241;-3,6841316
2832;40,43312014;-3,680869699
2833;40,4333241;-3,6841316
2834;40,43312014;-3,680869699
2835;40,43312014;-3,680869699
2836;40,42997938;-3,677177599
2837;40,42997938;-3,677177599
2838;40,4333241;-3,6841316
2839;40,4333241;-3,6841316
2840;40,4333241;-3,6841316
2841;40,4333241;-3,6841316
2842;40,4333241;-3,6841316
2843;40,4333241;-3,6841316
2844;40,43312014;-3,680869699
2845;40,43400136;-3,684497531
2846;40,43667668;-3,679266218
2847;40,42702676;-3,683968916
2848;40,43400136;-3,684497531
2849;40,42785702;-3,686202008
2850;40,4333387;-3,6852449
2851;40,42997938;-3,677177599
2852;40,42785702;-3,686202008
2853;40,43288133;-3,683161659
2854;40,43501607;-3,684840042
2855;40,434535;-3,6835291
2856;40,4333241;-3,6841316
2857;40,43312014;-3,680869699
2858;40,4333241;-3,6841316
2859;40,43616567;-3,683426464
2860;40,4333241;-3,6841316
2861;40,42785702;-3,686202008
2862;40,4333241;-3,6841316
2863;40,43525925;-3,683284266
2864;40,44508288;-3,678398995
2865;40,42785702;-3,686202008
2866;40,43312014;-3,680869699
2867;40,43312014;-3,680869699
2868;40,44508288;-3,678398995
2869;40,4333241;-3,6841316
2870;40,43312014;-3,680869699
2871;40,43667668;-3,679266218
2872;40,42785702;-3,686202008
2873;40,43312014;-3,680869699
2874;40,43378746;-3,68146015
2875;40,44508288;-3,678398995
2876;40,42702676;-3,683968916
2877;40,4333241;-3,6841316
2878;40,4355547;-3,6807495
2879;40,43312014;-3,680869699
2880;40,43400136;-3,684497531
2881;40,43312014;-3,680869699
2882;40,42702676;-3,683968916
2883;40,4369122;-3,6804454
2884;40,43312014;-3,680869699
2885;40,4333241;-3,6841316
2886;40,43378746;-3,68146015
2887;40,4304776;-3,6845576
2888;40,42792454;-3,687377781
2889;40,4300585;-3,680192
2890;40,43388852;-3,682058369
2891;40,436986;-3,6833155
2892;40,4333241;-3,6841316
2893;40,4363551;-3,6804798
2894;40,43312014;-3,680869699
2895;40,4333241;-3,6841316
2896;40,4333241;-3,6841316
2897;40,42997938;-3,677177599
2898;40,4333241;-3,6841316
2899;40,4333241;-3,6841316
2900;40,4333241;-3,6841316
2901;40,43312014;-3,680869699
2902;40,43378746;-3,68146015
2903;40,43388852;-3,682058369
2904;40,4345061;-3,6795568
2905;40,44508288;-3,678398995
2906;40,43312014;-3,680869699
2907;40,43312014;-3,680869699
2908;40,43388852;-3,682058369
2909;40,4333241;-3,6841316
2910;40,4345061;-3,6795568
2911;40,4369122;-3,6804454
2912;40,4319549;-3,6869592
2913;40,42997938;-3,677177599
2914;40,42785702;-3,686202008
2915;40,43312014;-3,680869699
2916;40,43776782;-3,684129027
2917;40,4371443;-3,683303
2918;40,4333241;-3,6841316
2919;40,42785702;-3,686202008
2920;40,4333241;-3,6841316
2921;40,43388852;-3,682058369
2922;40,4333241;-3,6841316
2923;40,42785702;-3,686202008
2924;40,44508288;-3,678398995
2925;40,43312014;-3,680869699
2926;40,43501607;-3,684840042
2927;40,43312014;-3,680869699
2928;40,4333241;-3,6841316
2929;40,40436305;-3,614407485
2930;40,4333241;-3,6841316
2931;40,4333241;-3,6841316
2932;40,4333241;-3,6841316
2933;40,42785702;-3,686202008
2934;40,4333241;-3,6841316
2935;40,4333241;-3,6841316
2936;40,4333241;-3,6841316
2937;40,4371383;-3,6807213
2938;40,431337;-3,6803613
2939;40,4363551;-3,6804798
2940;40,4333241;-3,6841316
2941;40,4333241;-3,6841316
2942;40,43312014;-3,680869699
2943;40,43388852;-3,682058369
2944;40,44508288;-3,678398995
2945;40,43312014;-3,680869699
2946;40,42746421;-3,689920249
2947;40,4349888;-3,681349
2948;40,43312014;-3,680869699
2949;40,42997938;-3,677177599
2950;40,43400136;-3,684497531
2951;40,43278976;-3,686729846
2952;40,44508288;-3,678398995
2953;40,43400136;-3,684497531
2954;40,4333241;-3,6841316
2955;40,43312014;-3,680869699
2956;40,43312014;-3,680869699
2957;40,4333241;-3,6841316
2958;40,43312014;-3,680869699
2959;40,43388852;-3,682058369
2960;40,43312014;-3,680869699
2961;40,43529833;-3,685409046
2962;40,43776782;-3,684129027
2963;40,4351777;-3,6851682
2964;40,42895484;-3,680551898
2965;40,44508288;-3,678398995
2966;40,4363551;-3,6804798
2967;40,4369122;-3,6804454
2968;40,4333241;-3,6841316
2969;40,43288133;-3,683161659
2970;40,43667668;-3,679266218
2971;40,4333241;-3,6841316
2972;40,42792454;-3,687377781
2973;40,4333241;-3,6841316
2974;40,43378746;-3,68146015
2975;40,43312014;-3,680869699
2976;40,4333241;-3,6841316
2977;40,4333241;-3,6841316
2978;40,4333241;-3,6841316
2979;40,43378746;-3,68146015
2980;40,4333241;-3,6841316
2981;40,4333241;-3,6841316
2982;40,4333241;-3,6841316
2983;40,4333241;-3,6841316
2984;40,42785702;-3,686202008
2985;40,43582405;-3,679622939
2986;40,4333241;-3,6841316
2987;40,42792454;-3,687377781
2988;40,43400136;-3,684497531
2989;40,4333241;-3,6841316
2990;40,43312014;-3,680869699
2991;40,42702676;-3,683968916
2992;40,4312177;-3,6856481
2993;40,4369122;-3,6804454
2994;40,4363551;-3,6804798
2995;40,43378746;-3,68146015
2996;40,4333241;-3,6841316
2997;40,4333241;-3,6841316
2998;40,40436305;-3,614407485
2999;40,43525925;-3,683284266
3000;40,4333241;-3,6841316
3001;40,40436305;-3,614407485
3002;40,42997938;-3,677177599
3003;40,4333241;-3,6841316
3004;40,43278976;-3,686729846
3005;40,43400136;-3,684497531
3006;40,4333241;-3,6841316
3007;40,43501607;-3,684840042
3008;40,44217876;-3,685908114
3009;40,42997938;-3,677177599
3010;40,43776782;-3,684129027
3011;40,4333241;-3,6841316
3012;40,4333241;-3,6841316
3013;40,44508288;-3,678398995
3014;40,4333241;-3,6841316
3015;40,4333241;-3,6841316
3016;40,4333241;-3,6841316
3017;40,43312014;-3,680869699
3018;40,43400136;-3,684497531
3019;40,4333241;-3,6841316
3020;40,4333241;-3,6841316
3021;40,43312014;-3,680869699
3022;40,44508288;-3,678398995
3023;40,4333241;-3,6841316
3024;40,43312014;-3,680869699
3025;40,43781106;-3,688220576
3026;40,42785702;-3,686202008
3027;40,42997938;-3,677177599
3028;40,4333241;-3,6841316
3029;40,43388852;-3,682058369
3030;40,4333241;-3,6841316
3031;40,43388852;-3,682058369
3032;40,4333241;-3,6841316
3033;40,42792454;-3,687377781
3034;40,43278976;-3,686729846
3035;40,4333241;-3,6841316
3036;40,4348285;-3,6780597
3037;40,4371383;-3,6807213
3038;40,4333241;-3,6841316
3039;40,4333241;-3,6841316
3040;40,4333241;-3,6841316
3041;40,4333241;-3,6841316
3042;40,4333241;-3,6841316
3043;40,43388852;-3,682058369
3044;40,43312014;-3,680869699
3045;40,4343461;-3,6795784
3046;40,4375173;-3,6880792
3047;40,43312014;-3,680869699
3048;40,42895484;-3,680551898
3049;40,4333241;-3,6841316
3050;40,44508288;-3,678398995
3051;40,4333241;-3,6841316
3052;40,4333241;-3,6841316
3053;40,4333241;-3,6841316
3054;40,43278976;-3,686729846
3055;40,43525925;-3,683284266
3056;40,42895484;-3,680551898
3057;40,43312014;-3,680869699
3058;40,43400136;-3,684497531
3059;40,43312014;-3,680869699
3060;40,4333241;-3,6841316
3061;40,43312014;-3,680869699
3062;40,4333241;-3,6841316
3063;40,4359999;-3,6814171
3064;40,4333241;-3,6841316
3065;40,4333241;-3,6841316
3066;40,4310244;-3,6834672
3067;40,43388852;-3,682058369
3068;40,43154105;-3,683238984
3069;40,43525925;-3,683284266
3070;40,43667668;-3,679266218
3071;40,44508288;-3,678398995
3072;40,43312014;-3,680869699
3073;40,43525925;-3,683284266
3074;40,42702676;-3,683968916
3075;40,43312014;-3,680869699
3076;40,43388852;-3,682058369
3077;40,4372536;-3,6804304
3078;40,43400136;-3,684497531
3079;40,4333241;-3,6841316
3080;40,4333241;-3,6841316
3081;40,4333241;-3,6841316
3082;40,4323807;-3,6833556
3083;40,4333241;-3,6841316
3084;40,4333241;-3,6841316
3085;40,4333241;-3,6841316
3086;40,4333241;-3,6841316
3087;40,43388852;-3,682058369
3088;40,43312014;-3,680869699
3089;40,43400136;-3,684497531
3090;40,42785702;-3,686202008
3091;40,4333241;-3,6841316
3092;40,4333241;-3,6841316
3093;40,4333241;-3,6841316
3094;40,4333241;-3,6841316
3095;40,4333241;-3,6841316
3096;40,43378746;-3,68146015
3097;40,4348831;-3,686361
3098;40,4333241;-3,6841316
3099;40,43312014;-3,680869699
3100;40,42702676;-3,683968916
3101;40,43501607;-3,684840042
3102;40,4333241;-3,6841316
3103;40,43616567;-3,683426464
3104;40,43501607;-3,684840042
3105;40,42792454;-3,687377781
3106;40,43776782;-3,684129027
3107;40,4333241;-3,6841316
3108;40,42702676;-3,683968916
3109;40,43776782;-3,684129027
3110;40,42997938;-3,677177599
3111;40,43278976;-3,686729846
3112;40,4333241;-3,6841316
3113;40,43378746;-3,68146015
3114;40,43388852;-3,682058369
3115;40,4333241;-3,6841316
3116;40,4333241;-3,6841316
3117;40,40436305;-3,614407485
3118;40,4333241;-3,6841316
3119;40,4333241;-3,6841316
3120;40,43501607;-3,684840042
3121;40,43154105;-3,683238984
3122;40,43388852;-3,682058369
3123;40,4333241;-3,6841316
3124;40,4333241;-3,6841316
3125;40,4333241;-3,6841316
3126;40,4333241;-3,6841316
3127;40,4333241;-3,6841316
3128;40,43312014;-3,680869699
3129;40,42785702;-3,686202008
3130;40,43312014;-3,680869699
3131;40,43680242;-3,687704186
3132;40,43388852;-3,682058369
3133;40,43574334;-3,687921165
3134;40,43574334;-3,687921165
3135;40,4333241;-3,6841316
3136;40,43312014;-3,680869699
3137;40,43312014;-3,680869699
3138;40,43616567;-3,683426464
3139;40,42792454;-3,687377781
3140;40,43400136;-3,684497531
3141;40,4333241;-3,6841316
3142;40,4333241;-3,6841316
3143;40,4333241;-3,6841316
3144;40,4333241;-3,6841316
3145;40,43312014;-3,680869699
3146;40,4333241;-3,6841316
3147;40,43312014;-3,680869699
3148;40,43501607;-3,684840042
3149;40,4333241;-3,6841316
3150;40,43312014;-3,680869699
3151;40,43781106;-3,688220576
3152;40,42997938;-3,677177599
3153;40,42702676;-3,683968916
3154;40,43388852;-3,682058369
3155;40,42792454;-3,687377781
3156;40,43501607;-3,684840042
3157;40,42997938;-3,677177599
3158;40,43278976;-3,686729846
3159;40,4246953;-3,6667827
3160;40,5662903;-4,2851497
3161;40,424977;-3,6636998
3162;40,42581813;-3,670831276
3163;40,43643785;-3,685702785
3164;40,42597015;-3,663456578
3165;40,43643785;-3,685702785
3166;40,4291359;-3,66446101
3167;40,42279171;-3,665925336
3168;40,424977;-3,6636998
3169;40,41292276;-3,669775188
3170;40,42629479;-3,683267648
3171;40,42279171;-3,665925336
3172;40,424977;-3,6636998
3173;40,42279171;-3,665925336
3174;40,42929641;-3,6662467
3175;40,42717731;-3,661925112
3176;40,424977;-3,6636998
3177;40,424977;-3,6636998
3178;40,424977;-3,6636998
3179;40,5662396;-4,2859016
3180;40,4219995;-3,665045148
3181;40,4287328;-3,661889727
3182;40,42629479;-3,683267648
3183;40,4261467;-3,668183877
3184;40,4246953;-3,6667827
3185;40,424977;-3,6636998
3186;40,42867015;-3,663162185
3187;40,42629479;-3,683267648
3188;40,41292276;-3,669775188
3189;40,42629479;-3,683267648
3190;40,42581813;-3,670831276
3191;40,424977;-3,6636998
3192;40,4246953;-3,6667827
3193;40,44793582;-3,602061604
3194;40,42717731;-3,661925112
3195;40,423736;-3,664365962
3196;40,42473305;-3,666198903
3197;40,41292276;-3,669775188
3198;40,43643785;-3,685702785
3199;40,423736;-3,664365962
3200;40,423736;-3,664365962
3201;40,424977;-3,6636998
3202;40,42629479;-3,683267648
3203;40,424977;-3,6636998
3204;40,5662396;-4,2859016
3205;40,424977;-3,6636998
3206;40,4256221;-3,663337394
3207;40,4256221;-3,663337394
3208;40,4277584;-3,6679512
3209;40,424977;-3,6636998
3210;40,424977;-3,6636998
3211;40,424977;-3,6636998
3212;40,42581813;-3,670831276
3213;40,42581813;-3,670831276
3214;40,424977;-3,6636998
3215;40,41292276;-3,669775188
3216;40,43643785;-3,685702785
3217;40,4284438;-3,663956568
3218;40,424977;-3,6636998
3219;40,424977;-3,6636998
3220;40,42581813;-3,670831276
3221;40,42500628;-3,665428178
3222;40,44793582;-3,602061604
3223;40,4274148;-3,662157895
3224;40,43643785;-3,685702785
3225;40,4264621;-3,665427594
3226;40,42575977;-3,662386932
3227;40,42717731;-3,661925112
3228;40,42710535;-3,665968774
3229;40,4246953;-3,6667827
3230;40,42546667;-3,666782265
3231;40,4219995;-3,665045148
3232;40,4219995;-3,665045148
3233;40,42867015;-3,663162185
3234;40,5662396;-4,2859016
3235;40,41292276;-3,669775188
3236;40,42738212;-3,666032853
3237;40,42738212;-3,666032853
3238;40,42738212;-3,666032853
3239;40,424977;-3,6636998
3240;40,40508589;-3,661938093
3241;40,4263686;-3,667847354
3242;40,424977;-3,6636998
3243;40,424977;-3,6636998
3244;40,424977;-3,6636998
3245;40,424977;-3,6636998
3246;40,42651281;-3,665854903
3247;40,42581813;-3,670831276
3248;40,424977;-3,6636998
3249;40,424977;-3,6636998
3250;40,42628491;-3,664054842
3251;40,42500628;-3,665428178
3252;40,42629479;-3,683267648
3253;40,4259437;-3,665012856
3254;40,424977;-3,6636998
3255;40,424977;-3,6636998
3256;40,424977;-3,6636998
3257;40,424977;-3,6636998
3258;40,424977;-3,6636998
3259;40,43643785;-3,685702785
3260;40,42738212;-3,666032853
3261;40,44793582;-3,602061604
3262;40,42473305;-3,666198903
3263;40,4246501;-3,6668034
3264;40,4233424;-3,6764961
3265;40,4221107;-3,6773771
3266;40,43235067;-3,678020393
3267;40,42192795;-3,673053676
3268;40,46097548;-3,679880146
3269;40,4246991;-3,6762001
3270;40,42629479;-3,683267648
3271;40,46097548;-3,679880146
3272;40,4246991;-3,6762001
3273;40,4246991;-3,6762001
3274;40,46097548;-3,679880146
3275;40,4246991;-3,6762001
3276;40,46097548;-3,679880146
3277;40,42854646;-3,672296293
3278;40,42256619;-3,678854399
3279;40,4255577;-3,673355042
3280;40,42772403;-3,684351056
3281;40,4246991;-3,6762001
3282;40,4246991;-3,6762001
3283;40,4246991;-3,6762001
3284;40,4246991;-3,6762001
3285;40,46097548;-3,679880146
3286;40,43643785;-3,685702785
3287;40,43235067;-3,678020393
3288;40,4246991;-3,6762001
3289;40,4246991;-3,6762001
3290;40,43643785;-3,685702785
3291;40,4246991;-3,6762001
3292;40,4246991;-3,6762001
3293;40,46097548;-3,679880146
3294;40,4246991;-3,6762001
3295;40,4246991;-3,6762001
3296;40,4246991;-3,6762001
3297;40,4246991;-3,6762001
3298;40,4246991;-3,6762001
3299;40,42293063;-3,675871473
3300;40,42629479;-3,683267648
3301;40,4284608;-3,6719914
3302;40,4246991;-3,6762001
3303;40,42849953;-3,723720892
3304;40,4246991;-3,6762001
3305;40,4246991;-3,6762001
3306;40,42629479;-3,683267648
3307;40,4246991;-3,6762001
3308;40,42772403;-3,684351056
3309;40,44508288;-3,678398995
3310;40,4246991;-3,6762001
3311;40,4246991;-3,6762001
3312;40,4246991;-3,6762001
3313;40,4246991;-3,6762001
3314;40,4246991;-3,6762001
3315;40,42629479;-3,683267648
3316;40,46097548;-3,679880146
3317;40,42604684;-3,675603943
3318;40,4246991;-3,6762001
3319;40,4246991;-3,6762001
3320;40,42718823;-3,673117749
3321;40,46097548;-3,679880146
3322;40,4246991;-3,6762001
3323;40,42688569;-3,678489825
3324;40,43235067;-3,678020393
3325;40,43643785;-3,685702785
3326;40,42279171;-3,665925336
3327;40,4246991;-3,6762001
3328;40,42849953;-3,723720892
3329;40,4232491;-3,6695642
3330;40,4246991;-3,6762001
3331;40,42552262;-3,68854252
3332;40,4246991;-3,6762001
3333;40,42604684;-3,675603943
3334;40,42849953;-3,723720892
3335;40,43643785;-3,685702785
3336;40,43235067;-3,678020393
3337;40,4246991;-3,6762001
3338;40,42772403;-3,684351056
3339;40,43287902;-3,6765726
3340;40,46097548;-3,679880146
3341;40,4246991;-3,6762001
3342;40,4246991;-3,6762001
3343;40,44508288;-3,678398995
3344;40,4233722;-3,6785433
3345;40,4246991;-3,6762001
3346;40,4229439;-3,6774834
3347;40,42772403;-3,684351056
3348;40,46097548;-3,679880146
3349;40,4246991;-3,6762001
3350;40,4246991;-3,6762001
3351;40,4246991;-3,6762001
3352;40,4246991;-3,6762001
3353;40,43287902;-3,6765726
3354;40,4246991;-3,6762001
3355;40,4246991;-3,6762001
3356;40,42629479;-3,683267648
3357;40,42143148;-3,672788618
3358;40,43235067;-3,678020393
3359;40,4246991;-3,6762001
3360;40,42091996;-3,683644633
3361;40,43643785;-3,685702785
3362;40,4246991;-3,6762001
3363;40,46097548;-3,679880146
3364;40,42375732;-3,669930077
3365;40,4246991;-3,6762001
3366;40,4246991;-3,6762001
3367;40,4246991;-3,6762001
3368;40,42091996;-3,683644633
3369;40,42629479;-3,683267648
3370;40,4246991;-3,6762001
3371;40,428485;-3,6727538
3372;40,42569645;-3,671086844
3373;40,4246991;-3,6762001
3374;40,4240564;-3,6733943
3375;40,4246991;-3,6762001
3376;40,46097548;-3,679880146
3377;40,4246991;-3,6762001
3378;40,4246991;-3,6762001
3379;40,4246991;-3,6762001
3380;40,4246991;-3,6762001
3381;40,42629479;-3,683267648
3382;40,4246991;-3,6762001
3383;40,42629479;-3,683267648
3384;40,42569645;-3,671086844
3385;40,43287902;-3,6765726
3386;40,42552262;-3,68854252
3387;40,42854646;-3,672296293
3388;40,4246991;-3,6762001
3389;40,46097548;-3,679880146
3390;40,42876532;-3,676850861
3391;40,4246991;-3,6762001
3392;40,46097548;-3,679880146
3393;40,42772403;-3,684351056
3394;40,4246991;-3,6762001
3395;40,42227145;-3,671673154
3396;40,42239745;-3,674318184
3397;40,42239745;-3,674318184
3398;40,4246991;-3,6762001
3399;40,4246991;-3,6762001
3400;40,42239745;-3,674318184
3401;40,4279804;-3,676978916
3402;40,42772403;-3,684351056
3403;40,4246991;-3,6762001
3404;40,42552262;-3,68854252
3405;40,42375732;-3,669930077
3406;40,42849953;-3,723720892
3407;40,4246991;-3,6762001
3408;40,42604684;-3,675603943
3409;40,42279171;-3,665925336
3410;40,42849953;-3,723720892
3411;40,43287902;-3,6765726
3412;40,424341;-3,677916028
3413;40,44793582;-3,602061604
3414;40,42849953;-3,723720892
3415;40,4246991;-3,6762001
3416;40,43287902;-3,6765726
3417;40,4241477;-3,6786315
3418;40,44793582;-3,602061604
3419;40,4246991;-3,6762001
3420;40,43235067;-3,678020393
3421;40,42629479;-3,683267648
3422;40,4246991;-3,6762001
3423;40,43287902;-3,6765726
3424;40,4246991;-3,6762001
3425;40,42629479;-3,683267648
3426;40,4246991;-3,6762001
3427;40,4246991;-3,6762001
3428;40,42822127;-3,679843888
3429;40,43235067;-3,678020393
3430;40,424663;-3,6703731
3431;40,42279171;-3,665925336
3432;40,42629479;-3,683267648
3433;40,46097548;-3,679880146
3434;40,44793582;-3,602061604
3435;40,4240564;-3,6733943
3436;40,4246991;-3,6762001
3437;40,42876532;-3,676850861
3438;40,42629479;-3,683267648
3439;40,44793582;-3,602061604
3440;40,4246991;-3,6762001
3441;40,4246991;-3,6762001
3442;40,42552262;-3,68854252
3443;40,46097548;-3,679880146
3444;40,46097548;-3,679880146
3445;40,4231905;-3,6733911
3446;40,4246991;-3,6762001
3447;40,4246991;-3,6762001
3448;40,42552262;-3,68854252
3449;40,4246991;-3,6762001
3450;40,42849953;-3,723720892
3451;40,4279804;-3,676978916
3452;40,42629479;-3,683267648
3453;40,42772403;-3,684351056
3454;40,42569645;-3,671086844
3455;40,42799941;-3,672334092
3456;40,42629479;-3,683267648
3457;40,4260123;-3,6741666
3458;40,46097548;-3,679880146
3459;40,4246991;-3,6762001
3460;40,4246991;-3,6762001
3461;40,4282554;-3,6770405
3462;40,4255975;-3,6692297
3463;40,44793582;-3,602061604
3464;40,4246991;-3,6762001
3465;40,4246991;-3,6762001
3466;40,4246991;-3,6762001
3467;40,42772403;-3,684351056
3468;40,46097548;-3,679880146
3469;40,44793582;-3,602061604
3470;40,42639932;-3,669763743
3471;40,4246991;-3,6762001
3472;40,4246991;-3,6762001
3473;40,4266994;-3,6738522
3474;40,4246991;-3,6762001
3475;40,42239745;-3,674318184
3476;40,42569645;-3,671086844
3477;40,42629479;-3,683267648
3478;40,42552262;-3,68854252
3479;40,42772403;-3,684351056
3480;40,41348336;-3,676989086
3481;40,42552262;-3,68854252
3482;40,41760898;-3,676296696
3483;40,42772403;-3,684351056
3484;40,42854646;-3,672296293
3485;40,42569645;-3,671086844
3486;40,42552262;-3,68854252
3487;40,42569645;-3,671086844
3488;40,4246991;-3,6762001
3489;40,4246857;-3,6801463
3490;40,4246991;-3,6762001
3491;40,42091996;-3,683644633
3492;40,42629479;-3,683267648
3493;40,42849953;-3,723720892
3494;40,42256619;-3,678854399
3495;40,42629479;-3,683267648
3496;40,4183416;-3,6746229
3497;40,42569645;-3,671086844
3498;40,42091996;-3,683644633
3499;40,42552262;-3,68854252
3500;40,42552262;-3,68854252
3501;40,43235067;-3,678020393
3502;40,0379808;-3,5989307
3503;40,42629479;-3,683267648
3504;40,42772403;-3,684351056
3505;40,42279171;-3,665925336
3506;40,44793582;-3,602061604
3507;40,4280538;-3,6782923
3508;40,42091996;-3,683644633
3509;40,4266994;-3,6738522
3510;40,42552262;-3,68854252
3511;40,42227145;-3,671673154
3512;40,4282554;-3,6770405
3513;40,4256591;-3,6718794
3514;40,42799941;-3,672334092
3515;40,4280538;-3,6782923
3516;40,42854646;-3,672296293
3517;40,4246991;-3,6762001
3518;40,42283033;-3,677405738
3519;40,42279171;-3,665925336
3520;40,42772403;-3,684351056
3521;40,42279171;-3,665925336
3522;40,422202;-3,6690629
3523;40,42604684;-3,675603943
3524;40,42629479;-3,683267648
3525;40,4246991;-3,6762001
3526;40,42876532;-3,676850861
3527;40,46097548;-3,679880146
3528;40,44793582;-3,602061604
3529;40,42562965;-3,672735185
3530;40,42562965;-3,672735185
3531;40,42552262;-3,68854252
3532;40,4246991;-3,6762001
3533;40,42256619;-3,678854399
3534;40,42569645;-3,671086844
3535;40,4246991;-3,6762001
3536;40,4287315;-3,6775111
3537;40,4246991;-3,6762001
3538;40,4248897;-3,669826708
3539;40,4216103;-3,6742658
3540;40,4822012;-3,8646344
3541;40,42854646;-3,672296293
3542;40,4246991;-3,6762001
3543;40,4246991;-3,6762001
3544;40,4246991;-3,6762001
3545;40,4246991;-3,6762001
3546;40,46097548;-3,679880146
3547;40,4246991;-3,6762001
3548;40,4246991;-3,6762001
3549;40,4246991;-3,6762001
3550;40,4246991;-3,6762001
3551;40,42552262;-3,68854252
3552;40,4246991;-3,6762001
3553;40,4246991;-3,6762001
3554;40,4269288;-3,6690886
3555;40,42780492;-3,668510894
3556;40,4257639;-3,6711864
3557;40,4256591;-3,6718794
3558;40,43235067;-3,678020393
3559;40,43235067;-3,678020393
3560;40,42283033;-3,677405738
3561;40,4273743;-3,6698965
3562;40,42279171;-3,665925336
3563;40,4246991;-3,6762001
3564;40,42227145;-3,671673154
3565;40,371874;-3,5398983
3566;40,46097548;-3,679880146
3567;40,41760898;-3,676296696
3568;40,42143148;-3,672788618
3569;40,42629479;-3,683267648
3570;40,42667006;-3,673194702
3571;40,42799941;-3,672334092
3572;40,4222373;-3,6744203
3573;40,4260123;-3,6741666
3574;40,42227145;-3,671673154
3575;40,42854646;-3,672296293
3576;40,43235067;-3,678020393
3577;40,4284394;-3,6715244
3578;40,4246991;-3,6762001
3579;40,4246991;-3,6762001
3580;40,4246991;-3,6762001
3581;40,4262835;-3,6798822
3582;40,4246991;-3,6762001
3583;40,4249816;-3,670503
3584;40,4249816;-3,670503
3585;40,42143148;-3,672788618
3586;40,4822012;-3,8646344
3587;40,4246991;-3,6762001
3588;40,42227145;-3,671673154
3589;40,42091996;-3,683644633
3590;40,4246991;-3,6762001
3591;40,4246991;-3,6762001
3592;40,46097548;-3,679880146
3593;40,4279804;-3,676978916
3594;40,43287902;-3,6765726
3595;40,42256619;-3,678854399
3596;40,4246991;-3,6762001
3597;40,42384987;-3,670999902
3598;40,42552262;-3,68854252
3599;40,4246991;-3,6762001
3600;40,4183416;-3,6746229
3601;40,42279171;-3,665925336
3602;40,42552262;-3,68854252
3603;40,42091996;-3,683644633
3604;40,42552262;-3,68854252
3605;40,43235067;-3,678020393
3606;40,4246991;-3,6762001
3607;40,4246991;-3,6762001
3608;40,4246991;-3,6762001
3609;40,4246991;-3,6762001
3610;40,42604684;-3,675603943
3611;40,43235067;-3,678020393
3612;40,46097548;-3,679880146
3613;40,4246991;-3,6762001
3614;40,4246991;-3,6762001
3615;40,42375732;-3,669930077
3616;40,42227145;-3,671673154
3617;40,42718823;-3,673117749
3618;40,46097548;-3,679880146
3619;40,42227145;-3,671673154
3620;40,4246991;-3,6762001
3621;40,42876532;-3,676850861
3622;40,42384987;-3,670999902
3623;40,43287902;-3,6765726
3624;40,42279171;-3,665925336
3625;40,4246991;-3,6762001
3626;40,46097548;-3,679880146
3627;40,4246991;-3,6762001
3628;40,4246991;-3,6762001
3629;40,4251639;-3,6724745
3630;40,4246991;-3,6762001
3631;40,427364;-3,6747167
3632;40,46097548;-3,679880146
3633;40,46097548;-3,679880146
3634;40,4246991;-3,6762001
3635;40,4246991;-3,6762001
3636;40,4246991;-3,6762001
3637;40,42876532;-3,676850861
3638;40,4269567;-3,6696296
3639;40,42688569;-3,678489825
3640;40,41760898;-3,676296696
3641;40,4268851;-3,6716237
3642;40,4257639;-3,6711864
3643;40,4243633;-3,6795209
3644;40,42552262;-3,68854252
3645;40,4246991;-3,6762001
3646;40,4246991;-3,6762001
3647;40,43287902;-3,6765726
3648;40,42279171;-3,665925336
3649;40,4246991;-3,6762001
3650;40,4283271;-3,6695507
3651;40,4246991;-3,6762001
3652;40,42544278;-3,672544875
3653;40,4246991;-3,6762001
3654;40,42279171;-3,665925336
3655;40,42552262;-3,68854252
3656;40,42552262;-3,68854252
3657;40,4247478;-3,672139
3658;40,428385;-3,6703639
3659;40,4261846;-3,669217
3660;40,42629479;-3,683267648
3661;40,42604684;-3,675603943
3662;40,42639932;-3,669763743
3663;40,4246991;-3,6762001
3664;40,42854646;-3,672296293
3665;40,42279171;-3,665925336
3666;40,42227145;-3,671673154
3667;40,4246991;-3,6762001
3668;40,4246991;-3,6762001
3669;40,4246991;-3,6762001
3670;40,42256619;-3,678854399
3671;40,46097548;-3,679880146
3672;40,44793582;-3,602061604
3673;40,4246991;-3,6762001
3674;40,42688569;-3,678489825
3675;40,4255975;-3,6692297
3676;40,42876532;-3,676850861
3677;40,42772403;-3,684351056
3678;40,42629479;-3,683267648
3679;40,44508288;-3,678398995
3680;40,4226702;-3,678329
3681;40,4232991;-3,6801334
3682;40,42799941;-3,672334092
3683;40,43235067;-3,678020393
3684;40,42629479;-3,683267648
3685;40,42279171;-3,665925336
3686;40,42604684;-3,675603943
3687;40,42384987;-3,670999902
3688;40,4272207;-3,6718006
3689;40,44793582;-3,602061604
3690;40,43287902;-3,6765726
3691;40,43235067;-3,678020393
3692;40,4246991;-3,6762001
3693;40,4246991;-3,6762001
3694;40,42629479;-3,683267648
3695;40,43287902;-3,6765726
3696;40,44793582;-3,602061604
3697;40,42854646;-3,672296293
3698;40,4246991;-3,6762001
3699;40,44793582;-3,602061604
3700;40,42239745;-3,674318184
3701;40,42688569;-3,678489825
3702;40,42552262;-3,68854252
3703;40,4262576;-3,6724714
3704;40,4246991;-3,6762001
3705;40,4246991;-3,6762001
3706;40,43643785;-3,685702785
3707;40,4246991;-3,6762001
3708;40,423326;-3,670505901
3709;40,42384987;-3,670999902
3710;40,4246991;-3,6762001
3711;40,42780492;-3,668510894
3712;40,42384987;-3,670999902
3713;40,42772403;-3,684351056
3714;40,42854646;-3,672296293
3715;40,44793582;-3,602061604
3716;40,4246991;-3,6762001
3717;40,4246991;-3,6762001
3718;40,4266994;-3,6738522
3719;40,4291084;-3,6837975
3720;40,4246991;-3,6762001
3721;40,4248897;-3,669826708
3722;40,42384987;-3,670999902
3723;40,42091996;-3,683644633
3724;40,42227145;-3,671673154
3725;40,42279171;-3,665925336
3726;40,42384987;-3,670999902
3727;40,42849953;-3,723720892
3728;40,4246991;-3,6762001
3729;40,42091996;-3,683644633
3730;40,4246991;-3,6762001
3731;40,4246991;-3,6762001
3732;40,42091996;-3,683644633
3733;40,4246991;-3,6762001
3734;40,4246991;-3,6762001
3735;40,42629479;-3,683267648
3736;40,42552262;-3,68854252
3737;40,4246991;-3,6762001
3738;40,42143148;-3,672788618
3739;40,44793582;-3,602061604
3740;40,41760898;-3,676296696
3741;40,42629479;-3,683267648
3742;40,42256619;-3,678854399
3743;40,42279171;-3,665925336
3744;40,4246991;-3,6762001
3745;40,42227145;-3,671673154
3746;40,42256619;-3,678854399
3747;40,42091996;-3,683644633
3748;40,42552262;-3,68854252
3749;40,4262576;-3,6724714
3750;40,42552262;-3,68854252
3751;40,4262576;-3,6724714
3752;40,4246991;-3,6762001
3753;40,4244754;-3,67703736
3754;40,42279171;-3,665925336
3755;40,4246991;-3,6762001
3756;40,4246991;-3,6762001
3757;40,4246991;-3,6762001
3758;40,46097548;-3,679880146
3759;40,4246991;-3,6762001
3760;40,4266994;-3,6738522
3761;40,4246991;-3,6762001
3762;40,4246991;-3,6762001
3763;40,42629479;-3,683267648
3764;40,42384987;-3,670999902
3765;40,4246991;-3,6762001
3766;40,4246991;-3,6762001
3767;40,42552262;-3,68854252
3768;40,42384987;-3,670999902
3769;40,42384987;-3,670999902
3770;40,4183416;-3,6746229
3771;40,42256619;-3,678854399
3772;40,44793582;-3,602061604
3773;40,42091996;-3,683644633
3774;40,42279171;-3,665925336
3775;40,42854646;-3,672296293
3776;40,42283033;-3,677405738
3777;40,43235067;-3,678020393
3778;40,42091996;-3,683644633
3779;40,46097548;-3,679880146
3780;40,4246991;-3,6762001
3781;40,42091996;-3,683644633
3782;40,4246991;-3,6762001
3783;40,42772403;-3,684351056
3784;40,42384987;-3,670999902
3785;40,4246991;-3,6762001
3786;40,42799941;-3,672334092
3787;40,42544278;-3,672544875
3788;40,44508288;-3,678398995
3789;40,42091996;-3,683644633
3790;40,43235067;-3,678020393
3791;40,42227145;-3,671673154
3792;40,42256619;-3,678854399
3793;40,42604684;-3,675603943
3794;40,4262576;-3,6724714
3795;40,4280882;-3,6752728
3796;40,4350836;-3,6746889
3797;40,4353536;-3,6749772
3798;40,436356;-3,6680189
3799;40,436356;-3,6680189
3800;40,4343963;-3,6691552
3801;40,436356;-3,6680189
3802;40,434474;-3,6747205
3803;40,43703306;-3,674457459
3804;40,4381648;-3,6656753
3805;40,43633655;-3,676239565
3806;40,43643785;-3,685702785
3807;40,436356;-3,6680189
3808;40,4331471;-3,6719708
3809;40,43604986;-3,668647067
3810;40,31113396;-3,867340307
3811;40,43643785;-3,685702785
3812;40,4337096;-3,6733065
3813;40,436356;-3,6680189
3814;40,43974794;-3,662236186
3815;40,43526797;-3,66880867
3816;40,436356;-3,6680189
3817;40,4323521;-3,6678675
3818;40,4368507;-3,6747604
3819;40,4373028;-3,673032524
3820;40,43108282;-3,665710836
3821;40,43794196;-3,663585039
3822;40,436356;-3,6680189
3823;40,43682794;-3,670454368
3824;40,4296661;-3,666567592
3825;40,436356;-3,6680189
3826;40,4378807;-3,66920395
3827;40,4381366;-3,6790525
3828;40,436356;-3,6680189
3829;40,436356;-3,6680189
3830;40,43794196;-3,663585039
3831;40,43794196;-3,663585039
3832;40,44793582;-3,602061604
3833;40,43606389;-3,663629457
3834;40,4378807;-3,66920395
3835;40,43108282;-3,665710836
3836;40,4370651;-3,6725453
3837;40,43125484;-3,66745487
3838;40,436356;-3,6680189
3839;40,54965639;-3,629426115
3840;40,54965639;-3,629426115
3841;40,436356;-3,6680189
3842;40,43546835;-3,6618661
3843;40,43813792;-3,665782791
3844;40,43813792;-3,665782791
3845;40,43813792;-3,665782791
3846;40,43813792;-3,665782791
3847;40,43813792;-3,665782791
3848;40,43813792;-3,665782791
3849;40,43813792;-3,665782791
3850;40,43522971;-3,673294376
3851;40,44093953;-3,46062425
3852;40,4358617;-3,66405507
3853;40,436356;-3,6680189
3854;40,4378807;-3,66920395
3855;40,43974794;-3,662236186
3856;40,4298003;-3,666125503
3857;40,43125484;-3,66745487
3858;40,44793582;-3,602061604
3859;40,44793582;-3,602061604
3860;40,44243265;-3,664091452
3861;40,43682794;-3,670454368
3862;40,43794196;-3,663585039
3863;40,4373461;-3,6668536
3864;40,4348902;-3,671448
3865;40,44793582;-3,602061604
3866;40,4328994;-3,6614631
3867;40,436356;-3,6680189
3868;40,4357722;-3,6714476
3869;40,4381648;-3,6656753
3870;40,43974794;-3,662236186
3871;40,436356;-3,6680189
3872;40,43407595;-3,665983535
3873;40,43728102;-3,675408751
3874;40,43794196;-3,663585039
3875;40,436356;-3,6680189
3876;40,4298972;-3,6668792
3877;40,43974794;-3,662236186
3878;40,43428897;-3,66531273
3879;40,436356;-3,6680189
3880;40,436356;-3,6680189
3881;40,436356;-3,6680189
3882;40,436356;-3,6680189
3883;40,43643785;-3,685702785
3884;40,436356;-3,6680189
3885;40,4357722;-3,6714476
3886;40,44093953;-3,46062425
3887;40,43522971;-3,673294376
3888;40,4393192;-3,6713863
3889;40,4358493;-3,6640548
3890;40,4339012;-3,6687341
3891;40,436356;-3,6680189
3892;40,436356;-3,6680189
3893;40,43794196;-3,663585039
3894;40,4339012;-3,6687341
3895;40,4339012;-3,6687341
3896;40,4339012;-3,6687341
3897;40,436356;-3,6680189
3898;40,4301666;-3,6777777
3899;40,44508288;-3,678398995
3900;40,42510547;-3,682235315
3901;40,4305351;-3,6781049
3902;40,43287902;-3,6765726
3903;40,42510547;-3,682235315
3904;40,42510547;-3,682235315
3905;40,4326938;-3,6745087
3906;40,43643785;-3,685702785
3907;40,42510547;-3,682235315
3908;40,435891;-3,6768482
3909;40,43643785;-3,685702785
3910;40,43643785;-3,685702785
3911;40,43643785;-3,685702785
3912;40,42510547;-3,682235315
3913;40,43643785;-3,685702785
3914;40,42510547;-3,682235315
3915;40,43643785;-3,685702785
3916;40,42510547;-3,682235315
3917;40,42510547;-3,682235315
3918;40,42510547;-3,682235315
3919;40,42510547;-3,682235315
3920;40,43378746;-3,68146015
3921;40,43501607;-3,684840042
3922;40,43288133;-3,683161659
3923;40,43378746;-3,68146015
3924;40,43643785;-3,685702785
3925;40,42510547;-3,682235315
3926;40,43643785;-3,685702785
3927;40,43154105;-3,683238984
3928;40,43287902;-3,6765726
3929;40,42854646;-3,672296293
3930;40,43154105;-3,683238984
3931;40,42510547;-3,682235315
3932;40,42849953;-3,723720892
3933;40,43633655;-3,676239565
3934;40,42854646;-3,672296293
3935;40,43501607;-3,684840042
3936;40,4354789;-3,6791324
3937;40,43643785;-3,685702785
3938;40,42934717;-3,675386196
3939;40,43154105;-3,683238984
3940;40,42997938;-3,677177599
3941;40,42510547;-3,682235315
3942;40,43378746;-3,68146015
3943;40,43616567;-3,683426464
3944;40,42934717;-3,675386196
3945;40,43235067;-3,678020393
3946;40,4822012;-3,8646344
3947;40,4822012;-3,8646344
3948;40,43501607;-3,684840042
3949;40,42510547;-3,682235315
3950;40,43643785;-3,685702785
3951;40,42510547;-3,682235315
3952;40,43235067;-3,678020393
3953;40,43235067;-3,678020393
3954;40,43501607;-3,684840042
3955;40,43235067;-3,678020393
3956;40,42510547;-3,682235315
3957;40,43288133;-3,683161659
3958;40,43154105;-3,683238984
3959;40,42510547;-3,682235315
3960;40,43287902;-3,6765726
3961;40,42510547;-3,682235315
3962;40,43154105;-3,683238984
3963;40,42854646;-3,672296293
3964;40,43235067;-3,678020393
3965;40,43643785;-3,685702785
3966;40,43633655;-3,676239565
3967;40,4286553;-3,6729483
3968;40,43287902;-3,6765726
3969;40,42934717;-3,675386196
3970;40,42510547;-3,682235315
3971;40,42510547;-3,682235315
3972;40,43643785;-3,685702785
3973;40,43378746;-3,68146015
3974;40,43235067;-3,678020393
3975;40,42854646;-3,672296293
3976;40,43501607;-3,684840042
3977;40,43288133;-3,683161659
3978;40,43235067;-3,678020393
3979;40,43633655;-3,676239565
3980;40,43154105;-3,683238984
3981;40,43287902;-3,6765726
3982;40,43288133;-3,683161659
3983;40,43235067;-3,678020393
3984;40,43288133;-3,683161659
3985;40,43154105;-3,683238984
3986;40,43501607;-3,684840042
3987;40,4309117;-3,6717126
3988;40,4321837;-3,6730962
3989;40,42510547;-3,682235315
3990;40,42510547;-3,682235315
3991;40,43288133;-3,683161659
3992;40,4295736;-3,6715439
3993;40,43288133;-3,683161659
3994;40,43235067;-3,678020393
3995;40,43154105;-3,683238984
3996;40,42510547;-3,682235315
3997;40,43235067;-3,678020393
3998;40,43154105;-3,683238984
3999;40,43643785;-3,685702785
4000;40,43154105;-3,683238984
4001;40,43154105;-3,683238984
4002;40,42510547;-3,682235315
4003;40,42510547;-3,682235315
4004;40,4371784;-3,6777098
4005;40,43154105;-3,683238984
4006;40,43643785;-3,685702785
4007;40,43643785;-3,685702785
4008;40,42510547;-3,682235315
4009;40,43501607;-3,684840042
4010;40,43633655;-3,676239565
4011;40,43501607;-3,684840042
4012;40,42849953;-3,723720892
4013;40,43154105;-3,683238984
4014;40,43501607;-3,684840042
4015;40,42854646;-3,672296293
4016;40,43154105;-3,683238984
4017;40,42510547;-3,682235315
4018;40,42997938;-3,677177599
4019;40,43154105;-3,683238984
4020;40,43154105;-3,683238984
4021;40,42854646;-3,672296293
4022;40,42510547;-3,682235315
4023;40,42510547;-3,682235315
4024;40,43288133;-3,683161659
4025;40,42849953;-3,723720892
4026;40,43154105;-3,683238984
4027;40,43154105;-3,683238984
4028;40,43154105;-3,683238984
4029;40,42510547;-3,682235315
4030;40,4344836;-3,6766834
4031;40,42849953;-3,723720892
4032;40,4822012;-3,8646344
4033;40,43235067;-3,678020393
4034;40,42510547;-3,682235315
4035;40,42854646;-3,672296293
4036;40,42997938;-3,677177599
4037;40,42854646;-3,672296293
4038;40,42854646;-3,672296293
4039;40,42849953;-3,723720892
4040;40,43154105;-3,683238984
4041;40,43235067;-3,678020393
4042;40,4309117;-3,6717126
4043;40,4345684;-3,6784133
4044;40,43643785;-3,685702785
4045;40,42510547;-3,682235315
4046;40,42510547;-3,682235315
4047;40,43378746;-3,68146015
4048;40,4345173;-3,6772763
4049;40,42997938;-3,677177599
4050;40,42604684;-3,675603943
4051;40,42510547;-3,682235315
4052;40,43154105;-3,683238984
4053;40,4332316;-3,6782738
4054;40,43501607;-3,684840042
4055;40,42849953;-3,723720892
4056;40,42854646;-3,672296293
4057;40,43501607;-3,684840042
4058;40,42510547;-3,682235315
4059;40,42854646;-3,672296293
4060;40,43154105;-3,683238984
4061;40,43154105;-3,683238984
4062;40,43235067;-3,678020393
4063;40,43616567;-3,683426464
4064;40,43235067;-3,678020393
4065;40,43501607;-3,684840042
4066;40,43287902;-3,6765726
4067;40,43154105;-3,683238984
4068;40,43235067;-3,678020393
4069;40,43643785;-3,685702785
4070;40,42934717;-3,675386196
4071;40,43643785;-3,685702785
4072;40,42934717;-3,675386196
4073;40,42510547;-3,682235315
4074;40,42510547;-3,682235315
4075;40,43643785;-3,685702785
4076;40,43288133;-3,683161659
4077;40,43288133;-3,683161659
4078;40,44508288;-3,678398995
4079;40,4361021;-3,6776388
4080;40,4332316;-3,6782738
4081;40,4309117;-3,6717126
4082;40,42510547;-3,682235315
4083;40,4345684;-3,6784133
4084;40,4344836;-3,6766834
4085;40,43154105;-3,683238984
4086;40,43235067;-3,678020393
4087;40,42510547;-3,682235315
4088;40,42510547;-3,682235315
4089;40,43501607;-3,684840042
4090;40,43154105;-3,683238984
4091;40,43154105;-3,683238984
4092;40,43235067;-3,678020393
4093;40,43235067;-3,678020393
4094;40,42510547;-3,682235315
4095;40,43378746;-3,68146015
4096;40,42510547;-3,682235315
4097;40,43643785;-3,685702785
4098;40,43154105;-3,683238984
4099;40,43643785;-3,685702785
4100;40,42604684;-3,675603943
4101;40,43154105;-3,683238984
4102;40,42997938;-3,677177599
4103;40,43501607;-3,684840042
4104;40,42510547;-3,682235315
4105;40,43643785;-3,685702785
4106;40,43501607;-3,684840042
4107;40,43154105;-3,683238984
4108;40,43235067;-3,678020393
4109;40,4182721;-3,7050324
4110;40,42510547;-3,682235315
4111;40,43378746;-3,68146015
4112;40,42510547;-3,682235315
4113;40,43776782;-3,684129027
4114;40,4822012;-3,8646344
4115;40,43288133;-3,683161659
4116;40,42510547;-3,682235315
4117;40,42510547;-3,682235315
4118;40,4324804;-3,6736424
4119;40,4315315;-3,684203
4120;40,4269438;-3,678581
4121;40,42510547;-3,682235315
4122;40,42510547;-3,682235315
4123;40,43643785;-3,685702785
4124;40,43643785;-3,685702785
4125;40,42510547;-3,682235315
4126;40,4326938;-3,6745087
4127;40,42849953;-3,723720892
4128;40,42510547;-3,682235315
4129;40,43288133;-3,683161659
4130;40,428833;-3,669716
4131;40,43633655;-3,676239565
4132;40,42510547;-3,682235315
4133;40,42934717;-3,675386196
4134;40,43287902;-3,6765726
4135;40,42997938;-3,677177599
4136;40,43154105;-3,683238984
4137;40,43643785;-3,685702785
4138;40,42510547;-3,682235315
4139;40,42604684;-3,675603943
4140;40,43501607;-3,684840042
4141;40,43235067;-3,678020393
4142;40,42510547;-3,682235315
4143;40,43154105;-3,683238984
4144;40,42510547;-3,682235315
4145;40,42997938;-3,677177599
4146;40,42510547;-3,682235315
4147;40,4346759;-3,6751972
4148;40,427797;-3,676903
4149;40,43288133;-3,683161659
4150;40,4297267;-3,6746989
4151;40,42510547;-3,682235315
4152;40,43154105;-3,683238984
4153;40,43287902;-3,6765726
4154;40,42997938;-3,677177599
4155;40,43643785;-3,685702785
4156;40,42510547;-3,682235315
4157;40,4265999;-3,6783933
4158;40,42510547;-3,682235315
4159;40,43643785;-3,685702785
4160;40,43235067;-3,678020393
4161;40,43616567;-3,683426464
4162;40,42510547;-3,682235315
4163;40,43643785;-3,685702785
4164;40,42997938;-3,677177599
4165;40,43154105;-3,683238984
4166;40,43501607;-3,684840042
4167;40,43501607;-3,684840042
4168;40,43501607;-3,684840042
4169;40,43633655;-3,676239565
4170;40,43643785;-3,685702785
4171;40,43154105;-3,683238984
4172;40,42510547;-3,682235315
4173;40,43378746;-3,68146015
4174;40,42849953;-3,723720892
4175;40,42510547;-3,682235315
4176;40,42849953;-3,723720892
4177;40,43378746;-3,68146015
4178;40,43038914;-3,679495197
4179;40,42604684;-3,675603943
4180;40,44508288;-3,678398995
4181;40,43630778;-3,676313201
4182;40,42510547;-3,682235315
4183;40,43235067;-3,678020393
4184;40,42510547;-3,682235315
4185;40,4361021;-3,6776388
4186;40,43235067;-3,678020393
4187;40,42997938;-3,677177599
4188;40,43235067;-3,678020393
4189;40,43287902;-3,6765726
4190;40,43160082;-3,672873564
4191;40,43501607;-3,684840042
4192;40,43154105;-3,683238984
4193;40,43154105;-3,683238984
4194;40,43235067;-3,678020393
4195;40,43235067;-3,678020393
4196;40,43501607;-3,684840042
4197;40,43643785;-3,685702785
4198;40,43643785;-3,685702785
4199;40,42510547;-3,682235315
4200;40,42510547;-3,682235315
4201;40,43643785;-3,685702785
4202;40,43154105;-3,683238984
4203;40,43287902;-3,6765726
4204;40,4822012;-3,8646344
4205;40,43616567;-3,683426464
4206;40,42934717;-3,675386196
4207;40,43378746;-3,68146015
4208;40,42510547;-3,682235315
4209;40,43501607;-3,684840042
4210;40,42510547;-3,682235315
4211;40,43501607;-3,684840042
4212;40,42997938;-3,677177599
4213;40,4310423;-3,6744681
4214;40,43643785;-3,685702785
4215;40,43235067;-3,678020393
4216;40,42997938;-3,677177599
4217;40,44508288;-3,678398995
4218;40,43378746;-3,68146015
4219;40,43776782;-3,684129027
4220;40,42849953;-3,723720892
4221;40,43585551;-3,677536897
4222;40,44508288;-3,678398995
4223;40,43287902;-3,6765726
4224;40,43643785;-3,685702785
4225;40,43288133;-3,683161659
4226;40,42997938;-3,677177599
4227;40,43643785;-3,685702785
4228;40,43643785;-3,685702785
4229;40,42997938;-3,677177599
4230;40,43154105;-3,683238984
4231;40,42849953;-3,723720892
4232;40,4319056;-3,6779816
4233;40,43643785;-3,685702785
4234;40,43643785;-3,685702785
4235;40,4243637;-3,6857429
4236;40,4243637;-3,6857429
4237;40,43643785;-3,685702785
4238;40,4243637;-3,6857429
4239;40,43643785;-3,685702785
4240;40,4243637;-3,6857429
4241;40,43643785;-3,685702785
4242;40,42632406;-3,681414389
4243;40,42702676;-3,683968916
4244;40,42792454;-3,687377781
4245;40,4243637;-3,6857429
4246;40,4243637;-3,6857429
4247;40,42785702;-3,686202008
4248;40,43388852;-3,682058369
4249;40,4243637;-3,6857429
4250;40,4243637;-3,6857429
4251;40,42702676;-3,683968916
4252;40,4243637;-3,6857429
4253;40,4243637;-3,6857429
4254;40,4243637;-3,6857429
4255;40,43643785;-3,685702785
4256;40,4243637;-3,6857429
4257;40,42200465;-3,690419865
4258;40,43643785;-3,685702785
4259;40,42244759;-3,686379403
4260;40,4243637;-3,6857429
4261;40,4243637;-3,6857429
4262;40,4243637;-3,6857429
4263;40,42200465;-3,690419865
4264;40,4243637;-3,6857429
4265;40,4243637;-3,6857429
4266;40,4243637;-3,6857429
4267;40,4243637;-3,6857429
4268;40,43643785;-3,685702785
4269;40,43400136;-3,684497531
4270;40,43643785;-3,685702785
4271;40,42780078;-3,685081811
4272;40,4243637;-3,6857429
4273;40,4243637;-3,6857429
4274;40,4243637;-3,6857429
4275;40,4243637;-3,6857429
4276;40,43643785;-3,685702785
4277;40,4243637;-3,6857429
4278;40,4243637;-3,6857429
4279;40,4243637;-3,6857429
4280;40,4243637;-3,6857429
4281;40,4243637;-3,6857429
4282;40,43643785;-3,685702785
4283;40,43643785;-3,685702785
4284;40,4243637;-3,6857429
4285;40,4243637;-3,6857429
4286;40,43643785;-3,685702785
4287;40,43643785;-3,685702785
4288;40,4243637;-3,6857429
4289;40,42071883;-3,68577139
4290;40,4243637;-3,6857429
4291;40,43388852;-3,682058369
4292;40,4243637;-3,6857429
4293;40,43400136;-3,684497531
4294;40,43643785;-3,685702785
4295;40,4243637;-3,6857429
4296;40,42767785;-3,682569583
4297;40,4243637;-3,6857429
4298;40,42792454;-3,687377781
4299;40,4243637;-3,6857429
4300;40,4243637;-3,6857429
4301;40,4243637;-3,6857429
4302;40,4243637;-3,6857429
4303;40,4243637;-3,6857429
4304;40,42772403;-3,684351056
4305;40,43388852;-3,682058369
4306;40,4243637;-3,6857429
4307;40,4243637;-3,6857429
4308;40,4243637;-3,6857429
4309;40,42792454;-3,687377781
4310;40,4243637;-3,6857429
4311;40,42629479;-3,683267648
4312;40,42772403;-3,684351056
4313;40,4243637;-3,6857429
4314;40,42772403;-3,684351056
4315;40,4243637;-3,6857429
4316;40,4243637;-3,6857429
4317;40,42629479;-3,683267648
4318;40,42792454;-3,687377781
4319;40,43643785;-3,685702785
4320;40,42746421;-3,689920249
4321;40,4243637;-3,6857429
4322;40,42767785;-3,682569583
4323;40,43400136;-3,684497531
4324;40,43388852;-3,682058369
4325;40,42767785;-3,682569583
4326;40,42792454;-3,687377781
4327;40,42552262;-3,68854252
4328;40,42200465;-3,690419865
4329;40,4243637;-3,6857429
4330;40,42200465;-3,690419865
4331;40,43643785;-3,685702785
4332;40,42767785;-3,682569583
4333;40,42785702;-3,686202008
4334;40,42114707;-3,687193081
4335;40,4243637;-3,6857429
4336;40,43643785;-3,685702785
4337;40,4243637;-3,6857429
4338;40,4243637;-3,6857429
4339;40,4243637;-3,6857429
4340;40,4243637;-3,6857429
4341;40,42772403;-3,684351056
4342;40,4243637;-3,6857429
4343;40,43643785;-3,685702785
4344;40,4243637;-3,6857429
4345;40,42785702;-3,686202008
4346;40,4243637;-3,6857429
4347;40,42200465;-3,690419865
4348;40,42702676;-3,683968916
4349;40,42200465;-3,690419865
4350;40,42244759;-3,686379403
4351;40,43388852;-3,682058369
4352;40,42767785;-3,682569583
4353;40,4243637;-3,6857429
4354;40,4243637;-3,6857429
4355;40,4243637;-3,6857429
4356;40,4243637;-3,6857429
4357;40,4243637;-3,6857429
4358;40,4243637;-3,6857429
4359;40,4243637;-3,6857429
4360;40,42772403;-3,684351056
4361;40,4243637;-3,6857429
4362;40,42702676;-3,683968916
4363;40,43388852;-3,682058369
4364;40,42702676;-3,683968916
4365;40,44508288;-3,678398995
4366;40,42822779;-3,679956171
4367;40,42822779;-3,679956171
4368;40,44508288;-3,678398995
4369;40,42552262;-3,68854252
4370;40,42767785;-3,682569583
4371;40,4243637;-3,6857429
4372;40,42767785;-3,682569583
4373;40,4243637;-3,6857429
4374;40,4243637;-3,6857429
4375;40,4243637;-3,6857429
4376;40,4243637;-3,6857429
4377;40,4243637;-3,6857429
4378;40,4243637;-3,6857429
4379;40,43388852;-3,682058369
4380;40,42244759;-3,686379403
4381;40,4243637;-3,6857429
4382;40,4243637;-3,6857429
4383;40,4243637;-3,6857429
4384;40,4273473;-3,6801457
4385;40,44508288;-3,678398995
4386;40,43312014;-3,680869699
4387;40,44508288;-3,678398995
4388;40,43388852;-3,682058369
4389;40,43388852;-3,682058369
4390;40,42552262;-3,68854252
4391;40,43388852;-3,682058369
4392;40,43388852;-3,682058369
4393;40,42854646;-3,672296293
4394;40,4243637;-3,6857429
4395;40,43643785;-3,685702785
4396;40,42702676;-3,683968916
4397;40,4243637;-3,6857429
4398;40,4273473;-3,6801457
4399;40,4243637;-3,6857429
4400;40,43388852;-3,682058369
4401;40,4243637;-3,6857429
4402;40,4243637;-3,6857429
4403;40,4243637;-3,6857429
4404;40,4243637;-3,6857429
4405;40,4243637;-3,6857429
4406;40,4273473;-3,6801457
4407;40,4243637;-3,6857429
4408;40,43388852;-3,682058369
4409;40,4243637;-3,6857429
4410;40,42200465;-3,690419865
4411;40,43643785;-3,685702785
4412;40,4243637;-3,6857429
4413;40,42792454;-3,687377781
4414;40,42702676;-3,683968916
4415;40,43643785;-3,685702785
4416;40,42629479;-3,683267648
4417;40,42702676;-3,683968916
4418;40,42114707;-3,687193081
4419;40,42767785;-3,682569583
4420;40,421727;-3,686439175
4421;40,42772403;-3,684351056
4422;40,4243637;-3,6857429
4423;40,4207658;-3,6858037
4424;40,42279171;-3,665925336
4425;40,42279171;-3,665925336
4426;40,4267711;-3,682372701
4427;40,43643785;-3,685702785
4428;40,4273473;-3,6801457
4429;40,43312014;-3,680869699
4430;40,42632406;-3,681414389
4431;40,42279171;-3,665925336
4432;40,42702676;-3,683968916
4433;40,42386601;-3,686181281
4434;40,42767785;-3,682569583
4435;40,42071883;-3,68577139
4436;40,42785702;-3,686202008
4437;40,43643785;-3,685702785
4438;40,42785702;-3,686202008
4439;40,44508288;-3,678398995
4440;40,42632406;-3,681414389
4441;40,4243637;-3,6857429
4442;40,42200465;-3,690419865
4443;40,43643785;-3,685702785
4444;40,43312014;-3,680869699
4445;40,42386601;-3,686181281
4446;40,42785702;-3,686202008
4447;40,43400136;-3,684497531
4448;40,42785702;-3,686202008
4449;40,43388852;-3,682058369
4450;40,42792454;-3,687377781
4451;40,42279171;-3,665925336
4452;40,4243637;-3,6857429
4453;40,4243637;-3,6857429
4454;40,4243637;-3,6857429
4455;40,4243637;-3,6857429
4456;40,42552262;-3,68854252
4457;40,371874;-3,5398983
4458;40,44508288;-3,678398995
4459;40,42767785;-3,682569583
4460;40,43312014;-3,680869699
4461;40,44508288;-3,678398995
4462;40,42702676;-3,683968916
4463;40,4243637;-3,6857429
4464;40,42702676;-3,683968916
4465;40,42629479;-3,683267648
4466;40,43388852;-3,682058369
4467;40,4243637;-3,6857429
4468;40,42767785;-3,682569583
4469;40,42552262;-3,68854252
4470;40,42552262;-3,68854252
4471;40,42552262;-3,68854252
4472;40,42767785;-3,682569583
4473;40,4243637;-3,6857429
4474;40,4243637;-3,6857429
4475;40,4273473;-3,6801457
4476;40,4243637;-3,6857429
4477;40,43643785;-3,685702785
4478;40,42552262;-3,68854252
4479;40,4243637;-3,6857429
4480;40,4270779;-3,6841869
4481;40,4243637;-3,6857429
4482;40,44508288;-3,678398995
4483;40,4243637;-3,6857429
4484;40,42772403;-3,684351056
4485;40,42244759;-3,686379403
4486;40,4243637;-3,6857429
4487;40,44508288;-3,678398995
4488;40,42552262;-3,68854252
4489;40,42785702;-3,686202008
4490;40,4270779;-3,6841869
4491;40,4267711;-3,682372701
4492;40,4243637;-3,6857429
4493;40,42200465;-3,690419865
4494;40,42200465;-3,690419865
4495;40,43643785;-3,685702785
4496;40,43643785;-3,685702785
4497;40,43643785;-3,685702785
4498;40,42200465;-3,690419865
4499;40,42200465;-3,690419865
4500;40,42767785;-3,682569583
4501;40,42552262;-3,68854252
4502;40,42552262;-3,68854252
4503;40,43643785;-3,685702785
4504;40,4243637;-3,6857429
4505;40,42279171;-3,665925336
4506;40,43388852;-3,682058369
4507;40,42200465;-3,690419865
4508;40,4267711;-3,682372701
4509;40,43643785;-3,685702785
4510;40,42792454;-3,687377781
4511;40,42629479;-3,683267648
4512;40,42200465;-3,690419865
4513;40,43388852;-3,682058369
4514;40,42912447;-3,684170803
4515;40,4243637;-3,6857429
4516;40,4235365;-3,6854416
4517;40,44508288;-3,678398995
4518;40,4243637;-3,6857429
4519;40,4243637;-3,6857429
4520;40,4243637;-3,6857429
4521;40,4243637;-3,6857429
4522;40,4243637;-3,6857429
4523;40,42767785;-3,682569583
4524;40,42200465;-3,690419865
4525;40,4243637;-3,6857429
4526;40,4243637;-3,6857429
4527;40,426082;-3,6805001
4528;40,426082;-3,6805001
4529;40,4243637;-3,6857429
4530;40,42854646;-3,672296293
4531;40,4243637;-3,6857429
4532;40,43643785;-3,685702785
4533;40,4243637;-3,6857429
4534;40,43312014;-3,680869699
4535;40,4243637;-3,6857429
4536;40,42200465;-3,690419865
4537;40,42552262;-3,68854252
4538;40,4243637;-3,6857429
4539;40,42632406;-3,681414389
4540;40,4238593;-3,6866377
4541;40,43643785;-3,685702785
4542;40,43388852;-3,682058369
4543;40,4243637;-3,6857429
4544;40,43400136;-3,684497531
4545;40,42200465;-3,690419865
4546;40,42785702;-3,686202008
4547;40,43400136;-3,684497531
4548;40,4243637;-3,6857429
4549;40,4243637;-3,6857429
4550;40,4243637;-3,6857429
4551;40,4243637;-3,6857429
4552;40,43643785;-3,685702785
4553;40,4207658;-3,6858037
4554;40,42632406;-3,681414389
4555;40,43643785;-3,685702785
4556;40,42702676;-3,683968916
4557;40,4243637;-3,6857429
4558;40,44508288;-3,678398995
4559;40,42200465;-3,690419865
4560;40,42629479;-3,683267648
4561;40,4243637;-3,6857429
4562;40,4243637;-3,6857429
4563;40,4243637;-3,6857429
4564;40,43643785;-3,685702785
4565;40,42200465;-3,690419865
4566;40,4243637;-3,6857429
4567;40,42772403;-3,684351056
4568;40,43388852;-3,682058369
4569;40,4229568;-3,690626
4570;40,4243637;-3,6857429
4571;40,43643785;-3,685702785
4572;40,4243637;-3,6857429
4573;40,43400136;-3,684497531
4574;40,4229568;-3,690626
4575;40,4243637;-3,6857429
4576;40,4243637;-3,6857429
4577;40,4243637;-3,6857429
4578;40,4243637;-3,6857429
4579;40,42632406;-3,681414389
4580;40,42552262;-3,68854252
4581;40,42108829;-3,689881239
4582;40,43388852;-3,682058369
4583;40,42702676;-3,683968916
4584;40,43643785;-3,685702785
4585;40,4243637;-3,6857429
4586;40,44508288;-3,678398995
4587;40,4243637;-3,6857429
4588;40,4243637;-3,6857429
4589;40,42702676;-3,683968916
4590;40,44508288;-3,678398995
4591;40,44508288;-3,678398995
4592;40,43388852;-3,682058369
4593;40,42629479;-3,683267648
4594;40,42552262;-3,68854252
4595;40,42552262;-3,68854252
4596;40,43388852;-3,682058369
4597;40,4243637;-3,6857429
4598;40,42071883;-3,68577139
4599;40,42772403;-3,684351056
4600;40,42767785;-3,682569583
4601;40,42854646;-3,672296293
4602;40,42767785;-3,682569583
4603;40,42552262;-3,68854252
4604;40,42200465;-3,690419865
4605;40,42279171;-3,665925336
4606;40,42200465;-3,690419865
4607;40,4243637;-3,6857429
4608;40,42200465;-3,690419865
4609;40,4289365;-3,6816919
4610;40,43388852;-3,682058369
4611;40,42200465;-3,690419865
4612;40,4243637;-3,6857429
4613;40,42746421;-3,689920249
4614;40,43388852;-3,682058369
4615;40,44793582;-3,602061604
4616;40,4243637;-3,6857429
4617;40,43643785;-3,685702785
4618;40,4243637;-3,6857429
4619;40,4243637;-3,6857429
4620;40,4243637;-3,6857429
4621;40,42780078;-3,685081811
4622;40,42200465;-3,690419865
4623;40,42200465;-3,690419865
4624;40,4243637;-3,6857429
4625;40,4243637;-3,6857429
4626;40,4243637;-3,6857429
4627;40,44508288;-3,678398995
4628;40,44793582;-3,602061604
4629;40,42200465;-3,690419865
4630;40,42785702;-3,686202008
4631;40,4289365;-3,6816919
4632;40,4243637;-3,6857429
4633;40,4243637;-3,6857429
4634;40,4213684;-3,6897208
4635;40,42244759;-3,686379403
4636;40,42632406;-3,681414389
4637;40,43312014;-3,680869699
4638;40,43400136;-3,684497531
4639;40,42552262;-3,68854252
4640;40,4243637;-3,6857429
4641;40,4243637;-3,6857429
4642;40,4243637;-3,6857429
4643;40,4235365;-3,6854416
4644;40,43643785;-3,685702785
4645;40,4243637;-3,6857429
4646;40,42702676;-3,683968916
4647;40,42629479;-3,683267648
4648;40,42767785;-3,682569583
4649;40,4243637;-3,6857429
4650;40,42200465;-3,690419865
4651;40,4243637;-3,6857429
4652;40,4243637;-3,6857429
4653;40,4243637;-3,6857429
4654;40,43388852;-3,682058369
4655;40,42244759;-3,686379403
4656;40,42772403;-3,684351056
4657;40,42244759;-3,686379403
4658;40,43400136;-3,684497531
4659;40,421727;-3,686439175
4660;40,4243637;-3,6857429
4661;40,43643785;-3,685702785
4662;40,4243637;-3,6857429
4663;40,4243637;-3,6857429
4664;40,43400136;-3,684497531
4665;40,4243637;-3,6857429
4666;40,4243637;-3,6857429
4667;40,4243637;-3,6857429
4668;40,4243637;-3,6857429
4669;40,4243637;-3,6857429
4670;40,4243637;-3,6857429
4671;40,42629479;-3,683267648
4672;40,42702676;-3,683968916
4673;40,42632406;-3,681414389
4674;40,42552262;-3,68854252
4675;40,4243637;-3,6857429
4676;40,4243637;-3,6857429
4677;40,42702676;-3,683968916
4678;40,421727;-3,686439175
4679;40,42767785;-3,682569583
4680;40,44508288;-3,678398995
4681;40,4243637;-3,6857429
4682;40,4266311;-3,6884284
4683;40,420179;-3,6896947
4684;40,4212985;-3,6846685
4685;40,4217567;-3,6870813
4686;40,42244759;-3,686379403
4687;40,42780078;-3,685081811
4688;40,4243637;-3,6857429
4689;40,42702676;-3,683968916
4690;40,4214345;-3,6856808
4691;40,42744365;-3,682360051
4692;40,4277067;-3,6820748
4693;40,4254638;-3,6868271
4694;40,42279171;-3,665925336
4695;40,42785702;-3,686202008
4696;40,42767785;-3,682569583
4697;40,419678;-3,6890182
4698;40,42200465;-3,690419865
4699;40,42785702;-3,686202008
4700;40,42702676;-3,683968916
4701;40,43400136;-3,684497531
4702;40,4254062;-3,6856375
4703;40,4288394;-3,6825902
4704;40,43400136;-3,684497531
4705;40,42116435;-3,689494119
4706;40,42912447;-3,684170803
4707;40,42065862;-3,690495981
4708;40,4265339;-3,681309
4709;40,42780078;-3,685081811
4710;40,4254638;-3,6868271
4711;40,4229568;-3,690626
4712;40,4229415;-3,690418
4713;40,4213684;-3,6897208
4714;40,427694;-3,6818374
4715;40,4246051;-3,683082683
4716;40,422908;-3,6828219
4717;40,4270695;-3,6841486
4718;40,422061;-3,680463727
4719;40,48803806;-3,362792486
4720;40,4213684;-3,6897208
4721;40,44508288;-3,678398995
4722;40,4243637;-3,6857429
4723;40,42200465;-3,690419865
4724;40,42552262;-3,68854252
4725;40,42472215;-3,680789054
4726;40,3856546;-3,7316995
4727;40,38773556;-3,719829893
4728;40,38224836;-3,74041644
4729;40,37965458;-3,747847504
4730;40,38860493;-3,723929653
4731;40,37597392;-3,73909504
4732;40,38555115;-3,742414907
4733;40,3901755;-3,7274665
4734;40,3742112;-3,744676
4735;40,3742602;-3,7434327
4736;40,3813279;-3,7397504
4737;40,3742112;-3,744676
4738;40,37295548;-3,750619336
4739;40,3977866;-3,7347221
4740;40,3982737;-3,7328423
4741;40,3856546;-3,7316995
4742;40,3830951;-3,7317284
4743;40,3776835;-3,7325788
4744;40,3937574;-3,7116516
4745;40,37807654;-3,74278634
4746;40,3742112;-3,744676
4747;40,38418458;-3,744765269
4748;40,3717986;-3,752274584
4749;40,3903949;-3,7221926
4750;40,3927805;-3,7413505
4751;40,37532283;-3,744003083
4752;40,3742112;-3,744676
4753;40,3942952;-3,7218783
4754;40,3958961;-3,7341237
4755;40,3931071;-3,7260124
4756;40,3818314;-3,7283097
4757;40,3964812;-3,7349504
4758;40,3659822;-3,7535657
4759;40,39002034;-3,721686309
4760;40,37965458;-3,747847504
4761;40,3813279;-3,7397504
4762;40,3941446;-3,7249935
4763;40,3886836;-3,7161829
4764;40,38748036;-3,734823112
4765;40,39078577;-3,713826163
4766;40,38011788;-3,728911581
4767;40,37517199;-3,730331536
4768;40,3970503;-3,7293542
4769;40,5084574;-3,6881117
4770;40,38570501;-3,725684689
4771;40,3847894;-3,7442254
4772;40,3902776;-3,7316518
4773;40,37082256;-3,770881509
4774;40,37430823;-3,741290818
4775;40,38628201;-3,734305463
4776;40,37684303;-3,73578689
4777;40,3238004;-3,7797126
4778;40,3861716;-3,743485643
4779;40,3665828;-3,7556553
4780;40,3813279;-3,7397504
4781;40,2177755;-3,8513134
4782;40,3742112;-3,744676
4783;40,3813279;-3,7397504
4784;40,385503;-3,7273272
4785;40,2177755;-3,8513134
4786;40,3941446;-3,7249935
4787;40,3937574;-3,7116516
4788;40,3742112;-3,744676
4789;40,3970503;-3,7293542
4790;40,3903949;-3,7221926
4791;40,3902776;-3,7316518
4792;40,39529038;-3,729049105
4793;40,5677711;-4,2519984
4794;40,3802844;-3,732577
4795;40,3903898;-3,7374055
4796;40,3742112;-3,744676
4797;40,38570501;-3,725684689
4798;40,38202139;-3,74267609
4799;40,39769731;-3,734677631
4800;40,36699598;-3,758407354
4801;40,39363255;-3,713117489
4802;40,38801208;-3,741133455
4803;40,38190717;-3,728712631
4804;40,39918693;-3,721906021
4805;40,3742112;-3,744676
4806;40,3813279;-3,7397504
4807;40,37597392;-3,73909504
4808;40,37597392;-3,73909504
4809;40,398012;-3,7328582
4810;40,3858934;-3,730184686
4811;40,3797426;-3,7296737
4812;40,37597392;-3,73909504
4813;40,38304175;-3,72369421
4814;40,38190717;-3,728712631
4815;40,3742112;-3,744676
4816;40,3903949;-3,7221926
4817;40,3717986;-3,752274584
4818;40,30464645;-3,726041498
4819;40,3717986;-3,752274584
4820;40,3712253;-3,749431218
4821;40,3903949;-3,7221926
4822;40,38073671;-3,748319707
4823;40,38088438;-3,731445339
4824;40,38088438;-3,731445339
4825;40,3917508;-3,712095734
4826;40,3813534;-3,7289415
4827;40,38801208;-3,741133455
4828;40,3971195;-3,7159503
4829;40,3756297;-3,742049157
4830;40,4099611;-3,7080603
4831;40,3813279;-3,7397504
4832;40,3885016;-3,729395
4833;40,38202139;-3,74267609
4834;40,3717986;-3,752274584
4835;40,36936189;-3,755454514
4836;40,3742112;-3,744676
4837;40,38717671;-3,721420808
4838;40,3813279;-3,7397504
4839;40,39557165;-3,717320049
4840;40,39491244;-3,711406364
4841;40,40454872;-3,724013573
4842;40,3779432;-3,735183742
4843;40,38121368;-3,729443516
4844;40,3966781;-3,7131819
4845;40,39774852;-3,715787807
4846;40,3813323;-3,745786663
4847;40,38659579;-3,721268286
4848;40,38178405;-3,741079521
4849;40,3881371;-3,7308304
4850;40,37840035;-3,751115511
4851;40,3643952;-3,761507091
4852;40,37798391;-3,741993728
4853;40,38011788;-3,728911581
4854;40,37658558;-3,747251566
4855;40,391733;-3,7128651
4856;40,40172108;-3,723552653
4857;40,36838987;-3,755970176
4858;40,3717986;-3,752274584
4859;40,48720067;-3,350143461
4860;40,3913925;-3,7222787
4861;40,38233503;-3,7282824
4862;40,3902776;-3,7316518
4863;40,37420025;-3,755920998
4864;40,3970503;-3,7293542
4865;40,3903949;-3,7221926
4866;40,3742112;-3,744676
4867;40,3902776;-3,7316518
4868;40,38283999;-3,728054887
4869;40,38628201;-3,734305463
4870;40,39595968;-3,717934905
4871;40,37517199;-3,730331536
4872;40,37656233;-3,74558284
4873;40,3813279;-3,7397504
4874;40,5677711;-4,2519984
4875;40,3913264;-3,7256964
4876;40,38912928;-3,738608137
4877;40,3890789;-3,7152475
4878;40,81268644;-3,760903194
4879;40,38593994;-3,735669259
4880;40,38593994;-3,735669259
4881;40,3816004;-3,7483638
4882;40,38486544;-3,7269837
4883;40,5084574;-3,6881117
4884;40,38429815;-3,746052427
4885;40,06724916;-3,24082218
4886;40,38711313;-3,745880205
4887;40,38597361;-3,736951267
4888;40,37070625;-3,737650759
4889;40,38593994;-3,735669259
4890;40,38073671;-3,748319707
4891;40,37858665;-3,73256195
4892;40,38873034;-3,722528387
4893;40,39352256;-3,711589425
4894;40,39211658;-3,730315781
4895;40,3766096;-3,732133334
4896;40,38912928;-3,738608137
4897;40,5677711;-4,2519984
4898;40,39500464;-3,737415939
4899;40,39371691;-3,734277913
4900;40,3662659;-3,7535609
4901;40,3927805;-3,7413505
4902;40,36699598;-3,758407354
4903;40,3843947;-3,730985
4904;40,47900905;-3,360275816
4905;40,38873034;-3,722528387
4906;40,39235491;-3,734498996
4907;40,3717986;-3,752274584
4908;40,39488031;-3,71420206
4909;40,3917508;-3,712095734
4910;40,37807654;-3,74278634
4911;40,37707622;-3,746540131
4912;40,38678497;-3,735246234
4913;40,30464645;-3,726041498
4914;40,38570501;-3,725684689
4915;40,3669697;-3,7440978
4916;40,38073671;-3,748319707
4917;40,39637313;-3,735013845
4918;40,3931943;-3,7083727
4919;40,39488031;-3,71420206
4920;40,39548196;-3,736373795
4921;40,38593994;-3,735669259
4922;40,39766275;-3,732781943
4923;40,3716902;-3,752835106
4924;40,3903949;-3,7221926
4925;40,37059232;-3,759416108
4926;40,37516159;-3,750517095
4927;40,3903949;-3,7221926
4928;40,38136074;-3,732466168
4929;40,3924673;-3,7222929
4930;40,38454687;-3,721231221
4931;40,38542194;-3,740360629
4932;40,39744364;-3,733156124
4933;40,37856802;-3,734912409
4934;40,3931943;-3,7083727
4935;40,47112939;-3,766107222
4936;40,394465;-3,721399975
4937;40,38156958;-3,730069293
4938;40,39687447;-3,719267838
4939;40,3790945;-3,7421491
4940;40,3937574;-3,7116516
4941;40,38723568;-3,73145753
4942;40,39769855;-3,718622095
4943;40,2177755;-3,8513134
4944;40,37597392;-3,73909504
4945;40,38580019;-3,729043659
4946;40,3742112;-3,744676
4947;40,38224836;-3,74041644
4948;40,38593994;-3,735669259
4949;40,36700378;-3,764231196
4950;40,38505074;-3,741034014
4951;40,37059232;-3,759416108
4952;40,37656233;-3,74558284
4953;40,3976747;-3,7320692
4954;40,3729634;-3,741364
4955;40,37597392;-3,73909504
4956;40,368559;-3,7802505
4957;40,3742112;-3,744676
4958;40,3888034;-3,7400577
4959;40,38341478;-3,756094796
4960;40,3843947;-3,730985
4961;40,3813323;-3,745786663
4962;40,39482672;-3,70788228
4963;40,36801457;-3,756361736
4964;40,38088438;-3,731445339
4965;40,38428488;-3,731610605
4966;40,39263072;-3,733924429
4967;40,38597361;-3,736951267
4968;40,3742112;-3,744676
4969;40,36934173;-3,762372576
4970;40,38202139;-3,74267609
4971;40,38436852;-3,743116807
4972;40,55067475;-3,6820246
4973;40,38011788;-3,728911581
4974;40,37453799;-3,744728903
4975;40,387635;-3,7270818
4976;40,39002034;-3,721686309
4977;40,37517199;-3,730331536
4978;40,39013484;-3,718076985
4979;40,81268644;-3,760903194
4980;40,38202139;-3,74267609
4981;40,3717986;-3,752274584
4982;40,3011437;-3,44652745
4983;40,3777764;-3,742648476
4984;40,3859174;-3,741176435
4985;40,38410535;-3,745743893
4986;40,37516159;-3,750517095
4987;40,37774517;-3,746407739
4988;40,3813279;-3,7397504
4989;40,37430823;-3,741290818
4990;40,39011734;-3,74216259
4991;40,39352256;-3,711589425
4992;40,37933568;-3,745810844
4993;40,3600938;-3,7628196
4994;40,3011437;-3,44652745
4995;40,3813279;-3,7397504
4996;40,39557165;-3,717320049
4997;40,37453799;-3,744728903
4998;40,3966287;-3,7346542
4999;40,38865235;-3,74015422
5000;40,38362533;-3,727080708
5001;40,3927925;-3,7340389
5002;40,38011788;-3,728911581
5003;40,38486544;-3,7269837
5004;40,38088438;-3,731445339
5005;40,3946714;-3,7118526
5006;40,3872979;-3,7321373
5007;40,3627581;-3,7577525
5008;40,39249088;-3,711556394
5009;40,38341478;-3,756094796
5010;40,3729634;-3,741364
5011;40,37353135;-3,754969061
5012;40,37353135;-3,754969061
5013;40,37353135;-3,754969061
5014;40,3927805;-3,7413505
5015;40,39352256;-3,711589425
5016;40,3891528;-3,7217418
5017;40,38933931;-3,721456718
5018;40,38860493;-3,723929653
5019;40,36934173;-3,762372576
5020;40,39482672;-3,70788228
5021;40,39238874;-3,723068732
5022;40,38593994;-3,735669259
5023;40,39619128;-3,72882237
5024;40,37430823;-3,741290818
5025;40,39121642;-3,737705202
5026;40,38933931;-3,721456718
5027;40,3726481;-3,7707517
5028;40,37070625;-3,737650759
5029;40,3687899;-3,758882365
5030;40,39286675;-3,70737695
5031;40,3885337;-3,7192454
5032;40,39488775;-3,733491846
5033;40,3966287;-3,7346542
5034;40,38073671;-3,748319707
5035;40,3742112;-3,744676
5036;40,39173489;-3,737188367
5037;40,36700378;-3,764231196
5038;40,3742112;-3,744676
5039;40,36700378;-3,764231196
5040;40,38551365;-3,74225898
5041;40,38490117;-3,730748138
5042;40,37548365;-3,748501617
5043;40,37548365;-3,748501617
5044;40,3969258;-3,7343232
5045;40,3966287;-3,7346542
5046;40,37597392;-3,73909504
5047;40,3941446;-3,7249935
5048;40,3902776;-3,7316518
5049;40,37565912;-3,742385317
5050;40,39607965;-3,718372709
5051;40,388787;-3,7309875
5052;40,398144;-3,7174664
5053;40,38487247;-3,744483485
5054;40,24644239;-3,316759084
5055;40,3883567;-3,7192858
5056;40,38650188;-3,725794587
5057;40,39362734;-3,710845356
5058;40,36838987;-3,755970176
5059;40,36838987;-3,755970176
5060;40,36838987;-3,755970176
5061;40,36838987;-3,755970176
5062;40,39577148;-3,733092536
5063;40,36838987;-3,755970176
5064;40,3970503;-3,7293542
5065;40,36838987;-3,755970176
5066;40,36838987;-3,755970176
5067;40,3923839;-3,7338545
5068;40,36838987;-3,755970176
5069;40,38912928;-3,738608137
5070;40,37856802;-3,734912409
5071;40,37548365;-3,748501617
5072;40,39539531;-3,737100034
5073;40,37281992;-3,748491766
5074;40,37281992;-3,748491766
5075;40,37281992;-3,748491766
5076;40,37281992;-3,748491766
5077;40,37281992;-3,748491766
5078;40,38088438;-3,731445339
5079;40,37281992;-3,748491766
5080;40,39539531;-3,737100034
5081;40,39539531;-3,737100034
5082;40,38860493;-3,723929653
5083;40,36936189;-3,755454514
5084;40,36936189;-3,755454514
5085;40,36936189;-3,755454514
5086;40,36936189;-3,755454514
5087;40,36936189;-3,755454514
5088;40,36936189;-3,755454514
5089;40,37548365;-3,748501617
5090;40,3970503;-3,7293542
5091;40,3926786;-3,713032
5092;40,37548365;-3,748501617
5093;40,3926786;-3,713032
5094;40,3926786;-3,713032
5095;40,3926786;-3,713032
5096;40,3926786;-3,713032
5097;40,39577148;-3,733092536
5098;40,39539531;-3,737100034
5099;40,39577148;-3,733092536
5100;40,39577148;-3,733092536
5101;40,3712253;-3,749431218
5102;40,3712253;-3,749431218
5103;40,3712253;-3,749431218
5104;40,3717986;-3,752274584
5105;40,3712253;-3,749431218
5106;40,3712253;-3,749431218
5107;40,3712253;-3,749431218
5108;40,3712253;-3,749431218
5109;40,3712253;-3,749431218
5110;40,3712253;-3,749431218
5111;40,3712253;-3,749431218
5112;40,3712253;-3,749431218
5113;40,3712253;-3,749431218
5114;40,3712253;-3,749431218
5115;40,3712253;-3,749431218
5116;40,3936826;-3,7107723
5117;40,3909081;-3,7300429
5118;40,3936826;-3,7107723
5119;40,3936826;-3,7107723
5120;40,3926786;-3,713032
5121;40,3926786;-3,713032
5122;40,3931009;-3,7318439
5123;40,38420915;-3,72721955
5124;40,39109125;-3,730228414
5125;40,39352256;-3,711589425
5126;40,38418458;-3,744765269
5127;40,39121642;-3,737705202
5128;40,38011788;-3,728911581
5129;40,39109125;-3,730228414
5130;40,36934173;-3,762372576
5131;40,39109125;-3,730228414
5132;40,38784529;-3,742425367
5133;40,38088438;-3,731445339
5134;40,36934173;-3,762372576
5135;40,388682;-3,7228717
5136;40,39354062;-3,720208565
5137;40,3888034;-3,7400577
5138;40,38773556;-3,719829893
5139;40,3813279;-3,7397504
5140;40,3888034;-3,7400577
5141;40,37856802;-3,734912409
5142;40,3903949;-3,7221926
5143;40,5677711;-4,2519984
5144;40,3742112;-3,744676
5145;40,3712253;-3,749431218
5146;40,3813279;-3,7397504
5147;40,3813279;-3,7397504
5148;40,3902776;-3,7316518
5149;40,3926957;-3,735248747
5150;40,38860493;-3,723929653
5151;40,38865235;-3,74015422
5152;40,38540931;-3,727481299
5153;40,38975347;-3,729092948
5154;40,3742112;-3,744676
5155;40,37597392;-3,73909504
5156;40,3618824;-3,7679045
5157;40,37074612;-3,753637853
5158;40,39002034;-3,721686309
5159;40,4551346;-3,8025183
5160;40,38323124;-3,727919831
5161;40,3834162;-3,743851667
5162;40,37965458;-3,747847504
5163;40,3621987;-3,749413
5164;40,3909226;-3,7278606
5165;40,3828113;-3,74956101
5166;40,38593994;-3,735669259
5167;40,3886438;-3,729684053
5168;40,3970503;-3,7293542
5169;40,38088438;-3,731445339
5170;40,39673917;-3,714783244
5171;40,3893576;-3,71900085
5172;40,39002034;-3,721686309
5173;40,3810551;-3,7313125
5174;40,3906125;-3,7401282
5175;40,3758554;-3,7409099
5176;40,39629717;-3,732610736
5177;40,36934173;-3,762372576
5178;40,38088438;-3,731445339
5179;40,3813279;-3,7397504
5180;40,3903949;-3,7221926
5181;40,38073671;-3,748319707
5182;40,3886438;-3,729684053
5183;40,39584477;-3,737933527
5184;40,38860493;-3,723929653
5185;40,39121642;-3,737705202
5186;40,38933931;-3,721456718
5187;40,37430823;-3,741290818
5188;40,39619128;-3,72882237
5189;40,39468813;-3,737831267
5190;40,3886438;-3,729684053
5191;40,38912928;-3,738608137
5192;40,3742112;-3,744676
5193;40,39454776;-3,726563593
5194;40,38860493;-3,723929653
5195;40,38283999;-3,728054887
5196;40,36934173;-3,762372576
5197;40,3742112;-3,744676
5198;40,39652389;-3,734174045
5199;40,39687447;-3,719267838
5200;40,36122286;-3,761262912
5201;40,38860493;-3,723929653
5202;40,39454776;-3,726563593
5203;40,36838987;-3,755970176
5204;40,38813523;-3,735662299
5205;40,39058983;-3,733953915
5206;40,39548575;-3,7246324
5207;40,38912928;-3,738608137
5208;40,38418458;-3,744765269
5209;40,38907711;-3,736782403
5210;40,39584477;-3,737933527
5211;40,38418458;-3,744765269
5212;40,38593994;-3,735669259
5213;40,38551365;-3,74225898
5214;40,3662659;-3,7535609
5215;40,37833394;-3,740733652
5216;40,38073671;-3,748319707
5217;40,38593994;-3,735669259
5218;40,38011788;-3,728911581
5219;40,38073671;-3,748319707
5220;40,39619128;-3,72882237
5221;40,3765556;-3,7363042
5222;40,3808892;-3,7296673
5223;40,3011437;-3,44652745
5224;40,37997452;-3,784873425
5225;40,39352256;-3,711589425
5226;40,38593994;-3,735669259
5227;40,38593994;-3,735669259
5228;40,39002034;-3,721686309
5229;40,38011788;-3,728911581
5230;40,3963071;-3,710658
5231;40,3742112;-3,744676
5232;40,3964812;-3,7349504
5233;40,3011437;-3,44652745
5234;40,36838987;-3,755970176
5235;40,36838987;-3,755970176
5236;40,36838987;-3,755970176
5237;40,38597361;-3,736951267
5238;40,38935729;-3,740800148
5239;40,37957737;-3,784475066
5240;40,03054204;-3,583789992
5241;40,3927805;-3,7413505
5242;40,38551365;-3,74225898
5243;40,3643952;-3,761507091
5244;40,37833394;-3,740733652
5245;40,38865235;-3,74015422
5246;40,38073671;-3,748319707
5247;40,30464645;-3,726041498
5248;40,36934173;-3,762372576
5249;40,36934173;-3,762372576
5250;40,36700378;-3,764231196
5251;40,39015986;-3,730419892
5252;40,38606524;-3,733478465
5253;40,398089;-3,7328723
5254;40,38570501;-3,725684689
5255;40,38697674;-3,737241612
5256;40,39011734;-3,74216259
5257;40,3964812;-3,7349504
5258;40,37611176;-3,747782395
5259;40,3909081;-3,7300429
5260;40,39011734;-3,74216259
5261;40,39528525;-3,706925632
5262;40,4218831;-3,700964217
5263;40,4176527;-3,707954696
5264;40,4200037;-3,708605488
5265;40,41859555;-3,702305962
5266;40,4105908;-3,708327451
5267;40,4213997;-3,706207306
5268;40,42461369;-3,710275873
5269;40,472888;-3,5136033
5270;40,4057319;-3,7005902
5271;40,4085263;-3,7009288
5272;40,42764295;-3,703957906
5273;40,41557129;-3,701762061
5274;40,4227415;-3,6993271
5275;40,4133584;-3,706511
5276;40,41568365;-3,703927092
5277;40,40691301;-3,702922591
5278;40,40361259;-3,701348859
5279;40,4227415;-3,6993271
5280;40,4225893;-3,7037174
5281;40,42841495;-3,703800584
5282;40,40925108;-3,70465314
5283;40,4096286;-3,7049479
5284;40,42207053;-3,702565476
5285;40,37608123;-3,682332742
5286;40,40991578;-3,699180617
5287;40,42758417;-3,710375265
5288;40,4085263;-3,7009288
5289;40,42510378;-3,707020999
5290;40,42555981;-3,704996823
5291;40,41175826;-3,706315187
5292;40,41161872;-3,692687449
5293;40,41630102;-3,697870061
5294;40,4218831;-3,700964217
5295;40,4104509;-3,6994738
5296;40,41924818;-3,699577851
5297;40,41545379;-3,710871454
5298;40,42052524;-3,699019127
5299;40,4267079;-3,7042311
5300;40,41859555;-3,702305962
5301;40,4092874;-3,712209
5302;40,41456271;-3,711108355
5303;40,4267079;-3,7042311
5304;40,41561648;-3,699595792
5305;40,4176527;-3,707954696
5306;40,56677298;-4,287070563
5307;40,4267079;-3,7042311
5308;40,41630102;-3,697870061
5309;40,4176527;-3,707954696
5310;40,4226017;-3,7092044
5311;40,4227415;-3,6993271
5312;40,40872715;-3,716634148
5313;40,4220738;-3,7078877
5314;40,42239665;-3,6970489
5315;40,56677298;-4,287070563
5316;40,42870417;-3,704075405
5317;40,41352788;-3,701705858
5318;40,41924818;-3,699577851
5319;40,42159422;-3,703501699
5320;40,4171616;-3,7111874
5321;40,4176527;-3,707954696
5322;40,4085263;-3,7009288
5323;40,42101155;-3,70250935
5324;40,36071798;-3,910555327
5325;40,42191581;-3,698463718
5326;40,4129083;-3,707679983
5327;40,41912588;-3,710792546
5328;40,4092569;-3,7074885
5329;40,4133699;-3,712934
5330;40,4126462;-3,725649
5331;40,41396339;-3,707890523
5332;40,42233467;-3,70255271
5333;40,42451367;-3,702651425
5334;40,45026548;-3,686899909
5335;40,42159422;-3,703501699
5336;40,4222665;-3,6982236
5337;40,4229515;-3,7006505
5338;40,42312412;-3,702928254
5339;40,06268747;-3,599572869
5340;40,4188142;-3,6997099
5341;40,30012635;-4,446599755
5342;40,4279958;-3,7038267
5343;40,41158229;-3,695263582
5344;40,4108782;-3,7016673
5345;40,41330795;-3,709564215
5346;40,42362837;-3,703319669
5347;40,41539485;-3,706997416
5348;40,41352788;-3,701705858
5349;40,42833421;-3,707881281
5350;40,4172026;-3,7085972
5351;40,4101477;-3,711471685
5352;40,42346755;-3,70660495
5353;40,42052524;-3,699019127
5354;40,42876445;-3,706808325
5355;40,4176527;-3,707954696
5356;40,41154838;-3,700340239
5357;40,4227415;-3,6993271
5358;40,42243295;-3,70489285
5359;40,41567768;-3,698925144
5360;40,40925108;-3,70465314
5361;40,42587469;-3,695900852
5362;40,41074822;-3,70070002
5363;40,41161872;-3,692687449
5364;40,4213738;-3,7092363
5365;40,4085263;-3,7009288
5366;40,40979089;-3,712239571
5367;40,56677298;-4,287070563
5368;40,42190773;-3,701795115
5369;40,42190773;-3,701795115
5370;40,3661611;-3,589875225
5371;40,40925611;-3,711339455
5372;40,41366841;-3,695407548
5373;40,4114331;-3,6975248
5374;40,41748;-3,7111588
5375;40,41733143;-3,711312202
5376;40,41924818;-3,699577851
5377;40,4265009;-3,7056663
5378;40,42870417;-3,704075405
5379;40,4250896;-3,7050959
5380;40,42841495;-3,703800584
5381;40,3661611;-3,589875225
5382;40,40925611;-3,711339455
5383;40,4055184;-3,700816
5384;40,4085263;-3,7009288
5385;40,4153295;-3,7147092
5386;40,41759943;-3,697257538
5387;40,4129629;-3,6974186
5388;40,4264788;-3,70103
5389;40,41924818;-3,699577851
5390;40,472888;-3,5136033
5391;40,42271305;-3,697609088
5392;40,4085263;-3,7009288
5393;40,4069456;-3,707244
5394;40,40960067;-3,698381646
5395;40,4176527;-3,707954696
5396;40,41630102;-3,697870061
5397;40,4176527;-3,707954696
5398;40,42870417;-3,704075405
5399;40,42312412;-3,702928254
5400;40,33876036;-3,678691566
5401;40,4265009;-3,7056663
5402;40,41630102;-3,697870061
5403;40,40991578;-3,699180617
5404;40,40925611;-3,711339455
5405;40,41073556;-3,699562992
5406;40,4215606;-3,7000761
5407;40,40655587;-3,701840469
5408;40,41859555;-3,702305962
5409;40,40914516;-3,702671531
5410;40,4176527;-3,707954696
5411;40,4219694;-3,6998068
5412;40,41019658;-3,700274265
5413;40,4292388;-3,70393449
5414;40,42191581;-3,698463718
5415;40,42533884;-3,699781375
5416;40,41304322;-3,704914653
5417;40,41859555;-3,702305962
5418;40,42393664;-3,703952468
5419;40,41161872;-3,692687449
5420;40,42228709;-3,706654468
5421;40,4090893;-3,7050939
5422;40,4173065;-3,704352302
5423;40,4255113;-3,7018334
5424;40,41630102;-3,697870061
5425;40,40914516;-3,702671531
5426;40,41290236;-3,69470363
5427;40,42768269;-3,700191542
5428;40,4307333;-3,705392874
5429;40,42303132;-3,693636096
5430;40,4069456;-3,707244
5431;40,41859555;-3,702305962
5432;40,42173849;-3,695657198
5433;40,41630102;-3,697870061
5434;40,4131597;-3,702168353
5435;40,42146309;-3,709188413
5436;40,4125327;-3,6976178
5437;40,41680305;-3,696387034
5438;40,413661;-3,707585434
5439;40,4060814;-3,7015608
5440;40,4267079;-3,7042311
5441;40,4159439;-3,7031652
5442;40,41392685;-3,698057849
5443;40,41630102;-3,697870061
5444;40,42312412;-3,702928254
5445;40,4229515;-3,7006505
5446;40,42494254;-3,710707877
5447;40,4171485;-3,7028239
5448;40,4176527;-3,707954696
5449;40,4227415;-3,6993271
5450;40,4170782;-3,698420807
5451;40,4170782;-3,698420807
5452;40,40863148;-3,714767633
5453;40,4224787;-3,6952165
5454;40,4218831;-3,700964217
5455;40,41074822;-3,70070002
5456;40,41491995;-3,704771986
5457;40,56677298;-4,287070563
5458;40,41733143;-3,711312202
5459;40,42346755;-3,70660495
5460;40,42564939;-3,694635581
5461;40,4186756;-3,7051114
5462;40,4176527;-3,707954696
5463;40,42833421;-3,707881281
5464;40,41001864;-3,711154533
5465;40,3661611;-3,589875225
5466;40,42870417;-3,704075405
5467;40,4232894;-3,6990128
5468;40,41287439;-3,69836933
5469;40,6217653;-3,9155984
5470;40,40988814;-3,699843081
5471;40,4201246;-3,7039871
5472;40,4176665;-3,7034359
5473;40,42052524;-3,699019127
5474;40,4218831;-3,700964217
5475;40,40685424;-3,699947943
5476;40,4154111;-3,701289322
5477;40,42814995;-3,70441435
5478;40,4153295;-3,7147092
5479;40,4307333;-3,705392874
5480;40,42312412;-3,702928254
5481;40,41130203;-3,713413087
5482;40,41630348;-3,701246097
5483;40,42277385;-3,713273363
5484;40,42342042;-3,699802146
5485;40,4107542;-3,7074989
5486;40,4330671;-3,7126238
5487;40,4107542;-3,7074989
5488;40,42870417;-3,704075405
5489;40,413343;-3,70312
5490;40,42294331;-3,69915217
5491;40,41161872;-3,692687449
5492;40,41563573;-3,703233273
5493;40,37608123;-3,682332742
5494;40,4275301;-3,699471292
5495;40,4155619;-3,700312317
5496;40,42450441;-3,699920652
5497;40,42190773;-3,701795115
5498;40,41017952;-3,696111825
5499;40,41684674;-3,71238487
5500;40,42294331;-3,69915217
5501;40,41545379;-3,710871454
5502;40,41236609;-3,69708851
5503;40,4223495;-3,7041213
5504;40,42233467;-3,70255271
5505;40,4143183;-3,701873666
5506;40,4227415;-3,6993271
5507;40,4203807;-3,7023188
5508;40,4173065;-3,704352302
5509;40,4176527;-3,707954696
5510;40,42092706;-3,70342873
5511;40,40826959;-3,708584265
5512;40,42211693;-3,697528459
5513;40,40873286;-3,709570384
5514;40,41630102;-3,697870061
5515;40,4871473;-3,8794236
5516;40,42146309;-3,709188413
5517;40,42622235;-3,7057222
5518;40,42146309;-3,709188413
5519;40,4091956;-3,7026673
5520;40,33876036;-3,678691566
5521;40,42626984;-3,695582383
5522;40,42314595;-3,7058788
5523;40,41073556;-3,699562992
5524;40,41553437;-3,702319845
5525;40,40960067;-3,698381646
5526;40,42764295;-3,703957906
5527;40,40960067;-3,698381646
5528;40,4086325;-3,7063272
5529;40,40925108;-3,70465314
5530;40,4176527;-3,707954696
5531;40,42146309;-3,709188413
5532;40,42089272;-3,699069823
5533;40,42294331;-3,69915217
5534;40,4162901;-3,7073817
5535;40,41154838;-3,700340239
5536;40,4245701;-3,7103083
5537;40,41721916;-3,710415432
5538;40,40794773;-3,708427103
5539;40,4176527;-3,707954696
5540;40,41563573;-3,703233273
5541;40,42191581;-3,698463718
5542;40,4095856;-3,7029851
5543;40,4227415;-3,6993271
5544;40,4282103;-3,705150908
5545;40,42191581;-3,698463718
5546;40,41003426;-3,712498254
5547;40,4096286;-3,7049479
5548;40,31494355;-3,78431146
5549;40,40979089;-3,712239571
5550;40,41732905;-3,706877575
5551;40,41545379;-3,710871454
5552;40,4225504;-3,7112011
5553;40,4210309;-3,7024573
5554;40,42146309;-3,709188413
5555;40,4214687;-3,702659497
5556;40,42577565;-3,703992599
5557;40,4217167;-3,6986221
5558;40,4101576;-3,7000192
5559;40,41270146;-3,709801158
5560;40,42303132;-3,693636096
5561;40,42366576;-3,697273365
5562;40,4107717;-3,7057225
5563;40,42570565;-3,712659739
5564;40,41005426;-3,705273528
5565;40,40655587;-3,701840469
5566;40,4230116;-3,7104405
5567;40,4265125;-3,706082
5568;40,4238082;-3,70106885
5569;40,41136495;-3,702903329
5570;40,41294935;-3,697370006
5571;40,42000293;-3,699013948
5572;40,413299;-3,7071188
5573;40,4227415;-3,6993271
5574;40,47129293;-3,87147693
5575;40,41366841;-3,695407548
5576;40,42622235;-3,7057222
5577;40,4124373;-3,7125775
5578;40,41097149;-3,703287374
5579;40,40960067;-3,698381646
5580;40,40960067;-3,698381646
5581;40,41370413;-3,706409826
5582;40,4223526;-3,6966371
5583;40,56677298;-4,287070563
5584;40,428051;-3,7075547
5585;40,4107052;-3,6933616
5586;40,41563573;-3,703233273
5587;40,42870417;-3,704075405
5588;40,4201246;-3,7039871
5589;40,42191581;-3,698463718
5590;40,4207109;-3,6974311
5591;40,42146309;-3,709188413
5592;40,4142891;-3,698729515
5593;40,4243721;-3,7019608
5594;40,4218831;-3,700964217
5595;40,4071358;-3,6986957
5596;40,4122364;-3,7096108
5597;40,4176527;-3,707954696
5598;40,4255086;-3,695700976
5599;40,42052524;-3,699019127
5600;40,42764295;-3,703957906
5601;40,4129083;-3,707679983
5602;40,409398;-3,6985705
5603;40,6064313;-4,0510363
5604;40,4228432;-3,7068116
5605;40,40685424;-3,699947943
5606;40,42555981;-3,704996823
5607;40,4167315;-3,7070542
5608;40,41893507;-3,700813398
5609;40,0839926;-3,8758915
5610;40,4105998;-3,7038472
5611;40,4215871;-3,7003663
5612;40,42407274;-3,709681616
5613;40,42841495;-3,703800584
5614;40,42632695;-3,703955866
5615;40,42632695;-3,703955866
5616;40,4191939;-3,70993726
5617;40,4176527;-3,707954696
5618;40,47129293;-3,87147693
5619;40,4307333;-3,705392874
5620;40,4267079;-3,7042311
5621;40,4104456;-3,7008238
5622;40,4136985;-3,7089584
5623;40,41096785;-3,707933661
5624;40,4115035;-3,6972373
5625;40,42312005;-3,704150634
5626;40,56677298;-4,287070563
5627;40,4291231;-3,7048413
5628;40,4069456;-3,707244
5629;40,40979089;-3,712239571
5630;40,4109643;-3,693829
5631;40,4267079;-3,7042311
5632;40,419108;-3,7021476
5633;40,4218831;-3,700964217
5634;40,41905173;-3,706239801
5635;40,42146309;-3,709188413
5636;40,41567768;-3,698925144
5637;40,41630102;-3,697870061
5638;40,41567768;-3,698925144
5639;40,41859555;-3,702305962
5640;40,41567768;-3,698925144
5641;40,413343;-3,70312
5642;40,4133563;-3,7030204
5643;40,42632695;-3,703955866
5644;40,41136495;-3,702903329
5645;40,30012635;-4,446599755
5646;40,41136495;-3,702903329
5647;40,4218831;-3,700964217
5648;40,4241682;-3,701923184
5649;40,42678245;-3,702660905
5650;40,4307333;-3,705392874
5651;40,42833421;-3,707881281
5652;40,42764295;-3,703957906
5653;40,4218831;-3,700964217
5654;40,41352788;-3,701705858
5655;40,42312412;-3,702928254
5656;40,42841495;-3,703800584
5657;40,41352788;-3,701705858
5658;40,4219814;-3,7045263
5659;40,42663645;-3,702869868
5660;40,413227;-3,697314024
5661;40,42312412;-3,702928254
5662;40,4292388;-3,70393449
5663;40,56677298;-4,287070563
5664;40,416863;-3,703876222
5665;40,42447337;-3,704211676
5666;40,4264788;-3,70103
5667;40,413661;-3,707585434
5668;40,4157168;-3,7014788
5669;40,42632695;-3,703955866
5670;40,42106735;-3,710424309
5671;40,40925611;-3,711339455
5672;40,42307653;-3,694854687
5673;40,4153295;-3,7147092
5674;40,42870417;-3,704075405
5675;40,41907232;-3,699699084
5676;40,4122947;-3,7036998
5677;40,4176527;-3,707954696
5678;40,41859555;-3,702305962
5679;40,4267079;-3,7042311
5680;40,4150212;-3,706209704
5681;40,37608123;-3,682332742
5682;40,4173065;-3,704352302
5683;40,4109643;-3,693829
5684;40,41748;-3,7111588
5685;40,4218831;-3,700964217
5686;40,41321242;-3,712210696
5687;40,4218831;-3,700964217
5688;40,40872715;-3,716634148
5689;40,42148187;-3,711462551
5690;40,4238082;-3,70106885
5691;40,40655587;-3,701840469
5692;40,42339129;-3,698055616
5693;40,4218831;-3,700964217
5694;40,426208;-3,7080137
5695;40,4227415;-3,6993271
5696;40,4227415;-3,6993271
5697;40,4206008;-3,707832
5698;40,46492679;-3,685501918
5699;40,41630102;-3,697870061
5700;40,4285438;-3,7030637
5701;40,4166197;-3,7013019
5702;40,41859555;-3,702305962
5703;40,41158229;-3,695263582
5704;40,42228854;-3,705997477
5705;40,4233601;-3,7023183
5706;40,41912588;-3,710792546
5707;40,41279867;-3,705783481
5708;40,4125936;-3,7045819
5709;40,4267079;-3,7042311
5710;40,4267079;-3,7042311
5711;40,41196968;-3,696671166
5712;40,56677298;-4,287070563
5713;40,42126308;-3,698086853
5714;40,33876036;-3,678691566
5715;40,42228709;-3,706654468
5716;40,40728373;-3,70548153
5717;40,4227415;-3,6993271
5718;40,41366841;-3,695407548
5719;40,41366841;-3,695407548
5720;40,56677298;-4,287070563
5721;40,33876036;-3,678691566
5722;40,06268747;-3,599572869
5723;40,472888;-3,5136033
5724;40,41834737;-3,701094662
5725;40,4871473;-3,8794236
5726;40,40883878;-3,711744669
5727;40,4153295;-3,7147092
5728;40,4153295;-3,7147092
5729;40,4153295;-3,7147092
5730;40,4227415;-3,6993271
5731;40,4267079;-3,7042311
5732;40,4227995;-3,6956487
5733;40,41732905;-3,706877575
5734;40,56677298;-4,287070563
5735;40,4227415;-3,6993271
5736;40,41321242;-3,712210696
5737;40,4153295;-3,7147092
5738;40,41236609;-3,69708851
5739;40,24757534;-3,310904012
5740;40,41561648;-3,699595792
5741;40,42101155;-3,70250935
5742;40,56677298;-4,287070563
5743;40,41144622;-3,702669638
5744;40,42577565;-3,703992599
5745;40,4089872;-3,7036181
5746;40,24757534;-3,310904012
5747;40,33876036;-3,678691566
5748;40,33876036;-3,678691566
5749;40,33876036;-3,678691566
5750;40,41924818;-3,699577851
5751;40,33876036;-3,678691566
5752;40,33876036;-3,678691566
5753;40,4176527;-3,707954696
5754;40,42570565;-3,712659739
5755;40,33876036;-3,678691566
5756;40,41571508;-3,708956011
5757;40,4123025;-3,703993047
5758;40,33876036;-3,678691566
5759;40,33876036;-3,678691566
5760;40,41617335;-3,699765492
5761;40,4227415;-3,6993271
5762;40,45026548;-3,686899909
5763;40,33876036;-3,678691566
5764;40,4211706;-3,7082023
5765;40,42632695;-3,703955866
5766;40,3661611;-3,589875225
5767;40,4178642;-3,69561503
5768;40,4227415;-3,6993271
5769;40,4871473;-3,8794236
5770;40,472888;-3,5136033
5771;40,42191349;-3,694027749
5772;40,33876036;-3,678691566
5773;40,4176527;-3,707954696
5774;40,4267079;-3,7042311
5775;40,56677298;-4,287070563
5776;40,56677298;-4,287070563
5777;40,41630102;-3,697870061
5778;40,42626984;-3,695582383
5779;40,4215529;-3,70665541
5780;40,42764206;-3,700977499
5781;40,41136495;-3,702903329
5782;40,4153295;-3,7147092
5783;40,4238082;-3,70106885
5784;40,42228854;-3,705997477
5785;40,41630102;-3,697870061
5786;40,6217653;-3,9155984
5787;40,4109917;-3,6983124
5788;40,4267079;-3,7042311
5789;40,56677298;-4,287070563
5790;40,33876036;-3,678691566
5791;40,4129629;-3,6974186
5792;40,4178272;-3,70222209
5793;40,4176527;-3,707954696
5794;40,4267079;-3,7042311
5795;40,4267079;-3,7042311
5796;40,42870417;-3,704075405
5797;40,4121032;-3,695458353
5798;40,42913487;-3,711016344
5799;40,33876036;-3,678691566
5800;40,4121032;-3,695458353
5801;40,4121032;-3,695458353
5802;40,4121032;-3,695458353
5803;40,56677298;-4,287070563
5804;40,4176527;-3,707954696
5805;40,4227415;-3,6993271
5806;40,33876036;-3,678691566
5807;40,4153295;-3,7147092
5808;40,33876036;-3,678691566
5809;40,4227415;-3,6993271
5810;40,4156646;-3,697600613
5811;40,472888;-3,5136033
5812;40,4102757;-3,693034811
5813;40,4116129;-3,6860882
5814;40,2069869;-3,5737668
5815;40,4156646;-3,697600613
5816;40,4176527;-3,707954696
5817;40,41545379;-3,710871454
5818;40,42052524;-3,699019127
5819;40,40655587;-3,701840469
5820;40,41567768;-3,698925144
5821;40,41419278;-3,704142286
5822;40,3661611;-3,589875225
5823;40,41630102;-3,697870061
5824;40,33876036;-3,678691566
5825;40,4085263;-3,7009288
5826;40,41115917;-3,71759266
5827;40,41630102;-3,697870061
5828;40,4176527;-3,707954696
5829;40,2069869;-3,5737668
5830;40,4252019;-3,662216
5831;40,41567768;-3,698925144
5832;40,4267079;-3,7042311
5833;40,4176527;-3,707954696
5834;40,4102132;-3,6997426
5835;40,4292041;-3,7091078
5836;40,42233467;-3,70255271
5837;40,4124041;-3,698104721
5838;40,4176527;-3,707954696
5839;40,4124041;-3,698104721
5840;40,4124041;-3,698104721
5841;40,42461878;-3,70463687
5842;40,40728373;-3,70548153
5843;40,33876036;-3,678691566
5844;40,42000293;-3,699013948
5845;40,4186817;-3,7074887
5846;40,40794773;-3,708427103
5847;40,4121032;-3,695458353
5848;40,4109643;-3,693829
5849;40,4121032;-3,695458353
5850;40,4176527;-3,707954696
5851;40,42800335;-3,704036629
5852;40,4226017;-3,7092044
5853;40,4085263;-3,7009288
5854;40,4176527;-3,707954696
5855;40,4193507;-3,700238
5856;40,4267079;-3,7042311
5857;40,41370413;-3,706409826
5858;40,41352788;-3,701705858
5859;40,3661611;-3,589875225
5860;40,42870417;-3,704075405
5861;40,45026548;-3,686899909
5862;40,56677298;-4,287070563
5863;40,42312412;-3,702928254
5864;40,41563573;-3,703233273
5865;40,56677298;-4,287070563
5866;40,42393664;-3,703952468
5867;40,4123636;-3,709246492
5868;40,41545379;-3,710871454
5869;40,4105224;-3,7026597
5870;40,41545379;-3,710871454
5871;40,4265167;-3,7014825
5872;40,42397203;-3,708232931
5873;40,4089543;-3,6993889
5874;40,4121032;-3,695458353
5875;40,42450441;-3,699920652
5876;40,416863;-3,703876222
5877;40,4277246;-3,7046879
5878;40,33876036;-3,678691566
5879;40,41113525;-3,693175446
5880;40,425831;-3,7041699
5881;40,45026548;-3,686899909
5882;40,42764295;-3,703957906
5883;40,41834737;-3,701094662
5884;40,4218831;-3,700964217
5885;40,41290236;-3,69470363
5886;40,4233907;-3,7048002
5887;40,42870417;-3,704075405
5888;40,41557129;-3,701762061
5889;40,41718964;-3,696682783
5890;40,4096458;-3,71089635
5891;40,4176527;-3,707954696
5892;40,42833421;-3,707881281
5893;40,40284783;-3,71332125
5894;40,33876036;-3,678691566
5895;40,4176527;-3,707954696
5896;40,4176527;-3,707954696
5897;40,4176527;-3,707954696
5898;40,4176527;-3,707954696
5899;40,4269317;-3,704089606
5900;40,41462358;-3,712390419
5901;40,41376835;-3,708277026
5902;40,33876036;-3,678691566
5903;40,4227415;-3,6993271
5904;40,56677298;-4,287070563
5905;40,4176527;-3,707954696
5906;40,4176527;-3,707954696
5907;40,4176527;-3,707954696
5908;40,33876036;-3,678691566
5909;40,42870417;-3,704075405
5910;40,33876036;-3,678691566
5911;40,41154838;-3,700340239
5912;40,4178272;-3,70222209
5913;40,46184177;-3,670231105
5914;40,42191581;-3,698463718
5915;40,41684674;-3,71238487
5916;40,4085263;-3,7009288
5917;40,4085263;-3,7009288
5918;40,4262259;-3,7026058
5919;40,4153819;-3,700577252
5920;40,41096715;-3,712253051
5921;40,42543584;-3,705127485
5922;40,40443749;-3,706677521
5923;40,4227415;-3,6993271
5924;40,4225851;-3,6978402
5925;40,4245501;-3,7014272
5926;40,41549565;-3,698763064
5927;40,4154111;-3,701289322
5928;40,42556435;-3,702707939
5929;40,4150212;-3,706209704
5930;40,487325;-4,1718408
5931;40,42870417;-3,704075405
5932;40,4245511;-3,7116462
5933;40,4073434;-3,705706
5934;40,4176527;-3,707954696
5935;40,40873286;-3,709570384
5936;40,4227415;-3,6993271
5937;40,4176527;-3,707954696
5938;40,4153295;-3,7147092
5939;40,3661611;-3,589875225
5940;40,4245612;-3,7055484
5941;40,4280212;-3,7034173
5942;40,41980981;-3,704887322
5943;40,4267079;-3,7042311
5944;40,4176527;-3,707954696
5945;40,4176527;-3,707954696
5946;40,4108906;-3,6990615
5947;40,4109288;-3,709240385
5948;40,4232539;-3,7047773
5949;40,4153295;-3,7147092
5950;40,4227415;-3,6993271
5951;40,4227415;-3,6993271
5952;40,4153295;-3,7147092
5953;40,4176527;-3,707954696
5954;40,4227282;-3,7052102
5955;40,4176527;-3,707954696
5956;40,4158361;-3,7027941
5957;40,4195624;-3,706364
5958;40,4176527;-3,707954696
5959;40,41586144;-3,705177135
5960;40,40809253;-3,70182013
5961;40,40873286;-3,709570384
5962;40,4153295;-3,7147092
5963;40,42239665;-3,6970489
5964;40,4176527;-3,707954696
5965;40,4075504;-3,6994837
5966;40,3661611;-3,589875225
5967;40,4153295;-3,7147092
5968;40,4176527;-3,707954696
5969;40,56677298;-4,287070563
5970;40,4116129;-3,6860882
5971;40,4176527;-3,707954696
5972;40,42507897;-3,711902803
5973;40,4162559;-3,7064992
5974;40,4064558;-3,708654602
5975;40,42507897;-3,711902803
5976;40,40960067;-3,698381646
5977;40,4227415;-3,6993271
5978;40,41545379;-3,710871454
5979;40,33876036;-3,678691566
5980;40,33876036;-3,678691566
5981;40,41369687;-3,712067883
5982;40,4136215;-3,7058505
5983;40,4086938;-3,6994508
5984;40,4085263;-3,7009288
5985;40,4176665;-3,7034359
5986;40,4066906;-3,700705
5987;40,4107694;-3,6992102
5988;40,4227415;-3,6993271
5989;40,4219588;-3,7033688
5990;40,4295024;-3,7076566
5991;40,40940195;-3,698055815
5992;40,4151258;-3,7012927
5993;40,4129629;-3,6974186
5994;40,41833635;-3,712948534
5995;40,42249207;-3,693875873
5996;40,33876036;-3,678691566
5997;40,42870417;-3,704075405
5998;40,45026548;-3,686899909
5999;40,4176527;-3,707954696
6000;40,41581216;-3,702777839
6001;40,41290236;-3,69470363
6002;40,41733143;-3,711312202
6003;40,3661611;-3,589875225
6004;40,3661611;-3,589875225
6005;40,3661611;-3,589875225
6006;40,41184865;-3,707433085
6007;40,4227415;-3,6993271
6008;40,413899;-3,7052905
6009;40,4227415;-3,6993271
6010;40,4077628;-3,701486
6011;40,4176527;-3,707954696
6012;40,3661611;-3,589875225
6013;40,4198757;-3,7106373
6014;40,4176527;-3,707954696
6015;40,4077628;-3,701486
6016;40,4227415;-3,6993271
6017;40,41924818;-3,699577851
6018;40,41322142;-3,711669754
6019;40,42632695;-3,703955866
6020;40,41354875;-3,696421485
6021;40,4266156;-3,70939071
6022;40,422879;-3,6970857
6023;40,56677298;-4,287070563
6024;40,4237865;-3,6968732
6025;40,41557129;-3,701762061
6026;40,41058425;-3,70732094
6027;40,33876036;-3,678691566
6028;40,425629;-3,7019348
6029;40,40979089;-3,712239571
6030;40,40794773;-3,708427103
6031;40,409945;-3,7107419
6032;40,4250479;-3,7029391
6033;40,4176527;-3,707954696
6034;40,33876036;-3,678691566
6035;40,40284783;-3,71332125
6036;40,4177167;-3,7107594
6037;40,40925611;-3,711339455
6038;40,39960395;-3,645882834
6039;40,42870417;-3,704075405
6040;40,42461369;-3,710275873
6041;40,41195596;-3,712288826
6042;40,4307333;-3,705392874
6043;40,42505292;-3,705254496
6044;40,42362837;-3,703319669
6045;40,42126308;-3,698086853
6046;40,42577565;-3,703992599
6047;40,56677298;-4,287070563
6048;40,4114753;-3,7050612
6049;40,416651;-3,7087203
6050;40,4178642;-3,69561503
6051;40,42377778;-3,70541254
6052;40,4065139;-3,70591455
6053;40,42865395;-3,700696723
6054;40,40960067;-3,698381646
6055;40,4277246;-3,7046879
6056;40,4085263;-3,7009288
6057;40,42239665;-3,6970489
6058;40,41207835;-3,709410253
6059;40,56677298;-4,287070563
6060;40,41859555;-3,702305962
6061;40,42870417;-3,704075405
6062;40,422442;-3,6935958
6063;40,41545379;-3,710871454
6064;40,4176527;-3,707954696
6065;40,41893507;-3,700813398
6066;40,4085263;-3,7009288
6067;40,4085263;-3,7009288
6068;40,41266727;-3,713264672
6069;40,40991578;-3,699180617
6070;40,4360975;-3,6720498
6071;40,4227415;-3,6993271
6072;40,4267079;-3,7042311
6073;40,4218831;-3,700964217
6074;40,40893486;-3,699698692
6075;40,42497195;-3,695923584
6076;40,4243072;-3,7005919
6077;40,42243295;-3,70489285
6078;40,42106735;-3,710424309
6079;40,47129293;-3,87147693
6080;40,41058425;-3,70732094
6081;40,41352788;-3,701705858
6082;40,4267079;-3,7042311
6083;40,41240292;-3,702408057
6084;40,42398882;-3,703433711
6085;40,41117008;-3,706133115
6086;40,56677298;-4,287070563
6087;40,56677298;-4,287070563
6088;40,56677298;-4,287070563
6089;40,41030875;-3,713046742
6090;40,4267079;-3,7042311
6091;40,4267079;-3,7042311
6092;40,42339895;-3,70087255
6093;40,4178272;-3,70222209
6094;40,41151445;-3,708430908
6095;40,4201246;-3,7039871
6096;40,4201246;-3,7039871
6097;40,4095986;-3,7003953
6098;40,422951;-3,7060632
6099;40,4176527;-3,707954696
6100;40,41945882;-3,704378646
6101;40,4148516;-3,7091192
6102;40,41684674;-3,71238487
6103;40,41207835;-3,709410253
6104;40,4238082;-3,70106885
6105;40,41581216;-3,702777839
6106;40,42288403;-3,697230555
6107;40,41859555;-3,702305962
6108;40,40914516;-3,702671531
6109;40,41207835;-3,709410253
6110;40,4085263;-3,7009288
6111;40,40925611;-3,711339455
6112;40,42870417;-3,704075405
6113;40,47129293;-3,87147693
6114;40,41279867;-3,705783481
6115;40,41207835;-3,709410253
6116;40,41195596;-3,712288826
6117;40,42216295;-3,71147465
6118;40,33876036;-3,678691566
6119;40,30012635;-4,446599755
6120;40,42243295;-3,70489285
6121;40,40728373;-3,70548153
6122;40,4114753;-3,7050612
6123;40,4227415;-3,6993271
6124;40,4259905;-3,710243127
6125;40,40979089;-3,712239571
6126;40,40925108;-3,70465314
6127;40,33876036;-3,678691566
6128;40,4176527;-3,707954696
6129;40,4267079;-3,7042311
6130;40,4100827;-3,708234612
6131;40,42870417;-3,704075405
6132;40,3661611;-3,589875225
6133;40,4141449;-3,698925803
6134;40,4227415;-3,6993271
6135;40,42870417;-3,704075405
6136;40,41945882;-3,704378646
6137;40,4193507;-3,700238
6138;40,41290236;-3,69470363
6139;40,42577565;-3,703992599
6140;40,4245701;-3,7103083
6141;40,41568365;-3,703927092
6142;40,42543584;-3,705127485
6143;40,42663924;-3,710456682
6144;40,4238082;-3,70106885
6145;40,41240292;-3,702408057
6146;40,428743;-3,7049514
6147;40,41240292;-3,702408057
6148;40,41733143;-3,711312202
6149;40,47129293;-3,87147693
6150;40,4106084;-3,7094844
6151;40,42080488;-3,710273691
6152;40,4105435;-3,7029302
6153;40,4231999;-3,7080802
6154;40,4065139;-3,70591455
6155;40,41279867;-3,705783481
6156;40,4218831;-3,700964217
6157;40,42564939;-3,694635581
6158;40,4155619;-3,700312317
6159;40,42681156;-3,708244989
6160;40,40925108;-3,70465314
6161;40,40999414;-3,708888603
6162;40,42675593;-3,699838496
6163;40,44793582;-3,602061604
6164;40,4191822;-3,706767993
6165;40,40284783;-3,71332125
6166;40,41096785;-3,707933661
6167;40,41545379;-3,710871454
6168;40,40284783;-3,71332125
6169;40,4085263;-3,7009288
6170;40,42768269;-3,700191542
6171;40,41574861;-3,708503275
6172;40,4186682;-3,7045667
6173;40,4085263;-3,7009288
6174;40,42393664;-3,703952468
6175;40,40979089;-3,712239571
6176;40,40979089;-3,712239571
6177;40,42841495;-3,703800584
6178;40,4173065;-3,704352302
6179;40,42678245;-3,702660905
6180;40,33876036;-3,678691566
6181;40,4268293;-3,7017149
6182;40,422284;-3,7009527
6183;40,42348062;-3,708012185
6184;40,4201246;-3,7039871
6185;40,4227415;-3,6993271
6186;40,56677298;-4,287070563
6187;40,41545379;-3,710871454
6188;40,42870417;-3,704075405
6189;40,42870417;-3,704075405
6190;40,42294331;-3,69915217
6191;40,4176527;-3,707954696
6192;40,56677298;-4,287070563
6193;40,42294331;-3,69915217
6194;40,41154838;-3,700340239
6195;40,45664485;-3,594381894
6196;40,4267079;-3,7042311
6197;40,33876036;-3,678691566
6198;40,40994224;-3,708206992
6199;40,41207835;-3,709410253
6200;40,4218831;-3,700964217
6201;40,41567768;-3,698925144
6202;40,41196968;-3,696671166
6203;40,42814995;-3,70441435
6204;40,4201246;-3,7039871
6205;40,4267079;-3,7042311
6206;40,4085263;-3,7009288
6207;40,42564939;-3,694635581
6208;40,42626984;-3,695582383
6209;40,42570565;-3,712659739
6210;40,40960067;-3,698381646
6211;40,40979089;-3,712239571
6212;40,40925611;-3,711339455
6213;40,4085263;-3,7009288
6214;40,4085263;-3,7009288
6215;40,4176527;-3,707954696
6216;40,41434721;-3,706803297
6217;40,41630102;-3,697870061
6218;40,42632695;-3,703955866
6219;40,41545379;-3,710871454
6220;40,41924818;-3,699577851
6221;40,4153295;-3,7147092
6222;40,4176527;-3,707954696
6223;40,42486565;-3,69996005
6224;40,42190773;-3,701795115
6225;40,6003734;-4,1338759
6226;40,42505292;-3,705254496
6227;40,42393664;-3,703952468
6228;40,4170481;-3,7055309
6229;40,42870417;-3,704075405
6230;40,4153818;-3,7117251
6231;40,4140476;-3,711811201
6232;40,3661611;-3,589875225
6233;40,41208411;-3,713247186
6234;40,41058425;-3,70732094
6235;40,40747079;-3,705000423
6236;40,41587872;-3,712053037
6237;40,42233467;-3,70255271
6238;40,4218831;-3,700964217
6239;40,4227415;-3,6993271
6240;40,4223526;-3,6966371
6241;40,40704054;-3,701073333
6242;40,41571508;-3,708956011
6243;40,42447337;-3,704211676
6244;40,41073556;-3,699562992
6245;40,4176527;-3,707954696
6246;40,42019884;-3,706431375
6247;40,41545379;-3,710871454
6248;40,42377778;-3,70541254
6249;40,4189099;-3,7085237
6250;40,41630102;-3,697870061
6251;40,42632695;-3,703955866
6252;40,4153295;-3,7147092
6253;40,41485063;-3,694419994
6254;40,4178272;-3,70222209
6255;40,4173065;-3,704352302
6256;40,40991578;-3,699180617
6257;40,4073895;-3,701975
6258;40,42233467;-3,70255271
6259;40,42913487;-3,711016344
6260;40,42207053;-3,702565476
6261;40,42233467;-3,70255271
6262;40,42870417;-3,704075405
6263;40,42814995;-3,70441435
6264;40,41352788;-3,701705858
6265;40,4090539;-3,7068521
6266;40,40925611;-3,711339455
6267;40,33876036;-3,678691566
6268;40,40655587;-3,701840469
6269;40,4078199;-3,7088002
6270;40,40977416;-3,698927407
6271;40,4218831;-3,700964217
6272;40,42377778;-3,70541254
6273;40,41567768;-3,698925144
6274;40,42233467;-3,70255271
6275;40,4123636;-3,709246492
6276;40,33876036;-3,678691566
6277;40,4123636;-3,709246492
6278;40,41074822;-3,70070002
6279;40,41859555;-3,702305962
6280;40,4176527;-3,707954696
6281;40,42346755;-3,70660495
6282;40,33876036;-3,678691566
6283;40,4227415;-3,6993271
6284;40,3661611;-3,589875225
6285;40,42870417;-3,704075405
6286;40,4218831;-3,700964217
6287;40,4218831;-3,700964217
6288;40,4267079;-3,7042311
6289;40,4267079;-3,7042311
6290;40,41500697;-3,698255436
6291;40,42514;-3,7118533
6292;40,062706;-3,5996874
6293;40,33876036;-3,678691566
6294;40,507932;-3,8781526
6295;40,4227415;-3,6993271
6296;40,4116129;-3,6860882
6297;40,4085263;-3,7009288
6298;40,4176527;-3,707954696
6299;40,41074822;-3,70070002
6300;40,4154179;-3,7085104
6301;40,40961073;-3,700423697
6302;40,41055006;-3,696516039
6303;40,4114439;-3,6975604
6304;40,42080488;-3,710273691
6305;40,42159422;-3,703501699
6306;40,412754;-3,699493332
6307;40,56677298;-4,287070563
6308;40,4126967;-3,7056698
6309;40,4183032;-3,7075513
6310;40,4176527;-3,707954696
6311;40,4257748;-3,7125606
6312;40,4218831;-3,700964217
6313;40,42833421;-3,707881281
6314;40,42190773;-3,701795115
6315;40,42751294;-3,707516795
6316;40,4176527;-3,707954696
6317;40,40685424;-3,699947943
6318;40,4166197;-3,7013019
6319;40,4233784;-3,7065697
6320;40,4213738;-3,7092363
6321;40,42288403;-3,697230555
6322;40,4111158;-3,7063636
6323;40,4207173;-3,6998122
6324;40,3661611;-3,589875225
6325;40,42570565;-3,712659739
6326;40,4307333;-3,705392874
6327;40,422746;-3,7060991
6328;40,4176527;-3,707954696
6329;40,4085263;-3,7009288
6330;40,4221588;-3,6983043
6331;40,4203166;-3,6984401
6332;40,42870417;-3,704075405
6333;40,41859555;-3,702305962
6334;40,41136495;-3,702903329
6335;40,40882775;-3,701144118
6336;40,41453885;-3,699121476
6337;40,4176527;-3,707954696
6338;40,4090606;-3,7035844
6339;40,42533884;-3,699781375
6340;40,42870417;-3,704075405
6341;40,40960067;-3,698381646
6342;40,4227415;-3,6993271
6343;40,42764295;-3,703957906
6344;40,41179855;-3,7047136
6345;40,4227415;-3,6993271
6346;40,4227415;-3,6993271
6347;40,41859555;-3,702305962
6348;40,4176527;-3,707954696
6349;40,4173065;-3,704352302
6350;40,41212259;-3,707361061
6351;40,42841495;-3,703800584
6352;40,4173065;-3,704352302
6353;40,45026548;-3,686899909
6354;40,4871473;-3,8794236
6355;40,41859555;-3,702305962
6356;40,4089543;-3,6993889
6357;40,41630102;-3,697870061
6358;40,41055006;-3,696516039
6359;40,42146309;-3,709188413
6360;40,41876194;-3,708256158
6361;40,40994224;-3,708206992
6362;40,42377778;-3,70541254
6363;40,40977416;-3,698927407
6364;40,41714565;-3,7081398
6365;40,41944296;-3,702819241
6366;40,40909445;-3,716667139
6367;40,47129293;-3,87147693
6368;40,41255357;-3,710696386
6369;40,4176527;-3,707954696
6370;40,42398882;-3,703433711
6371;40,4191822;-3,706767993
6372;40,42464866;-3,692478964
6373;40,41161872;-3,692687449
6374;40,4153295;-3,7147092
6375;40,4227415;-3,6993271
6376;40,40940195;-3,698055815
6377;40,4075585;-3,7041279
6378;40,41074822;-3,70070002
6379;40,41630102;-3,697870061
6380;40,4227415;-3,6993271
6381;40,41423974;-3,712295963
6382;40,4191939;-3,70993726
6383;40,33876036;-3,678691566
6384;40,4227415;-3,6993271
6385;40,41097149;-3,703287374
6386;40,42870417;-3,704075405
6387;40,4226921;-3,706178
6388;40,3661611;-3,589875225
6389;40,4153295;-3,7147092
6390;40,33876036;-3,678691566
6391;40,41567768;-3,698925144
6392;40,56677298;-4,287070563
6393;40,42146309;-3,709188413
6394;40,4227415;-3,6993271
6395;40,56677298;-4,287070563
6396;40,4227415;-3,6993271
6397;40,42052524;-3,699019127
6398;40,42841495;-3,703800584
6399;40,41545379;-3,710871454
6400;40,4176527;-3,707954696
6401;40,41207835;-3,709410253
6402;40,56677298;-4,287070563
6403;40,42288403;-3,697230555
6404;40,40960067;-3,698381646
6405;40,56677298;-4,287070563
6406;40,42092706;-3,70342873
6407;40,41859555;-3,702305962
6408;40,33876036;-3,678691566
6409;40,40284783;-3,71332125
6410;40,56677298;-4,287070563
6411;40,41207835;-3,709410253
6412;40,4153295;-3,7147092
6413;40,42228854;-3,705997477
6414;40,41366841;-3,695407548
6415;40,42146309;-3,709188413
6416;40,42228854;-3,705997477
6417;40,33876036;-3,678691566
6418;40,41055006;-3,696516039
6419;40,42678245;-3,702660905
6420;40,42243295;-3,70489285
6421;40,4153295;-3,7147092
6422;40,41144622;-3,702669638
6423;40,47129293;-3,87147693
6424;40,4307333;-3,705392874
6425;40,4176527;-3,707954696
6426;40,4196682;-3,711187687
6427;40,4218831;-3,700964217
6428;40,42764295;-3,703957906
6429;40,4108009;-3,7076291
6430;40,40551917;-3,700641175
6431;40,41568365;-3,703927092
6432;40,4158203;-3,7025533
6433;40,4218831;-3,700964217
6434;40,41176773;-3,703624242
6435;40,41630102;-3,697870061
6436;40,42146309;-3,709188413
6437;40,56677298;-4,287070563
6438;40,4227415;-3,6993271
6439;40,4209693;-3,7004327
6440;40,41630102;-3,697870061
6441;40,41195596;-3,712288826
6442;40,4123882;-3,7031391
6443;40,41545379;-3,710871454
6444;40,41563573;-3,703233273
6445;40,4227415;-3,6993271
6446;40,42751294;-3,707516795
6447;40,414787;-3,697042286
6448;40,42146309;-3,709188413
6449;40,41630102;-3,697870061
6450;40,41630102;-3,697870061
6451;40,41680305;-3,696387034
6452;40,41748;-3,7111588
6453;40,42146309;-3,709188413
6454;40,42159422;-3,703501699
6455;40,42870417;-3,704075405
6456;40,42159422;-3,703501699
6457;40,33876036;-3,678691566
6458;40,42870417;-3,704075405
6459;40,41352788;-3,701705858
6460;40,41074822;-3,70070002
6461;40,4298146;-3,707558961
6462;40,4166151;-3,7012234
6463;40,42865395;-3,700696723
6464;40,42865395;-3,700696723
6465;40,40961073;-3,700423697
6466;40,42312005;-3,704150634
6467;40,4085263;-3,7009288
6468;40,42146309;-3,709188413
6469;40,41859555;-3,702305962
6470;40,40914516;-3,702671531
6471;40,4217202;-3,7108338
6472;40,4191822;-3,706767993
6473;40,42393664;-3,703952468
6474;40,4176527;-3,707954696
6475;40,42587469;-3,695900852
6476;40,42543584;-3,705127485
6477;40,41144622;-3,702669638
6478;40,4213738;-3,7092363
6479;40,41321242;-3,712210696
6480;40,41733143;-3,711312202
6481;40,4176527;-3,707954696
6482;40,4292388;-3,70393449
6483;40,42173849;-3,695657198
6484;40,42126308;-3,698086853
6485;40,42833421;-3,707881281
6486;40,41130203;-3,713413087
6487;40,42397744;-3,710393751
6488;40,41352788;-3,701705858
6489;40,41074822;-3,70070002
6490;40,4085263;-3,7009288
6491;40,42510378;-3,707020999
6492;40,41130203;-3,713413087
6493;40,4227415;-3,6993271
6494;40,40914516;-3,702671531
6495;40,40960067;-3,698381646
6496;40,4239539;-3,7084474
6497;40,41419278;-3,704142286
6498;40,42564939;-3,694635581
6499;40,42239665;-3,6970489
6500;40,4262259;-3,7026058
6501;40,42632695;-3,703955866
6502;40,4249653;-3,701995006
6503;40,4154342;-3,709338848
6504;40,40704054;-3,701073333
6505;40,4085263;-3,7009288
6506;40,41535897;-3,706117229
6507;40,4273167;-3,700476256
6508;40,4089418;-3,6992745
6509;40,41733143;-3,711312202
6510;40,56677298;-4,287070563
6511;40,45026548;-3,686899909
6512;40,4176527;-3,707954696
6513;40,41038618;-3,701713191
6514;40,42577565;-3,703992599
6515;40,4267079;-3,7042311
6516;40,42092706;-3,70342873
6517;40,4155619;-3,700312317
6518;40,4186756;-3,7051114
6519;40,42159422;-3,703501699
6520;40,4242772;-3,7012686
6521;40,41561648;-3,699595792
6522;40,41321242;-3,712210696
6523;40,41195596;-3,712288826
6524;40,4085263;-3,7009288
6525;40,41117008;-3,706133115
6526;40,4176527;-3,707954696
6527;40,42870417;-3,704075405
6528;40,4176527;-3,707954696
6529;40,40655587;-3,701840469
6530;40,4176527;-3,707954696
6531;40,41076777;-3,699458194
6532;40,41073556;-3,699562992
6533;40,42564939;-3,694635581
6534;40,4220543;-3,7110311
6535;40,56677298;-4,287070563
6536;40,4267079;-3,7042311
6537;40,41144622;-3,702669638
6538;40,56677298;-4,287070563
6539;40,42211693;-3,697528459
6540;40,30012635;-4,446599755
6541;40,4176527;-3,707954696
6542;40,40655587;-3,701840469
6543;40,42211693;-3,697528459
6544;40,40809253;-3,70182013
6545;40,41732905;-3,706877575
6546;40,4155679;-3,7025627
6547;40,41545379;-3,710871454
6548;40,4871473;-3,8794236
6549;40,4123636;-3,709246492
6550;40,4123636;-3,709246492
6551;40,4086738;-3,7063503
6552;40,41842085;-3,713156601
6553;40,4191822;-3,706767993
6554;40,4153295;-3,7147092
6555;40,41240292;-3,702408057
6556;40,42505292;-3,705254496
6557;40,4123636;-3,709246492
6558;40,3661611;-3,589875225
6559;40,40794773;-3,708427103
6560;40,41019658;-3,700274265
6561;40,4176527;-3,707954696
6562;40,41366841;-3,695407548
6563;40,4176527;-3,707954696
6564;40,4089543;-3,6993889
6565;40,42348062;-3,708012185
6566;40,423777;-3,6967295
6567;40,42243295;-3,70489285
6568;40,423777;-3,6967295
6569;40,33876036;-3,678691566
6570;40,41630102;-3,697870061
6571;40,4201246;-3,7039871
6572;40,4085263;-3,7009288
6573;40,45026548;-3,686899909
6574;40,3661611;-3,589875225
6575;40,37608123;-3,682332742
6576;40,41352788;-3,701705858
6577;40,4155619;-3,700312317
6578;40,40914516;-3,702671531
6579;40,40655587;-3,701840469
6580;40,41669837;-3,707503391
6581;40,41182135;-3,717465191
6582;40,41630102;-3,697870061
6583;40,4166151;-3,7012234
6584;40,40655587;-3,701840469
6585;40,4176527;-3,707954696
6586;40,40809253;-3,70182013
6587;40,4298146;-3,707558961
6588;40,41352788;-3,701705858
6589;40,4176527;-3,707954696
6590;40,4176527;-3,707954696
6591;40,42294331;-3,69915217
6592;40,42833421;-3,707881281
6593;40,42126308;-3,698086853
6594;40,4227415;-3,6993271
6595;40,41859555;-3,702305962
6596;40,42632695;-3,703955866
6597;40,4153295;-3,7147092
6598;40,40284783;-3,71332125
6599;40,41842085;-3,713156601
6600;40,4207235;-3,7026445
6601;40,4157746;-3,708236
6602;40,42294331;-3,69915217
6603;40,4085263;-3,7009288
6604;40,42126308;-3,698086853
6605;40,41041976;-3,693832673
6606;40,4201246;-3,7039871
6607;40,4093252;-3,7071312
6608;40,4085263;-3,7009288
6609;40,42159422;-3,703501699
6610;40,4255086;-3,695700976
6611;40,42652088;-3,707255853
6612;40,4267079;-3,7042311
6613;40,40794773;-3,708427103
6614;40,4267079;-3,7042311
6615;40,42052524;-3,699019127
6616;40,4259905;-3,710243127
6617;40,4123636;-3,709246492
6618;40,41322142;-3,711669754
6619;40,41630102;-3,697870061
6620;40,42294331;-3,69915217
6621;40,41587872;-3,712053037
6622;40,56677298;-4,287070563
6623;40,4176527;-3,707954696
6624;40,4267079;-3,7042311
6625;40,4176527;-3,707954696
6626;40,4307333;-3,705392874
6627;40,40797496;-3,705393847
6628;40,42464866;-3,692478964
6629;40,4201246;-3,7039871
6630;40,41479195;-3,71075845
6631;40,4189109;-3,7011048
6632;40,41500697;-3,698255436
6633;40,42312412;-3,702928254
6634;40,413343;-3,70312
6635;40,4176527;-3,707954696
6636;40,40925108;-3,70465314
6637;40,4267079;-3,7042311
6638;40,4227415;-3,6993271
6639;40,4227415;-3,6993271
6640;40,4218831;-3,700964217
6641;40,4176527;-3,707954696
6642;40,42173849;-3,695657198
6643;40,40893486;-3,699698692
6644;40,41352788;-3,701705858
6645;40,42695095;-3,702249925
6646;40,42564939;-3,694635581
6647;40,41842085;-3,713156601
6648;40,42514162;-3,697940011
6649;40,42935122;-3,613762914
6650;40,426208;-3,7080137
6651;40,6251315;-3,6674934
6652;40,428062;-3,7094676
6653;40,3376941;-3,7016721
6654;40,33876036;-3,678691566
6655;40,41041976;-3,693832673
6656;40,42533884;-3,699781375
6657;40,41279867;-3,705783481
6658;40,41859555;-3,702305962
6659;40,41352788;-3,701705858
6660;40,33876036;-3,678691566
6661;40,42870417;-3,704075405
6662;40,41545379;-3,710871454
6663;40,41279867;-3,705783481
6664;40,42159422;-3,703501699
6665;40,41042249;-3,710945595
6666;40,33876036;-3,678691566
6667;40,4096358;-3,7110286
6668;40,42216295;-3,71147465
6669;40,4211706;-3,7082023
6670;40,42514162;-3,697940011
6671;40,33876036;-3,678691566
6672;40,42913487;-3,711016344
6673;40,4153295;-3,7147092
6674;40,40825653;-3,709913911
6675;40,4218831;-3,700964217
6676;40,41182095;-3,6951908
6677;40,41545379;-3,710871454
6678;40,42678245;-3,702660905
6679;40,33876036;-3,678691566
6680;40,40940195;-3,698055815
6681;40,42145346;-3,701531945
6682;40,4218831;-3,700964217
6683;40,41370047;-3,711200781
6684;40,4227415;-3,6993271
6685;40,30012635;-4,446599755
6686;40,41279867;-3,705783481
6687;40,4176527;-3,707954696
6688;40,42407274;-3,709681616
6689;40,41074822;-3,70070002
6690;40,4070181;-3,6958671
6691;40,4085263;-3,7009288
6692;40,4267079;-3,7042311
6693;40,4176527;-3,707954696
6694;40,42027867;-3,71154258
6695;40,42286094;-3,694139279
6696;40,42681156;-3,708244989
6697;40,41586144;-3,705177135
6698;40,4225394;-3,6978673
6699;40,41940972;-3,703223315
6700;40,42346755;-3,70660495
6701;40,4197209;-3,7081026
6702;40,42216295;-3,71147465
6703;40,42764295;-3,703957906
6704;40,4176527;-3,707954696
6705;40,4218831;-3,700964217
6706;40,41290675;-3,696769289
6707;40,507932;-3,8781526
6708;40,41557129;-3,701762061
6709;40,41370413;-3,706409826
6710;40,0827272;-3,4961913
6711;40,41545379;-3,710871454
6712;40,41370047;-3,711200781
6713;40,41074024;-3,70574526
6714;40,42419154;-3,696344947
6715;40,41074822;-3,70070002
6716;40,41137253;-3,709643538
6717;40,42339129;-3,698055616
6718;40,4267079;-3,7042311
6719;40,42339129;-3,698055616
6720;40,42092706;-3,70342873
6721;40,42570565;-3,712659739
6722;40,56677298;-4,287070563
6723;40,41545379;-3,710871454
6724;40,4176527;-3,707954696
6725;40,4155619;-3,700312317
6726;40,42407274;-3,709681616
6727;40,40825653;-3,709913911
6728;40,41581216;-3,702777839
6729;40,3661611;-3,589875225
6730;40,42228854;-3,705997477
6731;40,42870417;-3,704075405
6732;40,41412303;-3,708121558
6733;40,4267079;-3,7042311
6734;40,33876036;-3,678691566
6735;40,40284783;-3,71332125
6736;40,42407274;-3,709681616
6737;40,42870417;-3,704075405
6738;40,4176527;-3,707954696
6739;40,4148333;-3,709481269
6740;40,41236609;-3,69708851
6741;40,56677298;-4,287070563
6742;40,507932;-3,8781526
6743;40,4153295;-3,7147092
6744;40,4218831;-3,700964217
6745;40,33876036;-3,678691566
6746;40,33876036;-3,678691566
6747;40,40655587;-3,701840469
6748;40,42870417;-3,704075405
6749;40,3661611;-3,589875225
6750;40,42239665;-3,6970489
6751;40,41563573;-3,703233273
6752;40,41419278;-3,704142286
6753;40,40925108;-3,70465314
6754;40,4267079;-3,7042311
6755;40,41545379;-3,710871454
6756;40,4267079;-3,7042311
6757;40,42362837;-3,703319669
6758;40,42146309;-3,709188413
6759;40,42764295;-3,703957906
6760;40,4176527;-3,707954696
6761;40,41733143;-3,711312202
6762;40,41480405;-3,700791306
6763;40,41352788;-3,701705858
6764;40,41500697;-3,698255436
6765;40,41630102;-3,697870061
6766;40,4243608;-3,7088097
6767;40,42159773;-3,707225635
6768;40,41240292;-3,702408057
6769;40,41097149;-3,703287374
6770;40,6217653;-3,9155984
6771;40,41196968;-3,696671166
6772;40,56677298;-4,287070563
6773;40,6217653;-3,9155984
6774;40,42564939;-3,694635581
6775;40,4121032;-3,695458353
6776;40,41514982;-3,699626388
6777;40,41567768;-3,698925144
6778;40,42632695;-3,703955866
6779;40,4121032;-3,695458353
6780;40,41290236;-3,69470363
6781;40,4121032;-3,695458353
6782;40,41568365;-3,703927092
6783;40,3661611;-3,589875225
6784;40,4267079;-3,7042311
6785;40,40794773;-3,708427103
6786;40,4252019;-3,662216
6787;40,4176527;-3,707954696
6788;40,4218831;-3,700964217
6789;40,4140476;-3,711811201
6790;40,4227415;-3,6993271
6791;40,40551917;-3,700641175
6792;40,42146309;-3,709188413
6793;40,4218831;-3,700964217
6794;40,41630102;-3,697870061
6795;40,4176527;-3,707954696
6796;40,56677298;-4,287070563
6797;40,4069456;-3,707244
6798;40,4176527;-3,707954696
6799;40,41710978;-3,710836968
6800;40,42243295;-3,70489285
6801;40,42632695;-3,703955866
6802;40,4267079;-3,7042311
6803;40,42841495;-3,703800584
6804;40,41896;-3,70779515
6805;40,42312412;-3,702928254
6806;40,6217653;-3,9155984
6807;40,42764295;-3,703957906
6808;40,41586144;-3,705177135
6809;40,4267079;-3,7042311
6810;40,42870417;-3,704075405
6811;40,42092706;-3,70342873
6812;40,33876036;-3,678691566
6813;40,416759;-3,707012
6814;40,4227415;-3,6993271
6815;40,40965738;-3,711437391
6816;40,46236147;-3,704036679
6817;40,41136495;-3,702903329
6818;40,4227415;-3,6993271
6819;40,4188142;-3,6997099
6820;40,4201246;-3,7039871
6821;40,41457529;-3,696920635
6822;40,4209971;-3,704093
6823;40,422312;-3,706137
6824;40,42555981;-3,704996823
6825;40,4189301;-3,7077862
6826;40,42346755;-3,70660495
6827;40,4267079;-3,7042311
6828;40,56677298;-4,287070563
6829;40,41136495;-3,702903329
6830;40,41136495;-3,702903329
6831;40,41240292;-3,702408057
6832;40,41842085;-3,713156601
6833;40,40960067;-3,698381646
6834;40,42190773;-3,701795115
6835;40,41161872;-3,692687449
6836;40,3661611;-3,589875225
6837;40,4176527;-3,707954696
6838;40,41240292;-3,702408057
6839;40,42764295;-3,703957906
6840;40,41581216;-3,702777839
6841;40,40794773;-3,708427103
6842;40,4223526;-3,6966371
6843;40,4123636;-3,709246492
6844;40,4116129;-3,6860882
6845;40,42870417;-3,704075405
6846;40,4227415;-3,6993271
6847;40,4176527;-3,707954696
6848;40,33876036;-3,678691566
6849;40,56677298;-4,287070563
6850;40,42870417;-3,704075405
6851;40,4123025;-3,703993047
6852;40,42312412;-3,702928254
6853;40,4176527;-3,707954696
6854;40,42764206;-3,700977499
6855;40,33876036;-3,678691566
6856;40,4085263;-3,7009288
6857;40,42870417;-3,704075405
6858;40,42017966;-3,699489314
6859;40,4227415;-3,6993271
6860;40,4176527;-3,707954696
6861;40,33876036;-3,678691566
6862;40,4176527;-3,707954696
6863;40,45026548;-3,686899909
6864;40,4176527;-3,707954696
6865;40,4176527;-3,707954696
6866;40,42870417;-3,704075405
6867;40,4176527;-3,707954696
6868;40,4176527;-3,707954696
6869;40,4267079;-3,7042311
6870;40,4176527;-3,707954696
6871;40,4267079;-3,7042311
6872;40,3661611;-3,589875225
6873;40,40655587;-3,701840469
6874;40,40914516;-3,702671531
6875;40,41073556;-3,699562992
6876;40,4176527;-3,707954696
6877;40,4201246;-3,7039871
6878;40,4218831;-3,700964217
6879;40,40794773;-3,708427103
6880;40,41907232;-3,699699084
6881;40,41538213;-3,702580398
6882;40,42663924;-3,710456682
6883;40,41480405;-3,700791306
6884;40,4191939;-3,70993726
6885;40,4218831;-3,700964217
6886;40,4142891;-3,698729515
6887;40,41571222;-3,704710877
6888;40,4227415;-3,6993271
6889;40,41195596;-3,712288826
6890;40,41945882;-3,704378646
6891;40,41568365;-3,703927092
6892;40,41278785;-3,69563055
6893;40,42243295;-3,70489285
6894;40,42294331;-3,69915217
6895;40,02990718;-3,604770074
6896;40,42735504;-3,699241294
6897;40,42294331;-3,69915217
6898;40,41321242;-3,712210696
6899;40,42294331;-3,69915217
6900;40,42294331;-3,69915217
6901;40,4176527;-3,707954696
6902;40,41545379;-3,710871454
6903;40,42626984;-3,695582383
6904;40,4267079;-3,7042311
6905;40,41545379;-3,710871454
6906;40,40865273;-3,693228323
6907;40,41545379;-3,710871454
6908;40,42913487;-3,711016344
6909;40,428339;-3,7019869
6910;40,42239665;-3,6970489
6911;40,4176527;-3,707954696
6912;40,41581216;-3,702777839
6913;40,42346755;-3,70660495
6914;40,4178642;-3,69561503
6915;40,42870417;-3,704075405
6916;40,56677298;-4,287070563
6917;40,42555981;-3,704996823
6918;40,56677298;-4,287070563
6919;40,4273167;-3,700476256
6920;40,41684674;-3,71238487
6921;40,41635857;-3,71021346
6922;40,42764295;-3,703957906
6923;40,4218831;-3,700964217
6924;40,4218831;-3,700964217
6925;40,41630102;-3,697870061
6926;40,42729108;-3,703606624
6927;40,4089543;-3,6993889
6928;40,41684674;-3,71238487
6929;40,42764295;-3,703957906
6930;40,4739539;-3,6827087
6931;40,4739539;-3,6827087
6932;40,4554716;-3,6813791
6933;40,4739539;-3,6827087
6934;40,4739539;-3,6827087
6935;40,4739539;-3,6827087
6936;40,4487115;-3,6738706
6937;40,4487115;-3,6738706
6938;40,42702676;-3,683968916
6939;40,4739539;-3,6827087
6940;40,44057449;-3,684377423
6941;40,47372477;-3,684337048
6942;40,45125632;-3,687716459
6943;40,4739539;-3,6827087
6944;40,4476279;-3,6724499
6945;40,29213655;-3,747416413
6946;40,4556286;-3,6816967
6947;40,4800912;-3,67470593
6948;40,4749841;-3,6755568
6949;40,4739539;-3,6827087
6950;40,4739539;-3,6827087
6951;40,42746421;-3,689920249
6952;40,4684721;-3,686372726
6953;40,4487115;-3,6738706
6954;40,4739539;-3,6827087
6955;40,4739539;-3,6827087
6956;40,4739539;-3,6827087
6957;40,4448882;-3,6847127
6958;40,4511303;-3,679572433
6959;40,45675731;-3,679558242
6960;40,44220767;-3,673687934
6961;40,4473153;-3,6754393
6962;40,4400518;-3,6720937
6963;40,46704335;-3,683408995
6964;40,4739539;-3,6827087
6965;40,4511303;-3,679572433
6966;40,4739539;-3,6827087
6967;40,4739539;-3,6827087
6968;40,44319665;-3,669058503
6969;40,4596091;-3,6769238
6970;40,4739539;-3,6827087
6971;40,4739539;-3,6827087
6972;40,44620455;-3,674768636
6973;40,447411;-3,6735153
6974;40,45027974;-3,689010986
6975;40,4529025;-3,672550749
6976;40,42746421;-3,689920249
6977;40,46704335;-3,683408995
6978;40,4530225;-3,687421959
6979;40,4531259;-3,686647127
6980;40,4428755;-3,67196
6981;40,44508288;-3,678398995
6982;40,45125632;-3,687716459
6983;40,42746421;-3,689920249
6984;40,44216736;-3,679801973
6985;40,42746421;-3,689920249
6986;40,4739539;-3,6827087
6987;40,42746421;-3,689920249
6988;40,4739539;-3,6827087
6989;40,4739539;-3,6827087
6990;40,45524679;-3,68238409
6991;40,4401394;-3,677057328
6992;40,44508288;-3,678398995
6993;40,43682794;-3,670454368
6994;40,4739539;-3,6827087
6995;40,4502098;-3,689249999
6996;40,44323524;-3,674186382
6997;40,4656658;-3,675545
6998;40,4739539;-3,6827087
6999;40,4771195;-3,675242151
7000;40,43682794;-3,670454368
7001;40,46054168;-3,686587793
7002;40,45127583;-3,671651691
7003;40,4517805;-3,6724996
7004;40,42746421;-3,689920249
7005;40,45524679;-3,68238409
7006;40,4739539;-3,6827087
7007;40,4739539;-3,6827087
7008;40,4739539;-3,6827087
7009;40,4739539;-3,6827087
7010;40,45089534;-3,683910733
7011;40,4659958;-3,6770377
7012;40,4739539;-3,6827087
7013;40,4398067;-3,6728153
7014;40,4381366;-3,6790525
7015;40,45954162;-3,666742721
7016;40,47766185;-3,675665478
7017;40,4739539;-3,6827087
7018;40,4582459;-3,6726854
7019;40,44508288;-3,678398995
7020;40,45027974;-3,689010986
7021;40,4739539;-3,6827087
7022;40,4739539;-3,6827087
7023;40,45027974;-3,689010986
7024;40,4684446;-3,685413532
7025;40,443946;-3,6701659
7026;40,4739539;-3,6827087
7027;40,45199502;-3,687933152
7028;40,46358979;-3,673806788
7029;40,4739539;-3,6827087
7030;40,59023979;-4,157071496
7031;40,46325613;-3,686448801
7032;40,45098642;-3,672865929
7033;40,4511303;-3,679572433
7034;40,443946;-3,6701659
7035;40,4511303;-3,679572433
7036;40,4739539;-3,6827087
7037;40,4448882;-3,6847127
7038;40,4487115;-3,6738706
7039;40,45027974;-3,689010986
7040;40,4739539;-3,6827087
7041;40,4580496;-3,6770982
7042;40,42792454;-3,687377781
7043;40,4739539;-3,6827087
7044;40,42746421;-3,689920249
7045;40,4739539;-3,6827087
7046;40,4460348;-3,676200025
7047;40,4418013;-3,67521693
7048;40,4739539;-3,6827087
7049;40,4502098;-3,689249999
7050;40,47139216;-3,675984899
7051;40,44763045;-3,671859341
7052;40,4739539;-3,6827087
7053;40,4460936;-3,6730311
7054;40,4381366;-3,6790525
7055;40,4739539;-3,6827087
7056;40,4739539;-3,6827087
7057;40,45762971;-3,672424002
7058;40,44481062;-3,670873558
7059;40,42792454;-3,687377781
7060;40,4448882;-3,6847127
7061;40,44027627;-3,67342292
7062;40,4539726;-3,6656612
7063;40,4739539;-3,6827087
7064;40,4488376;-3,6880606
7065;40,44216736;-3,679801973
7066;40,4739539;-3,6827087
7067;40,4739539;-3,6827087
7068;40,4539726;-3,6656612
7069;40,4415708;-3,6754604
7070;40,443065;-3,6679438
7071;40,442278;-3,6896314
7072;40,45559814;-3,678445115
7073;40,4565843;-3,6767944
7074;40,4542377;-3,67872
7075;40,4730524;-3,7290324
7076;40,4519629;-3,6873198
7077;40,4677312;-3,673897
7078;40,4645256;-3,683678
7079;40,4501436;-3,6710069
7080;40,4407874;-3,6757078
7081;40,4447189;-3,6751023
7082;40,4403218;-3,67332
7083;40,4739539;-3,6827087
7084;40,8246221;-3,627918
7085;40,4551874;-3,6824601
7086;40,4529726;-3,6639833
7087;40,4739539;-3,6827087
7088;40,45027974;-3,689010986
7089;40,4618808;-3,6865924
7090;40,4549451;-3,6639871
7091;40,4418013;-3,67521693
7092;40,42746421;-3,689920249
7093;40,4739539;-3,6827087
7094;40,4516233;-3,6691397
7095;40,4739539;-3,6827087
7096;40,4739539;-3,6827087
7097;40,4739539;-3,6827087
7098;40,4511303;-3,679572433
7099;40,4511303;-3,679572433
7100;40,4739539;-3,6827087
7101;40,4652326;-3,6710132
7102;40,4423766;-3,6705737
7103;40,4539726;-3,6656612
7104;40,4390634;-3,6890248
7105;40,44154482;-3,678392291
7106;40,4739539;-3,6827087
7107;40,4465065;-3,6821322
7108;40,46390144;-3,68611472
7109;40,4425761;-3,6811011
7110;40,440032;-3,6727368
7111;40,4555968;-3,6759733
7112;40,42792454;-3,687377781
7113;40,47183584;-3,67421739
7114;40,4739539;-3,6827087
7115;40,4739539;-3,6827087
7116;40,4487115;-3,6738706
7117;40,4739539;-3,6827087
7118;40,4739539;-3,6827087
7119;40,4586446;-3,6777596
7120;40,45524679;-3,68238409
7121;40,42746421;-3,689920249
7122;40,4739539;-3,6827087
7123;40,46136015;-3,679307205
7124;40,4739539;-3,6827087
7125;40,45524679;-3,68238409
7126;40,4511303;-3,679572433
7127;40,455131;-3,674141321
7128;40,4619142;-3,6702317
7129;40,45298011;-3,672749328
7130;40,4551874;-3,6824601
7131;40,4551874;-3,6824601
7132;40,4494623;-3,5808292
7133;40,462044;-3,4829544
7134;40,4724938;-3,6864384
7135;40,4497425;-3,6850692
7136;40,44601453;-3,671259904
7137;40,4549451;-3,6639871
7138;40,4739539;-3,6827087
7139;40,4517271;-3,6871699
7140;40,4549451;-3,6639871
7141;40,4549517;-3,6682418
7142;40,4739539;-3,6827087
7143;40,442316;-3,6725332
7144;40,4739539;-3,6827087
7145;40,47183584;-3,67421739
7146;40,44508288;-3,678398995
7147;40,4488284;-3,6696386
7148;40,4408681;-3,6758518
7149;40,4712273;-3,6846594
7150;40,4497425;-3,6850692
7151;40,4487115;-3,6738706
7152;40,443946;-3,6701659
7153;40,47372477;-3,684337048
7154;40,44918131;-3,670336695
7155;40,44469164;-3,669253049
7156;40,42746421;-3,689920249
7157;40,4381366;-3,6790525
7158;40,4390634;-3,6890248
7159;40,4545919;-3,6694749
7160;40,45092609;-3,688451767
7161;40,45524679;-3,68238409
7162;40,4375554;-3,6785828
7163;40,4730524;-3,7290324
7164;40,4739539;-3,6827087
7165;40,4739539;-3,6827087
7166;40,4564426;-3,68014811
7167;40,4512058;-3,6867592
7168;40,42746421;-3,689920249
7169;40,4739539;-3,6827087
7170;40,4739539;-3,6827087
7171;40,4461112;-3,6821355
7172;40,4390634;-3,6890248
7173;40,4730524;-3,7290324
7174;40,4403218;-3,67332
7175;40,44639281;-3,680696532
7176;40,45443606;-3,666265475
7177;40,44508288;-3,678398995
7178;40,46168567;-3,673009941
7179;40,44027627;-3,67342292
7180;40,4507262;-3,6727472
7181;40,45359533;-3,661659499
7182;40,46918512;-3,685271733
7183;40,4564426;-3,68014811
7184;40,46136015;-3,679307205
7185;40,4739539;-3,6827087
7186;40,44601453;-3,671259904
7187;40,4448882;-3,6847127
7188;40,472545;-3,6768691
7189;40,4418013;-3,67521693
7190;40,4739539;-3,6827087
7191;40,45199502;-3,687933152
7192;40,4395684;-3,6721376
7193;40,47372477;-3,684337048
7194;40,455131;-3,674141321
7195;40,4739539;-3,6827087
7196;40,4739539;-3,6827087
7197;40,4739539;-3,6827087
7198;40,4549451;-3,6639871
7199;40,4739539;-3,6827087
7200;40,4448882;-3,6847127
7201;40,4531259;-3,686647127
7202;40,4739539;-3,6827087
7203;40,4684446;-3,685413532
7204;40,4739539;-3,6827087
7205;40,4739539;-3,6827087
7206;40,4739539;-3,6827087
7207;40,4484208;-3,681501
7208;40,4487115;-3,6738706
7209;40,45718536;-3,670064408
7210;40,42746421;-3,689920249
7211;40,42746421;-3,689920249
7212;40,42746421;-3,689920249
7213;40,42746421;-3,689920249
7214;40,47868658;-3,683811213
7215;40,4739539;-3,6827087
7216;40,47257795;-3,682476677
7217;40,443687;-3,67068927
7218;40,4730524;-3,7290324
7219;40,46322074;-3,667770761
7220;40,48513644;-3,674802184
7221;40,4466911;-3,6636376
7222;40,4511303;-3,679572433
7223;40,4739539;-3,6827087
7224;40,4739539;-3,6827087
7225;40,4448882;-3,6847127
7226;40,4531259;-3,686647127
7227;40,4739539;-3,6827087
7228;40,4739539;-3,6827087
7229;40,4444617;-3,6770432
7230;40,4625939;-3,6787346
7231;40,4444617;-3,6770432
7232;40,4739539;-3,6827087
7233;40,4444617;-3,6770432
7234;40,4418013;-3,67521693
7235;40,4444617;-3,6770432
7236;40,4444617;-3,6770432
7237;40,4739539;-3,6827087
7238;40,4739539;-3,6827087
7239;40,4425541;-3,6816992
7240;40,4425541;-3,6816992
7241;40,4425541;-3,6816992
7242;40,4425541;-3,6816992
7243;40,46381938;-3,668993744
7244;40,4739539;-3,6827087
7245;40,4448882;-3,6847127
7246;40,4739539;-3,6827087
7247;40,4739539;-3,6827087
7248;40,4739539;-3,6827087
7249;40,4314166;-3,3773703
7250;40,4739539;-3,6827087
7251;40,4511303;-3,679572433
7252;40,4739539;-3,6827087
7253;40,4448882;-3,6847127
7254;40,42746421;-3,689920249
7255;40,4723474;-3,687738421
7256;40,4723474;-3,687738421
7257;40,4723474;-3,687738421
7258;40,47873872;-3,685407521
7259;40,47873872;-3,685407521
7260;40,4739539;-3,6827087
7261;40,4723474;-3,687738421
7262;40,4723474;-3,687738421
7263;40,4723474;-3,687738421
7264;40,457354;-3,6771759
7265;40,4723474;-3,687738421
7266;40,4723474;-3,687738421
7267;40,4638344;-3,6432504
7268;40,4739539;-3,6827087
7269;40,4739539;-3,6827087
7270;40,4448882;-3,6847127
7271;40,4739539;-3,6827087
7272;40,4511303;-3,679572433
7273;40,4511303;-3,679572433
7274;40,4739539;-3,6827087
7275;40,4448882;-3,6847127
7276;40,4739539;-3,6827087
7277;40,4511303;-3,679572433
7278;40,4739539;-3,6827087
7279;40,4739539;-3,6827087
7280;40,4488284;-3,6696386
7281;40,44508288;-3,678398995
7282;40,4739539;-3,6827087
7283;40,4739539;-3,6827087
7284;40,4739539;-3,6827087
7285;40,4739539;-3,6827087
7286;40,4739539;-3,6827087
7287;40,4625939;-3,6787346
7288;40,45155618;-3,672010863
7289;40,3518999;-4,0248859
7290;40,4449812;-3,684653179
7291;40,4739539;-3,6827087
7292;40,44849055;-3,67053625
7293;40,44849055;-3,67053625
7294;40,44849055;-3,67053625
7295;40,44849055;-3,67053625
7296;40,44849055;-3,67053625
7297;40,42746421;-3,689920249
7298;40,45451427;-3,669245875
7299;40,44323524;-3,674186382
7300;40,4439306;-3,684150694
7301;40,4739539;-3,6827087
7302;40,4739539;-3,6827087
7303;40,4456817;-3,6680465
7304;40,4739539;-3,6827087
7305;40,4395684;-3,6721376
7306;40,47546915;-3,675869603
7307;40,46829855;-3,677761041
7308;40,47868658;-3,683811213
7309;40,4739539;-3,6827087
7310;40,4739539;-3,6827087
7311;40,4739539;-3,6827087
7312;40,4739539;-3,6827087
7313;40,4739539;-3,6827087
7314;40,4625939;-3,6787346
7315;40,4739539;-3,6827087
7316;40,46054168;-3,686587793
7317;40,45155618;-3,672010863
7318;40,44601453;-3,671259904
7319;40,4739539;-3,6827087
7320;40,45422;-3,688544819
7321;40,4739539;-3,6827087
7322;40,4739539;-3,6827087
7323;40,4739539;-3,6827087
7324;40,4448882;-3,6847127
7325;40,44765707;-3,686888051
7326;40,42792454;-3,687377781
7327;40,45027974;-3,689010986
7328;40,45383882;-3,67905353
7329;40,4739539;-3,6827087
7330;40,45172929;-3,669758751
7331;40,4739539;-3,6827087
7332;40,4590673;-3,679196348
7333;40,45524679;-3,68238409
7334;40,45274028;-3,67103016
7335;40,4739539;-3,6827087
7336;40,443687;-3,67068927
7337;40,42746421;-3,689920249
7338;40,4739539;-3,6827087
7339;40,45027974;-3,689010986
7340;40,44655298;-3,668898627
7341;40,4739539;-3,6827087
7342;40,4739539;-3,6827087
7343;40,4739539;-3,6827087
7344;40,44601453;-3,671259904
7345;40,4644075;-3,6806477
7346;40,4448882;-3,6847127
7347;40,4422594;-3,681456286
7348;40,44976475;-3,678336014
7349;40,44267003;-3,679539986
7350;40,44280064;-3,67294309
7351;40,47372477;-3,684337048
7352;40,46168567;-3,673009941
7353;40,4581112;-3,6765942
7354;40,4413142;-3,6721204
7355;40,46136015;-3,679307205
7356;40,46471374;-3,682622001
7357;40,4417813;-3,6775704
7358;40,4390634;-3,6890248
7359;40,4739539;-3,6827087
7360;40,4487115;-3,6738706
7361;40,42746421;-3,689920249
7362;40,4625939;-3,6787346
7363;40,43682794;-3,670454368
7364;40,45155618;-3,672010863
7365;40,44154482;-3,678392291
7366;40,45155618;-3,672010863
7367;40,4739539;-3,6827087
7368;40,6491439;-3,7910629
7369;40,4627413;-3,6775843
7370;40,46054168;-3,686587793
7371;40,44800407;-3,674587002
7372;40,4739539;-3,6827087
7373;40,43906383;-3,689028231
7374;40,44994851;-3,666837137
7375;40,46606227;-3,682704452
7376;40,45199502;-3,687933152
7377;40,4559668;-3,6773116
7378;40,4381366;-3,6790525
7379;40,455131;-3,674141321
7380;40,45199502;-3,687933152
7381;40,48436481;-3,682921287
7382;40,4739539;-3,6827087
7383;40,4600699;-3,676313
7384;40,44323524;-3,674186382
7385;40,442316;-3,6725332
7386;40,46017;-3,6762096
7387;40,45711999;-3,677934737
7388;40,45359533;-3,661659499
7389;40,47372477;-3,684337048
7390;40,4448882;-3,6847127
7391;40,4739539;-3,6827087
7392;40,4739539;-3,6827087
7393;40,45954162;-3,666742721
7394;40,45359533;-3,661659499
7395;40,44508288;-3,678398995
7396;40,4381366;-3,6790525
7397;40,45524679;-3,68238409
7398;40,45478112;-3,668197378
7399;40,4693619;-3,6808332
7400;40,45199502;-3,687933152
7401;40,44508288;-3,678398995
7402;40,4512058;-3,6867592
7403;40,44796545;-3,678299674
7404;40,45614397;-3,675991619
7405;40,46606227;-3,682704452
7406;40,4381366;-3,6790525
7407;40,43906383;-3,689028231
7408;40,47372477;-3,684337048
7409;40,44508288;-3,678398995
7410;40,4511303;-3,679572433
7411;40,4739539;-3,6827087
7412;40,4739539;-3,6827087
7413;40,4730524;-3,7290324
7414;40,44601453;-3,671259904
7415;40,47372477;-3,684337048
7416;40,4739539;-3,6827087
7417;40,4525977;-3,6661994
7418;40,4739539;-3,6827087
7419;40,45306512;-3,705621433
7420;40,45359533;-3,661659499
7421;40,4739539;-3,6827087
7422;40,4739539;-3,6827087
7423;40,45524679;-3,68238409
7424;40,45127583;-3,671651691
7425;40,4739539;-3,6827087
7426;40,4577785;-3,668556116
7427;40,47157804;-3,677548978
7428;40,4739539;-3,6827087
7429;40,4475867;-3,672252933
7430;40,4475867;-3,672252933
7431;40,44672888;-3,671875635
7432;40,44749571;-3,680551358
7433;40,47139216;-3,675984899
7434;40,45359533;-3,661659499
7435;40,44247369;-3,671056995
7436;40,4739539;-3,6827087
7437;40,4400793;-3,6784607
7438;40,4763551;-3,6800358
7439;40,4730524;-3,7290324
7440;40,4739539;-3,6827087
7441;40,4448882;-3,6847127
7442;40,4511303;-3,679572433
7443;40,4739539;-3,6827087
7444;40,4439306;-3,684150694
7445;40,4587936;-3,6765057
7446;40,44873256;-3,680941916
7447;40,4587936;-3,6765057
7448;40,4739539;-3,6827087
7449;40,4586446;-3,6777596
7450;40,4424289;-3,6810722
7451;40,4739539;-3,6827087
7452;40,4739539;-3,6827087
7453;40,4684446;-3,685413532
7454;40,44645964;-3,674885381
7455;40,4684446;-3,685413532
7456;40,45524679;-3,68238409
7457;40,47183584;-3,67421739
7458;40,44601453;-3,671259904
7459;40,4511303;-3,679572433
7460;40,4403218;-3,67332
7461;40,46296242;-3,676823852
7462;40,44601453;-3,671259904
7463;40,43682794;-3,670454368
7464;40,4739539;-3,6827087
7465;40,4739539;-3,6827087
7466;40,43847104;-3,681681156
7467;40,44994851;-3,666837137
7468;40,4511303;-3,679572433
7469;40,447411;-3,6735153
7470;40,45588569;-3,67987905
7471;40,4459551;-3,662521
7472;40,4739539;-3,6827087
7473;40,4739539;-3,6827087
7474;40,4625939;-3,6787346
7475;40,4544607;-3,6656696
7476;40,4625939;-3,6787346
7477;40,4730524;-3,7290324
7478;40,4739539;-3,6827087
7479;40,4492963;-3,6880555
7480;40,45374407;-3,680183175
7481;40,4739539;-3,6827087
7482;40,4739539;-3,6827087
7483;40,4739539;-3,6827087
7484;40,4739539;-3,6827087
7485;40,4739539;-3,6827087
7486;40,4739539;-3,6827087
7487;40,4739539;-3,6827087
7488;40,4739539;-3,6827087
7489;40,4739539;-3,6827087
7490;40,4511303;-3,679572433
7491;40,4739539;-3,6827087
7492;40,4739539;-3,6827087
7493;40,4739539;-3,6827087
7494;40,4730524;-3,7290324
7495;40,45127583;-3,671651691
7496;40,44302074;-3,670221319
7497;40,4739539;-3,6827087
7498;40,4739539;-3,6827087
7499;40,4739539;-3,6827087
7500;40,4739539;-3,6827087
7501;40,4739539;-3,6827087
7502;40,4739539;-3,6827087
7503;40,44601453;-3,671259904
7504;40,47139216;-3,675984899
7505;40,45298011;-3,672749328
7506;40,4739539;-3,6827087
7507;40,44347768;-3,689570739
7508;40,4381366;-3,6790525
7509;40,45027974;-3,689010986
7510;40,4739539;-3,6827087
7511;40,4739539;-3,6827087
7512;40,4448882;-3,6847127
7513;40,4739539;-3,6827087
7514;40,4539877;-3,669336776
7515;40,46390144;-3,68611472
7516;40,4487115;-3,6738706
7517;40,4739539;-3,6827087
7518;40,4730524;-3,7290324
7519;40,4739539;-3,6827087
7520;40,4625939;-3,6787346
7521;40,4739539;-3,6827087
7522;40,4511303;-3,679572433
7523;40,4403218;-3,67332
7524;40,4587936;-3,6765057
7525;40,4460666;-3,6754558
7526;40,4684446;-3,685413532
7527;40,45089534;-3,683910733
7528;40,4739539;-3,6827087
7529;40,45524679;-3,68238409
7530;40,4739539;-3,6827087
7531;40,4739539;-3,6827087
7532;40,45199502;-3,687933152
7533;40,4418013;-3,67521693
7534;40,44323524;-3,674186382
7535;40,45027974;-3,689010986
7536;40,42746421;-3,689920249
7537;40,46325613;-3,686448801
7538;40,44849055;-3,67053625
7539;40,44849055;-3,67053625
7540;40,45443606;-3,666265475
7541;40,4739539;-3,6827087
7542;40,4539877;-3,669336776
7543;40,42746421;-3,689920249
7544;40,4545005;-3,6799117
7545;40,4625939;-3,6787346
7546;40,4739539;-3,6827087
7547;40,45199502;-3,687933152
7548;40,47868658;-3,683811213
7549;40,4614719;-3,6804308
7550;40,4475867;-3,672252933
7551;40,4739539;-3,6827087
7552;40,4487115;-3,6738706
7553;40,4739539;-3,6827087
7554;40,4739539;-3,6827087
7555;40,4739539;-3,6827087
7556;40,44247369;-3,671056995
7557;40,46390144;-3,68611472
7558;40,4390634;-3,6890248
7559;40,45524679;-3,68238409
7560;40,4487115;-3,6738706
7561;40,4739539;-3,6827087
7562;40,4739539;-3,6827087
7563;40,4739539;-3,6827087
7564;40,4739539;-3,6827087
7565;40,4739539;-3,6827087
7566;40,4739539;-3,6827087
7567;40,4730524;-3,7290324
7568;40,45027974;-3,689010986
7569;40,4739539;-3,6827087
7570;40,46390144;-3,68611472
7571;40,4739539;-3,6827087
7572;40,4518101;-3,6862363
7573;40,4439306;-3,684150694
7574;40,4739539;-3,6827087
7575;40,4381366;-3,6790525
7576;40,45524679;-3,68238409
7577;40,4739539;-3,6827087
7578;40,4511303;-3,679572433
7579;40,4763551;-3,6800358
7580;40,4739539;-3,6827087
7581;40,46136015;-3,679307205
7582;40,4739539;-3,6827087
7583;40,4625939;-3,6787346
7584;40,45155618;-3,672010863
7585;40,45859552;-3,67892527
7586;40,45954162;-3,666742721
7587;40,45395499;-3,665149552
7588;40,4739539;-3,6827087
7589;40,45524679;-3,68238409
7590;40,42746421;-3,689920249
7591;40,42746421;-3,689920249
7592;40,42746421;-3,689920249
7593;40,45638236;-3,688313956
7594;40,45524679;-3,68238409
7595;40,4739539;-3,6827087
7596;40,44347768;-3,689570739
7597;40,46471374;-3,682622001
7598;40,47139216;-3,675984899
7599;40,4739539;-3,6827087
7600;40,45524679;-3,68238409
7601;40,4739539;-3,6827087
7602;40,4625939;-3,6787346
7603;40,4739539;-3,6827087
7604;40,4739539;-3,6827087
7605;40,4403218;-3,67332
7606;40,4739539;-3,6827087
7607;40,4448882;-3,6847127
7608;40,4511303;-3,679572433
7609;40,4511303;-3,679572433
7610;40,4739539;-3,6827087
7611;40,4511303;-3,679572433
7612;40,42746421;-3,689920249
7613;40,45524679;-3,68238409
7614;40,45524679;-3,68238409
7615;40,4739539;-3,6827087
7616;40,4739539;-3,6827087
7617;40,4739539;-3,6827087
7618;40,4625939;-3,6787346
7619;40,4739539;-3,6827087
7620;40,46136015;-3,679307205
7621;40,44145399;-3,669937275
7622;40,45859552;-3,67892527
7623;40,4448882;-3,6847127
7624;40,4739539;-3,6827087
7625;40,4730524;-3,7290324
7626;40,4739539;-3,6827087
7627;40,4739539;-3,6827087
7628;40,45524679;-3,68238409
7629;40,44038895;-3,647387535
7630;40,480627;-3,6651746
7631;40,4305576;-3,647480977
7632;40,4411249;-3,644329393
7633;40,4350329;-3,644171
7634;40,4326959;-3,642345066
7635;40,42787637;-3,641247296
7636;40,43480088;-3,657735987
7637;40,43480088;-3,657735987
7638;40,4580463;-3,6602556
7639;40,44447442;-3,644877781
7640;40,48306947;-3,668975178
7641;40,43073;-3,641127727
7642;40,4393397;-3,648576454
7643;40,4177575;-3,622581935
7644;40,4323034;-3,6505189
7645;40,4342284;-3,640800884
7646;40,4506953;-3,6563079
7647;40,4506953;-3,6563079
7648;40,4350329;-3,644171
7649;40,42498307;-3,642659399
7650;40,4382057;-3,6495784
7651;40,4242549;-3,653833483
7652;40,44301493;-3,650246285
7653;40,42407805;-3,656083953
7654;40,4760473;-3,6685122
7655;40,4326959;-3,642345066
7656;40,4310642;-3,6635419
7657;40,4638018;-3,66515317
7658;40,4593911;-3,662131
7659;40,4235608;-3,6545006
7660;40,44447442;-3,644877781
7661;40,4342284;-3,640800884
7662;40,42292159;-3,651442228
7663;40,48096729;-3,663333485
7664;40,43730253;-3,643524975
7665;40,43408025;-3,638414801
7666;40,4317362;-3,641773675
7667;40,4760473;-3,6685122
7668;40,44483338;-3,65312708
7669;40,44483338;-3,65312708
7670;40,438964;-3,641437824
7671;40,4580463;-3,6602556
7672;40,4220402;-3,6517069
7673;40,4350329;-3,644171
7674;40,42355968;-3,651768901
7675;40,43199075;-3,636692668
7676;40,4350329;-3,644171
7677;40,42692208;-3,652691586
7678;40,43672428;-3,652569376
7679;40,44104867;-3,644141322
7680;40,4298318;-3,6460385
7681;40,4249392;-3,656027691
7682;40,44540217;-3,641738071
7683;40,43517135;-3,639479404
7684;40,4329085;-3,6490771
7685;40,43017502;-3,647891685
7686;40,43937883;-3,642465238
7687;40,4742529;-3,666625
7688;40,4326959;-3,642345066
7689;40,5531712;-3,707034
7690;40,4382057;-3,6495784
7691;40,43323615;-3,641288099
7692;40,4350329;-3,644171
7693;40,4362982;-3,643441706
7694;40,4310642;-3,6635419
7695;40,43480088;-3,657735987
7696;40,4350329;-3,644171
7697;40,42863323;-3,735075477
7698;40,4580463;-3,6602556
7699;40,42355968;-3,651768901
7700;40,4439772;-3,6496392
7701;40,43480088;-3,657735987
7702;40,44104867;-3,644141322
7703;40,4506953;-3,6563079
7704;40,4760473;-3,6685122
7705;40,43793208;-3,645186429
7706;40,43510055;-3,645611697
7707;40,43172091;-3,640234905
7708;40,4315847;-3,6540742
7709;40,43124862;-3,633966008
7710;40,4242549;-3,653833483
7711;40,41883916;-3,625734096
7712;40,45441392;-3,662475962
7713;40,431354;-3,641491267
7714;40,43317716;-3,639212318
7715;40,43317716;-3,639212318
7716;40,4354561;-3,6464732
7717;40,4399694;-3,641417638
7718;40,43730253;-3,643524975
7719;40,4350329;-3,644171
7720;40,41992295;-3,651958781
7721;40,4733891;-3,6672839
7722;40,44165575;-3,643164093
7723;40,44104867;-3,644141322
7724;40,4345986;-3,6480974
7725;40,43803205;-3,652484614
7726;40,4382057;-3,6495784
7727;40,46902719;-3,668934732
7728;40,45009845;-3,66151966
7729;40,4506953;-3,6563079
7730;40,4382057;-3,6495784
7731;40,44382802;-3,646044404
7732;40,43916113;-3,64372569
7733;40,43793208;-3,645186429
7734;40,4345986;-3,6480974
7735;40,4426834;-3,6534541
7736;40,42787637;-3,641247296
7737;40,4342284;-3,640800884
7738;40,4350329;-3,644171
7739;40,42616707;-3,657002406
7740;40,42678037;-3,638999808
7741;40,43172091;-3,640234905
7742;40,4329085;-3,6490771
7743;40,43793208;-3,645186429
7744;40,4484305;-3,650495
7745;40,42787637;-3,641247296
7746;40,43730253;-3,643524975
7747;40,42192162;-3,627734237
7748;40,43317716;-3,639212318
7749;40,4331142;-3,6481458
7750;40,4296028;-3,650154307
7751;40,42960544;-3,635042632
7752;40,42605761;-3,653951342
7753;40,42355968;-3,651768901
7754;40,42722381;-3,640358243
7755;40,4336834;-3,658618225
7756;40,464389;-3,6651106
7757;40,43460243;-3,641039504
7758;40,4760473;-3,6685122
7759;40,43062915;-3,648594989
7760;40,44104867;-3,644141322
7761;40,43017502;-3,647891685
7762;40,43120253;-3,657476736
7763;40,44071303;-3,653723658
7764;40,44989641;-3,657817807
7765;40,4350329;-3,644171
7766;40,42292159;-3,651442228
7767;40,44907279;-3,658699969
7768;40,42603574;-3,658008705
7769;40,43748151;-3,644683364
7770;40,41456214;-3,624611735
7771;40,48306947;-3,668975178
7772;40,42367895;-3,636244782
7773;40,42868073;-3,652220532
7774;40,4580463;-3,6602556
7775;40,44111866;-3,653020916
7776;40,43124862;-3,633966008
7777;40,43357705;-3,65027125
7778;40,43919841;-3,653397583
7779;40,4593404;-3,66114212
7780;40,44104867;-3,644141322
7781;40,43817455;-3,640350415
7782;40,43006096;-3,655020939
7783;40,44793582;-3,602061604
7784;40,4344825;-3,641286873
7785;40,44483338;-3,65312708
7786;40,42857555;-3,643895543
7787;40,42961231;-3,647796653
7788;40,440966;-3,645905259
7789;40,43199075;-3,636692668
7790;40,4339358;-3,6425073
7791;40,4623324;-3,6619641
7792;40,43091846;-3,652907939
7793;40,4317651;-3,6587487
7794;40,48306947;-3,668975178
7795;40,44793582;-3,602061604
7796;40,44483338;-3,65312708
7797;40,4373157;-3,638616248
7798;40,4256536;-3,654732634
7799;40,42482555;-3,658026171
7800;40,4360671;-3,641420919
7801;40,4428186;-3,6419906
7802;40,43987709;-3,646576831
7803;40,4555146;-3,6599632
7804;40,43591632;-3,656485887
7805;40,5531712;-3,707034
7806;40,43397455;-3,6392367
7807;40,42355968;-3,651768901
7808;40,4345986;-3,6480974
7809;40,4484305;-3,650495
7810;40,45287255;-3,654478928
7811;40,44601453;-3,671259904
7812;40,43305825;-3,644708421
7813;40,42407805;-3,656083953
7814;40,4484305;-3,650495
7815;40,4282234;-3,6332237
7816;40,4588121;-3,6623573
7817;40,4338309;-3,645104398
7818;40,42760782;-3,640940776
7819;40,44301493;-3,650246285
7820;40,42533867;-3,653061618
7821;40,42499298;-3,654960613
7822;40,4484305;-3,650495
7823;40,4315377;-3,6515555
7824;40,44177237;-3,643662636
7825;40,4331142;-3,6481458
7826;40,44144102;-3,651409951
7827;40,43918944;-3,657061856
7828;40,42734926;-3,656282297
7829;40,42850765;-3,6519563
7830;40,42722381;-3,640358243
7831;40,42367895;-3,636244782
7832;40,45009845;-3,66151966
7833;40,42722381;-3,640358243
7834;40,44447442;-3,644877781
7835;40,44104867;-3,644141322
7836;40,45359533;-3,661659499
7837;40,43730253;-3,643524975
7838;40,4344825;-3,641286873
7839;40,4310642;-3,6635419
7840;40,42192162;-3,627734237
7841;40,4484305;-3,650495
7842;40,47997395;-3,665549114
7843;40,4434591;-3,640876
7844;40,42141791;-3,628233773
7845;40,44554201;-3,649275658
7846;40,46902719;-3,668934732
7847;40,44177237;-3,643662636
7848;40,44144102;-3,651409951
7849;40,44483338;-3,65312708
7850;40,44177237;-3,643662636
7851;40,442884;-3,6557157
7852;40,42367895;-3,636244782
7853;40,4310642;-3,6635419
7854;40,43480088;-3,657735987
7855;40,4283645;-3,6585656
7856;40,4433505;-3,652747884
7857;40,44382802;-3,646044404
7858;40,43065438;-3,65376159
7859;40,43065438;-3,65376159
7860;40,44183259;-3,646010626
7861;40,43065438;-3,65376159
7862;40,44144102;-3,651409951
7863;40,43817455;-3,640350415
7864;40,4310845;-3,646642864
7865;40,4329085;-3,6490771
7866;40,4484305;-3,650495
7867;40,43898403;-3,641173417
7868;40,41927563;-3,627788478
7869;40,4382057;-3,6495784
7870;40,43017502;-3,647891685
7871;40,43361778;-3,636914272
7872;40,4473009;-3,6456509
7873;40,42499298;-3,654960613
7874;40,4679951;-3,6665582
7875;40,44447442;-3,644877781
7876;40,4580463;-3,6602556
7877;40,42141791;-3,628233773
7878;40,4256536;-3,654732634
7879;40,42846516;-3,637762024
7880;40,44021774;-3,643999795
7881;40,4426834;-3,6534541
7882;40,37718273;-3,546488626
7883;40,4339358;-3,6425073
7884;40,45074597;-3,657487721
7885;40,48306947;-3,668975178
7886;40,4310642;-3,6635419
7887;40,428254;-3,637805796
7888;40,45922295;-3,662933386
7889;40,481338;-3,6722214
7890;40,45922295;-3,662933386
7891;40,45922295;-3,662933386
7892;40,45922295;-3,662933386
7893;40,45922295;-3,662933386
7894;40,45922295;-3,662933386
7895;40,45922295;-3,662933386
7896;40,45840281;-3,653456727
7897;40,43883895;-3,652275079
7898;40,4470787;-3,6505348
7899;40,4470787;-3,6505348
7900;40,4470787;-3,6505348
7901;40,4470787;-3,6505348
7902;40,4470787;-3,6505348
7903;40,4470787;-3,6505348
7904;40,45840281;-3,653456727
7905;40,4757755;-3,671372573
7906;40,45785711;-3,656550913
7907;40,430473;-3,6520411
7908;40,45215173;-3,654809122
7909;40,46902719;-3,668934732
7910;40,46902719;-3,668934732
7911;40,44483437;-3,632719953
7912;40,46902719;-3,668934732
7913;40,42176508;-3,631863971
7914;40,4382057;-3,6495784
7915;40,42176508;-3,631863971
7916;40,42176508;-3,631863971
7917;40,4348316;-3,64942315
7918;40,42176508;-3,631863971
7919;40,42176508;-3,631863971
7920;40,42176508;-3,631863971
7921;40,4350329;-3,644171
7922;40,4760473;-3,6685122
7923;40,4760473;-3,6685122
7924;40,464389;-3,6651106
7925;40,4426834;-3,6534541
7926;40,4580463;-3,6602556
7927;40,44383103;-3,641133523
7928;40,4559927;-3,657177542
7929;40,4559927;-3,657177542
7930;40,4350329;-3,644171
7931;40,48044185;-3,394971006
7932;40,44382802;-3,646044404
7933;40,4372936;-3,6539398
7934;40,46373369;-3,663753242
7935;40,76565322;-3,779397994
7936;40,76565322;-3,779397994
7937;40,76565322;-3,779397994
7938;40,76565322;-3,779397994
7939;40,76565322;-3,779397994
7940;40,43605115;-3,639489505
7941;40,42788947;-3,644245816
7942;40,4542495;-3,6589778
7943;40,4542495;-3,6589778
7944;40,4624409;-3,6641389
7945;40,464389;-3,6651106
7946;40,43605115;-3,639489505
7947;40,43605115;-3,639489505
7948;40,43793208;-3,645186429
7949;40,44382802;-3,646044404
7950;40,43317706;-3,652233644
7951;40,4438947;-3,6410439
7952;40,44382802;-3,646044404
7953;40,44382802;-3,646044404
7954;40,44382802;-3,646044404
7955;40,44382802;-3,646044404
7956;40,44382802;-3,646044404
7957;40,45161946;-3,657819583
7958;40,4760473;-3,6685122
7959;40,45433105;-3,652810039
7960;40,44702386;-3,660475177
7961;40,42755625;-3,640800597
7962;40,44301493;-3,650246285
7963;40,44104867;-3,644141322
7964;40,48339325;-3,668515362
7965;40,48339325;-3,668515362
7966;40,47997395;-3,665549114
7967;40,44447442;-3,644877781
7968;40,4484305;-3,650495
7969;40,42125605;-3,6528138
7970;40,43774685;-3,64389363
7971;40,4428467;-3,644371941
7972;40,43065;-3,643476168
7973;40,4220402;-3,6517069
7974;40,4310642;-3,6635419
7975;40,4350329;-3,644171
7976;40,4439495;-3,650539315
7977;40,4324267;-3,647318727
7978;40,46902719;-3,668934732
7979;40,4350329;-3,644171
7980;40,42481245;-3,657503293
7981;40,4270537;-3,6531323
7982;40,43525275;-3,64903618
7983;40,43365166;-3,652522795
7984;40,4382057;-3,6495784
7985;40,42012625;-3,62730062
7986;40,4318798;-3,648115967
7987;40,4344825;-3,641286873
7988;40,42499298;-3,654960613
7989;40,4329085;-3,6490771
7990;40,42720917;-3,651491441
7991;40,4331142;-3,6481458
7992;40,46902719;-3,668934732
7993;40,4382057;-3,6495784
7994;40,4274598;-3,63927286
7995;40,4326959;-3,642345066
7996;40,4399694;-3,641417638
7997;40,4344825;-3,641286873
7998;40,43510055;-3,645611697
7999;40,4314757;-3,6574526
8000;40,4350329;-3,644171
8001;40,44793582;-3,602061604
8002;40,4329085;-3,6490771
8003;40,42367895;-3,636244782
8004;40,4362982;-3,643441706
8005;40,46048867;-3,659325816
8006;40,42905896;-3,634793947
8007;40,42192162;-3,627734237
8008;40,42488198;-3,635665969
8009;40,4362982;-3,643441706
8010;40,4350329;-3,644171
8011;40,4484305;-3,650495
8012;40,43209464;-3,634527256
8013;40,4271715;-3,630391
8014;40,44104867;-3,644141322
8015;40,43199075;-3,636692668
8016;40,4247973;-3,651892918
8017;40,46776108;-3,662315481
8018;40,4271715;-3,630391
8019;40,43480088;-3,657735987
8020;40,481338;-3,6722214
8021;40,42868035;-3,643749628
8022;40,4264261;-3,641798378
8023;40,32543718;-3,766675879
8024;40,4332734;-3,655652059
8025;40,4256536;-3,654732634
8026;40,44911383;-3,660305876
8027;40,43485245;-3,641488615
8028;40,44750207;-3,649877075
8029;40,4798904;-3,66983644
8030;40,48312536;-3,67085969
8031;40,43172091;-3,640234905
8032;40,37718273;-3,546488626
8033;40,43860888;-3,647047941
8034;40,44480685;-3,65021567
8035;40,4319496;-3,648141011
8036;40,48306947;-3,668975178
8037;40,44793582;-3,602061604
8038;40,45424517;-3,657008766
8039;40,4274598;-3,63927286
8040;40,43172091;-3,640234905
8041;40,43116257;-3,65206526
8042;40,44104867;-3,644141322
8043;40,4326959;-3,642345066
8044;40,42960544;-3,635042632
8045;40,45060441;-3,650481311
8046;40,4438947;-3,6410439
8047;40,42771275;-3,639691495
8048;40,44205126;-3,644731954
8049;40,42355968;-3,651768901
8050;40,4298032;-3,6503504
8051;40,4261203;-3,655486039
8052;40,44305349;-3,651470362
8053;40,44483338;-3,65312708
8054;40,45718296;-3,655839241
8055;40,4506953;-3,6563079
8056;40,4340026;-3,641565329
8057;40,46902719;-3,668934732
8058;40,46902719;-3,668934732
8059;40,46902719;-3,668934732
8060;40,43450462;-3,648014537
8061;40,43730253;-3,643524975
8062;40,4580463;-3,6602556
8063;40,43730253;-3,643524975
8064;40,44793582;-3,602061604
8065;40,43163469;-3,654886728
8066;40,4760473;-3,6685122
8067;40,4559927;-3,657177542
8068;40,4559927;-3,657177542
8069;40,4559927;-3,657177542
8070;40,42689597;-3,639939075
8071;40,4382472;-3,6511431
8072;40,4326959;-3,642345066
8073;40,4542495;-3,6589778
8074;40,4542495;-3,6589778
8075;40,4542495;-3,6589778
8076;40,43581445;-3,644223177
8077;40,43581445;-3,644223177
8078;40,43703978;-3,656405332
8079;40,45424517;-3,657008766
8080;40,4620508;-3,6619017
8081;40,4484305;-3,650495
8082;40,46902719;-3,668934732
8083;40,42846516;-3,637762024
8084;40,43803205;-3,652484614
8085;40,43065438;-3,65376159
8086;40,4473009;-3,6456509
8087;40,43937883;-3,642465238
8088;40,43730253;-3,643524975
8089;40,43480088;-3,657735987
8090;40,4362982;-3,643441706
8091;40,44447442;-3,644877781
8092;40,44808334;-3,648803029
8093;40,4382057;-3,6495784
8094;40,42884281;-3,641407125
8095;40,44600042;-3,645643989
8096;40,43062915;-3,648594989
8097;40,42960544;-3,635042632
8098;40,44447442;-3,644877781
8099;40,48306947;-3,668975178
8100;40,44902178;-3,646475863
8101;40,42999768;-3,652367221
8102;40,4362982;-3,643441706
8103;40,4438947;-3,6410439
8104;40,43857455;-3,644794443
8105;40,4506953;-3,6563079
8106;40,4760473;-3,6685122
8107;40,4329085;-3,6490771
8108;40,43803205;-3,652484614
8109;40,42960544;-3,635042632
8110;40,4362982;-3,643441706
8111;40,43883895;-3,652275079
8112;40,42355968;-3,651768901
8113;40,43365166;-3,652522795
8114;40,4624409;-3,6641389
8115;40,4542495;-3,6589778
8116;40,4542495;-3,6589778
8117;40,4624409;-3,6641389
8118;40,4624409;-3,6641389
8119;40,4329085;-3,6490771
8120;40,44382802;-3,646044404
8121;40,44382802;-3,646044404
8122;40,44382802;-3,646044404
8123;40,4242549;-3,653833483
8124;40,43199075;-3,636692668
8125;40,4382057;-3,6495784
8126;40,44447442;-3,644877781
8127;40,425957;-3,652444954
8128;40,4580463;-3,6602556
8129;40,4375402;-3,6529458
8130;40,43703978;-3,656405332
8131;40,4305576;-3,647480977
8132;40,4375402;-3,6529458
8133;40,4426834;-3,6534541
8134;40,4484305;-3,650495
8135;40,4760473;-3,6685122
8136;40,4331142;-3,6481458
8137;40,4331142;-3,6481458
8138;40,464389;-3,6651106
8139;40,464389;-3,6651106
8140;40,44702386;-3,660475177
8141;40,4506953;-3,6563079
8142;40,4760473;-3,6685122
8143;40,44447442;-3,644877781
8144;40,4484305;-3,650495
8145;40,494952;-3,6855071
8146;40,5359663;-3,7028123
8147;40,5035623;-3,6694212
8148;40,51021256;-3,671865712
8149;40,4746818;-3,734948609
8150;40,4746818;-3,734948609
8151;40,50887938;-3,365685365
8152;40,4812105;-3,6966318
8153;40,426213;-3,7009931
8154;40,5115607;-3,6951536
8155;40,4981841;-3,675528015
8156;40,5038389;-3,7091769
8157;40,426213;-3,7009931
8158;40,49589651;-3,689329503
8159;40,4865986;-3,705374989
8160;40,4784006;-3,7059276
8161;40,48313768;-3,693816608
8162;40,48231088;-3,701128218
8163;40,47701768;-3,710817206
8164;40,47701768;-3,710817206
8165;40,47534455;-3,733942267
8166;40,5306909;-3,780747151
8167;40,4906361;-3,7161379
8168;40,4976428;-3,711877908
8169;40,50095855;-3,694624279
8170;40,25537462;-3,827255427
8171;40,426213;-3,7009931
8172;40,4759519;-3,7160518
8173;40,426213;-3,7009931
8174;40,5205538;-3,7780738
8175;40,49351668;-3,688805216
8176;40,47804732;-3,737192982
8177;40,48542123;-3,713039395
8178;40,50887938;-3,365685365
8179;40,426213;-3,7009931
8180;40,34495517;-3,809835458
8181;40,47632999;-3,701116264
8182;40,4834401;-3,7209461
8183;40,4906361;-3,7161379
8184;40,426213;-3,7009931
8185;40,47698589;-3,70482354
8186;40,4953673;-3,6859469
8187;40,4759519;-3,7160518
8188;40,426213;-3,7009931
8189;40,48439059;-3,692046295
8190;40,493629;-3,7160017
8191;40,47381356;-3,734191505
8192;40,4832623;-3,7199067
8193;40,5083428;-3,6694346
8194;40,48542101;-3,686367335
8195;40,4727497;-3,708386727
8196;40,4868558;-3,6903519
8197;40,5077321;-3,6962908
8198;40,4860998;-3,6899545
8199;40,4770471;-3,7035391
8200;40,47630957;-3,703027809
8201;40,426213;-3,7009931
8202;40,49532208;-3,687689671
8203;40,50467573;-3,711230732
8204;40,49139076;-3,697184175
8205;40,426213;-3,7009931
8206;40,48147855;-3,702755
8207;40,49963978;-3,716475302
8208;40,49321705;-3,692551933
8209;40,426213;-3,7009931
8210;40,4754856;-3,717430249
8211;40,4754856;-3,717430249
8212;40,426213;-3,7009931
8213;40,47520455;-3,712282297
8214;40,51930472;-3,777041709
8215;40,47630957;-3,703027809
8216;40,49621125;-3,705630691
8217;40,4851113;-3,7231023
8218;40,47584714;-3,710190676
8219;40,4739958;-3,7186274
8220;40,49909262;-3,67146847
8221;40,47398014;-3,714051271
8222;40,47455825;-3,7360688
8223;40,4759519;-3,7160518
8224;40,4813647;-3,7214409
8225;40,47534455;-3,733942267
8226;40,5040541;-3,7027616
8227;40,47520455;-3,712282297
8228;40,4739958;-3,7186274
8229;40,4856164;-3,6855933
8230;40,47546299;-3,745232818
8231;40,48587187;-3,686486966
8232;40,4774958;-3,7426018
8233;40,4759519;-3,7160518
8234;40,48837798;-3,700072629
8235;40,4812105;-3,6966318
8236;40,48471722;-3,686067882
8237;40,49106175;-3,70796476
8238;40,426213;-3,7009931
8239;40,48608438;-3,706055402
8240;40,47188096;-3,71696148
8241;40,50023364;-3,671826789
8242;40,50336769;-3,671452747
8243;40,49791144;-3,706653121
8244;40,48950308;-3,720388602
8245;40,426213;-3,7009931
8246;40,04462638;-3,560235027
8247;40,48147855;-3,702755
8248;40,48409561;-3,731358001
8249;40,493142;-3,685207233
8250;40,5205538;-3,7780738
8251;40,426213;-3,7009931
8252;40,49791144;-3,706653121
8253;40,47534455;-3,733942267
8254;40,48608438;-3,706055402
8255;40,50607751;-3,669693293
8256;40,47546299;-3,745232818
8257;40,4906361;-3,7161379
8258;40,34495517;-3,809835458
8259;40,47632999;-3,701116264
8260;40,47381356;-3,734191505
8261;40,4759519;-3,7160518
8262;40,50607751;-3,669693293
8263;40,49351668;-3,688805216
8264;40,4746818;-3,734948609
8265;40,4906361;-3,7161379
8266;40,48439059;-3,692046295
8267;40,47455825;-3,7360688
8268;40,50607994;-3,675044758
8269;40,507959;-3,704354356
8270;40,426213;-3,7009931
8271;40,46987587;-3,726290745
8272;40,4837561;-3,703322423
8273;40,493142;-3,685207233
8274;40,46987587;-3,726290745
8275;40,47698589;-3,70482354
8276;40,50336769;-3,671452747
8277;40,5083428;-3,6694346
8278;40,47605052;-3,728012846
8279;40,4867655;-3,7314925
8280;40,47701768;-3,710817206
8281;40,47630957;-3,703027809
8282;40,4759519;-3,7160518
8283;40,4746818;-3,734948609
8284;40,47455825;-3,7360688
8285;40,47455825;-3,7360688
8286;40,5064056;-3,6936919
8287;40,49545296;-3,686278687
8288;40,47891295;-3,719791582
8289;40,426213;-3,7009931
8290;40,49290155;-3,713736808
8291;40,426213;-3,7009931
8292;40,4944289;-3,701797944
8293;40,3752005;-3,7413301
8294;40,47864739;-3,712438029
8295;40,47929631;-3,693955855
8296;40,51413575;-3,67581964
8297;40,4259442;-3,527622369
8298;40,50524679;-3,675897019
8299;40,47722905;-3,70113275
8300;40,49416319;-3,69100715
8301;40,49589651;-3,689329503
8302;40,48313768;-3,693816608
8303;40,4906361;-3,7161379
8304;40,50524679;-3,675897019
8305;40,47864739;-3,712438029
8306;40,48313768;-3,693816608
8307;40,47929631;-3,693955855
8308;40,49532208;-3,687689671
8309;40,47864739;-3,712438029
8310;40,46987587;-3,726290745
8311;40,46987587;-3,726290745
8312;40,48199686;-3,726892761
8313;40,47534455;-3,733942267
8314;40,50607751;-3,669693293
8315;40,48157614;-3,727232949
8316;40,51675052;-3,773576546
8317;40,47584714;-3,710190676
8318;40,48587187;-3,686486966
8319;40,46987587;-3,726290745
8320;40,4842166;-3,686866268
8321;40,49791144;-3,706653121
8322;40,4842166;-3,686866268
8323;40,4746818;-3,734948609
8324;40,34495517;-3,809835458
8325;40,4746818;-3,734948609
8326;40,47262808;-3,713416022
8327;40,4746818;-3,734948609
8328;40,49621125;-3,705630691
8329;40,47264414;-3,706513903
8330;40,51484;-3,7759527
8331;40,46987587;-3,726290745
8332;40,4770471;-3,7035391
8333;40,4855128;-3,7240101
8334;40,47534455;-3,733942267
8335;40,48015399;-3,727387157
8336;40,50336769;-3,671452747
8337;40,47534455;-3,733942267
8338;40,47534455;-3,733942267
8339;40,47546299;-3,745232818
8340;40,4895829;-3,730294636
8341;40,4759519;-3,7160518
8342;40,48015399;-3,727387157
8343;40,48015399;-3,727387157
8344;40,5083428;-3,6694346
8345;40,49791144;-3,706653121
8346;40,4759519;-3,7160518
8347;40,4759519;-3,7160518
8348;40,4759519;-3,7160518
8349;40,50023364;-3,671826789
8350;40,29784871;-3,438496895
8351;40,48488016;-3,708354468
8352;40,4759519;-3,7160518
8353;40,47667044;-3,709147155
8354;40,47578116;-3,736704575
8355;40,50959325;-3,695237324
8356;40,4944289;-3,701797944
8357;40,4944289;-3,701797944
8358;40,48587187;-3,686486966
8359;40,4759519;-3,7160518
8360;40,47455825;-3,7360688
8361;40,48907913;-3,682521912
8362;40,4746818;-3,734948609
8363;40,47891295;-3,719791582
8364;40,4774958;-3,7426018
8365;40,47324173;-3,723345752
8366;40,49290155;-3,713736808
8367;40,4774958;-3,7426018
8368;40,47578116;-3,736704575
8369;40,47578116;-3,736704575
8370;40,47578116;-3,736704575
8371;40,5062773;-3,659673673
8372;40,47578116;-3,736704575
8373;40,47578116;-3,736704575
8374;40,47578116;-3,736704575
8375;40,47578116;-3,736704575
8376;40,47435892;-3,737473543
8377;40,4774958;-3,7426018
8378;40,4906361;-3,7161379
8379;40,48199686;-3,726892761
8380;40,47324173;-3,723345752
8381;40,47324173;-3,723345752
8382;40,48231088;-3,701128218
8383;40,47324173;-3,723345752
8384;40,49791144;-3,706653121
8385;40,4759519;-3,7160518
8386;40,4759519;-3,7160518
8387;40,4759519;-3,7160518
8388;40,50659673;-3,704493802
8389;40,48231088;-3,701128218
8390;40,48313768;-3,693816608
8391;40,47572248;-3,730253334
8392;40,48608438;-3,706055402
8393;40,4759519;-3,7160518
8394;40,4906361;-3,7161379
8395;40,4884762;-3,7269466
8396;40,47448461;-3,715478488
8397;40,426213;-3,7009931
8398;40,47188096;-3,71696148
8399;40,4739958;-3,7186274
8400;40,47007247;-3,715766336
8401;40,4921784;-3,69418535
8402;40,426213;-3,7009931
8403;40,48305825;-3,727799696
8404;40,4748724;-3,7410672
8405;40,4906361;-3,7161379
8406;40,47579665;-3,711969291
8407;40,426213;-3,7009931
8408;40,47418857;-3,708298753
8409;40,50812995;-3,693981832
8410;40,426213;-3,7009931
8411;40,5097471;-3,694885
8412;40,4752454;-3,715383279
8413;40,4934096;-3,690933568
8414;40,47805115;-3,703273729
8415;40,49791144;-3,706653121
8416;40,51889405;-3,778100083
8417;40,4837027;-3,72529203
8418;40,51120455;-3,676620419
8419;40,426213;-3,7009931
8420;40,4845493;-3,695435503
8421;40,426213;-3,7009931
8422;40,426213;-3,7009931
8423;40,48120272;-3,736813674
8424;40,49944085;-3,690161613
8425;40,51413575;-3,67581964
8426;40,426213;-3,7009931
8427;40,48313768;-3,693816608
8428;40,5083428;-3,6694346
8429;40,47534455;-3,733942267
8430;40,49095911;-3,695571845
8431;40,48654416;-3,715402222
8432;40,426213;-3,7009931
8433;40,4759519;-3,7160518
8434;40,426213;-3,7009931
8435;40,426213;-3,7009931
8436;40,5061054;-3,6712
8437;40,51021256;-3,671865712
8438;40,5077321;-3,6962908
8439;40,4837919;-3,686322
8440;40,4859783;-3,705528193
8441;40,4756846;-3,700939445
8442;40,47772276;-3,709710776
8443;40,50336769;-3,671452747
8444;40,47630957;-3,703027809
8445;40,50876488;-3,665099131
8446;40,50524679;-3,675897019
8447;40,48587187;-3,686486966
8448;40,4770471;-3,7035391
8449;40,4921784;-3,69418535
8450;40,4739958;-3,7186274
8451;40,47770814;-3,719164594
8452;40,4754856;-3,717430249
8453;40,5078476;-3,6749724
8454;40,47891295;-3,719791582
8455;40,48627744;-3,721339988
8456;40,47605052;-3,728012846
8457;40,4875549;-3,6882455
8458;40,47455825;-3,7360688
8459;40,50621609;-3,670041705
8460;40,47554758;-3,731330758
8461;40,4818791;-3,709292
8462;40,49253406;-3,726316389
8463;40,47534455;-3,733942267
8464;40,47534455;-3,733942267
8465;40,50887716;-3,674081796
8466;40,4875795;-3,6900085
8467;40,50524679;-3,675897019
8468;40,426213;-3,7009931
8469;40,48550848;-3,688503377
8470;40,46987587;-3,726290745
8471;40,47435892;-3,737473543
8472;40,426213;-3,7009931
8473;40,47534455;-3,733942267
8474;40,47520455;-3,712282297
8475;40,4759519;-3,7160518
8476;40,49180309;-3,729942681
8477;40,49180309;-3,729942681
8478;40,49180309;-3,729942681
8479;40,48834975;-3,722640774
8480;40,4934096;-3,690933568
8481;40,34495517;-3,809835458
8482;40,4906361;-3,7161379
8483;40,48253337;-3,697622251
8484;40,47455825;-3,7360688
8485;40,49963978;-3,716475302
8486;40,4759519;-3,7160518
8487;40,4754856;-3,717430249
8488;40,4798345;-3,7213849
8489;40,49290155;-3,713736808
8490;40,47770814;-3,719164594
8491;40,4759519;-3,7160518
8492;40,426213;-3,7009931
8493;40,47667044;-3,709147155
8494;40,50139973;-3,689576665
8495;40,48850085;-3,726930587
8496;40,426213;-3,7009931
8497;40,426213;-3,7009931
8498;40,50887938;-3,365685365
8499;40,47929631;-3,693955855
8500;40,4906361;-3,7161379
8501;40,426213;-3,7009931
8502;40,5083428;-3,6694346
8503;40,36985985;-3,529074557
8504;40,4759519;-3,7160518
8505;40,4759519;-3,7160518
8506;40,4763479;-3,7463215
8507;40,4823375;-3,7201037
8508;40,4811906;-3,7185665
8509;40,47324173;-3,723345752
8510;40,47324173;-3,723345752
8511;40,4759519;-3,7160518
8512;40,4759519;-3,7160518
8513;40,4759519;-3,7160518
8514;40,426213;-3,7009931
8515;40,5083428;-3,6694346
8516;40,47578116;-3,736704575
8517;40,47578116;-3,736704575
8518;40,47578116;-3,736704575
8519;40,47324173;-3,723345752
8520;40,34495517;-3,809835458
8521;40,4803943;-3,7198363
8522;40,50524679;-3,675897019
8523;40,4895829;-3,730294636
8524;40,4759519;-3,7160518
8525;40,4774958;-3,7426018
8526;40,426213;-3,7009931
8527;40,4906361;-3,7161379
8528;40,4759519;-3,7160518
8529;40,4759519;-3,7160518
8530;40,4759519;-3,7160518
8531;40,5205538;-3,7780738
8532;40,4759519;-3,7160518
8533;40,426213;-3,7009931
8534;40,47007247;-3,715766336
8535;40,4759519;-3,7160518
8536;40,4759519;-3,7160518
8537;40,4759519;-3,7160518
8538;40,426213;-3,7009931
8539;40,47973365;-3,742820985
8540;40,47824091;-3,743114003
8541;40,426213;-3,7009931
8542;40,4906361;-3,7161379
8543;40,4759519;-3,7160518
8544;40,47929631;-3,693955855
8545;40,47824091;-3,743114003
8546;40,426213;-3,7009931
8547;40,4906361;-3,7161379
8548;40,426213;-3,7009931
8549;40,426213;-3,7009931
8550;40,50524679;-3,675897019
8551;40,47264414;-3,706513903
8552;40,48439059;-3,692046295
8553;40,48439059;-3,692046295
8554;40,426213;-3,7009931
8555;40,4759519;-3,7160518
8556;40,35889287;-3,700850076
8557;40,4021568;-3,7511015
8558;40,39275845;-3,765306361
8559;40,39227022;-3,743170559
8560;40,3958933;-3,7437976
8561;40,4093544;-3,7337422
8562;40,4123198;-3,728817441
8563;40,40287519;-3,751605069
8564;40,37978805;-3,7904755
8565;40,4021568;-3,7511015
8566;40,4021568;-3,7511015
8567;40,4093544;-3,7337422
8568;40,3958933;-3,7437976
8569;40,3941145;-3,7398193
8570;40,39514951;-3,739568815
8571;40,4021568;-3,7511015
8572;40,40991802;-3,735947623
8573;40,40794075;-3,751091705
8574;40,40794075;-3,751091705
8575;40,37743305;-3,779590425
8576;40,3985422;-3,759940845
8577;40,39503689;-3,770705125
8578;40,39817449;-3,739595202
8579;40,39104479;-3,744636929
8580;40,39259701;-3,743022369
8581;40,4088423;-3,741056122
8582;40,4047241;-3,7395646
8583;40,37890229;-3,783818461
8584;40,3981343;-3,7721426
8585;40,392356;-3,7571096
8586;40,4104745;-3,732117145
8587;40,4093544;-3,7337422
8588;40,392356;-3,7571096
8589;40,39549327;-3,748670348
8590;40,392356;-3,7571096
8591;40,392356;-3,7571096
8592;40,40423856;-3,756362578
8593;40,4093544;-3,7337422
8594;40,41152388;-3,732142349
8595;40,39104479;-3,744636929
8596;40,40711613;-3,732192728
8597;40,4093544;-3,7337422
8598;40,4093544;-3,7337422
8599;40,4055102;-3,753340731
8600;40,40374866;-3,746093294
8601;40,38505051;-3,779179367
8602;40,4093544;-3,7337422
8603;40,39503689;-3,770705125
8604;40,3958933;-3,7437976
8605;40,392356;-3,7571096
8606;40,4021568;-3,7511015
8607;40,4021568;-3,7511015
8608;40,392356;-3,7571096
8609;40,39259701;-3,743022369
8610;40,40776901;-3,740278378
8611;40,39469146;-3,763193676
8612;40,37566126;-3,765624278
8613;40,40699141;-3,733185802
8614;40,3959279;-3,7789909
8615;40,37978805;-3,7904755
8616;40,4093544;-3,7337422
8617;40,4021568;-3,7511015
8618;40,39817449;-3,739595202
8619;40,41404849;-3,728965078
8620;40,40657006;-3,739543971
8621;40,4115698;-3,7296267
8622;40,38740589;-3,759186972
8623;40,38791764;-3,7561887
8624;40,392356;-3,7571096
8625;40,40611014;-3,739610828
8626;40,39549327;-3,748670348
8627;40,39903207;-3,729542765
8628;40,37978805;-3,7904755
8629;40,4093544;-3,7337422
8630;40,392356;-3,7571096
8631;40,4049248;-3,7293327
8632;40,4134278;-3,728235
8633;40,4115698;-3,7296267
8634;40,40699141;-3,733185802
8635;40,39549327;-3,748670348
8636;40,3882968;-3,7574187
8637;40,40287519;-3,751605069
8638;40,37566126;-3,765624278
8639;40,3927805;-3,7413505
8640;40,39503689;-3,770705125
8641;40,40699141;-3,733185802
8642;40,40287519;-3,751605069
8643;40,39817408;-3,74420734
8644;40,41125076;-3,728488517
8645;40,40823201;-3,733663629
8646;40,38740589;-3,759186972
8647;40,38740589;-3,759186972
8648;40,38740589;-3,759186972
8649;40,4049248;-3,7293327
8650;40,3949368;-3,7559679
8651;40,38791764;-3,7561887
8652;40,3951784;-3,7603162
8653;40,39549327;-3,748670348
8654;40,40332868;-3,744688575
8655;40,3971612;-3,7416012
8656;40,40198263;-3,735078936
8657;40,39626234;-3,748028553
8658;40,41163075;-3,727445964
8659;40,39275845;-3,765306361
8660;40,39613816;-3,762612994
8661;40,40864605;-3,7385349
8662;40,40287519;-3,751605069
8663;40,39469146;-3,763193676
8664;40,4060182;-3,7369081
8665;40,38791764;-3,7561887
8666;40,4055102;-3,753340731
8667;40,40613416;-3,734173278
8668;40,40629775;-3,752043823
8669;40,40332868;-3,744688575
8670;40,40110506;-3,746598466
8671;40,40326448;-3,742873931
8672;40,39903207;-3,729542765
8673;40,3941145;-3,7398193
8674;40,39817449;-3,739595202
8675;40,39817449;-3,739595202
8676;40,4021568;-3,7511015
8677;40,3868539;-3,7557702
8678;40,39526254;-3,774474117
8679;40,40936766;-3,727240565
8680;40,392356;-3,7571096
8681;40,40326448;-3,742873931
8682;40,39469146;-3,763193676
8683;40,40823201;-3,733663629
8684;40,41514733;-3,725988967
8685;40,4049978;-3,7538261
8686;40,39008506;-3,761180513
8687;40,37377688;-3,776703529
8688;40,38505051;-3,779179367
8689;40,39275845;-3,765306361
8690;40,3927779;-3,751733946
8691;40,38033236;-3,779302524
8692;40,39817449;-3,739595202
8693;40,413339;-3,724903547
8694;40,4054183;-3,745927847
8695;40,3800183;-3,763301364
8696;40,40617622;-3,73440329
8697;40,41020954;-3,727364777
8698;40,37784776;-3,773964381
8699;40,38791764;-3,7561887
8700;40,40611014;-3,739610828
8701;40,40332868;-3,744688575
8702;40,413339;-3,724903547
8703;40,40332868;-3,744688575
8704;40,40657006;-3,739543971
8705;40,40636242;-3,73152409
8706;40,40668395;-3,7337012
8707;40,40402104;-3,741536143
8708;40,37609066;-3,777731192
8709;40,37593941;-3,776619278
8710;40,39307906;-3,773448435
8711;40,39227022;-3,743170559
8712;40,40287519;-3,751605069
8713;40,39817449;-3,739595202
8714;40,40454872;-3,724013573
8715;40,4095861;-3,73282769
8716;40,39769415;-3,748366525
8717;40,37335773;-3,766876239
8718;40,37985621;-3,790688109
8719;40,40970352;-3,732914787
8720;40,40970352;-3,732914787
8721;40,41163075;-3,727445964
8722;40,3927779;-3,751733946
8723;40,4121001;-3,7274336
8724;40,40613416;-3,734173278
8725;40,29982005;-3,811802896
8726;40,37978805;-3,7904755
8727;40,39817449;-3,739595202
8728;40,39526254;-3,774474117
8729;40,4055102;-3,753340731
8730;40,40657006;-3,739543971
8731;40,39817449;-3,739595202
8732;40,39626234;-3,748028553
8733;40,38648552;-3,755165414
8734;40,39275845;-3,765306361
8735;40,38648552;-3,755165414
8736;40,40571791;-3,746657306
8737;40,40571791;-3,746657306
8738;40,40571791;-3,746657306
8739;40,40571791;-3,746657306
8740;40,40571791;-3,746657306
8741;40,37981064;-3,787897313
8742;40,39817449;-3,739595202
8743;40,37981064;-3,787897313
8744;40,37981064;-3,787897313
8745;40,37981064;-3,787897313
8746;40,39469146;-3,763193676
8747;40,40287519;-3,751605069
8748;40,40864605;-3,7385349
8749;40,3961538;-3,7407268
8750;40,4126768;-3,730008559
8751;40,41083865;-3,731030909
8752;40,41083865;-3,731030909
8753;40,41083865;-3,731030909
8754;40,37981064;-3,787897313
8755;40,37981064;-3,787897313
8756;40,37981064;-3,787897313
8757;40,37981064;-3,787897313
8758;40,39876821;-3,774440066
8759;40,39769415;-3,748366525
8760;40,4087968;-3,74499853
8761;40,38740589;-3,759186972
8762;40,3925627;-3,756144
8763;40,39549327;-3,748670348
8764;40,4093544;-3,7337422
8765;40,3842968;-3,754258356
8766;40,392356;-3,7571096
8767;40,40323696;-3,73892973
8768;40,38948505;-3,762019177
8769;40,401207;-3,745721
8770;40,3958933;-3,7437976
8771;40,4093544;-3,7337422
8772;40,4088423;-3,741056122
8773;40,39011734;-3,74216259
8774;40,37916608;-3,776871043
8775;40,3951784;-3,7603162
8776;40,38315373;-3,770521684
8777;40,392356;-3,7571096
8778;40,39275845;-3,765306361
8779;40,3872562;-3,7563238
8780;40,3966257;-3,7769977
8781;40,37244094;-3,773992592
8782;40,37957737;-3,784475066
8783;40,41020954;-3,727364777
8784;40,3927779;-3,751733946
8785;40,4093544;-3,7337422
8786;40,40703735;-3,749968944
8787;40,40636242;-3,73152409
8788;40,4081617;-3,7225812
8789;40,4048042;-3,75113407
8790;40,41030351;-3,728148969
8791;40,37244094;-3,773992592
8792;40,40073155;-3,745781187
8793;40,40210402;-3,741087173
8794;40,3927039;-3,750379
8795;40,4021568;-3,7511015
8796;40,37978805;-3,7904755
8797;40,40764591;-3,733987212
8798;40,37978805;-3,7904755
8799;40,37978805;-3,7904755
8800;40,33275793;-3,774258284
8801;40,40235145;-3,745189744
8802;40,40936766;-3,727240565
8803;40,41152388;-3,732142349
8804;40,39817449;-3,739595202
8805;40,38505051;-3,779179367
8806;40,4121001;-3,7274336
8807;40,40250426;-3,729335104
8808;40,3876779;-3,7572171
8809;40,40764591;-3,733987212
8810;40,39626234;-3,748028553
8811;40,41181427;-3,727973948
8812;40,40198263;-3,735078936
8813;40,39528525;-3,706925632
8814;40,3917346;-3,7528519
8815;40,3868368;-3,7565844
8816;40,40764591;-3,733987212
8817;40,4021568;-3,7511015
8818;40,39619502;-3,772058018
8819;40,3968048;-3,76922046
8820;40,41269669;-3,728824973
8821;40,39121642;-3,737705202
8822;40,40083821;-3,748481291
8823;40,4092285;-3,736979651
8824;40,413339;-3,724903547
8825;40,40768484;-3,732185253
8826;40,40530689;-3,743622459
8827;40,37377688;-3,776703529
8828;40,37957737;-3,784475066
8829;40,3927779;-3,751733946
8830;40,3845368;-3,75178418
8831;40,40853896;-3,731712733
8832;40,40636242;-3,73152409
8833;40,4068115;-3,734896839
8834;40,37978805;-3,7904755
8835;40,4068115;-3,734896839
8836;40,4068115;-3,734896839
8837;40,3961538;-3,7407268
8838;40,4049978;-3,7538261
8839;40,37784776;-3,773964381
8840;40,40636242;-3,73152409
8841;40,38648552;-3,755165414
8842;40,40235145;-3,745189744
8843;40,38740589;-3,759186972
8844;40,3853744;-3,7574862
8845;40,37978805;-3,7904755
8846;40,3853744;-3,7574862
8847;40,3853744;-3,7574862
8848;40,40768484;-3,732185253
8849;40,38740589;-3,759186972
8850;40,3927779;-3,751733946
8851;40,3927805;-3,7413505
8852;40,39008506;-3,761180513
8853;40,37985621;-3,790688109
8854;40,38740589;-3,759186972
8855;40,3802166;-3,794699
8856;40,33031944;-3,860827182
8857;40,37978805;-3,7904755
8858;40,39626234;-3,748028553
8859;40,39817449;-3,739595202
8860;40,37978805;-3,7904755
8861;40,41181427;-3,727973948
8862;40,4068115;-3,734896839
8863;40,39373786;-3,780562914
8864;40,37784776;-3,773964381
8865;40,40326448;-3,742873931
8866;40,4055102;-3,753340731
8867;40,37978805;-3,7904755
8868;40,40764591;-3,733987212
8869;40,41055074;-3,732288016
8870;40,40235145;-3,745189744
8871;40,457749;-3,7827941
8872;40,42108832;-3,714520224
8873;40,4767654;-3,65907378
8874;40,4350196;-3,719236
8875;40,46080715;-3,778702503
8876;40,4722862;-3,828990487
8877;40,4601462;-3,7966
8878;40,457749;-3,7827941
8879;40,4335363;-3,72282823
8880;40,45908809;-3,794168093
8881;40,4296433;-3,7221178
8882;40,4656604;-3,7775539
8883;40,46249571;-3,726172599
8884;40,4350196;-3,719236
8885;40,46694;-3,78715495
8886;40,42861597;-3,717238651
8887;40,4307266;-3,7161715
8888;40,46694;-3,78715495
8889;40,46694;-3,78715495
8890;40,4350196;-3,719236
8891;40,4710073;-3,8119061
8892;40,4259466;-3,7148806
8893;40,4710073;-3,8119061
8894;40,4712927;-3,749590906
8895;40,46694;-3,78715495
8896;40,4601462;-3,7966
8897;40,4707391;-3,8147577
8898;40,4601462;-3,7966
8899;40,42999989;-3,718367403
8900;40,46694;-3,78715495
8901;40,4457616;-3,785989
8902;40,4722857;-3,7343675
8903;40,443792;-3,726423
8904;40,457749;-3,7827941
8905;40,457749;-3,7827941
8906;40,4686163;-3,7298022
8907;40,45467924;-3,782992233
8908;40,4221054;-3,7150141
8909;40,4350196;-3,719236
8910;40,443792;-3,726423
8911;40,44600117;-3,713494044
8912;40,46694;-3,78715495
8913;40,4246501;-3,7129961
8914;40,443792;-3,726423
8915;40,4340772;-3,7182329
8916;40,42619952;-3,716045242
8917;40,4664887;-3,7231616
8918;40,42715044;-3,720013093
8919;40,457749;-3,7827941
8920;40,4307266;-3,7161715
8921;40,45872581;-3,781371786
8922;40,4307266;-3,7161715
8923;40,4307266;-3,7161715
8924;40,4730433;-3,827954226
8925;40,46957882;-3,72065675
8926;40,457749;-3,7827941
8927;40,46694;-3,78715495
8928;40,46694;-3,78715495
8929;40,4649188;-3,7165189
8930;40,42824141;-3,718087357
8931;40,4350196;-3,719236
8932;40,4297998;-3,714811607
8933;40,4241907;-3,75585802
8934;40,4722862;-3,828990487
8935;40,42137955;-3,717405601
8936;40,4297998;-3,714811607
8937;40,42137955;-3,717405601
8938;40,43119664;-3,720189663
8939;40,4211289;-3,71624925
8940;40,4241907;-3,75585802
8941;40,4722862;-3,828990487
8942;40,46728691;-3,784650791
8943;40,4730433;-3,827954226
8944;40,4619795;-3,72270465
8945;40,443792;-3,726423
8946;40,4350196;-3,719236
8947;40,4730433;-3,827954226
8948;40,45464652;-3,796201401
8949;40,457749;-3,7827941
8950;40,46403893;-3,806489235
8951;40,47196996;-3,828623103
8952;40,4307266;-3,7161715
8953;40,4649188;-3,7165189
8954;40,4663724;-3,7915868
8955;40,4350196;-3,719236
8956;40,4283434;-3,7176358
8957;40,46694;-3,78715495
8958;40,4776058;-3,8350562
8959;40,46987587;-3,726290745
8960;40,46694;-3,78715495
8961;40,46145149;-3,710640713
8962;40,443792;-3,726423
8963;40,4748333;-3,8221998
8964;40,42250226;-3,717892666
8965;40,4350196;-3,719236
8966;40,43029039;-3,721324543
8967;40,4748333;-3,8221998
8968;40,4496391;-3,7813084
8969;40,45052724;-3,713717235
8970;40,46013235;-3,762697425
8971;40,43119664;-3,720189663
8972;40,44716245;-3,740554
8973;40,40666773;-3,575301841
8974;40,6387703;-3,5112904
8975;40,443792;-3,726423
8976;40,42715044;-3,720013093
8977;40,45646214;-3,78640069
8978;40,4350196;-3,719236
8979;40,47398314;-3,748815752
8980;40,4307266;-3,7161715
8981;40,4350196;-3,719236
8982;40,468519;-3,7954961
8983;40,42715044;-3,720013093
8984;40,424191;-3,7123333
8985;40,4483981;-3,7276234
8986;40,4259466;-3,7148806
8987;40,4761801;-3,830561029
8988;40,453778;-3,7167614
8989;40,4722862;-3,828990487
8990;40,42824141;-3,718087357
8991;40,4727929;-3,832407
8992;40,47253145;-3,747329104
8993;40,42570565;-3,712659739
8994;40,43029039;-3,721324543
8995;40,4465094;-3,7880008
8996;40,3663414;-3,600018
8997;40,4283434;-3,7176358
8998;40,47021222;-3,779759587
8999;40,4350196;-3,719236
9000;40,457749;-3,7827941
9001;40,4307266;-3,7161715
9002;40,46006;-3,7984565
9003;40,4350196;-3,719236
9004;40,421045;-3,717301106
9005;40,2813665;-3,9101873
9006;40,46987587;-3,726290745
9007;40,44828508;-3,712605553
9008;40,4480648;-3,7152011
9009;40,443792;-3,726423
9010;40,4544886;-3,7165643
9011;40,4246501;-3,7129961
9012;40,46993814;-3,727498075
9013;40,443792;-3,726423
9014;40,457749;-3,7827941
9015;40,4350196;-3,719236
9016;40,4350196;-3,719236
9017;40,4748333;-3,8221998
9018;40,46649465;-3,726456957
9019;40,46987587;-3,726290745
9020;40,4350196;-3,719236
9021;40,4307266;-3,7161715
9022;40,42669174;-3,729886306
9023;40,46987587;-3,726290745
9024;40,4350196;-3,719236
9025;40,4649188;-3,7165189
9026;40,4216839;-3,7145107
9027;40,42999989;-3,718367403
9028;40,457749;-3,7827941
9029;40,42999989;-3,718367403
9030;40,44716245;-3,740554
9031;40,46694;-3,78715495
9032;40,4693736;-3,719056761
9033;40,42250226;-3,717892666
9034;40,45908809;-3,794168093
9035;40,42715044;-3,720013093
9036;40,4702414;-3,789081199
9037;40,457749;-3,7827941
9038;40,4350196;-3,719236
9039;40,42882019;-3,731183228
9040;40,4350196;-3,719236
9041;40,45700263;-3,791235298
9042;40,4307266;-3,7161715
9043;40,4601462;-3,7966
9044;40,4350196;-3,719236
9045;40,4730137;-3,8194859
9046;40,4221054;-3,7150141
9047;40,4689274;-3,727737785
9048;40,4689274;-3,727737785
9049;40,45437914;-3,791796827
9050;40,4767654;-3,65907378
9051;40,46892306;-3,731361266
9052;40,6367484;-4,0198393
9053;40,443792;-3,726423
9054;40,4468414;-3,7113239
9055;40,42999989;-3,718367403
9056;40,4293141;-3,7166375
9057;40,44654331;-3,714618223
9058;40,42918885;-3,71833507
9059;40,46694;-3,78715495
9060;40,4686163;-3,7298022
9061;40,42669174;-3,729886306
9062;40,4577868;-3,7118442
9063;40,4213813;-3,716315044
9064;40,45606037;-3,717063582
9065;40,42120524;-3,716979864
9066;40,460064;-3,7828553
9067;40,42861597;-3,717238651
9068;40,44719486;-3,778493045
9069;40,46993814;-3,727498075
9070;40,4221054;-3,7150141
9071;40,47398314;-3,748815752
9072;40,4624855;-3,720541641
9073;40,46694;-3,78715495
9074;40,46168982;-3,796719099
9075;40,45837944;-3,781236132
9076;40,46145149;-3,710640713
9077;40,4720437;-3,7872492
9078;40,43029039;-3,721324543
9079;40,42715044;-3,720013093
9080;40,4350196;-3,719236
9081;40,421778;-3,7141642
9082;40,40666773;-3,575301841
9083;40,42108832;-3,714520224
9084;40,46694;-3,78715495
9085;40,421778;-3,7141642
9086;40,4320892;-3,7199543
9087;40,46987587;-3,726290745
9088;40,4601462;-3,7966
9089;40,43029039;-3,721324543
9090;40,4655969;-3,7111767
9091;40,47021222;-3,779759587
9092;40,45908809;-3,794168093
9093;40,4241907;-3,75585802
9094;40,42120524;-3,716979864
9095;40,42220115;-3,722440263
9096;40,46188405;-3,774431594
9097;40,4679161;-3,7194852
9098;40,46188405;-3,774431594
9099;40,443792;-3,726423
9100;40,45700263;-3,791235298
9101;40,42567794;-3,713606769
9102;40,4350196;-3,719236
9103;40,4722862;-3,828990487
9104;40,47112939;-3,766107222
9105;40,46694;-3,78715495
9106;40,457749;-3,7827941
9107;40,42120524;-3,716979864
9108;40,42824141;-3,718087357
9109;40,457749;-3,7827941
9110;40,457749;-3,7827941
9111;40,4307266;-3,7161715
9112;40,47029316;-3,820284663
9113;40,4722862;-3,828990487
9114;40,47029316;-3,820284663
9115;40,47029316;-3,820284663
9116;40,45765319;-3,781016839
9117;40,4219711;-3,716067968
9118;40,4702414;-3,789081199
9119;40,460611;-3,7803395
9120;40,460611;-3,7803395
9121;40,44772195;-3,716614867
9122;40,47029316;-3,820284663
9123;40,45908809;-3,794168093
9124;40,2863209;-3,79390155
9125;40,47327955;-3,830120735
9126;40,4649188;-3,7165189
9127;40,46943556;-3,72240861
9128;40,4307266;-3,7161715
9129;40,42741227;-3,728256914
9130;40,46943556;-3,72240861
9131;40,46145149;-3,710640713
9132;40,46145149;-3,710640713
9133;40,46943556;-3,72240861
9134;40,46188405;-3,774431594
9135;40,46188405;-3,774431594
9136;40,4307266;-3,7161715
9137;40,4307266;-3,7161715
9138;40,4748333;-3,8221998
9139;40,4350196;-3,719236
9140;40,457749;-3,7827941
9141;40,035927;-3,591249834
9142;40,4634248;-3,7709701
9143;40,457749;-3,7827941
9144;40,46188405;-3,774431594
9145;40,46188405;-3,774431594
9146;40,46943556;-3,72240861
9147;40,460611;-3,7803395
9148;40,460611;-3,7803395
9149;40,460611;-3,7803395
9150;40,460611;-3,7803395
9151;40,45839658;-3,793263144
9152;40,457749;-3,7827941
9153;40,45839658;-3,793263144
9154;40,4767654;-3,65907378
9155;40,46694;-3,78715495
9156;40,4686163;-3,7298022
9157;40,4307266;-3,7161715
9158;40,47021222;-3,779759587
9159;40,4599187;-3,7999086
9160;40,45536937;-3,716106112
9161;40,46252438;-3,723857609
9162;40,4267826;-3,7177694
9163;40,4633596;-3,7732911
9164;40,4631617;-3,771625
9165;40,4631617;-3,771625
9166;40,4767389;-3,8292742
9167;40,4350196;-3,719236
9168;40,46364877;-3,776764003
9169;40,4631617;-3,771625
9170;40,4633596;-3,7732911
9171;40,4631617;-3,771625
9172;40,4668213;-3,7674423
9173;40,4668213;-3,7674423
9174;40,4668213;-3,7674423
9175;40,4668213;-3,7674423
9176;40,4668213;-3,7674423
9177;40,4668213;-3,7674423
9178;40,4221054;-3,7150141
9179;40,4722862;-3,828990487
9180;40,42108832;-3,714520224
9181;40,43029039;-3,721324543
9182;40,43157445;-3,723433041
9183;40,46987587;-3,726290745
9184;40,4350196;-3,719236
9185;40,4350196;-3,719236
9186;40,4722862;-3,828990487
9187;40,42535572;-3,712538121
9188;40,43157445;-3,723433041
9189;40,4710073;-3,8119061
9190;40,4521528;-3,7656396
9191;40,4221054;-3,7150141
9192;40,4221054;-3,7150141
9193;40,42479582;-3,728805749
9194;40,42861597;-3,717238651
9195;40,4722862;-3,828990487
9196;40,4690163;-3,8109511
9197;40,43253791;-3,719145175
9198;40,42120524;-3,716979864
9199;40,4722862;-3,828990487
9200;40,4350196;-3,719236
9201;40,45606037;-3,717063582
9202;40,46694;-3,78715495
9203;40,4350196;-3,719236
9204;40,44535224;-3,785708624
9205;40,4350196;-3,719236
9206;40,45837944;-3,781236132
9207;40,4350196;-3,719236
9208;40,42525385;-3,714636988
9209;40,4509877;-3,712973192
9210;40,4722862;-3,828990487
9211;40,4654947;-3,7662935
9212;40,36634135;-3,600018038
9213;40,42824141;-3,718087357
9214;40,4283434;-3,7176358
9215;40,457749;-3,7827941
9216;40,4307266;-3,7161715
9217;40,4283434;-3,7176358
9218;40,4307266;-3,7161715
9219;40,39960655;-3,765135337
9220;40,46694;-3,78715495
9221;40,46162376;-3,721600037
9222;40,4722862;-3,828990487
9223;40,44828508;-3,712605553
9224;40,46366476;-3,711232764
9225;40,42120524;-3,716979864
9226;40,4462854;-3,7135045
9227;40,42824141;-3,718087357
9228;40,42220115;-3,722440263
9229;40,4221054;-3,7150141
9230;40,4642232;-3,7665333
9231;40,4307266;-3,7161715
9232;40,42055465;-3,716719791
9233;40,43056029;-3,719657225
9234;40,4457616;-3,785989
9235;40,4730433;-3,827954226
9236;40,42120524;-3,716979864
9237;40,457749;-3,7827941
9238;40,46694;-3,78715495
9239;40,47021222;-3,779759587
9240;40,4718826;-3,728344781
9241;40,46694;-3,78715495
9242;40,4350196;-3,719236
9243;40,4468792;-3,784794
9244;40,4655937;-3,792433287
9245;40,4276393;-3,729103158
9246;40,4612682;-3,801557174
9247;40,42385875;-3,713801081
9248;40,4649188;-3,7165189
9249;40,457749;-3,7827941
9250;40,42824141;-3,718087357
9251;40,4642513;-3,7224288
9252;40,4722862;-3,828990487
9253;40,44763882;-3,710246731
9254;40,42813136;-3,733460443
9255;40,42861597;-3,717238651
9256;40,4664658;-3,7643398
9257;40,4307266;-3,7161715
9258;40,36634135;-3,600018038
9259;40,42277385;-3,713273363
9260;40,42120524;-3,716979864
9261;40,4221054;-3,7150141
9262;40,4711015;-3,7222422
9263;40,42108832;-3,714520224
9264;40,45464652;-3,796201401
9265;40,4259466;-3,7148806
9266;40,46364877;-3,776764003
9267;40,46364877;-3,776764003
9268;40,4761652;-3,8305458
9269;40,42120524;-3,716979864
9270;40,46364877;-3,776764003
9271;40,471568;-3,7892184
9272;40,45440668;-3,76953861
9273;40,46364877;-3,776764003
9274;40,46987587;-3,726290745
9275;40,42220115;-3,722440263
9276;40,4730433;-3,827954226
9277;40,46513942;-3,729069731
9278;40,4259466;-3,7148806
9279;40,4350196;-3,719236
9280;40,45606037;-3,717063582
9281;40,443792;-3,726423
9282;40,46694;-3,78715495
9283;40,42669174;-3,729886306
9284;40,4771993;-3,8302697
9285;40,4259466;-3,7148806
9286;40,460611;-3,7803395
9287;40,4244413;-3,712847265
9288;40,42570565;-3,712659739
9289;40,44772195;-3,716614867
9290;40,4216561;-3,715976677
9291;40,44763882;-3,710246731
9292;40,46029598;-3,768855084
9293;40,42120524;-3,716979864
9294;40,45765512;-3,780029054
9295;40,42999989;-3,718367403
9296;40,45908809;-3,794168093
9297;40,460611;-3,7803395
9298;40,457749;-3,7827941
9299;40,4307266;-3,7161715
9300;40,4642646;-3,717729
9301;40,44600117;-3,713494044
9302;40,46331336;-3,789730525
9303;40,4307266;-3,7161715
9304;40,469153;-3,7263489
9305;40,42479582;-3,728805749
9306;40,44719486;-3,778493045
9307;40,44763882;-3,710246731
9308;40,46571674;-3,721576809
9309;40,4350196;-3,719236
9310;40,4730433;-3,827954226
9311;40,42120524;-3,716979864
9312;40,47021222;-3,779759587
9313;40,42570565;-3,712659739
9314;40,42120524;-3,716979864
9315;40,46649465;-3,726456957
9316;40,4722862;-3,828990487
9317;40,4722862;-3,828990487
9318;40,42083545;-3,715779245
9319;40,4259466;-3,7148806
9320;40,4350196;-3,719236
9321;40,42108832;-3,714520224
9322;40,4722862;-3,828990487
9323;40,4350196;-3,719236
9324;40,4350196;-3,719236
9325;40,4350196;-3,719236
9326;40,4720437;-3,7872492
9327;40,46694;-3,78715495
9328;40,4722862;-3,828990487
9329;40,46618235;-3,730124483
9330;40,46694;-3,78715495
9331;40,4350196;-3,719236
9332;40,4722862;-3,828990487
9333;40,4748333;-3,8221998
9334;40,42120524;-3,716979864
9335;40,43029039;-3,721324543
9336;40,46876965;-3,795619996
9337;40,4642232;-3,7665333
9338;40,4679161;-3,7194852
9339;40,4748333;-3,8221998
9340;40,4776058;-3,8350562
9341;40,42450544;-3,721952424
9342;40,42120524;-3,716979864
9343;40,46694;-3,78715495
9344;40,45859977;-3,765705967
9345;40,4631617;-3,771625
9346;40,4631617;-3,771625
9347;40,4631617;-3,771625
9348;40,47421914;-3,820008314
9349;40,4656604;-3,7775539
9350;40,4689274;-3,727737785
9351;40,4350196;-3,719236
9352;40,474233;-3,7468742
9353;40,42120524;-3,716979864
9354;40,47398314;-3,748815752
9355;40,43157445;-3,723433041
9356;40,4569699;-3,785706839
9357;40,45440668;-3,76953861
9358;40,457749;-3,7827941
9359;40,46694;-3,78715495
9360;40,45606037;-3,717063582
9361;40,42535572;-3,712538121
9362;40,42894593;-3,717493144
9363;40,4722862;-3,828990487
9364;40,4722862;-3,828990487
9365;40,4687237;-3,8064666
9366;40,4722862;-3,828990487
9367;40,457749;-3,7827941
9368;40,47417295;-3,82349927
9369;40,443792;-3,726423
9370;40,42450544;-3,721952424
9371;40,45440668;-3,76953861
9372;40,4722862;-3,828990487
9373;40,42715044;-3,720013093
9374;40,4722862;-3,828990487
9375;40,4350196;-3,719236
9376;40,4350196;-3,719236
9377;40,44719486;-3,778493045
9378;40,46280599;-3,793010928
9379;40,46882571;-3,735313002
9380;40,4771791;-3,830158171
9381;40,45440668;-3,76953861
9382;40,45437914;-3,791796827
9383;40,47398314;-3,748815752
9384;40,4688299;-3,767317
9385;40,4686163;-3,7298022
9386;40,4707391;-3,8147577
9387;40,469738;-3,727879
9388;40,4707391;-3,8147577
9389;40,469738;-3,727879
9390;40,46694;-3,78715495
9391;40,44828508;-3,712605553
9392;40,4350196;-3,719236
9393;40,4729613;-3,7495597
9394;40,468519;-3,7954961
9395;40,2863209;-3,79390155
9396;40,457749;-3,7827941
9397;40,47398314;-3,748815752
9398;40,469738;-3,727879
9399;40,4049138;-3,6367075
9400;40,4074288;-3,649456
9401;40,4051965;-3,6415467
9402;40,4119951;-3,6575338
9403;40,4005425;-3,6352111
9404;40,399161;-3,6462064
9405;40,410464;-3,648496801
9406;40,41429215;-3,658962811
9407;40,40838595;-3,643906479
9408;40,41530395;-3,657871715
9409;40,4025815;-3,642808054
9410;40,4051315;-3,6417327
9411;40,39936366;-3,640892801
9412;40,40591775;-3,648037412
9413;40,40786865;-3,650208094
9414;40,4119951;-3,6575338
9415;40,4075081;-3,6436362
9416;40,4075081;-3,6436362
9417;40,4038221;-3,647318676
9418;40,39936366;-3,640892801
9419;40,40424174;-3,637179369
9420;40,41146744;-3,655991327
9421;40,40808698;-3,654778785
9422;40,41105665;-3,645398106
9423;40,4076165;-3,64179813
9424;40,4002971;-3,646511787
9425;40,41050696;-3,651318512
9426;40,41025745;-3,634705146
9427;40,39936366;-3,640892801
9428;40,4038221;-3,647318676
9429;40,41050696;-3,651318512
9430;40,39817011;-3,6330593
9431;40,4002971;-3,646511787
9432;40,40675629;-3,651761638
9433;40,40942518;-3,631656051
9434;40,4119951;-3,6575338
9435;40,399161;-3,6462064
9436;40,40342458;-3,626802257
9437;40,40495185;-3,63073645
9438;40,40353797;-3,648502759
9439;40,3998878;-3,643401011
9440;40,4038221;-3,647318676
9441;40,41993892;-3,657570045
9442;40,4051965;-3,6415467
9443;40,3976861;-3,6427738
9444;40,41672285;-3,657951665
9445;40,3976861;-3,6427738
9446;40,3976861;-3,6427738
9447;40,3976861;-3,6427738
9448;40,4067996;-3,648433915
9449;40,39936366;-3,640892801
9450;40,40769449;-3,639854454
9451;40,41079784;-3,647340007
9452;40,4076165;-3,64179813
9453;40,41124971;-3,652088383
9454;40,41079784;-3,647340007
9455;40,40556791;-3,651090517
9456;40,39936366;-3,640892801
9457;40,40516929;-3,644565797
9458;40,4038221;-3,647318676
9459;40,40922725;-3,643265939
9460;40,4038221;-3,647318676
9461;40,40591775;-3,648037412
9462;40,41127508;-3,643718891
9463;40,3976861;-3,6427738
9464;40,40808698;-3,654778785
9465;40,399161;-3,6462064
9466;40,4119951;-3,6575338
9467;40,40863685;-3,642315758
9468;40,4025624;-3,648401839
9469;40,40275225;-3,648399702
9470;40,40811835;-3,644557076
9471;40,39936366;-3,640892801
9472;40,41133105;-3,637130723
9473;40,39876675;-3,640680677
9474;40,3985743;-3,640494918
9475;40,40769449;-3,639854454
9476;40,40424174;-3,637179369
9477;40,40742827;-3,649457335
9478;40,40965932;-3,654490869
9479;40,40965932;-3,654490869
9480;40,40887745;-3,660915879
9481;40,4076165;-3,64179813
9482;40,40241745;-3,647324298
9483;40,40424174;-3,637179369
9484;40,40556791;-3,651090517
9485;40,41993892;-3,657570045
9486;40,4067996;-3,648433915
9487;40,39936366;-3,640892801
9488;40,39936366;-3,640892801
9489;40,4075081;-3,6436362
9490;40,39770934;-3,640212478
9491;40,3976861;-3,6427738
9492;40,4038221;-3,647318676
9493;40,38094395;-3,671127652
9494;40,3847811;-3,6521531
9495;40,3854556;-3,671715659
9496;40,3855174;-3,6720329
9497;40,39163105;-3,664316752
9498;40,38446835;-3,672078821
9499;40,3784298;-3,666448353
9500;40,38298268;-3,67153806
9501;40,3705309;-3,65952364
9502;40,42164306;-3,881709776
9503;40,3843873;-3,6710302
9504;40,29624494;-3,455077725
9505;40,3974962;-3,6631316
9506;40,29624494;-3,455077725
9507;40,3833946;-3,671088564
9508;40,3711957;-3,6593191
9509;40,39635016;-3,663697975
9510;40,37118625;-3,6577715
9511;40,39635016;-3,663697975
9512;40,42164306;-3,881709776
9513;40,38350365;-3,672993238
9514;40,40508589;-3,661938093
9515;40,29624494;-3,455077725
9516;40,38369505;-3,673023068
9517;40,3753784;-3,6676157
9518;40,39305688;-3,668383686
9519;40,3790449;-3,6717573
9520;40,38298268;-3,67153806
9521;40,139117;-3,6547366
9522;40,40220354;-3,658073567
9523;40,3868601;-3,6591803
9524;40,3995283;-3,6596765
9525;40,42164306;-3,881709776
9526;40,3890309;-3,6573217
9527;40,39365905;-3,670601559
9528;40,3867006;-3,652543289
9529;40,3857453;-3,6520135
9530;40,3918991;-3,668708488
9531;40,3882119;-3,669768301
9532;40,3882267;-3,667325447
9533;40,3777403;-3,663649026
9534;40,3995283;-3,6596765
9535;40,3851845;-3,6525089
9536;40,3922796;-3,6674239
9537;40,3918668;-3,636100431
9538;40,3868601;-3,6591803
9539;40,39046735;-3,666471546
9540;40,3995283;-3,6596765
9541;40,40099898;-3,663683231
9542;40,38169791;-3,645106277
9543;40,3922796;-3,6674239
9544;40,3992045;-3,664729
9545;40,384139;-3,6680301
9546;40,38868502;-3,667760201
9547;40,3868601;-3,6591803
9548;40,3868601;-3,6591803
9549;40,3922796;-3,6674239
9550;40,3975547;-3,6660911
9551;40,39072652;-3,668880063
9552;40,39607711;-3,658977153
9553;40,39344015;-3,667751686
9554;40,3868601;-3,6591803
9555;40,39606851;-3,670197185
9556;40,3868601;-3,6591803
9557;40,38568368;-3,668070624
9558;40,39706367;-3,664019145
9559;40,3922796;-3,6674239
9560;40,3804236;-3,6688721
9561;40,4831669;-3,362716816
9562;40,3927067;-3,6647635
9563;40,3954389;-3,6704033
9564;40,3868601;-3,6591803
9565;40,40154178;-3,663580049
9566;40,39293715;-3,67129805
9567;40,390509;-3,6689479
9568;40,3910377;-3,6649391
9569;40,3917726;-3,6666871
9570;40,39257065;-3,670065233
9571;40,38974077;-3,670860593
9572;40,5545091;-3,32971335
9573;40,37669768;-3,666271342
9574;40,3992045;-3,664729
9575;40,3804236;-3,6688721
9576;40,39997864;-3,666990674
9577;40,38466499;-3,639036954
9578;40,40099898;-3,663683231
9579;40,3868601;-3,6591803
9580;40,29624494;-3,455077725
9581;40,3918668;-3,636100431
9582;40,3868601;-3,6591803
9583;40,3868601;-3,6591803
9584;40,3868601;-3,6591803
9585;40,3790449;-3,6717573
9586;40,3922796;-3,6674239
9587;40,3868601;-3,6591803
9588;40,3868601;-3,6591803
9589;40,3868601;-3,6591803
9590;40,38760305;-3,656242643
9591;40,39628735;-3,667799352
9592;40,38842309;-3,666040827
9593;40,3868601;-3,6591803
9594;40,38429786;-3,640411337
9595;40,40322826;-3,656868664
9596;40,709368;-4,0758511
9597;40,3839984;-3,668701081
9598;40,38787025;-3,665215673
9599;40,3868601;-3,6591803
9600;40,3868601;-3,6591803
9601;40,3868601;-3,6591803
9602;40,3868601;-3,6591803
9603;40,3848792;-3,652493
9604;40,3827392;-3,6711107
9605;40,40099898;-3,663683231
9606;40,3799176;-3,6686632
9607;40,37907416;-3,675417003
9608;40,3829847;-3,6715416
9609;40,3868601;-3,6591803
9610;40,3739638;-3,6704247
9611;40,3868601;-3,6591803
9612;40,3868601;-3,6591803
9613;40,3995283;-3,6596765
9614;40,3981626;-3,661049011
9615;40,3885149;-3,6481018
9616;40,3738488;-3,6614648
9617;40,39607711;-3,658977153
9618;40,3829023;-3,6643453
9619;40,391914;-3,6393995
9620;40,3821307;-3,6661249
9621;40,3922796;-3,6674239
9622;40,3809257;-3,6750617
9623;40,3868601;-3,6591803
9624;40,3964798;-3,6636152
9625;40,3864959;-3,654427313
9626;40,4043967;-3,6601023
9627;40,3929037;-3,6681113
9628;40,3790816;-3,665461
9629;40,3830391;-3,666138
9630;40,3911067;-3,6686157
9631;40,38942835;-3,670701884
9632;40,3967776;-3,662963425
9633;40,3868601;-3,6591803
9634;40,3948825;-3,668128223
9635;40,3922796;-3,6674239
9636;40,3868601;-3,6591803
9637;40,40286923;-3,657279733
9638;40,3993657;-3,664381
9639;40,3867085;-3,6388382
9640;40,3957896;-3,645719501
9641;40,3778188;-3,6616495
9642;40,3858964;-3,6671681
9643;40,383033;-3,646899597
9644;40,3863961;-3,670586332
9645;40,39191938;-3,645049585
9646;40,3831504;-3,6721482
9647;40,3855151;-3,6387491
9648;40,3965654;-3,6697503
9649;40,39688389;-3,657586818
9650;40,378749;-3,6698993
9651;40,3778188;-3,6616495
9652;40,4483662;-3,5957495
9653;40,4022033;-3,6541784
9654;40,38760305;-3,656242643
9655;40,3910131;-3,6631256
9656;40,376125;-3,6685776
9657;40,3920767;-3,6714295
9658;40,39968657;-3,664112587
9659;40,39893645;-3,667856485
9660;40,384139;-3,6680301
9661;40,3866389;-3,6578546
9662;40,3868601;-3,6591803
9663;40,3925989;-3,664023
9664;40,3886373;-3,6704425
9665;40,3868601;-3,6591803
9666;40,3868601;-3,6591803
9667;40,3868601;-3,6591803
9668;40,3846191;-3,6676996
9669;40,3945449;-3,6442975
9670;40,40381265;-3,661046249
9671;40,4022542;-3,6651282
9672;40,3886373;-3,6704425
9673;40,3834025;-3,6632399
9674;40,4043967;-3,6601023
9675;40,38394641;-3,64609643
9676;40,391914;-3,6393995
9677;40,3917125;-3,6642689
9678;40,5545091;-3,32971335
9679;40,3857527;-3,6524245
9680;40,3861742;-3,6329556
9681;40,39688389;-3,657586818
9682;40,39603889;-3,645032309
9683;40,3839984;-3,668701081
9684;40,3877868;-3,6540601
9685;40,3993657;-3,664381
9686;40,3995283;-3,6596765
9687;40,3868601;-3,6591803
9688;40,3944673;-3,6693235
9689;40,384139;-3,6680301
9690;40,3868601;-3,6591803
9691;40,39569446;-3,660478023
9692;40,3947476;-3,6686926
9693;40,38604;-3,6403474
9694;40,3899494;-3,651816
9695;40,38568368;-3,668070624
9696;40,3975547;-3,6660911
9697;40,3904174;-3,8499637
9698;40,3810309;-3,6317406
9699;40,3982863;-3,6522487
9700;40,39191938;-3,645049585
9701;40,3867085;-3,6388382
9702;40,3982863;-3,6522487
9703;40,3922381;-3,6649773
9704;40,3790816;-3,665461
9705;40,3790816;-3,665461
9706;40,39109141;-3,640512483
9707;40,4004266;-3,65859074
9708;40,3858964;-3,6671681
9709;40,3784373;-3,666437
9710;40,396583;-3,6498899
9711;40,3939003;-3,6501282
9712;40,3932925;-3,6697386
9713;40,3918786;-3,66196785
9714;40,3867085;-3,6388382
9715;40,39688389;-3,657586818
9716;40,3897082;-3,6480999
9717;40,3738488;-3,6614648
9718;40,3874867;-3,6626328
9719;40,39072652;-3,668880063
9720;40,3925285;-3,6700813
9721;40,3812548;-3,658977
9722;40,39144719;-3,636674392
9723;40,3875826;-3,6451971
9724;40,3867085;-3,6388382
9725;40,3866788;-3,665738
9726;40,3882488;-3,6504326
9727;40,40154178;-3,663580049
9728;40,3790195;-3,6600461
9729;40,380461;-3,6703095
9730;40,3876566;-3,663549
9731;40,3910131;-3,6631256
9732;40,3868601;-3,6591803
9733;40,3874867;-3,6626328
9734;40,3875826;-3,6451971
9735;40,39867761;-3,665929655
9736;40,3873299;-3,6515944
9737;40,3868601;-3,6591803
9738;40,3790195;-3,6600461
9739;40,380748;-3,6562544
9740;40,3856462;-3,6567261
9741;40,3825193;-3,6669315
9742;40,3917125;-3,6642689
9743;40,3993657;-3,664381
9744;40,3790195;-3,6600461
9745;40,3853981;-3,6399207
9746;40,29624494;-3,455077725
9747;40,3830924;-3,6738828
9748;40,3814023;-3,64501396
9749;40,384139;-3,6680301
9750;40,38040185;-3,637771172
9751;40,38924332;-3,657374799
9752;40,45565881;-3,711069046
9753;40,39033985;-3,666396318
9754;40,38414218;-3,629299868
9755;40,3826302;-3,671179225
9756;40,38853308;-3,670317767
9757;40,3925285;-3,6700813
9758;40,38642075;-3,667165242
9759;40,3876566;-3,663549
9760;40,3814786;-3,6693421
9761;40,3815908;-3,6546322
9762;40,3868601;-3,6591803
9763;40,3925285;-3,6700813
9764;40,40508589;-3,661938093
9765;40,3810309;-3,6317406
9766;40,38040185;-3,637771172
9767;40,38911215;-3,661342475
9768;40,39499873;-3,660509279
9769;40,40322826;-3,656868664
9770;40,39456181;-3,660638495
9771;40,38042849;-3,651926471
9772;40,384139;-3,6680301
9773;40,39144719;-3,636674392
9774;40,3868601;-3,6591803
9775;40,379077;-3,66355398
9776;40,3995283;-3,6596765
9777;40,39191938;-3,645049585
9778;40,3810309;-3,6317406
9779;40,3868601;-3,6591803
9780;40,40508589;-3,661938093
9781;40,3974903;-3,6644994
9782;40,39293715;-3,67129805
9783;40,38921816;-3,670028123
9784;40,38201617;-3,670925237
9785;40,38661447;-3,657768961
9786;40,40075745;-3,651489654
9787;40,3868601;-3,6591803
9788;40,38052065;-3,660584344
9789;40,383977;-3,6384832
9790;40,38394641;-3,64609643
9791;40,40508589;-3,661938093
9792;40,3810309;-3,6317406
9793;40,4899079;-3,378312686
9794;40,38125332;-3,670740367
9795;40,38924332;-3,657374799
9796;40,38924332;-3,657374799
9797;40,3995283;-3,6596765
9798;40,40103392;-3,660387419
9799;40,31196495;-3,724831784
9800;40,3886373;-3,6704425
9801;40,3974903;-3,6644994
9802;40,3974903;-3,6644994
9803;40,39347864;-3,657163964
9804;40,3992045;-3,664729
9805;40,3868141;-3,669840343
9806;40,3867085;-3,6388382
9807;40,3868601;-3,6591803
9808;40,139117;-3,6547366
9809;40,3969714;-3,6594559
9810;40,38699085;-3,638240244
9811;40,3886373;-3,6704425
9812;40,38921816;-3,670028123
9813;40,38579328;-3,667261552
9814;40,40012295;-3,664187513
9815;40,38394641;-3,64609643
9816;40,3868601;-3,6591803
9817;40,39491902;-3,667957497
9818;40,3910131;-3,6631256
9819;40,39997864;-3,666990674
9820;40,384139;-3,6680301
9821;40,3867085;-3,6388382
9822;40,38768935;-3,669008968
9823;40,39688389;-3,657586818
9824;40,38394641;-3,64609643
9825;40,39072652;-3,668880063
9826;40,3925285;-3,6700813
9827;40,3974903;-3,6644994
9828;40,3925285;-3,6700813
9829;40,3917726;-3,6666871
9830;40,3953006;-3,671688
9831;40,39081505;-3,647185668
9832;40,3917726;-3,6666871
9833;40,3886373;-3,6704425
9834;40,30325237;-3,475268935
9835;40,31196495;-3,724831784
9836;40,39088;-3,669384
9837;40,39255785;-3,670410498
9838;40,3922796;-3,6674239
9839;40,38921816;-3,670028123
9840;40,38921816;-3,670028123
9841;40,3995662;-3,6656189
9842;40,37609856;-3,668549174
9843;40,3821307;-3,6661249
9844;40,3863365;-3,6626344
9845;40,3868601;-3,6591803
9846;40,37935104;-3,658637416
9847;40,39456181;-3,660638495
9848;40,40467835;-3,661998646
9849;40,3807149;-3,674485675
9850;40,3922796;-3,6674239
9851;40,384139;-3,6680301
9852;40,38866319;-3,668591056
9853;40,3995283;-3,6596765
9854;40,45565881;-3,711069046
9855;40,39222735;-3,66009185
9856;40,3938371;-3,661939095
9857;40,3876566;-3,663549
9858;40,3965654;-3,6697503
9859;40,3965654;-3,6697503
9860;40,58722156;-3,781887594
9861;40,38645508;-3,669471597
9862;40,39688389;-3,657586818
9863;40,39688389;-3,657586818
9864;40,40043279;-3,663256856
9865;40,4643278;-3,721480357
9866;40,4643278;-3,721480357
9867;40,4643278;-3,721480357
9868;40,384139;-3,6680301
9869;40,39390288;-3,617661984
9870;40,58492954;-3,996339598
9871;40,39390288;-3,617661984
9872;40,39390288;-3,617661984
9873;40,39390288;-3,617661984
9874;40,39390288;-3,617661984
9875;40,3868601;-3,6591803
9876;40,38309098;-3,633227858
9877;40,3882488;-3,6504326
9878;40,4048522;-3,6618797
9879;40,4048522;-3,6618797
9880;40,38309098;-3,633227858
9881;40,38309098;-3,633227858
9882;40,38309098;-3,633227858
9883;40,39204859;-3,639551444
9884;40,38040185;-3,637771172
9885;40,3922381;-3,6649773
9886;40,38042849;-3,651926471
9887;40,39390288;-3,617661984
9888;40,3900048;-3,646754
9889;40,3922796;-3,6674239
9890;40,3808683;-3,650216391
9891;40,3913273;-3,6692713
9892;40,3856043;-3,667637566
9893;40,3930246;-3,6680908
9894;40,3868601;-3,6591803
9895;40,4038178;-3,66058569
9896;40,3858407;-3,63835677
9897;40,3868601;-3,6591803
9898;40,3918668;-3,636100431
9899;40,39635016;-3,663697975
9900;40,3908151;-3,662195165
9901;40,3931467;-3,665115
9902;40,3914249;-3,6685782
9903;40,42164306;-3,881709776
9904;40,38634035;-3,665233468
9905;40,3868601;-3,6591803
9906;40,3958627;-3,669291618
9907;40,39313595;-3,671555394
9908;40,39499873;-3,660509279
9909;40,380387;-3,6540998
9910;40,3876013;-3,670106815
9911;40,3922796;-3,6674239
9912;40,3821341;-3,6664303
9913;40,3922381;-3,6649773
9914;40,39569575;-3,665335348
9915;40,3868601;-3,6591803
9916;40,40322616;-3,664144693
9917;40,3868601;-3,6591803
9918;40,3911067;-3,6686157
9919;40,38568368;-3,668070624
9920;40,3992045;-3,664729
9921;40,3868601;-3,6591803
9922;40,3865851;-3,668725598
9923;40,404429;-3,6599962
9924;40,40381265;-3,661046249
9925;40,39499873;-3,660509279
9926;40,38579328;-3,667261552
9927;40,38887375;-3,662559135
9928;40,3982863;-3,6522487
9929;40,3868601;-3,6591803
9930;40,4037401;-3,6579065
9931;40,3868601;-3,6591803
9932;40,3993657;-3,664381
9933;40,3868601;-3,6591803
9934;40,38911215;-3,661342475
9935;40,3739638;-3,6704247
9936;40,3922796;-3,6674239
9937;40,3739638;-3,6704247
9938;40,3904768;-3,6688222
9939;40,3868141;-3,669840343
9940;40,39041658;-3,642763968
9941;40,4038439;-3,657802
9942;40,3974903;-3,6644994
9943;40,39825008;-3,660958233
9944;40,39688389;-3,657586818
9945;40,40197643;-3,661184262
9946;40,38394641;-3,64609643
9947;40,3868601;-3,6591803
9948;40,38058311;-3,638977056
9949;40,389923;-3,653236779
9950;40,3868601;-3,6591803
9951;40,39956074;-3,658889855
9952;40,39144719;-3,636674392
9953;40,3993657;-3,664381
9954;40,139117;-3,6547366
9955;40,3911414;-3,667245
9956;40,39873636;-3,665165692
9957;40,3737189;-3,626932113
9958;40,38369505;-3,673023068
9959;40,3879612;-3,6536704
9960;40,3821341;-3,6664303
9961;40,38568368;-3,668070624
9962;40,384139;-3,6680301
9963;40,3918668;-3,636100431
9964;40,3850948;-3,6376752
9965;40,38394641;-3,64609643
9966;40,39688389;-3,657586818
9967;40,3921259;-3,6702318
9968;40,3969714;-3,6594559
9969;40,384139;-3,6680301
9970;40,3790195;-3,6600461
9971;40,39209529;-3,663592485
9972;40,393666;-3,657956
9973;40,3925989;-3,664023
9974;40,380906;-3,634480596
9975;40,3918555;-3,66833335
9976;40,3925285;-3,6700813
9977;40,38040185;-3,637771172
9978;40,3882488;-3,6504326
9979;40,38627997;-3,655610428
9980;40,39606667;-3,669387525
9981;40,3911067;-3,6686157
9982;40,38895472;-3,669201324
9983;40,39257065;-3,670065233
9984;40,4182942;-3,6740052
9985;40,33281135;-3,84294105
9986;40,42111572;-3,663210908
9987;40,4111495;-3,6760566
9988;40,4111495;-3,6760566
9989;40,4157858;-3,6800067
9990;40,41708709;-3,688874444
9991;40,40383696;-3,677092635
9992;40,42256619;-3,678854399
9993;40,40264405;-3,675516284
9994;40,40519869;-3,677067059
9995;40,4035403;-3,679671348
9996;40,4189526;-3,6737251
9997;40,4111495;-3,6760566
9998;40,4189526;-3,6737251
9999;40,4111495;-3,6760566
10000;40,4127571;-3,6902954
10001;40,41807484;-3,673857544
10002;40,4189526;-3,6737251
10003;40,4166599;-3,674540437
10004;40,40298775;-3,671467788
10005;40,4183416;-3,6746229
10006;40,4111495;-3,6760566
10007;40,4111495;-3,6760566
10008;40,4111495;-3,6760566
10009;40,4189526;-3,6737251
10010;40,4111495;-3,6760566
10011;40,4189526;-3,6737251
10012;40,403496;-3,672260852
10013;40,40825335;-3,680330539
10014;40,4160929;-3,6892674
10015;40,41666709;-3,672911813
10016;40,4189526;-3,6737251
10017;40,4111495;-3,6760566
10018;40,4091686;-3,6696989
10019;40,4152822;-3,6887684
10020;40,4189526;-3,6737251
10021;40,3945278;-3,6837102
10022;40,4111495;-3,6760566
10023;40,42111572;-3,663210908
10024;40,4201916;-3,672646354
10025;40,4019026;-3,6709579
10026;40,55588265;-3,32426695
10027;40,41807484;-3,673857544
10028;40,4189526;-3,6737251
10029;40,4189526;-3,6737251
10030;40,4189526;-3,6737251
10031;40,45651009;-3,445982201
10032;40,40487866;-3,675620803
10033;40,4013961;-3,6748832
10034;40,4111495;-3,6760566
10035;40,41936357;-3,674579195
10036;40,4125735;-3,6890288
10037;40,41807484;-3,673857544
10038;40,42283033;-3,677405738
10039;40,4189526;-3,6737251
10040;40,4013961;-3,6748832
10041;40,18885569;-3,772480002
10042;40,418309;-3,6736927
10043;40,41807484;-3,673857544
10044;40,40459895;-3,680303977
10045;40,418775;-3,6763941
10046;40,4111495;-3,6760566
10047;40,35169491;-3,68866936
10048;40,4189526;-3,6737251
10049;40,4189526;-3,6737251
10050;40,41936357;-3,674579195
10051;40,42283033;-3,677405738
10052;40,4040429;-3,6807522
10053;40,40271375;-3,671781505
10054;40,49311725;-3,8658013
10055;40,41292276;-3,669775188
10056;40,4111495;-3,6760566
10057;40,40531158;-3,678615237
10058;40,4183416;-3,6746229
10059;40,4013961;-3,6748832
10060;40,4013961;-3,6748832
10061;40,4183416;-3,6746229
10062;40,4038646;-3,677642594
10063;40,4019026;-3,6709579
10064;40,4189526;-3,6737251
10065;40,4189526;-3,6737251
10066;40,4111495;-3,6760566
10067;40,4189526;-3,6737251
10068;40,4110941;-3,6737205
10069;40,40254454;-3,682887655
10070;40,4111495;-3,6760566
10071;40,4152822;-3,6887684
10072;40,4160929;-3,6892674
10073;40,4134344;-3,6903574
10074;40,41804626;-3,689710372
10075;40,4189526;-3,6737251
10076;40,4189526;-3,6737251
10077;40,4019026;-3,6709579
10078;40,42283033;-3,677405738
10079;40,4183416;-3,6746229
10080;40,4189526;-3,6737251
10081;40,4110941;-3,6737205
10082;40,41807484;-3,673857544
10083;40,41804626;-3,689710372
10084;40,4160929;-3,6892674
10085;40,4111495;-3,6760566
10086;40,4189526;-3,6737251
10087;40,4111495;-3,6760566
10088;40,41292276;-3,669775188
10089;40,42283033;-3,677405738
10090;40,42283033;-3,677405738
10091;40,41654731;-3,690516888
10092;40,41807484;-3,673857544
10093;40,4119861;-3,675643
10094;40,4183416;-3,6746229
10095;40,40374908;-3,682766286
10096;40,42091996;-3,683644633
10097;40,4160929;-3,6892674
10098;40,4111495;-3,6760566
10099;40,4117618;-3,6669977
10100;40,51833137;-3,921391047
10101;40,40536736;-3,684497564
10102;40,42091996;-3,683644633
10103;40,49311725;-3,8658013
10104;40,42091996;-3,683644633
10105;40,41804626;-3,689710372
10106;40,417027;-3,675094
10107;40,4019026;-3,6709579
10108;40,40523667;-3,676912763
10109;40,40519869;-3,677067059
10110;40,4189526;-3,6737251
10111;40,40536736;-3,684497564
10112;40,4214328;-3,676759
10113;40,41666709;-3,672911813
10114;40,4189526;-3,6737251
10115;40,41807484;-3,673857544
10116;40,41804626;-3,689710372
10117;40,4160929;-3,6892674
10118;40,4110941;-3,6737205
10119;40,42111572;-3,663210908
10120;40,4183416;-3,6746229
10121;40,4183416;-3,6746229
10122;40,4110941;-3,6737205
10123;40,4028146;-3,6689091
10124;40,4139555;-3,6900599
10125;40,41734806;-3,671504869
10126;40,42111572;-3,663210908
10127;40,40555605;-3,679560468
10128;40,40190575;-3,668814261
10129;40,4208535;-3,677496
10130;40,4056924;-3,67886182
10131;40,4100084;-3,6734821
10132;40,40487866;-3,675620803
10133;40,4152822;-3,6887684
10134;40,41348336;-3,676989086
10135;40,4201916;-3,672646354
10136;40,40734205;-3,67687945
10137;40,4042973;-3,6811007
10138;40,40446567;-3,674614453
10139;40,4189526;-3,6737251
10140;40,4078503;-3,6793543
10141;40,4147661;-3,6903145
10142;40,4111495;-3,6760566
10143;40,41807484;-3,673857544
10144;40,4111495;-3,6760566
10145;40,41743765;-3,67743894
10146;40,4160929;-3,6892674
10147;40,4019026;-3,6709579
10148;40,417071;-3,675661
10149;40,40734205;-3,67687945
10150;40,41936357;-3,674579195
10151;40,4183416;-3,6746229
10152;40,42111572;-3,663210908
10153;40,4174959;-3,6913082
10154;40,4147661;-3,6903145
10155;40,4148535;-3,6831943
10156;40,41371186;-3,668895034
10157;40,41807484;-3,673857544
10158;40,42283033;-3,677405738
10159;40,4013961;-3,6748832
10160;40,40696994;-3,68204739
10161;40,4183416;-3,6746229
10162;40,40932916;-3,674603748
10163;40,4111495;-3,6760566
10164;40,42283033;-3,677405738
10165;40,41807484;-3,673857544
10166;40,40041315;-3,668594388
10167;40,4111495;-3,6760566
10168;40,4075923;-3,6716693
10169;40,42283033;-3,677405738
10170;40,42111572;-3,663210908
10171;40,4189526;-3,6737251
10172;40,41654731;-3,690516888
10173;40,40932916;-3,674603748
10174;40,4183416;-3,6746229
10175;40,4016227;-3,6715256
10176;40,4124879;-3,662949855
10177;40,4189526;-3,6737251
10178;40,4189526;-3,6737251
10179;40,4189526;-3,6737251
10180;40,42283033;-3,677405738
10181;40,4183416;-3,6746229
10182;40,4183416;-3,6746229
10183;40,4164151;-3,6897654
10184;40,4183416;-3,6746229
10185;40,33281135;-3,84294105
10186;40,40813147;-3,690348921
10187;40,42283033;-3,677405738
10188;40,3989746;-3,6735968
10189;40,4111495;-3,6760566
10190;40,4110941;-3,6737205
10191;40,42283033;-3,677405738
10192;40,42111572;-3,663210908
10193;40,4189526;-3,6737251
10194;40,4199139;-3,667318
10195;40,4089581;-3,6764306
10196;40,4189526;-3,6737251
10197;40,41348336;-3,676989086
10198;40,4089581;-3,6764306
10199;40,41831785;-3,689534221
10200;40,40383696;-3,677092635
10201;40,4197586;-3,6670521
10202;40,4176158;-3,6716069
10203;40,40707045;-3,669279788
10204;40,4089581;-3,6764306
10205;40,4183416;-3,6746229
10206;40,42283033;-3,677405738
10207;40,4208535;-3,677496
10208;40,421218;-3,673185
10209;40,40536736;-3,684497564
10210;40,4111495;-3,6760566
10211;40,42111572;-3,663210908
10212;40,42091996;-3,683644633
10213;40,41048875;-3,667718881
10214;40,4111495;-3,6760566
10215;40,4134344;-3,6903574
10216;40,40445146;-3,674291638
10217;40,4111495;-3,6760566
10218;40,41674725;-3,676915235
10219;40,4189526;-3,6737251
10220;40,4189526;-3,6737251
10221;40,42283033;-3,677405738
10222;40,4111495;-3,6760566
10223;40,42283033;-3,677405738
10224;40,41807484;-3,673857544
10225;40,4208535;-3,677496
10226;40,4189526;-3,6737251
10227;40,4100655;-3,6645272
10228;40,42283033;-3,677405738
10229;40,41292276;-3,669775188
10230;40,40523667;-3,676912763
10231;40,4189526;-3,6737251
10232;40,4189526;-3,6737251
10233;40,4111495;-3,6760566
10234;40,415072;-3,6932785
10235;40,4002746;-3,6695695
10236;40,4110941;-3,6737205
10237;40,40569763;-3,675178665
10238;40,4013961;-3,6748832
10239;40,4110941;-3,6737205
10240;40,4110941;-3,6737205
10241;40,4189526;-3,6737251
10242;40,4063155;-3,6818307
10243;40,4111495;-3,6760566
10244;40,417836;-3,6617174
10245;40,403613;-3,675244495
10246;40,4189526;-3,6737251
10247;40,4043976;-3,6681663
10248;40,4189526;-3,6737251
10249;40,42283033;-3,677405738
10250;40,4013961;-3,6748832
10251;40,41760898;-3,676296696
10252;40,4111495;-3,6760566
10253;40,42111572;-3,663210908
10254;40,3978077;-3,6720753
10255;40,4208716;-3,678986
10256;40,3847633;-4,2549122
10257;40,42283033;-3,677405738
10258;40,42111572;-3,663210908
10259;40,4111495;-3,6760566
10260;40,4020241;-3,6700377
10261;40,4013961;-3,6748832
10262;40,4117618;-3,6669977
10263;40,4110941;-3,6737205
10264;40,4019026;-3,6709579
10265;40,4189526;-3,6737251
10266;40,4111495;-3,6760566
10267;40,4013961;-3,6748832
10268;40,39770805;-3,694298673
10269;40,4013961;-3,6748832
10270;40,4111495;-3,6760566
10271;40,4111495;-3,6760566
10272;40,41807484;-3,673857544
10273;40,4111495;-3,6760566
10274;40,4019026;-3,6709579
10275;40,4152822;-3,6887684
10276;40,4110941;-3,6737205
10277;40,40523667;-3,676912763
10278;40,405388;-3,6823675
10279;40,4189526;-3,6737251
10280;40,4177513;-3,6729907
10281;40,4111495;-3,6760566
10282;40,42283033;-3,677405738
10283;40,42091996;-3,683644633
10284;40,41807484;-3,673857544
10285;40,41807484;-3,673857544
10286;40,4087176;-3,6817157
10287;40,41884;-3,68968355
10288;40,41807484;-3,673857544
10289;40,42283033;-3,677405738
10290;40,40696994;-3,68204739
10291;40,41760898;-3,676296696
10292;40,4020241;-3,6700377
10293;40,41112653;-3,675650214
10294;40,41760898;-3,676296696
10295;40,4117618;-3,6669977
10296;40,40734205;-3,67687945
10297;40,40932916;-3,674603748
10298;40,41700265;-3,672790193
10299;40,4210403;-3,6742599
10300;40,4143958;-3,6696729
10301;40,4087176;-3,6817157
10302;40,4019026;-3,6709579
10303;40,4134344;-3,6903574
10304;40,42111572;-3,663210908
10305;40,4111495;-3,6760566
10306;40,4111495;-3,6760566
10307;40,41936357;-3,674579195
10308;40,4032497;-3,677911649
10309;40,4019026;-3,6709579
10310;40,40437205;-3,678766494
10311;40,4170521;-3,6754269
10312;40,49311725;-3,8658013
10313;40,4032497;-3,677911649
10314;40,4170521;-3,6754269
10315;40,40279645;-3,682883109
10316;40,4110941;-3,6737205
10317;40,4111495;-3,6760566
10318;40,4189526;-3,6737251
10319;40,40469585;-3,680240495
10320;40,41437187;-3,668921899
10321;40,42256619;-3,678854399
10322;40,40750115;-3,671569312
10323;40,42111572;-3,663210908
10324;40,41348336;-3,676989086
10325;40,4201916;-3,672646354
10326;40,4032522;-3,682243604
10327;40,4111495;-3,6760566
10328;40,4069652;-3,683888425
10329;40,4183416;-3,6746229
10330;40,42283033;-3,677405738
10331;40,42111572;-3,663210908
10332;40,42283033;-3,677405738
10333;40,4183416;-3,6746229
10334;40,4174146;-3,6716276
10335;40,4199717;-3,6669425
10336;40,4196006;-3,6763182
10337;40,41381355;-3,669314579
10338;40,4124879;-3,662949855
10339;40,4111495;-3,6760566
10340;40,4091932;-3,6679025
10341;40,4189526;-3,6737251
10342;40,4111495;-3,6760566
10343;40,40190575;-3,668814261
10344;40,4013961;-3,6748832
10345;40,44166363;-3,460477831
10346;40,41734806;-3,671504869
10347;40,408318;-3,680894894
10348;40,41807484;-3,673857544
10349;40,4194483;-3,6784806
10350;40,40437135;-3,674620041
10351;40,42111572;-3,663210908
10352;40,40696994;-3,68204739
10353;40,4183416;-3,6746229
10354;40,41936357;-3,674579195
10355;40,40625045;-3,677428346
10356;40,41807484;-3,673857544
10357;40,41991083;-3,668958254
10358;40,4164691;-3,668196829
10359;40,40932916;-3,674603748
10360;40,40588995;-3,674531298
10361;40,18885569;-3,772480002
10362;40,4189526;-3,6737251
10363;40,4205596;-3,6745546
10364;40,41437187;-3,668921899
10365;40,4111495;-3,6760566
10366;40,42283033;-3,677405738
10367;40,4111495;-3,6760566
10368;40,4110941;-3,6737205
10369;40,40487866;-3,675620803
10370;40,41292276;-3,669775188
10371;40,4087176;-3,6817157
10372;40,40734205;-3,67687945
10373;40,42091996;-3,683644633
10374;40,4062289;-3,6675322
10375;40,4201916;-3,672646354
10376;40,4111495;-3,6760566
10377;40,40523667;-3,676912763
10378;40,51833137;-3,921391047
10379;40,4189526;-3,6737251
10380;40,41748645;-3,67678036
10381;40,4111495;-3,6760566
10382;40,40306875;-3,676214232
10383;40,42283033;-3,677405738
10384;40,40813147;-3,690348921
10385;40,42283033;-3,677405738
10386;40,40734205;-3,67687945
10387;40,4013961;-3,6748832
10388;40,4211388;-3,6630925
10389;40,41292276;-3,669775188
10390;40,41807484;-3,673857544
10391;40,40569763;-3,675178665
10392;40,42111572;-3,663210908
10393;40,41292276;-3,669775188
10394;40,4178896;-3,6714677
10395;40,4111495;-3,6760566
10396;40,4160929;-3,6892674
10397;40,4189526;-3,6737251
10398;40,40519869;-3,677067059
10399;40,40041315;-3,668594388
10400;40,41113085;-3,667386062
10401;40,42111572;-3,663210908
10402;40,4053715;-3,6675693
10403;40,41807484;-3,673857544
10404;40,40536736;-3,684497564
10405;40,4183416;-3,6746229
10406;40,4167198;-3,6697451
10407;40,40536736;-3,684497564
10408;40,42111572;-3,663210908
10409;40,51833137;-3,921391047
10410;40,41760898;-3,676296696
10411;40,41292276;-3,669775188
10412;40,4189526;-3,6737251
10413;40,4111495;-3,6760566
10414;40,41807484;-3,673857544
10415;40,33281135;-3,84294105
10416;40,4189526;-3,6737251
10417;40,49311725;-3,8658013
10418;40,40190575;-3,668814261
10419;40,40479596;-3,671501386
10420;40,4111495;-3,6760566
10421;40,4189526;-3,6737251
10422;40,42070446;-3,672888109
10423;40,55588265;-3,32426695
10424;40,4183416;-3,6746229
10425;40,41278215;-3,671903929
10426;40,40487866;-3,675620803
10427;40,4111495;-3,6760566
10428;40,4152822;-3,6887684
10429;40,4183416;-3,6746229
10430;40,4111495;-3,6760566
10431;40,4189526;-3,6737251
10432;40,41807484;-3,673857544
10433;40,41807484;-3,673857544
10434;40,4111495;-3,6760566
10435;40,4189526;-3,6737251
10436;40,42070446;-3,672888109
10437;40,41864485;-3,676551267
10438;40,42283033;-3,677405738
10439;40,4110941;-3,6737205
10440;40,41936357;-3,674579195
10441;40,4183416;-3,6746229
10442;40,4111495;-3,6760566
10443;40,40696994;-3,68204739
10444;40,4013961;-3,6748832
10445;40,42111572;-3,663210908
10446;40,4134344;-3,6903574
10447;40,4189526;-3,6737251
10448;40,4111495;-3,6760566
10449;40,4111495;-3,6760566
10450;40,4111495;-3,6760566
10451;40,42256619;-3,678854399
10452;40,40536736;-3,684497564
10453;40,40696994;-3,68204739
10454;40,40487866;-3,675620803
10455;40,40536736;-3,684497564
10456;40,42283033;-3,677405738
10457;40,4189526;-3,6737251
10458;40,4110941;-3,6737205
10459;40,4047596;-3,675420047
10460;40,42283033;-3,677405738
10461;40,4019026;-3,6709579
10462;40,4189526;-3,6737251
10463;40,41292276;-3,669775188
10464;40,41807484;-3,673857544
10465;40,4189526;-3,6737251
10466;40,4134251;-3,698790061
10467;40,4111495;-3,6760566
10468;40,41290675;-3,665993203
10469;40,4189526;-3,6737251
10470;40,4110941;-3,6737205
10471;40,4111495;-3,6760566
10472;40,4111495;-3,6760566
10473;40,4189526;-3,6737251
10474;40,4201916;-3,672646354
10475;40,4111495;-3,6760566
10476;40,40881887;-3,686067406
10477;40,51833137;-3,921391047
10478;40,41831785;-3,689534221
10479;40,4189526;-3,6737251
10480;40,42091996;-3,683644633
10481;40,41292276;-3,669775188
10482;40,42091996;-3,683644633
10483;40,42111572;-3,663210908
10484;40,4207926;-3,6794361
10485;40,4013961;-3,6748832
10486;40,36164679;-4,340966022
10487;40,4111495;-3,6760566
10488;40,4189526;-3,6737251
10489;40,4111495;-3,6760566
10490;40,4111495;-3,6760566
10491;40,41615812;-3,673184861
10492;40,41615812;-3,673184861
10493;40,41615812;-3,673184861
10494;40,41804626;-3,689710372
10495;40,4111495;-3,6760566
10496;40,4134344;-3,6903574
10497;40,41807484;-3,673857544
10498;40,4183416;-3,6746229
10499;40,4111495;-3,6760566
10500;40,4201916;-3,672646354
10501;40,44136245;-3,610101478
10502;40,4367886;-3,6226101
10503;40,43491871;-3,623910213
10504;40,44296782;-3,610866134
10505;40,4287785;-3,625593703
10506;40,4416267;-3,6093074
10507;40,4275001;-3,615954
10508;40,4275001;-3,615954
10509;40,42886155;-3,624492758
10510;40,4275001;-3,615954
10511;40,4440324;-3,5843918
10512;40,43758895;-3,613547967
10513;40,43966649;-3,613123758
10514;40,44533006;-3,624073392
10515;40,42640352;-3,622216374
10516;40,4275001;-3,615954
10517;40,4275001;-3,615954
10518;40,42276354;-3,609131834
10519;40,4275001;-3,615954
10520;40,42717992;-3,613730125
10521;40,44018869;-3,618910278
10522;40,43326332;-3,631674495
10523;40,42731825;-3,628461908
10524;40,4435403;-3,582735054
10525;40,42640352;-3,622216374
10526;40,42504958;-3,621993894
10527;40,4275549;-3,6229906
10528;40,4448868;-3,5720332
10529;40,4416267;-3,6093074
10530;40,4275001;-3,615954
10531;40,4257471;-3,6006842
10532;40,4275001;-3,615954
10533;40,4251111;-3,624351
10534;40,42562683;-3,617040323
10535;40,4275001;-3,615954
10536;40,43886348;-3,612098968
10537;40,4275001;-3,615954
10538;40,4448868;-3,5720332
10539;40,4416267;-3,6093074
10540;40,4275001;-3,615954
10541;40,42262509;-3,624678077
10542;40,44173933;-3,619296088
10543;40,42831913;-3,619271256
10544;40,43776921;-3,634759394
10545;40,44383779;-3,613107899
10546;40,44136245;-3,610101478
10547;40,43220783;-3,618531659
10548;40,4448868;-3,5720332
10549;40,42978941;-3,625763328
10550;40,44173933;-3,619296088
10551;40,4305439;-3,6158115
10552;40,41595847;-3,62226471
10553;40,43784581;-3,637165031
10554;40,44424026;-3,633261658
10555;40,42005657;-3,618696702
10556;40,4275001;-3,615954
10557;40,42436428;-3,618875204
10558;40,44621225;-3,576510391
10559;40,44312055;-3,568472641
10560;40,4299535;-3,6233198
10561;40,428311;-3,6186957
10562;40,44621225;-3,576510391
10563;40,422449;-3,6122237
10564;40,4440324;-3,5843918
10565;40,42138024;-3,620707228
10566;40,4416267;-3,6093074
10567;40,4275549;-3,6229906
10568;40,44136245;-3,610101478
10569;40,44739754;-3,577200611
10570;40,4267849;-3,6227985
10571;40,44428733;-3,612827199
10572;40,44636325;-3,541813087
10573;40,42411036;-3,617619864
10574;40,44723349;-3,582441618
10575;40,50826801;-3,89498343
10576;40,43605562;-3,611183046
10577;40,4275001;-3,615954
10578;40,42138024;-3,620707228
10579;40,42462535;-3,62044405
10580;40,44486333;-3,574815083
10581;40,42715838;-3,614743727
10582;40,4269886;-3,6229447
10583;40,43024605;-3,6099883
10584;40,4275001;-3,615954
10585;40,44379847;-3,594994401
10586;40,44580048;-3,575991134
10587;40,44685158;-3,606284148
10588;40,44793582;-3,602061604
10589;40,4297875;-3,6241057
10590;40,44101292;-3,609811548
10591;40,4291487;-3,6278491
10592;40,445764;-3,6076197
10593;40,43886348;-3,612098968
10594;40,42886155;-3,624492758
10595;40,44723349;-3,582441618
10596;40,44018869;-3,618910278
10597;40,42371815;-3,625597952
10598;40,44306315;-3,587486514
10599;40,4309468;-3,6166039
10600;40,43758895;-3,613547967
10601;40,4282148;-3,620756952
10602;40,4469703;-3,6275054
10603;40,43904072;-3,611289049
10604;40,4275001;-3,615954
10605;40,4474192;-3,612003
10606;40,4275001;-3,615954
10607;40,42371815;-3,625597952
10608;40,43220783;-3,618531659
10609;40,44486333;-3,574815083
10610;40,4458723;-3,6281254
10611;40,446628;-3,627317
10612;40,4399513;-3,6125691
10613;40,42138024;-3,620707228
10614;40,44486333;-3,574815083
10615;40,43562161;-3,625533551
10616;40,447451;-3,6311928
10617;40,4187971;-3,617938494
10618;40,42584178;-3,59933125
10619;40,42472416;-3,622527136
10620;40,44508998;-3,614663268
10621;40,44173933;-3,619296088
10622;40,42483323;-3,624563087
10623;40,51023856;-3,895408265
10624;40,44939;-3,5990403
10625;40,43491871;-3,623910213
10626;40,4275549;-3,6229906
10627;40,44326835;-3,585051246
10628;40,4275001;-3,615954
10629;40,4180498;-3,614611
10630;40,4180498;-3,614611
10631;40,44435028;-3,566161017
10632;40,447451;-3,6311928
10633;40,42245933;-3,607793309
10634;40,428311;-3,6186957
10635;40,4276123;-3,6284793
10636;40,44512285;-3,616068548
10637;40,44306588;-3,637225794
10638;40,4315096;-3,61799768
10639;40,444302;-3,6249367
10640;40,44851765;-3,610999505
10641;40,437638;-3,622783377
10642;40,42978941;-3,625763328
10643;40,44173933;-3,619296088
10644;40,42436428;-3,618875204
10645;40,44488723;-3,586977608
10646;40,44989497;-3,599369295
10647;40,44989497;-3,599369295
10648;40,42411036;-3,617619864
10649;40,43534327;-3,609399917
10650;40,428471;-3,6271427
10651;40,44608152;-3,598021921
10652;40,4282148;-3,620756952
10653;40,44486333;-3,574815083
10654;40,4287785;-3,625593703
10655;40,142019;-3,1023031
10656;40,43918648;-3,621947489
10657;40,142019;-3,1023031
10658;40,142019;-3,1023031
10659;40,44563928;-3,636099842
10660;40,4416267;-3,6093074
10661;40,43220433;-3,627336062
10662;40,43220433;-3,627336062
10663;40,43886348;-3,612098968
10664;40,44540217;-3,641738071
10665;40,427055;-3,6172844
10666;40,4273079;-3,6204151
10667;40,4275001;-3,615954
10668;40,44274624;-3,569542326
10669;40,44723349;-3,582441618
10670;40,43220433;-3,627336062
10671;40,43220433;-3,627336062
10672;40,4275001;-3,615954
10673;40,43220433;-3,627336062
10674;40,43220433;-3,627336062
10675;40,43220433;-3,627336062
10676;40,43220433;-3,627336062
10677;40,43220433;-3,627336062
10678;40,43220433;-3,627336062
10679;40,43220433;-3,627336062
10680;40,43904072;-3,611289049
10681;40,43966515;-3,625264649
10682;40,4399892;-3,623700839
10683;40,43220433;-3,627336062
10684;40,44098864;-3,626472306
10685;40,43220433;-3,627336062
10686;40,43220433;-3,627336062
10687;40,43220433;-3,627336062
10688;40,43562161;-3,625533551
10689;40,4468977;-3,541364934
10690;40,43562161;-3,625533551
10691;40,43562161;-3,625533551
10692;40,43562161;-3,625533551
10693;40,43564981;-3,63326452
10694;40,47006509;-3,266437849
10695;40,4408018;-3,8418229
10696;40,44627909;-3,626726655
10697;40,44627909;-3,626726655
10698;40,44627909;-3,626726655
10699;40,44627909;-3,626726655
10700;40,44627909;-3,626726655
10701;40,44344637;-3,623380221
10702;40,4416267;-3,6093074
10703;40,44173933;-3,619296088
10704;40,30672879;-3,736003865
10705;40,43792257;-3,624127993
10706;40,44195111;-3,56903359
10707;40,43491769;-3,627604531
10708;40,4275001;-3,615954
10709;40,4275001;-3,615954
10710;40,44601273;-3,634609073
10711;40,44608152;-3,598021921
10712;40,4448868;-3,5720332
10713;40,44488723;-3,586977608
10714;40,44326835;-3,585051246
10715;40,43562161;-3,625533551
10716;40,42975081;-3,609003201
10717;40,4275001;-3,615954
10718;40,4275001;-3,615954
10719;40,4275549;-3,6229906
10720;40,42701129;-3,630028213
10721;40,43122654;-3,619989135
10722;40,4344341;-3,6183305
10723;40,432916;-3,6248408
10724;40,43411692;-3,629134051
10725;40,43605562;-3,611183046
10726;40,4275549;-3,6229906
10727;40,4296454;-3,630394581
10728;40,4275001;-3,615954
10729;40,43158589;-3,618856559
10730;40,42729639;-3,622856892
10731;40,424467;-3,62216
10732;40,42584178;-3,59933125
10733;40,4435403;-3,582735054
10734;40,5161527;-3,34343155
10735;40,44685158;-3,606284148
10736;40,44094165;-3,607091784
10737;40,4275549;-3,6229906
10738;40,4275001;-3,615954
10739;40,4275001;-3,615954
10740;40,4275001;-3,615954
10741;40,44685158;-3,606284148
10742;40,4251111;-3,624351
10743;40,44326835;-3,585051246
10744;40,4416267;-3,6093074
10745;40,42965951;-3,626478985
10746;40,4446863;-3,5868223
10747;40,43220783;-3,618531659
10748;40,42138024;-3,620707228
10749;40,4435403;-3,582735054
10750;40,44101292;-3,609811548
10751;40,4448868;-3,5720332
10752;40,42022802;-3,606435909
10753;40,42138024;-3,620707228
10754;40,42690774;-3,603361508
10755;40,436694;-3,6184949
10756;40,44098864;-3,626472306
10757;40,44739754;-3,577200611
10758;40,43886348;-3,612098968
10759;40,44486333;-3,574815083
10760;40,44051055;-3,635076351
10761;40,4275549;-3,6229906
10762;40,44551995;-3,615292527
10763;40,44094165;-3,607091784
10764;40,44563928;-3,636099842
10765;40,4275001;-3,615954
10766;40,44723349;-3,582441618
10767;40,43605562;-3,611183046
10768;40,447451;-3,6311928
10769;40,47006509;-3,266437849
10770;40,447451;-3,6311928
10771;40,44488723;-3,586977608
10772;40,42707222;-3,602238821
10773;40,422449;-3,6122237
10774;40,422449;-3,6122237
10775;40,44608152;-3,598021921
10776;40,42384926;-3,602243061
10777;40,4461295;-3,635744476
10778;40,4448868;-3,5720332
10779;40,43699942;-3,634231576
10780;40,4275001;-3,615954
10781;40,50826801;-3,89498343
10782;40,43425724;-3,617380673
10783;40,44481814;-3,570552255
10784;40,43904072;-3,611289049
10785;40,4448868;-3,631505
10786;40,43886348;-3,612098968
10787;40,4315955;-3,6273234
10788;40,4275001;-3,615954
10789;40,42022802;-3,606435909
10790;40,4372583;-3,608317303
10791;40,44570262;-3,608825429
10792;40,44440708;-3,593028668
10793;40,44723349;-3,582441618
10794;40,4416267;-3,6093074
10795;40,29898598;-3,80663112
10796;40,44608152;-3,598021921
10797;40,44440708;-3,593028668
10798;40,43758895;-3,613547967
10799;40,41595847;-3,62226471
10800;40,44101292;-3,609811548
10801;40,44274624;-3,569542326
10802;40,4275001;-3,615954
10803;40,44739754;-3,577200611
10804;40,4469703;-3,6275054
10805;40,44537904;-3,595509916
10806;40,44101292;-3,609811548
10807;40,4275549;-3,6229906
10808;40,4245891;-3,6188556
10809;40,44580048;-3,575991134
10810;40,44793582;-3,602061604
10811;40,44689717;-3,617381909
10812;40,44173933;-3,619296088
10813;40,42701905;-3,61396785
10814;40,447451;-3,6311928
10815;40,4216045;-3,6163232
10816;40,43491769;-3,627604531
10817;40,43491769;-3,627604531
10818;40,43491769;-3,627604531
10819;40,4416267;-3,6093074
10820;40,4448868;-3,5720332
10821;40,44689717;-3,617381909
10822;40,4416267;-3,6093074
10823;40,47626939;-3,370701111
10824;40,4467812;-3,7039643
10825;40,7150319;-3,987361885
10826;40,4467812;-3,7039643
10827;40,5175755;-3,91638165
10828;40,4467812;-3,7039643
10829;40,4594841;-3,6900166
10830;40,45766505;-3,692132972
10831;40,45514898;-3,706230037
10832;40,45283942;-3,694348406
10833;40,4662853;-3,708394994
10834;40,4576221;-3,6952356
10835;40,42746421;-3,689920249
10836;40,4679108;-3,7034226
10837;40,4507241;-3,7053399
10838;40,44802183;-3,696948339
10839;40,4467812;-3,7039643
10840;40,4512501;-3,7089187
10841;40,4602706;-3,7043452
10842;40,4679108;-3,7034226
10843;40,464572;-3,7028003
10844;40,4600218;-3,7092417
10845;40,4500944;-3,707833
10846;40,4576221;-3,6952356
10847;40,4467812;-3,7039643
10848;40,4651304;-3,7020441
10849;40,4602706;-3,7043452
10850;40,28921931;-3,78624905
10851;40,4518471;-3,6977997
10852;40,45102823;-3,708329259
10853;40,45760628;-3,707962677
10854;40,45797654;-3,703251949
10855;40,4583311;-3,6946357
10856;40,4679108;-3,7034226
10857;40,4605781;-3,6982806
10858;40,47034953;-3,699775018
10859;40,46786168;-3,701078779
10860;40,46786168;-3,701078779
10861;40,4663737;-3,7006679
10862;40,45102823;-3,708329259
10863;40,4653926;-3,6929199
10864;40,4679108;-3,7034226
10865;40,4467812;-3,7039643
10866;40,45104527;-3,702548381
10867;40,4679108;-3,7034226
10868;40,453253;-3,7032024
10869;40,46674031;-3,706638098
10870;40,4679108;-3,7034226
10871;40,4679108;-3,7034226
10872;40,42746421;-3,689920249
10873;40,4679108;-3,7034226
10874;40,4518471;-3,6977997
10875;40,46592538;-3,698513794
10876;40,45760628;-3,707962677
10877;40,45776189;-3,701257574
10878;40,457;-3,699294123
10879;40,4467812;-3,7039643
10880;40,4602706;-3,7043452
10881;40,4605781;-3,6982806
10882;40,46158499;-3,694847503
10883;40,4679108;-3,7034226
10884;40,45871793;-3,705877948
10885;40,4540414;-3,7092041
10886;40,46884969;-3,709940311
10887;40,45648334;-3,702109912
10888;40,45906038;-3,717167143
10889;40,4679108;-3,7034226
10890;40,44740625;-3,695935385
10891;40,44623324;-3,693511674
10892;40,44740625;-3,695935385
10893;40,46997232;-3,700057245
10894;40,45104527;-3,702548381
10895;40,46710545;-3,711943169
10896;40,46105005;-3,700611902
10897;40,45283942;-3,694348406
10898;40,677459;-3,9597349
10899;40,4698213;-3,696293
10900;40,46636597;-3,7006113
10901;40,70235406;-4,073586909
10902;40,45102823;-3,708329259
10903;40,46365589;-3,701843972
10904;40,45871793;-3,705877948
10905;40,46997232;-3,700057245
10906;40,44942012;-3,696838041
10907;40,45760628;-3,707962677
10908;40,4600895;-3,6972444
10909;40,4626017;-3,706293
10910;40,46592126;-3,703863519
10911;40,70235406;-4,073586909
10912;40,46710545;-3,711943169
10913;40,45648334;-3,702109912
10914;40,45175015;-3,706598693
10915;40,4679108;-3,7034226
10916;40,4540414;-3,7092041
10917;40,46997232;-3,700057245
10918;40,4580388;-3,7008047
10919;40,46955452;-3,698024753
10920;40,44623324;-3,693511674
10921;40,4521394;-3,706196593
10922;40,4528309;-3,7094014
10923;40,44957449;-3,69835411
10924;40,44896006;-3,700179114
10925;40,4602706;-3,7043452
10926;40,4526848;-3,7072396
10927;40,4612188;-3,706711
10928;40,44942012;-3,696838041
10929;40,46044339;-3,700672641
10930;40,46480641;-3,702056584
10931;40,4602706;-3,7043452
10932;40,4490855;-3,7054466
10933;40,45760628;-3,707962677
10934;40,45175015;-3,706598693
10935;40,4467812;-3,7039643
10936;40,45780374;-3,705181164
10937;40,4522578;-3,7078809
10938;40,4518506;-3,706989339
10939;40,44740625;-3,695935385
10940;40,46506481;-3,694981829
10941;40,42746421;-3,689920249
10942;40,46823694;-3,703030988
10943;40,45526601;-3,707317795
10944;40,45648334;-3,702109912
10945;40,4698213;-3,696293
10946;40,4583311;-3,6946357
10947;40,45760628;-3,707962677
10948;40,45667917;-3,699871729
10949;40,44740625;-3,695935385
10950;40,4602706;-3,7043452
10951;40,45565881;-3,711069046
10952;40,44949786;-3,707887516
10953;40,4470443;-3,6953834
10954;40,45275454;-3,699927228
10955;40,460668;-3,704786
10956;40,4467812;-3,7039643
10957;40,4518471;-3,6977997
10958;40,4589633;-3,7058472
10959;40,4467812;-3,7039643
10960;40,4605781;-3,6982806
10961;40,46356638;-3,704100474
10962;40,4605781;-3,6982806
10963;40,46029157;-3,701632113
10964;40,45766505;-3,692132972
10965;40,4467812;-3,7039643
10966;40,47158579;-3,707255118
10967;40,4467812;-3,7039643
10968;40,46510574;-3,702047624
10969;40,45145501;-3,701448951
10970;40,49118519;-3,357530538
10971;40,4561698;-3,7024392
10972;40,42746421;-3,689920249
10973;40,4467812;-3,7039643
10974;40,44896006;-3,700179114
10975;40,46997232;-3,700057245
10976;40,46158499;-3,694847503
10977;40,70235406;-4,073586909
10978;40,45863523;-3,704775847
10979;40,45008362;-3,704698065
10980;40,4583311;-3,6946357
10981;40,44830297;-3,705209943
10982;40,451787;-3,7049523
10983;40,4594841;-3,6900166
10984;40,46565083;-3,694375535
10985;40,46788698;-3,702176678
10986;40,4583311;-3,6946357
10987;40,4597558;-3,7051239
10988;40,46269045;-3,702378547
10989;40,45008362;-3,704698065
10990;40,47086358;-3,691701459
10991;40,4599653;-3,6997525
10992;40,4576024;-3,7080386
10993;40,4594841;-3,6900166
10994;40,44830297;-3,705209943
10995;40,4192036;-3,7064511
10996;40,4594841;-3,6900166
10997;40,4593058;-3,7009535
10998;40,45648334;-3,702109912
10999;40,4578642;-3,7095712
11000;40,4602706;-3,7043452
11001;40,47034953;-3,699775018
11002;40,46325651;-3,699698234
11003;40,4702144;-3,6917249
11004;40,46884969;-3,709940311
11005;40,4578452;-3,7001299
11006;40,45275454;-3,699927228
11007;40,4698213;-3,696293
11008;40,2044986;-3,8032454
11009;40,45871793;-3,705877948
11010;40,4576024;-3,7080386
11011;40,4605781;-3,6982806
11012;40,46044339;-3,700672641
11013;40,45145501;-3,701448951
11014;40,4698213;-3,696293
11015;40,44830297;-3,705209943
11016;40,44957449;-3,69835411
11017;40,4651304;-3,7020441
11018;40,4679108;-3,7034226
11019;40,46402566;-3,700944406
11020;40,4651304;-3,7020441
11021;40,4519255;-3,704251
11022;40,4679108;-3,7034226
11023;40,4555594;-3,6951559
11024;40,45211835;-3,696322978
11025;40,44740625;-3,695935385
11026;40,4580875;-3,6914446
11027;40,46674031;-3,706638098
11028;40,4594841;-3,6900166
11029;40,4594841;-3,6900166
11030;40,450354;-3,708263384
11031;40,461551;-3,705482
11032;40,45268255;-3,700542327
11033;40,45667917;-3,699871729
11034;40,45766505;-3,692132972
11035;40,45853117;-3,708784129
11036;40,45239582;-3,70599227
11037;40,70235406;-4,073586909
11038;40,44970863;-3,700942584
11039;40,45067586;-3,709519064
11040;40,42746421;-3,689920249
11041;40,45446145;-3,69699372
11042;40,45814423;-3,699730902
11043;40,46697119;-3,70249659
11044;40,45797654;-3,703251949
11045;40,46997232;-3,700057245
11046;40,42746421;-3,689920249
11047;40,44623324;-3,693511674
11048;40,4526848;-3,7072396
11049;40,4660366;-3,689382185
11050;40,45662675;-3,698062491
11051;40,46970043;-3,691674625
11052;40,46127586;-3,700932032
11053;40,4723474;-3,687738421
11054;40,46970043;-3,691674625
11055;40,46710545;-3,711943169
11056;40,4600319;-3,7009022
11057;40,44896006;-3,700179114
11058;40,47073084;-3,698604973
11059;40,4651304;-3,7020441
11060;40,4662853;-3,708394994
11061;40,4662853;-3,708394994
11062;40,44830297;-3,705209943
11063;40,46997232;-3,700057245
11064;40,4581055;-3,7029458
11065;40,45491743;-3,701334232
11066;40,45283942;-3,694348406
11067;40,44737519;-3,701480014
11068;40,44830297;-3,705209943
11069;40,44737519;-3,701480014
11070;40,4654507;-3,7053392
11071;40,4698213;-3,696293
11072;40,46786168;-3,701078779
11073;40,44737519;-3,701480014
11074;40,44942012;-3,696838041
11075;40,47147712;-3,69279041
11076;40,46029157;-3,701632113
11077;40,4605781;-3,6982806
11078;40,2649617;-3,837698201
11079;40,44692785;-3,698174781
11080;40,39450123;-3,647609751
11081;40,4512678;-3,7093198
11082;40,4502714;-3,7045564
11083;40,44970863;-3,700942584
11084;40,45774353;-3,699927316
11085;40,4662853;-3,708394994
11086;40,4679108;-3,7034226
11087;40,46997232;-3,700057245
11088;40,4701406;-3,6895879
11089;40,45283942;-3,694348406
11090;40,46786168;-3,701078779
11091;40,4694836;-3,7031964
11092;40,45760628;-3,707962677
11093;40,4729271;-3,6891877
11094;40,70235406;-4,073586909
11095;40,45648334;-3,702109912
11096;40,4663933;-3,704980929
11097;40,44830297;-3,705209943
11098;40,4518471;-3,6977997
11099;40,4518516;-3,7077096
11100;40,4594841;-3,6900166
11101;40,4712116;-3,694458082
11102;40,4550927;-3,6934962
11103;40,45667917;-3,699871729
11104;40,46882735;-3,694822097
11105;40,44740625;-3,695935385
11106;40,45666734;-3,70092188
11107;40,4512678;-3,7093198
11108;40,4605781;-3,6982806
11109;40,4679108;-3,7034226
11110;40,45379607;-3,695459812
11111;40,46788698;-3,702176678
11112;40,46835906;-3,712947695
11113;40,45662675;-3,698062491
11114;40,45963057;-3,695138289
11115;40,4651304;-3,7020441
11116;40,45011464;-3,701992638
11117;40,46710545;-3,711943169
11118;40,4594841;-3,6900166
11119;40,46835906;-3,712947695
11120;40,46510574;-3,702047624
11121;40,45662675;-3,698062491
11122;40,46788698;-3,702176678
11123;40,4602706;-3,7043452
11124;40,42746421;-3,689920249
11125;40,4662853;-3,708394994
11126;40,46812053;-3,702707014
11127;40,46812053;-3,702707014
11128;40,4679108;-3,7034226
11129;40,46812053;-3,702707014
11130;40,46812053;-3,702707014
11131;40,4527072;-3,7053848
11132;40,4527072;-3,7053848
11133;40,46325651;-3,699698234
11134;40,2048812;-3,80332
11135;40,4679108;-3,7034226
11136;40,4605781;-3,6982806
11137;40,4467812;-3,7039643
11138;40,46029157;-3,701632113
11139;40,4641092;-3,6991409
11140;40,4641092;-3,6991409
11141;40,4511103;-3,7076193
11142;40,4511103;-3,7076193
11143;40,4511103;-3,7076193
11144;40,4662853;-3,708394994
11145;40,3269532;-3,760861608
11146;40,4444581;-3,711510645
11147;40,44830297;-3,705209943
11148;40,45766505;-3,692132972
11149;40,450354;-3,708263384
11150;40,450354;-3,708263384
11151;40,450354;-3,708263384
11152;40,4644685;-3,6955481
11153;40,4644685;-3,6955481
11154;40,4662853;-3,708394994
11155;40,4521469;-3,710523111
11156;40,4511103;-3,7076193
11157;40,4644685;-3,6955481
11158;40,42746421;-3,689920249
11159;40,45766505;-3,692132972
11160;40,46283362;-3,70484295
11161;40,46283362;-3,70484295
11162;40,46283362;-3,70484295
11163;40,46283362;-3,70484295
11164;40,45514638;-3,706361711
11165;40,4521492;-3,697340274
11166;40,42746421;-3,689920249
11167;40,4679108;-3,7034226
11168;40,4644685;-3,6955481
11169;40,4644685;-3,6955481
11170;40,46029157;-3,701632113
11171;40,45528184;-3,69991203
11172;40,4528309;-3,7094014
11173;40,4679108;-3,7034226
11174;40,44623324;-3,693511674
11175;40,4662853;-3,708394994
11176;40,44740625;-3,695935385
11177;40,44830297;-3,705209943
11178;40,44740625;-3,695935385
11179;40,42746421;-3,689920249
11180;40,4594841;-3,6900166
11181;40,42746421;-3,689920249
11182;40,4626381;-3,703849
11183;40,4481393;-3,7039687
11184;40,47626939;-3,370701111
11185;40,4523425;-3,7036604
11186;40,4602706;-3,7043452
11187;40,4679108;-3,7034226
11188;40,4679108;-3,7034226
11189;40,4679108;-3,7034226
11190;40,4597401;-3,7052165
11191;40,4518471;-3,6977997
11192;40,4545961;-3,7081927
11193;40,4767654;-3,65907378
11194;40,4608227;-3,7029992
11195;40,42746421;-3,689920249
11196;40,45145501;-3,701448951
11197;40,46402566;-3,700944406
11198;40,4679108;-3,7034226
11199;40,4594841;-3,6900166
11200;40,4467812;-3,7039643
11201;40,4679108;-3,7034226
11202;40,44740625;-3,695935385
11203;40,4526848;-3,7072396
11204;40,4667547;-3,70589
11205;40,4482617;-3,6997355
11206;40,4612867;-3,6982727
11207;40,45906038;-3,717167143
11208;40,4597558;-3,7051239
11209;40,4498723;-3,7088173
11210;40,4660753;-3,691102221
11211;40,46084476;-3,701731734
11212;40,4532566;-3,7099569
11213;40,4467812;-3,7039643
11214;40,4587336;-3,6941104
11215;40,46029157;-3,701632113
11216;40,44936357;-3,713385265
11217;40,4689982;-3,7026663
11218;40,46884969;-3,709940311
11219;40,45863523;-3,704775847
11220;40,4660602;-3,7066818
11221;40,46723012;-3,699300208
11222;40,45648334;-3,702109912
11223;40,46723012;-3,699300208
11224;40,4723474;-3,687738421
11225;40,4562014;-3,7020227
11226;40,44957449;-3,69835411
11227;40,4535962;-3,706064205
11228;40,4662853;-3,708394994
11229;40,45426595;-3,699231907
11230;40,4679108;-3,7034226
11231;40,4568444;-3,7035243
11232;40,4589497;-3,7068075
11233;40,45268255;-3,700542327
11234;40,4649465;-3,7048053
11235;40,4526848;-3,7072396
11236;40,4679108;-3,7034226
11237;40,4467812;-3,7039643
11238;40,45766505;-3,692132972
11239;40,45662675;-3,698062491
11240;40,47063433;-3,691156826
11241;40,42746421;-3,689920249
11242;40,49118519;-3,357530538
11243;40,45662675;-3,698062491
11244;40,45540519;-3,697852329
11245;40,45379607;-3,695459812
11246;40,45410745;-3,697018144
11247;40,47034953;-3,699775018
11248;40,4467812;-3,7039643
11249;40,4594841;-3,6900166
11250;40,44623324;-3,693511674
11251;40,4679108;-3,7034226
11252;40,45662675;-3,698062491
11253;40,4512124;-3,7088362
11254;40,45175015;-3,706598693
11255;40,47073084;-3,698604973
11256;40,4593914;-3,6998559
11257;40,46044339;-3,700672641
11258;40,45211835;-3,696322978
11259;40,45667917;-3,699871729
11260;40,45963057;-3,695138289
11261;40,4576024;-3,7080386
11262;40,4662853;-3,708394994
11263;40,46710545;-3,711943169
11264;40,46369895;-3,702898648
11265;40,450674;-3,7043541
11266;40,4481736;-3,6978056
11267;40,46719044;-3,692606774
11268;40,44942012;-3,696838041
11269;40,4467812;-3,7039643
11270;40,44942012;-3,696838041
11271;40,44830297;-3,705209943
11272;40,45067586;-3,709519064
11273;40,4526848;-3,7072396
11274;40,46823694;-3,703030988
11275;40,4530367;-3,7057452
11276;40,4471145;-3,69578764
11277;40,42746421;-3,689920249
11278;40,45886963;-3,698089135
11279;40,47034953;-3,699775018
11280;40,4662853;-3,708394994
11281;40,45039014;-3,700867972
11282;40,45175015;-3,706598693
11283;40,45990978;-3,709910792
11284;40,46029157;-3,701632113
11285;40,45067586;-3,709519064
11286;40,46216438;-3,692745998
11287;40,44740625;-3,695935385
11288;40,46856645;-3,703897294
11289;40,4612188;-3,706711
11290;40,4698213;-3,696293
11291;40,46723012;-3,699300208
11292;40,46884969;-3,709940311
11293;40,4468453;-3,703643459
11294;40,4608316;-3,6904828
11295;40,39450123;-3,647609751
11296;40,4712116;-3,694458082
11297;40,44830297;-3,705209943
11298;40,44830297;-3,705209943
11299;40,4526848;-3,7072396
11300;40,46158221;-3,707304126
11301;40,45283942;-3,694348406
11302;40,47086216;-3,692089679
11303;40,42746421;-3,689920249
11304;40,45283942;-3,694348406
11305;40,4605781;-3,6982806
11306;40,45514638;-3,706361711
11307;40,4512117;-3,7100384
11308;40,45334613;-3,696302905
11309;40,45067586;-3,709519064
11310;40,4662853;-3,708394994
11311;40,460532;-3,7051727
11312;40,4550528;-3,696099
11313;40,45379607;-3,695459812
11314;40,4512678;-3,7093198
11315;40,4669791;-3,6968417
11316;40,42746421;-3,689920249
11317;40,44623324;-3,693511674
11318;40,45102823;-3,708329259
11319;40,46884969;-3,709940311
11320;40,44740625;-3,695935385
11321;40,4605781;-3,6982806
11322;40,47086358;-3,691701459
11323;40,47073084;-3,698604973
11324;40,45104527;-3,702548381
11325;40,4583311;-3,6946357
11326;40,46723012;-3,699300208
11327;40,4602706;-3,7043452
11328;40,46884969;-3,709940311
11329;40,45766505;-3,692132972
11330;40,45863523;-3,704775847
11331;40,45175015;-3,706598693
11332;40,45514898;-3,706230037
11333;40,46405165;-3,699119565
11334;40,44802183;-3,696948339
11335;40,46029157;-3,701632113
11336;40,45107494;-3,707931072
11337;40,4467812;-3,7039643
11338;40,4623428;-3,6902277
11339;40,44936357;-3,713385265
11340;40,4605781;-3,6982806
11341;40,45275454;-3,699927228
11342;40,4550927;-3,6934962
11343;40,4605781;-3,6982806
11344;40,4662853;-3,708394994
11345;40,44942012;-3,696838041
11346;40,4594841;-3,6900166
11347;40,4467812;-3,7039643
11348;40,4467812;-3,7039643
11349;40,45118167;-3,704786377
11350;40,4602706;-3,7043452
11351;40,4467812;-3,7039643
11352;40,45118167;-3,704786377
11353;40,46431336;-3,700092809
11354;40,4694836;-3,7031964
11355;40,4662853;-3,708394994
11356;40,4550927;-3,6934962
11357;40,42746421;-3,689920249
11358;40,45863523;-3,704775847
11359;40,4644685;-3,6955481
11360;40,4644685;-3,6955481
11361;40,4644685;-3,6955481
11362;40,4660032;-3,699029884
11363;40,4594841;-3,6900166
11364;40,45906038;-3,717167143
11365;40,4517059;-3,707408
11366;40,4467812;-3,7039643
11367;40,45283942;-3,694348406
11368;40,4602706;-3,7043452
11369;40,42746421;-3,689920249
11370;40,4467812;-3,7039643
11371;40,4550927;-3,6934962
11372;40,45396146;-3,691534061
11373;40,44830297;-3,705209943
11374;40,4505766;-3,706685987
11375;40,45565881;-3,711069046
11376;40,42746421;-3,689920249
11377;40,45283942;-3,694348406
11378;40,46029157;-3,701632113
11379;40,4518471;-3,6977997
11380;40,46710545;-3,711943169
11381;40,4662853;-3,708394994
11382;40,4467812;-3,7039643
11383;40,36573929;-3,695375862
11384;40,36603567;-3,699283817
11385;40,36609022;-3,696155987
11386;40,38654672;-3,712582231
11387;40,3877918;-3,7115096
11388;40,38141014;-3,706136685
11389;40,376647;-3,7077784
11390;40,38853355;-3,700262494
11391;40,38267126;-3,713197349
11392;40,38688491;-3,712051386
11393;40,4155414;-3,676334247
11394;40,383894;-3,7064459
11395;40,4155414;-3,676334247
11396;40,383894;-3,7064459
11397;40,379209;-3,7152846
11398;40,3711037;-3,6901759
11399;40,3711037;-3,6901759
11400;40,36954661;-3,702177312
11401;40,3843762;-3,6992931
11402;40,38135936;-3,714467877
11403;40,3801848;-3,617315723
11404;40,37032419;-3,69074855
11405;40,36652448;-3,699007841
11406;40,370379;-3,7097052
11407;40,3842447;-3,704277683
11408;40,3805393;-3,713772193
11409;40,37919623;-3,699153973
11410;40,38010908;-3,713458572
11411;40,37234115;-3,718546427
11412;40,37656372;-3,701931324
11413;40,38084955;-3,7085015
11414;40,37546;-3,6959057
11415;40,38114875;-3,716169646
11416;40,376647;-3,7077784
11417;40,44942012;-3,696838041
11418;40,3843762;-3,6992931
11419;40,379209;-3,7152846
11420;40,4155414;-3,676334247
11421;40,38424117;-3,703683097
11422;40,37546;-3,6959057
11423;40,3691419;-3,7098741
11424;40,3691419;-3,7098741
11425;40,37919623;-3,699153973
11426;40,37956085;-3,712778525
11427;40,38442945;-3,70711643
11428;40,3843762;-3,6992931
11429;40,386075;-3,703826596
11430;40,3842447;-3,704277683
11431;40,38236395;-3,70879045
11432;40,3711037;-3,6901759
11433;40,3842447;-3,704277683
11434;40,24307375;-3,320784833
11435;40,37495326;-3,690981967
11436;40,38010908;-3,713458572
11437;40,376647;-3,7077784
11438;40,3890429;-3,7057718
11439;40,37495326;-3,690981967
11440;40,38135936;-3,714467877
11441;40,3843762;-3,6992931
11442;40,37775204;-3,696024551
11443;40,38886506;-3,706319717
11444;40,36866989;-3,688989019
11445;40,3691419;-3,7098741
11446;40,38135936;-3,714467877
11447;40,38479383;-3,707417224
11448;40,3842447;-3,704277683
11449;40,38891262;-3,706738145
11450;40,37633026;-3,717111287
11451;40,3713662;-3,6909201
11452;40,3801848;-3,617315723
11453;40,36818297;-3,71004445
11454;40,38139834;-3,706504849
11455;40,386075;-3,703826596
11456;40,38628239;-3,700360243
11457;40,386075;-3,703826596
11458;40,3691192;-3,69907075
11459;40,38010908;-3,713458572
11460;40,37123866;-3,69312357
11461;40,3858113;-3,69980385
11462;40,36954661;-3,702177312
11463;40,38490232;-3,703156598
11464;40,38312021;-3,707326752
11465;40,3818592;-3,6999077
11466;40,37261953;-3,713954706
11467;40,3863121;-3,707027771
11468;40,36652448;-3,699007841
11469;40,37194777;-3,692175647
11470;40,4906361;-3,7161379
11471;40,38178514;-3,713475093
11472;40,36927854;-3,688591765
11473;40,38203447;-3,709878498
11474;40,36585476;-3,697738995
11475;40,36795911;-3,705251581
11476;40,37160521;-3,688169262
11477;40,37044551;-3,697193151
11478;40,36667506;-3,702873363
11479;40,3667424;-3,687742971
11480;40,36736548;-3,715581173
11481;40,3827016;-3,707035722
11482;40,38604318;-3,714382944
11483;40,36585476;-3,697738995
11484;40,36495097;-3,714001411
11485;40,38752363;-3,703521938
11486;40,38719517;-3,713551177
11487;40,37874819;-3,693163742
11488;40,37283636;-3,693342846
11489;40,3681185;-3,7139572
11490;40,38141014;-3,706136685
11491;40,38223365;-3,712568871
11492;40,37874819;-3,693163742
11493;40,3813877;-3,70688285
11494;40,38427807;-3,708769377
11495;40,36691885;-3,6988056
11496;40,37141228;-3,690176624
11497;40,3801925;-3,693864437
11498;40,3817527;-3,696859766
11499;40,39461135;-3,669934693
11500;40,38371393;-3,709683521
11501;40,37495326;-3,690981967
11502;40,38604318;-3,714382944
11503;40,38363006;-3,704770766
11504;40,3796728;-3,714389024
11505;40,37283636;-3,693342846
11506;40,38312021;-3,707326752
11507;40,38891262;-3,706738145
11508;40,38089928;-3,702607015
11509;40,3890429;-3,7057718
11510;40,36917491;-3,691908947
11511;40,38312021;-3,707326752
11512;40,38637368;-3,709409797
11513;40,38557145;-3,709244908
11514;40,38660601;-3,699831738
11515;40,38558485;-3,711046281
11516;40,37956085;-3,712778525
11517;40,38604318;-3,714382944
11518;40,3877841;-3,7094621
11519;40,3869974;-3,7115456
11520;40,38148228;-3,70825684
11521;40,38480341;-3,709608705
11522;40,4012622;-3,6989703
11523;40,37160521;-3,688169262
11524;40,36555495;-3,709780121
11525;40,390988;-3,7030155
11526;40,38660601;-3,699831738
11527;40,3890429;-3,7057718
11528;40,3818541;-3,7085445
11529;40,37645965;-3,69361078
11530;40,37088939;-3,689931404
11531;40,3711037;-3,6901759
11532;40,38628239;-3,700360243
11533;40,38083103;-3,69275785
11534;40,38083103;-3,69275785
11535;40,38083103;-3,69275785
11536;40,38080305;-3,692920394
11537;40,37980145;-3,70809585
11538;40,38083103;-3,69275785
11539;40,38080305;-3,692920394
11540;40,37656372;-3,701931324
11541;40,3682456;-3,6947074
11542;40,3824158;-3,7086144
11543;40,3843762;-3,6992931
11544;40,38139834;-3,706504849
11545;40,376647;-3,7077784
11546;40,386075;-3,703826596
11547;40,37874819;-3,693163742
11548;40,38654672;-3,712582231
11549;40,36549597;-3,696952572
11550;40,37261953;-3,713954706
11551;40,3711037;-3,6901759
11552;40,38480341;-3,709608705
11553;40,38324901;-3,705888089
11554;40,3651143;-3,7095784
11555;40,37775204;-3,696024551
11556;40,3691192;-3,69907075
11557;40,3810317;-3,698039557
11558;40,3830656;-3,699204916
11559;40,3877305;-3,705511016
11560;40,37941891;-3,714442554
11561;40,3859932;-3,7089069
11562;40,3691419;-3,7098741
11563;40,386075;-3,703826596
11564;40,37826982;-3,714009767
11565;40,376647;-3,7077784
11566;40,383894;-3,7064459
11567;40,39087;-3,7079701
11568;40,38338594;-3,715041451
11569;40,38326145;-3,704251426
11570;40,379209;-3,7152846
11571;40,3711037;-3,6901759
11572;40,376647;-3,7077784
11573;40,3843762;-3,6992931
11574;40,38660601;-3,699831738
11575;40,3591904;-3,693408501
11576;40,38639565;-3,713491615
11577;40,37049662;-3,702399512
11578;40,36609022;-3,696155987
11579;40,3771144;-3,71705415
11580;40,36691885;-3,6988056
11581;40,4155414;-3,676334247
11582;40,3827966;-3,699374257
11583;40,44942012;-3,696838041
11584;40,37874819;-3,693163742
11585;40,38660601;-3,699831738
11586;40,38891262;-3,706738145
11587;40,36954661;-3,702177312
11588;40,3691419;-3,7098741
11589;40,3685035;-3,690246746
11590;40,38097908;-3,694001011
11591;40,38660601;-3,699831738
11592;40,37919623;-3,699153973
11593;40,3667424;-3,687742971
11594;40,37088939;-3,689931404
11595;40,3801848;-3,617315723
11596;40,37000554;-3,698809473
11597;40,37645965;-3,69361078
11598;40,38660601;-3,699831738
11599;40,3842447;-3,704277683
11600;40,36615185;-3,696195835
11601;40,38886506;-3,706319717
11602;40,3806502;-3,697139235
11603;40,3786014;-3,70373406
11604;40,38660601;-3,699831738
11605;40,38043131;-3,707358123
11606;40,38639565;-3,713491615
11607;40,388498;-3,6995312
11608;40,388498;-3,6995312
11609;40,37645965;-3,69361078
11610;40,3818592;-3,6999077
11611;40,37546;-3,6959057
11612;40,38490232;-3,703156598
11613;40,39528525;-3,706925632
11614;40,39528525;-3,706925632
11615;40,3667424;-3,687742971
11616;40,37874819;-3,693163742
11617;40,38752363;-3,703521938
11618;40,37911089;-3,718045297
11619;40,38089928;-3,702607015
11620;40,38518455;-3,707192992
11621;40,36555495;-3,709780121
11622;40,40431294;-3,603482978
11623;40,37184776;-3,588602516
11624;40,3972387;-3,547638
11625;40,4052863;-3,6072004
11626;40,3987117;-3,5564561
11627;40,4018377;-3,5950537
11628;40,405237;-3,6055229
11629;40,40064806;-3,604803794
11630;40,4056273;-3,6015377
11631;40,40355441;-3,605406315
11632;40,2982583;-3,7536234
11633;40,40202497;-3,607094151
11634;40,40712507;-3,606796602
11635;40,40529285;-3,608719614
11636;40,405837;-3,6047472
11637;40,40192408;-3,603210483
11638;40,3999118;-3,621522
11639;40,4052863;-3,6072004
11640;40,41770479;-3,58293903
11641;40,375856;-3,5871885
11642;40,39464163;-3,604852627
11643;40,375856;-3,5871885
11644;40,375856;-3,5871885
11645;40,41019455;-3,611690185
11646;40,4050205;-3,6147017
11647;40,40343177;-3,60198489
11648;40,40093011;-3,559376994
11649;40,40145895;-3,55668729
11650;40,40145895;-3,55668729
11651;40,40597492;-3,609277028
11652;40,40145895;-3,55668729
11653;40,40202863;-3,609189412
11654;40,40567634;-3,548644963
11655;40,4029393;-3,6048492
11656;40,40567634;-3,548644963
11657;40,4025252;-3,5550809
11658;40,4016049;-3,60545875
11659;40,39949964;-3,54861136
11660;40,4025252;-3,5550809
11661;40,3999118;-3,621522
11662;40,4018377;-3,5950537
11663;40,4631617;-3,771625
11664;40,40396661;-3,612013831
11665;40,40202863;-3,609189412
11666;40,4063595;-3,6049416
11667;40,40930852;-3,612717457
11668;40,40930852;-3,612717457
11669;40,4050252;-3,550293699
11670;40,3900571;-3,5517762
11671;40,4631617;-3,771625
11672;40,4631617;-3,771625
11673;40,39530678;-3,555722567
11674;40,2603661;-3,5765816
11675;40,4631617;-3,771625
11676;40,4631617;-3,771625
11677;40,49137764;-4,034204511
11678;40,4631617;-3,771625
11679;40,49137764;-4,034204511
11680;40,49137764;-4,034204511
11681;40,2603661;-3,5765816
11682;40,4631617;-3,771625
11683;40,2603661;-3,5765816
11684;40,2603661;-3,5765816
11685;40,2603661;-3,5765816
11686;40,4631617;-3,771625
11687;40,2603661;-3,5765816
11688;40,4631617;-3,771625
11689;40,2603661;-3,5765816
11690;40,3879683;-3,5527434
11691;40,3879683;-3,5527434
11692;40,3691177;-3,5857307
11693;40,5318205;-3,6291598
11694;40,3900571;-3,5517762
11695;40,49137764;-4,034204511
11696;40,49137764;-4,034204511
11697;40,49137764;-4,034204511
11698;40,49137764;-4,034204511
11699;40,49137764;-4,034204511
11700;40,49137764;-4,034204511
11701;40,3892976;-3,5728777
11702;40,3892976;-3,5728777
11703;40,3892976;-3,5728777
11704;40,3486146;-3,6779703
11705;40,3691177;-3,5857307
11706;40,6596882;-4,0264131
11707;40,3892976;-3,5728777
11708;40,3892976;-3,5728777
11709;40,3892976;-3,5728777
11710;40,4845361;-3,6373531
11711;40,4845361;-3,6373531
11712;40,40266306;-3,548748774
11713;40,40266306;-3,548748774
11714;40,4845361;-3,6373531
11715;40,4845361;-3,6373531
11716;40,6596882;-4,0264131
11717;40,4845361;-3,6373531
11718;40,4845361;-3,6373531
11719;40,3599592;-3,2707725
11720;40,3599592;-3,2707725
11721;40,3599592;-3,2707725
11722;40,3599592;-3,2707725
11723;40,3879683;-3,5527434
11724;40,40734;-3,53571
11725;40,40734;-3,53571
11726;40,4114959;-3,5617689
11727;40,4114959;-3,5617689
11728;40,4114959;-3,5617689
11729;40,3855101;-3,5913354
11730;40,4114959;-3,5617689
11731;40,4114959;-3,5617689
11732;40,4114959;-3,5617689
11733;40,4114959;-3,5617689
11734;40,4114959;-3,5617689
11735;40,4114959;-3,5617689
11736;40,4114959;-3,5617689
11737;40,3855101;-3,5913354
11738;40,3855101;-3,5913354
11739;40,4114959;-3,5617689
11740;40,3855101;-3,5913354
11741;40,4114959;-3,5617689
11742;40,4114959;-3,5617689
11743;40,4114959;-3,5617689
11744;40,3855101;-3,5913354
11745;40,38793;-3,59307
11746;40,40145895;-3,55668729
11747;40,40145895;-3,55668729
11748;40,38793;-3,59307
11749;40,40145895;-3,55668729
11750;40,38793;-3,59307
11751;40,40145895;-3,55668729
11752;40,40145895;-3,55668729
11753;40,40145895;-3,55668729
11754;40,6549234;-3,9626957
11755;40,6549234;-3,9626957
11756;40,40145895;-3,55668729
11757;40,40145895;-3,55668729
11758;40,40145895;-3,55668729
11759;40,40145895;-3,55668729
11760;40,40145895;-3,55668729
11761;40,40145895;-3,55668729
11762;40,4018726;-3,5608226
11763;40,4018726;-3,5608226
11764;40,4018726;-3,5608226
11765;40,402219;-3,5226897
11766;40,402219;-3,5226897
11767;40,4018726;-3,5608226
11768;40,375856;-3,5871885
11769;40,375856;-3,5871885
11770;40,375856;-3,5871885
11771;40,4047152;-3,599072666
11772;40,3932796;-3,8450152
11773;40,3997259;-3,5485938
11774;40,3932796;-3,8450152
11775;40,3996872;-3,5467274
11776;40,3997259;-3,5485938
11777;40,3932796;-3,8450152
11778;40,3932796;-3,8450152
11779;40,3466249;-3,6972116
11780;40,3932796;-3,8450152
11781;40,3466249;-3,6972116
11782;40,39730211;-3,553862494
11783;40,47467997;-3,851495517
11784;40,38826;-3,56898
11785;40,38826;-3,56898
11786;40,38826;-3,56898
11787;40,4473192;-3,5461562
11788;40,3997259;-3,5485938
11789;40,3996872;-3,5467274
11790;40,4473192;-3,5461562
11791;40,4050205;-3,6147017
11792;40,39530678;-3,555722567
11793;40,4473192;-3,5461562
11794;40,4473192;-3,5461562
11795;40,4473192;-3,5461562
11796;40,38826;-3,56898
11797;40,4473192;-3,5461562
11798;40,40119025;-3,544280212
11799;40,40119025;-3,544280212
11800;40,375856;-3,5871885
11801;40,375856;-3,5871885
11802;40,3466745;-3,6973896
11803;40,3466745;-3,6973896
11804;40,3996872;-3,5467274
11805;40,3997259;-3,5485938
11806;40,3774351;-3,6369061
11807;40,3774351;-3,6369061
11808;40,3774351;-3,6369061
11809;40,3774351;-3,6369061
11810;40,38826;-3,56898
11811;40,47467997;-3,851495517
11812;40,3979848;-3,5527682
11813;40,4018377;-3,5950537
11814;40,40202863;-3,609189412
11815;40,40683339;-3,60463679
11816;40,40125018;-3,606920665
11817;40,40666165;-3,6154417
11818;40,4018377;-3,5950537
11819;40,4018377;-3,5950537
11820;40,40595508;-3,620337993
11821;40,4053838;-3,60038
11822;40,4147946;-3,60034
11823;40,39927881;-3,557071793
11824;40,40332486;-3,60373108
11825;40,4147946;-3,60034
11826;40,40093011;-3,559376994
11827;40,40431294;-3,603482978
11828;40,4043549;-3,5505074
11829;40,4064867;-3,6022466
11830;40,4102991;-3,6126043
11831;40,40576892;-3,604370232
11832;40,3999118;-3,621522
11833;40,4029393;-3,6048492
11834;40,3996872;-3,5467274
11835;40,3996872;-3,5467274
11836;40,3466745;-3,6973896
11837;40,3466745;-3,6973896
11838;40,3466745;-3,6973896
11839;40,3996872;-3,5467274
11840;40,4033554;-3,6064251
11841;40,38221722;-3,618324317
11842;40,38234175;-3,62240019
11843;40,3739576;-3,6121632
11844;40,3773477;-3,6217118
11845;40,3829244;-3,6117674
11846;40,3667532;-3,5993259
11847;40,38112405;-3,620912
11848;40,37999798;-3,625660913
11849;40,3739576;-3,6121632
11850;40,3667532;-3,5993259
11851;40,37896693;-3,618455954
11852;40,37702519;-3,622298981
11853;40,37904825;-3,6291411
11854;40,38046554;-3,615681953
11855;40,38168014;-3,619747342
11856;40,38122379;-3,605949309
11857;40,37056615;-3,621970959
11858;40,3773477;-3,6217118
11859;40,3829244;-3,6117674
11860;40,37787985;-3,619156439
11861;40,3694605;-3,6192278
11862;40,37798646;-3,620973419
11863;40,37824576;-3,620446569
11864;40,3773477;-3,6217118
11865;40,38046554;-3,615681953
11866;40,3667532;-3,5993259
11867;40,38058083;-3,626112001
11868;40,3748231;-3,624705549
11869;40,3777303;-3,625102881
11870;40,3773477;-3,6217118
11871;40,38058083;-3,626112001
11872;40,38046554;-3,615681953
11873;40,36562302;-3,617818984
11874;40,37589758;-3,606338987
11875;40,38329107;-3,607900405
11876;40,38329107;-3,607900405
11877;40,38011905;-3,616576654
11878;40,36653687;-3,610018115
11879;40,3814447;-3,610196786
11880;40,40286815;-3,6071387
11881;40,38046554;-3,615681953
11882;40,38046554;-3,615681953
11883;40,3667532;-3,5993259
11884;40,3700136;-3,6196981
11885;40,3834752;-3,606589448
11886;40,3736021;-3,620302389
11887;40,37517672;-3,621893914
11888;40,37787985;-3,619156439
11889;40,3667532;-3,5993259
11890;40,36531033;-3,595746944
11891;40,37971256;-3,605940926
11892;40,37971808;-3,622637546
11893;40,37862758;-3,623545881
11894;40,3773477;-3,6217118
11895;40,38221722;-3,618324317
11896;40,37817295;-3,622289024
11897;40,3668912;-3,6055203
11898;40,3667532;-3,5993259
11899;40,37034908;-3,623000397
11900;40,37202699;-3,629987243
11901;40,37787985;-3,619156439
11902;40,3801848;-3,617315723
11903;40,3726109;-3,612703828
11904;40,37903053;-3,62340537
11905;40,3668912;-3,6055203
11906;40,3617836;-3,5907666
11907;40,37978342;-3,633138184
11908;40,37396447;-3,618101997
11909;40,36995763;-3,619664204
11910;40,36507328;-3,584693654
11911;40,3626364;-3,5887703
11912;40,38046554;-3,615681953
11913;40,37375488;-3,621313891
11914;40,37978342;-3,633138184
11915;40,38058083;-3,626112001
11916;40,38046554;-3,615681953
11917;40,36424564;-3,613355995
11918;40,3668912;-3,6055203
11919;40,3582923;-3,5899011
11920;40,3719811;-3,620439
11921;40,9177178;-3,8438216
11922;40,36653601;-3,58955051
11923;40,3771098;-3,6034743
11924;40,36507328;-3,584693654
11925;40,3658562;-3,62074558
11926;40,38329107;-3,607900405
11927;40,3621958;-3,5955756
11928;40,3797416;-3,633038
11929;40,37905022;-3,626950469
11930;40,3789208;-3,6299768
11931;40,37034908;-3,623000397
11932;40,37294096;-3,620726903
11933;40,36562302;-3,617818984
11934;40,3617836;-3,5907666
11935;40,36983772;-3,622625219
11936;40,3668912;-3,6055203
11937;40,38226266;-3,607108562
11938;40,3668912;-3,6055203
11939;40,3644378;-3,620461
11940;40,3739576;-3,6121632
11941;40,38058083;-3,626112001
11942;40,38128158;-3,622663286
11943;40,38329107;-3,607900405
11944;40,36229372;-3,58747615
11945;40,37971256;-3,605940926
11946;40,3668912;-3,6055203
11947;40,37070442;-3,612105073
11948;40,3829244;-3,6117674
11949;40,37362449;-3,60824349
11950;40,3739576;-3,6121632
11951;40,37294096;-3,620726903
11952;40,37551255;-3,625996849
11953;40,38046554;-3,615681953
11954;40,37995514;-3,622882617
11955;40,38046554;-3,615681953
11956;40,3785238;-3,604784092
11957;40,37782281;-3,603698082
11958;40,9177178;-3,8438216
11959;40,36676659;-3,622048899
11960;40,36676659;-3,622048899
11961;40,3599901;-3,5921171
11962;40,3599901;-3,5921171
11963;40,3599901;-3,5921171
11964;40,3599901;-3,5921171
11965;40,3599901;-3,5921171
11966;40,36061503;-3,58843031
11967;40,35707239;-3,586586607
11968;40,35707239;-3,586586607
11969;40,35707239;-3,586586607
11970;40,36061503;-3,58843031
11971;40,3718445;-3,6111311
11972;40,38329107;-3,607900405
11973;40,38023743;-3,628893092
11974;40,36676659;-3,622048899
11975;40,3785681;-3,626646464
11976;40,36995763;-3,619664204
11977;40,37771349;-3,620321048
11978;40,38329107;-3,607900405
11979;40,35810266;-3,590022996
11980;40,38329107;-3,607900405
11981;40,35810266;-3,590022996
11982;40,35810266;-3,590022996
11983;40,38329107;-3,607900405
11984;40,38046554;-3,615681953
11985;40,36847076;-3,613992221
11986;40,38329107;-3,607900405
11987;40,37862758;-3,623545881
11988;40,37483593;-3,608529637
11989;40,9177178;-3,8438216
11990;40,35949185;-3,602112243
11991;40,3704893;-3,609485195
11992;40,3667532;-3,5993259
11993;40,3773477;-3,6217118
11994;40,30397876;-3,446091206
11995;40,3773477;-3,6217118
11996;40,379382;-3,6190494
11997;40,37056615;-3,621970959
11998;40,36589018;-3,644424228
11999;40,3793085;-3,616841682
12000;40,3784676;-3,627745696
12001;40,3773477;-3,6217118
12002;40,37479696;-3,633774407
12003;40,3829244;-3,6117674
12004;40,3667532;-3,5993259
12005;40,3739576;-3,6121632
12006;40,37483593;-3,608529637
12007;40,3700136;-3,6196981
12008;40,36531033;-3,595746944
12009;40,3773477;-3,6217118
12010;40,3668912;-3,6055203
12011;40,40286815;-3,6071387
12012;40,37396447;-3,618101997
12013;40,37896693;-3,618455954
12014;40,37108388;-3,634006765
12015;40,37517672;-3,621893914
12016;40,3739576;-3,6121632
12017;40,37056615;-3,621970959
12018;40,3770149;-3,623054645
12019;40,3829244;-3,6117674
12020;40,3667532;-3,5993259
12021;40,36562302;-3,617818984
12022;40,37056615;-3,621970959
12023;40,38046554;-3,615681953
12024;40,37798646;-3,620973419
12025;40,35949185;-3,602112243
12026;40,37056615;-3,621970959
12027;40,37902007;-3,613594704
12028;40,35949185;-3,602112243
12029;40,3665158;-3,62327595
12030;40,37782281;-3,603698082
12031;40,37902007;-3,613594704
12032;40,36061503;-3,58843031
12033;40,36061503;-3,58843031
12034;40,35949185;-3,602112243
12035;40,37957571;-3,627256039
12036;40,3770149;-3,623054645
12037;40,37774195;-3,621343271
12038;40,9177178;-3,8438216
12039;40,3773477;-3,6217118
12040;40,3667532;-3,5993259
12041;40,3617836;-3,5907666
12042;40,38046554;-3,615681953
12043;40,38046554;-3,615681953
12044;40,7648655;-3,745941707
12045;40,3704893;-3,609485195
12046;40,3704893;-3,609485195
12047;40,9177178;-3,8438216
12048;40,3668912;-3,6055203
12049;40,3667532;-3,5993259
12050;40,36653687;-3,610018115
12051;40,38168014;-3,619747342
12052;40,37483593;-3,608529637
12053;40,3739576;-3,6121632
12054;40,3801673;-3,608675676
12055;40,3764619;-3,609646498
12056;40,3590165;-3,69874295
12057;40,3430681;-3,7070327
12058;40,34617515;-3,711014976
12059;40,34617515;-3,711014976
12060;40,34274018;-3,716111104
12061;40,34443168;-3,716401143
12062;40,34617515;-3,711014976
12063;40,34277201;-3,717851005
12064;40,3455741;-3,7150038
12065;40,34617515;-3,711014976
12066;40,34560159;-3,716545946
12067;40,3444749;-3,6901562
12068;40,34100934;-3,687049804
12069;40,34100934;-3,687049804
12070;40,34484655;-3,71033015
12071;40,33699569;-3,71076608
12072;40,34749148;-3,690114262
12073;40,3456104;-3,6959556
12074;40,3456104;-3,6959556
12075;40,33967127;-3,691891577
12076;40,33967127;-3,691891577
12077;40,34126569;-3,68409588
12078;40,3456104;-3,6959556
12079;40,357812;-3,699782078
12080;40,3456104;-3,6959556
12081;40,34100934;-3,687049804
12082;40,35177625;-3,696114701
12083;40,3456104;-3,6959556
12084;40,3489582;-3,7053848
12085;40,34957756;-3,689354321
12086;40,3456104;-3,6959556
12087;40,3456137;-3,7126785
12088;40,34749148;-3,690114262
12089;40,35003696;-3,690426274
12090;40,3437513;-3,709494856
12091;40,33375552;-3,70404774
12092;40,34516315;-3,687343736
12093;40,34100934;-3,687049804
12094;40,3430922;-3,7036297
12095;40,3544551;-3,6921626
12096;40,350456;-3,7075895
12097;40,33375552;-3,70404774
12098;40,34802363;-3,676623566
12099;40,36164641;-3,699322752
12100;40,3524874;-3,707008224
12101;40,35180305;-3,710092168
12102;40,34316665;-3,691714807
12103;40,34957756;-3,689354321
12104;40,3442274;-3,707776513
12105;40,34655101;-3,711745896
12106;40,34351231;-3,697118624
12107;40,3443639;-3,6909672
12108;40,33375552;-3,70404774
12109;40,35520398;-3,68947581
12110;40,34139251;-3,690460796
12111;40,34431433;-3,710372557
12112;40,3456104;-3,6959556
12113;40,3788568;-3,9357628
12114;40,3456104;-3,6959556
12115;40,3571948;-3,6894484
12116;40,3416545;-3,674719
12117;40,3416121;-3,6934141
12118;40,3456104;-3,6959556
12119;40,3456104;-3,6959556
12120;40,3456104;-3,6959556
12121;40,3456104;-3,6959556
12122;40,3456104;-3,6959556
12123;40,3492503;-3,700581729
12124;40,34728695;-3,710185043
12125;40,3456104;-3,6959556
12126;40,3456104;-3,6959556
12127;40,3456104;-3,6959556
12128;40,34139251;-3,690460796
12129;40,3416121;-3,6934141
12130;40,3456104;-3,6959556
12131;40,33375552;-3,70404774
12132;40,3456104;-3,6959556
12133;40,35088958;-3,689379646
12134;40,597611;-3,5003864
12135;40,34639215;-3,707313361
12136;40,34900699;-3,688788313
12137;40,35389668;-3,705870404
12138;40,34100934;-3,687049804
12139;40,34846682;-3,688673914
12140;40,34647983;-3,684175174
12141;40,3457076;-3,71428157
12142;40,34316665;-3,691714807
12143;40,345096;-3,71452114
12144;40,34485956;-3,708112641
12145;40,34342391;-3,71195587
12146;40,3456104;-3,6959556
12147;40,34647983;-3,684175174
12148;40,36164641;-3,699322752
12149;40,34802363;-3,676623566
12150;40,3456104;-3,6959556
12151;40,3571948;-3,6894484
12152;40,3456104;-3,6959556
12153;40,35080793;-3,688452904
12154;40,3456104;-3,6959556
12155;40,3456104;-3,6959556
12156;40,35520398;-3,68947581
12157;40,34957756;-3,689354321
12158;40,3442274;-3,707776513
12159;40,3456104;-3,6959556
12160;40,34100934;-3,687049804
12161;40,34955629;-3,688564131
12162;40,3456104;-3,6959556
12163;40,34639215;-3,707313361
12164;40,35168961;-3,696320364
12165;40,3456104;-3,6959556
12166;40,3505296;-3,685086104
12167;40,3255904;-3,7315529
12168;40,35520398;-3,68947581
12169;40,34100934;-3,687049804
12170;40,3456104;-3,6959556
12171;40,3437513;-3,709494856
12172;40,34957756;-3,689354321
12173;40,35046782;-3,687153577
12174;40,3443639;-3,6909672
12175;40,34618643;-3,714842466
12176;40,3456137;-3,7126785
12177;40,34100934;-3,687049804
12178;40,35168961;-3,696320364
12179;40,34957756;-3,689354321
12180;40,34729225;-3,674127748
12181;40,3416121;-3,6934141
12182;40,35597847;-3,682270724
12183;40,3436838;-3,71603725
12184;40,3456104;-3,6959556
12185;40,34846682;-3,688673914
12186;40,3456104;-3,6959556
12187;40,3483869;-3,7117147
12188;40,35520398;-3,68947581
12189;40,349035;-3,701043404
12190;40,34454215;-3,71066465
12191;40,35080793;-3,688452904
12192;40,3456104;-3,6959556
12193;40,3416121;-3,6934141
12194;40,3456104;-3,6959556
12195;40,34443168;-3,716401143
12196;40,34139251;-3,690460796
12197;40,34139251;-3,690460796
12198;40,3255904;-3,7315529
12199;40,35046782;-3,687153577
12200;40,3571948;-3,6894484
12201;40,34206795;-3,709025837
12202;40,35520398;-3,68947581
12203;40,36238437;-3,696624358
12204;40,35662579;-3,691093721
12205;40,3437513;-3,709494856
12206;40,3485563;-3,700758174
12207;40,34126569;-3,68409588
12208;40,3441106;-3,714447064
12209;40,35003696;-3,690426274
12210;40,3456104;-3,6959556
12211;40,35046782;-3,687153577
12212;40,3571948;-3,6894484
12213;40,3474593;-3,7136299
12214;40,34374391;-3,712577482
12215;40,3456104;-3,6959556
12216;40,34303508;-3,70421677
12217;40,3511105;-3,698761324
12218;40,34454215;-3,71066465
12219;40,33375552;-3,70404774
12220;40,34139251;-3,690460796
12221;40,35336508;-3,701735415
12222;40,34392356;-3,711391132
12223;40,343734;-3,7121982
12224;40,35399715;-3,682532963
12225;40,3558971;-3,6900031
12226;40,3522908;-3,682697
12227;40,3456104;-3,6959556
12228;40,3456104;-3,6959556
12229;40,3589274;-3,6955212
12230;40,35084111;-3,679258779
12231;40,3513669;-3,680297812
12232;40,35084111;-3,679258779
12233;40,3532597;-3,6819786
12234;40,3433714;-3,715713194
12235;40,34100934;-3,687049804
12236;40,3485753;-3,703692968
12237;40,3416121;-3,6934141
12238;40,34772913;-3,708888489
12239;40,34957756;-3,689354321
12240;40,34126569;-3,68409588
12241;40,3456104;-3,6959556
12242;40,34139251;-3,690460796
12243;40,35804883;-3,698312752
12244;40,3456137;-3,7126785
12245;40,34834944;-3,708507001
12246;40,3186993;-3,6958449
12247;40,33375552;-3,70404774
12248;40,34139251;-3,690460796
12249;40,34955629;-3,688564131
12250;40,3456104;-3,6959556
12251;40,35020775;-3,686499111
12252;40,38088438;-3,731445339
12253;40,36270845;-3,698583196
12254;40,34601628;-3,677011765
12255;40,4173682;-3,5575041
12256;40,34998733;-3,685470344
12257;40,34454215;-3,71066465
12258;40,34424164;-3,711914699
12259;40,3456104;-3,6959556
12260;40,35752888;-3,691109327
12261;40,35051383;-3,687845781
12262;40,3571948;-3,6894484
12263;40,34100934;-3,687049804
12264;40,35942665;-3,690989521
12265;40,34618643;-3,714842466
12266;40,3471627;-3,70746113
12267;40,3471627;-3,70746113
12268;40,3471627;-3,70746113
12269;40,3471627;-3,70746113
12270;40,3471627;-3,70746113
12271;40,3471627;-3,70746113
12272;40,3550261;-3,69105
12273;40,35180305;-3,710092168
12274;40,33967127;-3,691891577
12275;40,34957756;-3,689354321
12276;40,3456104;-3,6959556
12277;40,34826312;-3,711246929
12278;40,34100934;-3,687049804
12279;40,3583961;-3,687137194
12280;40,34234636;-3,71042038
12281;40,34234636;-3,71042038
12282;40,3485753;-3,703692968
12283;40,3485753;-3,703692968
12284;40,3485753;-3,703692968
12285;40,3485753;-3,703692968
12286;40,3485753;-3,703692968
12287;40,34618643;-3,714842466
12288;40,34618643;-3,714842466
12289;40,34618643;-3,714842466
12290;40,34618643;-3,714842466
12291;40,34618643;-3,714842466
12292;40,34618643;-3,714842466
12293;40,34618643;-3,714842466
12294;40,35180305;-3,710092168
12295;40,34528472;-3,710261154
12296;40,3485753;-3,703692968
12297;40,34356798;-3,70874441
12298;40,34356798;-3,70874441
12299;40,34356798;-3,70874441
12300;40,35051383;-3,687845781
12301;40,34676133;-3,69544455
12302;40,34676133;-3,69544455
12303;40,34676133;-3,69544455
12304;40,34676133;-3,69544455
12305;40,34676133;-3,69544455
12306;40,34676133;-3,69544455
12307;40,34676133;-3,69544455
12308;40,34676133;-3,69544455
12309;40,34676133;-3,69544455
12310;40,34407615;-3,675476711
12311;40,3485753;-3,703692968
12312;40,34955629;-3,688564131
12313;40,34955629;-3,688564131
12314;40,3431067;-3,7029843
12315;40,33375552;-3,70404774
12316;40,35180305;-3,710092168
12317;40,34617515;-3,711014976
12318;40,3456104;-3,6959556
12319;40,3475755;-3,6771178
12320;40,34516315;-3,687343736
12321;40,34639215;-3,707313361
12322;40,34100934;-3,687049804
12323;40,3449437;-3,716037872
12324;40,3456104;-3,6959556
12325;40,3456104;-3,6959556
12326;40,36316258;-3,698009436
12327;40,3456104;-3,6959556
12328;40,3456104;-3,6959556
12329;40,3456104;-3,6959556
12330;40,3456104;-3,6959556
12331;40,3456104;-3,6959556
12332;40,3456104;-3,6959556
12333;40,3437513;-3,709494856
12334;40,34303508;-3,70421677
12335;40,3456104;-3,6959556
12336;40,3456104;-3,6959556
12337;40,3456104;-3,6959556
12338;40,3456104;-3,6959556
12339;40,34826312;-3,711246929
12340;40,3416545;-3,674719
12341;40,3456104;-3,6959556
12342;40,34302364;-3,709039078
12343;40,3456104;-3,6959556
12344;40,3456104;-3,6959556
12345;40,36054944;-3,695256907
12346;40,34100934;-3,687049804
12347;40,33385468;-3,699566407
12348;40,34316665;-3,691714807
12349;40,3456104;-3,6959556
12350;40,3456104;-3,6959556
12351;40,36211234;-3,698779708
12352;40,35465178;-3,694388167
12353;40,34649293;-3,704163635
12354;40,3416545;-3,674719
12355;40,35465178;-3,694388167
12356;40,3456104;-3,6959556
12357;40,3456104;-3,6959556
12358;40,3056348;-3,46923975
12359;40,34728695;-3,710185043
12360;40,35864015;-3,683281094
12361;40,35310913;-3,681133431
12362;40,34957756;-3,689354321
12363;40,35080793;-3,688452904
12364;40,33385468;-3,699566407
12365;40,34987419;-3,701859087
12366;40,3484973;-3,690871378
12367;40,34875419;-3,68576344
12368;40,3456104;-3,6959556
12369;40,35900649;-3,6973086
12370;40,34957756;-3,689354321
12371;40,35080793;-3,688452904
12372;40,36211234;-3,698779708
12373;40,357812;-3,699782078
12374;40,34516315;-3,687343736
12375;40,33858592;-3,676389185
12376;40,34100934;-3,687049804
12377;40,3511105;-3,698761324
12378;40,35336508;-3,701735415
12379;40,3511105;-3,698761324
12380;40,34957756;-3,689354321
12381;40,35169491;-3,68866936
12382;40,3455719;-3,6954459
12383;40,34221728;-3,702929018
12384;40,3456104;-3,6959556
12385;40,47530421;-3,839710156
12386;40,57486839;-3,928031246
12387;40,45966746;-3,863362089
12388;40,585672;-3,951412851
12389;40,43732973;-3,849555732
12390;40,4806878;-3,7304851
12391;40,49487125;-4,046580927
12392;40,4612172;-3,862044874
12393;40,49299762;-3,967992393
12394;40,53060855;-3,9213116
12395;40,49254085;-4,031636556
12396;40,59020907;-3,963912722
12397;40,40883421;-3,818042245
12398;40,4867675;-3,8623723
12399;40,6054979;-4,0245092
12400;40,5143798;-4,04655
12401;40,4407412;-3,8740265
12402;40,4867675;-3,8623723
12403;40,45381889;-3,796959456
12404;40,4867675;-3,8623723
12405;40,4630152;-4,0886363
12406;40,4683892;-3,8301676
12407;40,670761;-3,9714849
12408;40,44914404;-3,806559442
12409;40,5610133;-4,0168423
12410;40,4531937;-3,912544434
12411;40,6811667;-3,9733498
12412;40,45579295;-3,831733474
12413;40,6021621;-4,1271995
12414;40,4418584;-3,8023081
12415;40,5814032;-4,000942643
12416;40,53867575;-3,934273899
12417;40,4406999;-3,8211389
12418;40,62075498;-4,004003916
12419;40,4746635;-3,8486843
12420;40,4492889;-3,7961954
12421;40,43758754;-3,897857673
12422;40,57218279;-3,942649058
12423;40,48397925;-3,94508945
12424;40,60549425;-4,024984751
12425;40,49045498;-3,866810154
12426;40,5143798;-4,04655
12427;40,41804669;-3,805469858
12428;40,4766084;-4,0009195
12429;40,4366608;-3,9982501
12430;40,43596329;-3,805233102
12431;40,51200206;-4,046090072
12432;40,42638911;-3,844598346
12433;40,6515647;-3,96459
12434;40,59277348;-4,151000729
12435;40,6308753;-4,006900182
12436;40,5850816;-4,1295201
12437;40,45266199;-3,805276078
12438;40,43228417;-3,810183538
12439;40,44123181;-3,911445909
12440;40,46347642;-3,866412576
12441;40,59546105;-4,142154033
12442;40,4053485;-3,8764663
12443;40,59546105;-4,142154033
12444;40,59546105;-4,142154033
12445;40,59546105;-4,142154033
12446;40,6908037;-3,972860576
12447;40,59546105;-4,142154033
12448;40,59546105;-4,142154033
12449;40,59546105;-4,142154033
12450;40,3885232;-3,9261827
12452;40,69419748;-3,930397761
12453;40,48379058;-3,946928668
12454;40,40219934;-3,902233859
12455;40,4689237;-3,9467068
12456;40,47446481;-3,363050952
12457;40,45579295;-3,831733474
12458;40,45638887;-3,810030835
12459;40,5872599;-3,9328762
12460;40,6722604;-4,0890518
12461;40,4582833;-3,916578661
12462;40,64797165;-4,02486106
12463;40,4925117;-3,959442
12464;40,64023055;-4,009321851
12465;40,62829714;-4,011527655
12466;40,4582833;-3,916578661
12467;40,49172966;-3,876352287
12468;40,4582833;-3,916578661
12469;40,49172966;-3,876352287
12470;40,49172966;-3,876352287
12471;40,51023856;-3,895408265
12472;40,37781966;-3,937803264
12473;40,5143798;-4,04655
12474;40,62876664;-4,009108712
12475;40,4630152;-4,0886363
12476;40,4346528;-3,814834
12477;40,4630152;-4,0886363
12478;40,631482;-4,01891223
12479;40,53128467;-3,909078308
12480;40,4390885;-3,7930351
12481;40,6988128;-3,9315856
12482;40,6988128;-3,9315856
12483;40,6986528;-3,9318567
12484;40,4211318;-3,785927164
12485;40,4746635;-3,8486843
12486;40,45579295;-3,831733474
12488;40,64196569;-3,994546056
12489;40,42638911;-3,844598346
12490;40,49204495;-3,9657819
12491;40,49204495;-3,9657819
12492;40,69291079;-4,024147287
12493;40,69291079;-4,024147287
12494;40,6986528;-3,9318567
12495;40,6986528;-3,9318567
12496;40,69291079;-4,024147287
12497;40,4568167;-3,864436056
12498;40,5353454;-3,8924373
12499;40,46665845;-4,0953501
12500;40,5872851;-4,1331796
12501;40,4472106;-4,002795
12502;40,47248764;-4,072718636
12503;40,59183389;-4,144567433
12504;40,7415013;-4,0547846
12505;40,4582833;-3,916578661
12506;40,5309378;-3,9098357
12507;40,59466318;-4,147752971
12508;40,4173297;-3,8952442
12509;40,44489968;-3,888031995
12510;40,62971428;-4,006782947
12511;40,60540629;-4,130431565
12512;40,4367138;-3,8146612
12513;40,5814032;-4,000942643
12514;40,5811689;-3,9357833
12515;40,5857487;-4,0460818
12516;40,449488;-3,7995117
12517;40,6351644;-4,0023942
12518;40,6351644;-4,0023942
12519;40,5857487;-4,0460818
12520;40,44581172;-3,805539088
12521;40,6431496;-3,9930128
12522;40,58847515;-3,920135291
12523;40,57116593;-3,935403809
12524;40,57116593;-3,935403809
12525;40,64667081;-3,993507406
12526;40,4366776;-3,8146017
12527;40,4460595;-4,002050078
12528;40,4370924;-3,8228251
12529;40,55201315;-3,896472919
12530;40,4460595;-4,002050078
12531;40,43733121;-3,801597703
12532;40,4343871;-3,8922393
12533;40,44489968;-3,888031995
12534;40,5550147;-4,0186245
12535;40,44648159;-3,874571683
12536;40,43763232;-3,791880605
12537;40,41507003;-3,882743917
12538;40,65480649;-4,046363658
12539;40,4227806;-3,892752228
12540;40,7218937;-3,9201015
12541;40,5509386;-3,889099692
12542;40,40111478;-3,777561316
12543;40,55201315;-3,896472919
12544;40,40219934;-3,902233859
12545;40,40219934;-3,902233859
12546;40,61214531;-3,932933775
12547;40,55201315;-3,896472919
12548;40,6308753;-4,006900182
12549;40,55201315;-3,896472919
12550;40,5811689;-3,9357833
12551;40,5811689;-3,9357833
12552;40,55201315;-3,896472919
12553;40,61710313;-3,904621692
12554;40,55201315;-3,896472919
12555;40,3885232;-3,9261827
12556;40,5811689;-3,9357833
12557;40,53271665;-3,908208917
12558;40,43794384;-3,824229326
12559;40,53271665;-3,908208917
12560;40,5814032;-4,000942643
12561;40,53271665;-3,908208917
12562;40,5814032;-4,000942643
12564;40,5814032;-4,000942643
12565;40,53271665;-3,908208917
12566;40,57958005;-3,958411258
12567;40,5814032;-4,000942643
12568;40,5171931;-3,906548801
12569;40,5814032;-4,000942643
12570;40,5236749;-3,8861088
12571;40,70992795;-4,009104499
12572;40,5814032;-4,000942643
12573;40,43794384;-3,824229326
12574;40,53271665;-3,908208917
12575;40,53271665;-3,908208917
12576;40,5814032;-4,000942643
12577;40,43794384;-3,824229326
12578;40,5738039;-3,9815433
12579;40,63156501;-4,004709029
12580;40,4582833;-3,916578661
12581;40,49587526;-3,96450822
12582;40,62918143;-4,003290099
12583;40,5916674;-4,1491229
12584;40,62810609;-4,007238927
12585;40,63156501;-4,004709029
12586;40,5916674;-4,1491229
12587;40,45797126;-3,858370252
12588;40,4028693;-3,6072165
12589;40,5916674;-4,1491229
12590;40,5176473;-3,925728183
12591;40,5916674;-4,1491229
12592;40,5916674;-4,1491229
12593;40,6190553;-4,1159955
12594;40,5916674;-4,1491229
12595;40,4683892;-3,8301676
12596;40,5916674;-4,1491229
12597;40,53867575;-3,934273899
12598;40,57526221;-3,936422707
12599;40,61823276;-4,012751423
12600;40,4579786;-3,9119021
12601;40,57526221;-3,936422707
12602;40,5916674;-4,1491229
12603;40,5916674;-4,1491229
12604;40,57526221;-3,936422707
12605;40,57526221;-3,936422707
12606;40,57526221;-3,936422707
12607;40,4867675;-3,8623723
12608;40,5916674;-4,1491229
12609;40,535731;-4,1138684
12610;40,41148492;-3,731337055
12611;40,5874531;-4,1293187
12612;40,40219934;-3,902233859
12613;40,5874531;-4,1293187
12614;40,40364961;-3,776965299
12615;40,40364961;-3,776965299
12616;40,40364961;-3,776965299
12617;40,40364961;-3,776965299
12618;40,6908037;-3,972860576
12619;40,40364961;-3,776965299
12620;40,40364961;-3,776965299
12621;40,6908037;-3,972860576
12622;40,5529607;-4,0122231
12623;40,4728332;-3,8723044
12624;40,4766084;-4,0009195
12625;40,48782965;-3,961913999
12626;40,5176473;-3,925728183
12627;40,5636714;-4,0164403
12628;40,48782965;-3,961913999
12629;40,5176473;-3,925728183
12630;40,5176473;-3,925728183
12631;40,48782965;-3,961913999
12632;40,44144026;-3,810355292
12633;40,5636714;-4,0164403
12634;40,48782965;-3,961913999
12635;40,44144026;-3,810355292
12636;40,45352784;-3,801037301
12637;40,35989552;-3,900371633
12638;40,59321644;-4,129364077
12639;40,42221638;-3,888747927
12640;40,5236749;-3,8861088
12641;40,5236749;-3,8861088
12642;40,5236749;-3,8861088
12643;40,5236749;-3,8861088
12644;40,5236749;-3,8861088
12645;40,5236749;-3,8861088
12646;40,5176473;-3,925728183
12647;40,5176473;-3,925728183
12648;40,7163841;-3,989412
12649;40,5236749;-3,8861088
12650;40,5176473;-3,925728183
12651;40,5236749;-3,8861088
12652;40,5236749;-3,8861088
12653;40,5236749;-3,8861088
12654;40,50850146;-3,90475622
12655;40,40963111;-3,883318671
12656;40,4728332;-3,8723044
12657;40,4728332;-3,8723044
12658;40,40963111;-3,883318671
12659;40,6702517;-4,1074258
12660;40,62362685;-4,007694301
12661;40,48199405;-3,85693755
12662;40,7134797;-3,9189213
12663;40,62362685;-4,007694301
12664;40,580398;-3,9993445
12665;40,6236403;-4,007594
12666;40,62362685;-4,007694301
12667;40,62362685;-4,007694301
12668;40,62362685;-4,007694301
12669;40,6236403;-4,007594
12670;40,3459204;-3,7084211
12671;40,62362685;-4,007694301
12672;40,580398;-3,9993445
12673;40,47862382;-3,858082427
12674;40,62362685;-4,007694301
12675;40,62362685;-4,007694301
12676;40,6908037;-3,972860576
12677;40,64196569;-3,994546056
12678;40,41616953;-3,89493143
12679;40,4524387;-3,795820764
12680;40,5853784;-4,1289169
12681;40,4033114;-3,787041822
12682;40,64196569;-3,994546056
12683;40,49686022;-3,879594447
12684;40,4402722;-3,888505169
12685;40,64196569;-3,994546056
12686;40,41616953;-3,89493143
12687;40,55525298;-3,901920373
12688;40,5853784;-4,1289169
12689;40,64196569;-3,994546056
12690;40,5529607;-4,0122231
12691;40,6908037;-3,972860576
12692;40,4033114;-3,787041822
12693;40,41616953;-3,89493143
12694;40,5853513;-4,128832
12695;40,64196569;-3,994546056
12696;40,5529607;-4,0122231
12697;40,5853513;-4,128832
12698;40,4033114;-3,787041822
12699;40,42230554;-3,922947581
12700;40,4746635;-3,8486843
12701;40,64196569;-3,994546056
12702;40,5853784;-4,1289169
12703;40,55525298;-3,901920373
12704;40,5853513;-4,128832
12705;40,44264415;-3,81287675
12706;40,5853513;-4,128832
12707;40,44264415;-3,81287675
12708;40,5853513;-4,128832
12709;40,44264415;-3,81287675
12710;40,4460595;-4,002050078
12711;40,4460595;-4,002050078
12712;40,4460595;-4,002050078
12713;40,42013923;-3,91510323
12714;40,53867575;-3,934273899
12715;40,57116593;-3,935403809
12716;40,449488;-3,7995117
12717;40,44264415;-3,81287675
12718;40,42013923;-3,91510323
12719;40,42013923;-3,91510323
12720;40,4460595;-4,002050078
12721;40,42013923;-3,91510323
12722;40,4460595;-4,002050078
12723;40,42013923;-3,91510323
12724;40,4528023;-3,7954136
12725;40,4460595;-4,002050078
12726;40,4460595;-4,002050078
12727;40,49686022;-3,879594447
12728;40,4460595;-4,002050078
12729;40,4460595;-4,002050078
12730;40,44264415;-3,81287675
12731;40,42013923;-3,91510323
12732;40,4460595;-4,002050078
12733;40,57116593;-3,935403809
12734;40,62707775;-4,009532051
12735;40,62707775;-4,009532051
12736;40,62707775;-4,009532051
12737;40,62707775;-4,009532051
12738;40,4460595;-4,002050078
12739;40,5309378;-3,9098357
12740;40,46710117;-3,93985643
12741;40,5309378;-3,9098357
12742;40,5309378;-3,9098357
12743;40,5309378;-3,9098357
12744;40,5309378;-3,9098357
12745;40,5309378;-3,9098357
12746;40,5309378;-3,9098357
12747;40,5309378;-3,9098357
12748;40,42430634;-3,907441973
12749;40,52562168;-3,895330584
12750;40,5743618;-3,9500532
12751;40,4173297;-3,8952442
12752;40,65981494;-4,061026608
12753;40,52562168;-3,895330584
12754;40,65431181;-3,959365621
12755;40,41644263;-3,836030201
12756;40,4053485;-3,8764663
12757;40,5743618;-3,9500532
12758;40,5743618;-3,9500532
12759;40,48149413;-3,856982609
12760;40,5814032;-4,000942643
12761;40,70867203;-3,98321009
12762;40,46885195;-3,859047396
12763;40,52562168;-3,895330584
12764;40,52562168;-3,895330584
12765;40,41616953;-3,89493143
12766;40,46885195;-3,859047396
12767;40,4524387;-3,795820764
12768;40,52562168;-3,895330584
12769;40,46885195;-3,859047396
12770;40,5814032;-4,000942643
12771;40,4033114;-3,787041822
12772;40,46885195;-3,859047396
12773;40,46885195;-3,859047396
12774;40,4524387;-3,795820764
12775;40,41616953;-3,89493143
12776;40,46885195;-3,859047396
12777;40,4579786;-3,9119021
12778;40,52562168;-3,895330584
12779;40,52562168;-3,895330584
12780;40,44489968;-3,888031995
12781;40,46587977;-3,860734769
12782;40,49614343;-3,960776305
12783;40,49614343;-3,960776305
12784;40,4528023;-3,7954136
12785;40,4053485;-3,8764663
12786;40,49614343;-3,960776305
12787;40,49614343;-3,960776305
12788;40,4528023;-3,7954136
12789;40,62362685;-4,007694301
12790;40,37094744;-3,929912512
12791;40,57276485;-3,953886595
12792;40,5749772;-3,9369724
12793;40,57526221;-3,936422707
12794;40,57526221;-3,936422707
12795;40,57526221;-3,936422707
12796;40,741452;-4,0546664
12797;40,49342743;-4,03104406
12798;40,5720241;-3,9378498
12799;40,41325974;-3,917483225
12800;40,5390963;-3,920371902
12801;40,5720241;-3,9378498
12802;40,48782965;-3,961913999
12803;40,42669453;-3,910988634
12804;40,5720241;-3,9378498
12805;40,42669453;-3,910988634
12806;40,6190553;-4,1159955
12807;40,5567723;-4,1195619
12808;40,4215229;-3,969172
12809;40,4272892;-3,785156194
12810;40,4499583;-3,8115953
12811;40,44996527;-3,812364063
12812;40,53128467;-3,909078308
12813;40,4683892;-3,8301676
12814;40,53128467;-3,909078308
12815;40,53128467;-3,909078308
12816;40,39139776;-3,92349081
12817;40,417495;-3,8988464
12818;40,53128467;-3,909078308
12819;40,53128467;-3,909078308
12820;40,53128467;-3,909078308
12821;40,42959545;-3,785930429
12823;40,4683892;-3,8301676
12824;40,41186066;-3,907005111
12825;40,61795014;-4,115080351
12826;40,42125927;-3,784252442
12827;40,4010187;-3,8857125
12828;40,6227332;-3,90712
12829;40,4010187;-3,8857125
12830;40,4010187;-3,8857125
12831;40,4010187;-3,8857125
12832;40,4010187;-3,8857125
12833;40,4010187;-3,8857125
12834;40,45352784;-3,801037301
12835;40,6811667;-3,9733498
12836;40,4411443;-3,852728736
12837;40,5769405;-3,885864045
12838;40,40111478;-3,777561316
12839;40,5694164;-3,9358654
12840;40,44914404;-3,806559442
12841;40,44914404;-3,806559442
12842;40,58403713;-3,924787172
12843;40,5155024;-3,919985163
12844;40,49911871;-3,88419884
12846;40,3885232;-3,9261827
12847;40,5337379;-3,8964131
12848;40,4579786;-3,9119021
12849;40,5094034;-3,9060068
12850;40,35326143;-3,90450498
12852;40,44123181;-3,911445909
12853;40,42979874;-3,892818726
12854;40,41871235;-3,90584969
12855;40,52153078;-3,894064988
12856;40,41804669;-3,805469858
12857;40,40941433;-3,804479445
12858;40,41421635;-3,811356227
12859;40,6021621;-4,1271995
12860;40,55201315;-3,896472919
12861;40,40225845;-3,788377768
12862;40,4725084;-3,8723343
12863;40,4215229;-3,969172
12864;40,4725084;-3,8723343
12865;40,4725084;-3,8723343
12866;40,4725084;-3,8723343
12867;40,4725084;-3,8723343
12868;40,4725084;-3,8723343
12869;40,4725084;-3,8723343
12870;40,4725084;-3,8723343
12871;40,4725084;-3,8723343
12872;40,4725084;-3,8723343
12873;40,4725084;-3,8723343
12874;40,4468114;-4,0053552
12875;40,3574273;-3,896227508
12876;40,4411321;-3,7875441
12877;40,4411321;-3,7875441
12878;40,28743503;-3,798030643
12879;40,39139776;-3,92349081
12880;40,42230554;-3,922947581
12881;40,49189716;-3,942760292
12882;40,4411321;-3,7875441
12883;40,57630319;-4,001344086
12884;40,64669098;-3,964703925
12885;40,4411321;-3,7875441
12886;40,4411321;-3,7875441
12887;40,42991812;-3,816213811
12888;40,47323177;-3,869717974
12889;40,4411321;-3,7875441
12890;40,4389354;-3,8960189
12891;40,59536756;-4,054770428
12892;40,42230554;-3,922947581
12893;40,65860182;-4,028464487
12894;40,43561615;-4,000646281
12895;40,35794295;-3,901958731
12896;40,39202455;-3,916519763
12897;40,4344856;-3,8121332
12898;40,53867575;-3,934273899
12899;40,43848345;-4,00520215
12900;40,4712777;-4,0852768
12901;40,6702517;-4,1074258
12902;40,535731;-4,1138684
12903;40,503057;-3,8832391
12904;40,40364961;-3,776965299
12905;40,41389439;-3,912659416
12906;40,40364961;-3,776965299
12907;40,40364961;-3,776965299
12908;40,40364961;-3,776965299
12909;40,5779771;-3,9522672
12910;40,47777649;-3,869884002
12911;40,62753307;-3,91140191
12912;40,59172047;-3,964365724
12913;40,49210366;-3,875240538
12914;40,43358655;-3,897592615
12915;40,47200116;-3,849688811
12916;40,42959545;-3,785930429
12917;40,42959545;-3,785930429
12918;40,73393786;-3,945536937
12919;40,42324624;-3,847562255
12920;40,449488;-3,7995117
12921;40,43358655;-3,897592615
12922;40,53408595;-3,90046525
12923;40,41186066;-3,907005111
12924;40,48003938;-3,867625835
12925;40,42726919;-3,786460549
12926;40,40883421;-3,818042245
12927;40,40883421;-3,818042245
12928;40,46513273;-4,070023207
12929;40,55792939;-3,898667866
12930;40,40883421;-3,818042245
12931;40,4667785;-4,0845509
12932;40,46276615;-4,0859519
12933;40,4072198;-3,8073892
12934;40,4072198;-3,8073892
12935;40,4072198;-3,8073892
12936;40,4072198;-3,8073892
12937;40,4072198;-3,8073892
12938;40,4072198;-3,8073892
12939;40,4072198;-3,8073892
12940;40,55201315;-3,896472919
12941;40,5827941;-4,1296026
12942;40,3533487;-3,889645502
12943;40,4182231;-3,8941121
12944;40,535731;-4,1138684
12945;40,62780959;-4,016456295
12946;40,40883421;-3,818042245
12947;40,3582759;-3,8967436
12948;40,35786499;-3,876944412
12949;40,56534745;-3,8898104
12950;40,5155024;-3,919985163
12951;40,4136512;-3,843419008
12952;40,41007332;-3,909009661
12953;40,41007332;-3,909009661
12954;40,4056081;-3,8964779
12955;40,4468114;-4,0053552
12956;40,49172835;-3,965501516
12957;40,6702517;-4,1074258
12958;40,6925664;-4,0693762
12959;40,4906652;-3,868144749
12960;40,6730082;-3,9704756
12961;40,4746635;-3,8486843
12962;40,45579295;-3,831733474
12963;40,36933467;-3,930056689
12964;40,5143798;-4,04655
12965;40,5779771;-3,9522672
12966;40,54740047;-3,930582813
12967;40,7163841;-3,989412
12968;40,42422195;-3,91538118
12969;40,4215229;-3,969172
12970;40,5954841;-3,9861152
12971;40,53521852;-3,890144288
12972;40,47318779;-3,869371745
12973;40,47525625;-3,860861648
12974;40,55162559;-3,991449683
12975;40,6525803;-4,0499053
12976;40,40759036;-3,797888264
12977;40,7351835;-3,9449102
12978;40,40806913;-3,783810475
12979;40,43549873;-3,882500863
12980;40,6431496;-3,9930128
12981;40,5916674;-4,1491229
12982;40,4746635;-3,8486843
12983;40,4551891;-3,6929164
12984;40,4746635;-3,8486843
12986;40,45488324;-3,85373762
12987;40,49614343;-3,960776305
12988;40,590113;-3,9520002
12989;40,6402737;-4,0002104
12990;40,4028693;-3,6072165
12991;40,5570303;-3,9663399
12992;40,6425604;-4,0305708
12993;40,65718514;-3,964288363
12994;40,58761688;-3,997807077
12995;40,5390963;-3,920371902
12996;40,49711458;-3,864232236
12997;40,40883421;-3,818042245
12998;40,43247957;-3,84413326
12999;40,52324211;-3,906267133
13000;40,4231954;-3,783694229
13001;40,44123181;-3,911445909
13002;40,42812795;-3,914159089
13003;40,53271665;-3,908208917
13004;40,411201;-3,810465365
13005;40,6304894;-4,0115319
13006;40,4689237;-3,9467068
13007;40,411201;-3,810465365
13008;40,43358655;-3,897592615
13009;40,449488;-3,7995117
13010;40,6554861;-3,9594002
13011;40,4411443;-3,852728736
13012;40,41729745;-3,835578952
13013;40,4052141;-3,8769548
13014;40,4746635;-3,8486843
13015;40,4028693;-3,6072165
13016;40,4579786;-3,9119021
13017;40,4028693;-3,6072165
13018;40,28743503;-3,798030643
13019;40,4766084;-4,0009195
13020;40,4336741;-3,916358651
13021;40,62635125;-4,001111614
13022;40,5610133;-4,0168423
13023;40,7163841;-3,989412
13024;40,5779771;-3,9522672
13025;40,4468114;-4,0053552
13026;40,5259765;-3,6506483
13027;40,5926673;-4,1471642
13028;40,4402722;-3,888505169
13029;40,5916674;-4,1491229
13030;40,4052141;-3,8769548
13031;40,4465091;-3,7981079
13032;40,40977405;-3,797079059
13033;40,4906342;-3,9643222
13034;40,5155024;-3,919985163
13035;40,63100855;-4,014154599
13036;40,41148492;-3,731337055
13037;40,6298594;-4,0277607
13038;40,43358655;-3,897592615
13039;40,41148492;-3,731337055
13040;40,5143798;-4,04655
13041;40,5143798;-4,04655
13042;40,43417012;-3,853797575
13043;40,45579295;-3,831733474
13044;40,5155024;-3,919985163
13045;40,70267499;-4,070408205
13046;40,6554861;-3,9594002
13047;40,40883421;-3,818042245
13048;40,411201;-3,810465365
13049;40,40883421;-3,818042245
13050;40,41379057;-3,796262606
13051;40,52562168;-3,895330584
13052;40,41421635;-3,811356227
13053;40,5155024;-3,919985163
13054;40,4336741;-3,916358651
13055;40,4211318;-3,785927164
13056;40,4746635;-3,8486843
13057;40,53271665;-3,908208917
13058;40,40941433;-3,804479445
13059;40,449488;-3,7995117
13060;40,4411443;-3,852728736
13061;40,4053485;-3,8764663
13062;40,4402722;-3,888505169
13063;40,41644263;-3,836030201
13064;40,45359995;-3,892496777
13065;40,55241576;-3,905802043
13066;40,43358655;-3,897592615
13067;40,44980265;-3,896833924
13068;40,57484513;-3,920325449
13069;40,40961375;-3,800693408
13070;40,4367138;-3,8146612
13071;40,449488;-3,7995117
13072;40,33962418;-3,950921581
13073;40,35375573;-3,893980251
13074;40,45359995;-3,892496777
13075;40,42720085;-3,888613312
13076;40,5248604;-3,7838938
13077;40,58290534;-3,930770262
13078;40,4211318;-3,785927164
13079;40,42638911;-3,844598346
13080;40,44109252;-3,817793562
13081;40,48359853;-3,934655118
13082;40,41421635;-3,811356227
13083;40,40977405;-3,797079059
13084;40,3885232;-3,9261827
13085;40,449693;-3,809991436
13086;40,48383198;-3,864823567
13087;40,42211514;-3,784569317
13088;40,413673;-3,907328698
13089;40,40883421;-3,818042245
13090;40,4238866;-3,8877237
13091;40,413673;-3,907328698
13092;40,47294802;-3,877608497
13093;40,449488;-3,7995117
13094;40,46721868;-3,87233471
13095;40,41421635;-3,811356227
13096;40,45579295;-3,831733474
13097;40,40998983;-3,801551718
13098;40,44110374;-3,80362318
13099;40,5176473;-3,925728183
13100;40,48383198;-3,864823567
13101;40,4173297;-3,8952442
13102;40,5309378;-3,9098357
13103;40,5176473;-3,925728183
13104;40,5309378;-3,9098357
13105;40,4932791;-3,875189
13106;40,5309378;-3,9098357
13107;40,45359995;-3,892496777
13108;40,43561384;-3,917989504
13109;40,4173297;-3,8952442
13110;40,4173297;-3,8952442
13111;40,4136512;-3,843419008
13112;40,530672;-3,924179369
13113;40,47200116;-3,849688811
13114;40,55439889;-3,901384067
13115;40,52827662;-3,930011669
13116;40,42230554;-3,922947581
13117;40,46587977;-3,860734769
13118;40,4053485;-3,8764663
13119;40,5720241;-3,9378498
13120;40,5720241;-3,9378498
13121;40,41030282;-3,897377888
13122;40,413673;-3,907328698
13123;40,44746292;-3,803327922
13124;40,41372454;-3,895750014
13125;40,4198371;-3,916060497
13126;40,43744889;-3,887761606
13127;40,45094822;-3,892748611
13128;40,45094822;-3,892748611
13129;40,40051227;-3,884359546
13130;40,41379057;-3,796262606
13131;40,44746392;-3,803560044
13132;40,43943573;-3,79772458
13133;40,4134831;-3,9082118
13134;40,4238866;-3,8877237
13135;40,42560122;-3,91863347
13136;40,3573085;-3,9010211
13137;40,35223415;-3,889828193
13138;40,4683892;-3,8301676
13139;40,44123181;-3,911445909
13140;40,42676885;-3,872870084
13141;40,44123181;-3,911445909
13142;40,44123181;-3,911445909
13143;40,40617691;-3,848102299
13144;40,40617691;-3,848102299
13145;40,35550267;-3,909062101
13146;40,35504224;-3,875483998
13147;40,3573085;-3,9010211
13148;40,42638911;-3,844598346
13149;40,4211318;-3,785927164
13150;40,411201;-3,810465365
13151;40,42037636;-3,921037629
13152;40,42037636;-3,921037629
13153;40,41389439;-3,912659416
13154;40,41389439;-3,912659416
13155;40,41389439;-3,912659416
13156;40,43971101;-3,852200607
13157;40,44110374;-3,80362318
13158;40,42850306;-3,922036007
13159;40,42959545;-3,785930429
13160;40,42959545;-3,785930429
13161;40,41007332;-3,909009661
13162;40,41007332;-3,909009661
13163;40,39202455;-3,916519763
13164;40,40883421;-3,818042245
13165;40,40883421;-3,818042245
13166;40,4072198;-3,8073892
13167;40,4072198;-3,8073892
13168;40,3885232;-3,9261827
13169;40,4053485;-3,8764663
13170;40,39691827;-3,92074206
13171;40,4411443;-3,852728736
13172;40,40883421;-3,818042245
13173;40,5176473;-3,925728183
13174;40,36383286;-3,880065881
13175;40,35353737;-3,878104713
13176;40,35934241;-3,872522235
13177;40,3849848;-3,924973229
13178;40,35892977;-3,874087293
13179;40,35428483;-3,905957835
13180;40,3574939;-3,8719532
13181;40,38525285;-3,933805802
13182;40,39422045;-3,917748205
13183;40,6702517;-4,1074258
13184;40,4239259;-3,91894
13185;40,36724875;-3,93157491
13186;40,40977405;-3,797079059
13187;40,40617691;-3,848102299
13188;40,44381659;-3,843121867
13189;40,4158312;-3,786559
13190;40,449488;-3,7995117
13191;40,6554861;-3,9594002
13192;40,4390885;-3,7930351
13193;40,41904572;-3,79420842
13194;40,57458845;-3,957022417
13195;40,4746635;-3,8486843
13196;40,41904572;-3,79420842
13197;40,449488;-3,7995117
13198;40,53867575;-3,934273899
13199;40,4579786;-3,9119021
13200;40,49711458;-3,864232236
13201;40,5720241;-3,9378498
13202;40,5094034;-3,9060068
13203;40,36419062;-3,910530225
13204;40,4411443;-3,852728736
13205;40,4411443;-3,852728736
13206;40,43228417;-3,810183538
13207;40,5155024;-3,919985163
13208;40,4052141;-3,8769548
13209;40,40883421;-3,818042245
13210;40,4746635;-3,8486843
13211;40,507932;-3,8781526
13212;40,41421635;-3,811356227
13213;40,51695913;-3,907342791
13214;40,40941433;-3,804479445
13215;40,3555801;-3,8676456
13216;40,53867575;-3,934273899
13217;40,45649674;-3,905923044
13218;40,65718514;-3,964288363
13219;40,4402722;-3,888505169
13220;40,4052141;-3,8769548
13221;40,4746635;-3,8486843
13222;40,5779771;-3,9522672
13223;40,4402722;-3,888505169
13224;40,42638911;-3,844598346
13225;40,53830828;-3,939601273
13226;40,44333084;-3,87368564
13227;40,40207307;-3,894415436
13228;40,4411443;-3,852728736
13229;40,40998983;-3,801551718
13230;40,4579786;-3,9119021
13231;40,6554861;-3,9594002
13232;40,40883421;-3,818042245
13233;40,57548203;-3,951930054
13234;40,4673483;-3,8747323
13235;40,4737486;-3,854222892
13236;40,4579786;-3,9119021
13237;40,40941433;-3,804479445
13238;40,4465091;-3,7981079
13239;40,4052141;-3,8769548
13240;40,41904572;-3,79420842
13241;40,45359995;-3,892496777
13242;40,4211318;-3,785927164
13243;40,4899066;-3,8905634
13244;40,41421635;-3,811356227
13245;40,55201315;-3,896472919
13246;40,4305445;-3,8987944
13247;40,42223975;-3,810231567
13248;40,4579786;-3,9119021
13249;40,46587977;-3,860734769
13250;40,4800627;-3,8901953
13251;40,44110374;-3,80362318
13252;40,3623389;-3,9110419
13253;40,4291719;-3,8032607
13254;40,4485818;-3,8167516
13255;40,46587977;-3,860734769
13256;40,4701189;-3,8713852
13257;40,4533096;-3,8664418
13258;40,46254752;-3,863589018
13259;40,47272238;-3,854688594
13260;40,4561797;-3,8642253
13261;40,449488;-3,7995117
13262;40,42991812;-3,816213811
13263;40,43117623;-3,913953173
13264;40,44489968;-3,888031995
13265;40,4007664;-3,8837107
13266;40,456623;-3,8670908
13267;40,38064894;-3,926416653
13268;40,4020393;-3,7867249
13269;40,41421635;-3,811356227
13270;40,40941433;-3,804479445
13271;40,39320586;-3,927498336
13272;40,44109252;-3,817793562
13273;40,39212317;-3,926262426
13274;40,35519736;-3,911647605
13275;40,4457254;-3,8198013
13276;40,35223415;-3,889828193
13277;40,3535973;-3,8953134
13278;40,3594133;-3,8727578
13279;40,3603979;-3,8823828
13280;40,3547366;-3,8792293
13281;40,38591846;-3,934962833
13282;40,38525285;-3,933805802
13283;40,39280907;-3,920272987
13284;40,3580627;-3,9076828
13285;40,4447124;-3,8253722
13286;40,35819262;-3,898731893
13287;40,43358655;-3,897592615
13288;40,4387013;-3,888293
13289;40,41729745;-3,835578952
13290;40,4211318;-3,785927164
13291;40,4105092;-3,8011162
13292;40,4053485;-3,8764663
13293;40,4052141;-3,8769548
13294;40,4388456;-3,8224959
13295;40,45579295;-3,831733474
13296;40,40883421;-3,818042245
13297;40,4112877;-3,8102348
13298;40,42324624;-3,847562255
13299;40,4474794;-3,8033298
13300;40,42676885;-3,872870084
13301;40,40617691;-3,848102299
13302;40,4377419;-3,8957506
13303;40,43561384;-3,917989504
13304;40,44123181;-3,911445909
13305;40,4072198;-3,8073892
13306;40,4088335;-3,8180402
13307;40,4485818;-3,8167516
13308;40,42037636;-3,921037629
13309;40,41421635;-3,811356227
13310;40,4411443;-3,852728736
13311;40,449488;-3,7995117
13312;40,4052141;-3,8769548
13313;40,4402722;-3,888505169
13314;40,41421635;-3,811356227
13315;40,42669453;-3,910988634
13316;40,42638911;-3,844598346
13317;40,4211318;-3,785927164
13318;40,449488;-3,7995117
13319;40,4402722;-3,888505169
13320;40,41804669;-3,805469858
13321;40,40941433;-3,804479445
13322;40,449488;-3,7995117
13323;40,4147441;-3,8828312
13324;40,43247957;-3,84413326
13325;40,449488;-3,7995117
13326;40,4160378;-3,8305525
13327;40,4211318;-3,785927164
13328;40,4087682;-3,8093634
13329;40,4227806;-3,892752228
13330;40,4136512;-3,843419008
13331;40,4272898;-3,7855084
13332;40,41325974;-3,917483225
13333;40,43924883;-3,921273903
13334;40,41030282;-3,897377888
13335;40,4147441;-3,8828312
13336;40,4245477;-3,8419757
13337;40,4112877;-3,8102348
13338;40,5555944;-3,9036551
13339;40,53271665;-3,908208917
13340;40,6431496;-3,9930128
13341;40,4579786;-3,9119021
13342;40,449488;-3,7995117
13343;40,62740044;-4,011764793
13344;40,62955238;-4,009551567
13345;40,4411443;-3,852728736
13346;40,4683892;-3,8301676
13347;40,2877894;-3,7979813
13348;40,60122612;-3,983802548
13349;40,5155024;-3,919985163
13350;40,65184323;-4,027529395
13351;40,4906342;-3,9643222
13352;40,4112877;-3,8102348
13353;40,44333084;-3,87368564
13354;40,41888844;-3,840371304
13355;40,62344412;-3,901937554
13356;40,62879743;-4,003703697
13357;40,61752764;-4,0365214
13358;40,63271685;-4,001615069
13359;40,62475076;-4,005485165
13360;40,43571455;-3,816386085
13361;40,4612172;-3,862044874
13362;40,5241594;-3,884130277
13363;40,6208972;-4,0114666
13364;40,4689237;-3,9467068
13365;40,6431496;-3,9930128
13366;40,4579786;-3,9119021
13367;40,4630152;-4,0886363
13368;40,5694164;-3,9358654
13369;40,4052141;-3,8769548
13370;40,5694164;-3,9358654
13371;40,50186445;-3,891390263
13372;40,45579295;-3,831733474
13373;40,5727798;-3,906807036
13374;40,57458845;-3,957022417
13375;40,4052141;-3,8769548
13376;40,4746635;-3,8486843
13377;40,53867575;-3,934273899
13378;40,3574273;-3,896227508
13379;40,5872599;-3,9328762
13380;40,5779771;-3,9522672
13381;40,5954841;-3,9861152
13382;40,4630152;-4,0886363
13383;40,4134695;-3,842777
13384;40,4109973;-3,902182249
13385;40,45579295;-3,831733474
13386;40,3559175;-3,901088601
13387;40,63035433;-4,014425996
13388;40,5954841;-3,9861152
13389;40,6304892;-4,004107391
13390;40,4367138;-3,8146612
13391;40,4465091;-3,7981079
13392;40,38859595;-3,6947642
13393;40,5849054;-4,1326789
13394;40,5737807;-3,9074199
13395;40,56902835;-3,949945175
13396;40,40646922;-3,878480644
13397;40,42850306;-3,922036007
13398;40,62687611;-4,014147842
13399;40,50186445;-3,891390263
13400;40,608365;-4,0296831
13401;40,6284397;-4,011447231
13402;40,608365;-4,0296831
13403;40,6702517;-4,1074258
13404;40,6474455;-4,0551434
13405;40,50186445;-3,891390263
13406;40,5610133;-4,0168423
13407;40,449488;-3,7995117
13408;40,4336741;-3,916358651
13409;40,41804669;-3,805469858
13410;40,50186445;-3,891390263
13412;40,535731;-4,1138684
13413;40,3573085;-3,9010211
13414;40,5738039;-3,9815433
13415;40,5831153;-3,921141
13416;40,57511085;-3,952826403
13417;40,65339775;-4,048258334
13418;40,5867495;-3,9224109
13419;40,6311542;-3,993843
13420;40,4472106;-4,002795
13421;40,4052141;-3,8769548
13422;40,45731783;-3,914615387
13423;40,3727017;-3,918582323
13424;40,46647022;-4,084343479
13425;40,4756027;-3,9766522
13426;40,4471737;-4,0070095
13427;40,43932947;-4,010577167
13428;40,39202455;-3,916519763
13429;40,4630152;-4,0886363
13430;40,55201315;-3,896472919
13431;40,62032343;-4,03274242
13432;40,61551983;-3,924643172
13433;40,47524832;-3,864068537
13434;40,65515267;-4,016290216
13435;40,4689237;-3,9467068
13436;40,46155577;-3,879949772
13437;40,4052141;-3,8769548
13438;40,6304892;-4,004107391
13439;40,48284816;-3,878709096
13440;40,4598385;-4,0945849
13441;40,6304892;-4,004107391
13442;40,6365091;-4,0252515
13443;40,53867575;-3,934273899
13444;40,59508079;-3,968247086
13445;40,4279297;-3,842856
13446;40,55145769;-3,888937245
13447;40,61649462;-4,00491665
13448;40,4365579;-3,8138423
13449;40,6456673;-3,994307931
13450;40,49397315;-3,87281225
13451;40,45803447;-3,812038468
13452;40,54851846;-4,004046698
13453;40,41421635;-3,811356227
13454;40,41610408;-3,963841084
13455;40,65075356;-4,045787059
13456;40,67516322;-3,967670378
13457;40,4683892;-3,8301676
13458;40,6386388;-4,009757783
13459;40,64771313;-4,033270052
13460;40,6287785;-4,002224178
13461;40,58437814;-4,128892809
13462;40,4472106;-4,002795
13463;40,50411564;-3,894673267
13464;40,4415918;-3,8414479
13465;40,4052141;-3,8769548
13466;40,5867495;-3,9224109
13467;40,413673;-3,907328698
13468;40,59536756;-4,054770428
13469;40,67126534;-4,087591537
13470;40,4028693;-3,6072165
13471;40,5926673;-4,1471642
13472;40,6208972;-4,0114666
13473;40,5155024;-3,919985163
13474;40,449488;-3,7995117
13475;40,4056081;-3,8964779
13476;40,47303296;-3,875559303
13477;40,4472106;-4,002795
13478;40,62740044;-4,011764793
13479;40,3885232;-3,9261827
13480;40,4112877;-3,8102348
13481;40,43358655;-3,897592615
13482;40,44301073;-3,803008742
13483;40,6150079;-3,9275791
13484;40,42061993;-3,905577925
13485;40,4766084;-4,0009195
13486;40,63028447;-4,001928369
13487;40,40941433;-3,804479445
13488;40,43411168;-3,901182118
13489;40,43247957;-3,84413326
13490;40,7278413;-4,0194205
13491;40,4279643;-3,9224188
13492;40,43571455;-3,816386085
13493;40,64558316;-3,976639908
13494;40,7325844;-4,004533
13495;40,52355619;-3,922717339
13497;40,4390885;-3,7930351
13498;40,6554861;-3,9594002
13499;40,5773606;-4,0035703
13500;40,4932791;-3,875189
13501;40,41148492;-3,731337055
13502;40,4683892;-3,8301676
13503;40,4052141;-3,8769548
13504;40,4472106;-4,002795
13505;40,62829714;-4,011527655
13506;40,5779771;-3,9522672
13507;40,44489968;-3,888031995
13508;40,4263027;-3,849821976
13510;40,6400456;-4,0204774
13511;40,51034251;-3,972815539
13512;40,4041832;-3,817008673
13513;40,5094034;-3,9060068
13514;40,4297229;-3,785334
13515;40,42850306;-3,922036007
13516;40,535731;-4,1138684
13517;40,6400456;-4,0204774
13518;40,44980265;-3,896833924
13519;40,40432349;-3,880153202
13520;40,73105721;-3,952235675
13521;40,5916674;-4,1491229
13522;40,4932791;-3,875189
13523;40,4024472;-3,882327366
13524;40,41832489;-3,91659367
13525;40,37354119;-3,928958691
13526;40,54740047;-3,930582813
13527;40,42898406;-3,895938867
13528;40,5644299;-3,947439555
13529;40,62918143;-4,003290099
13530;40,554847;-4,11814497
13531;40,4683892;-3,8301676
13532;40,58619265;-4,131858747
13533;40,44961007;-3,902123191
13534;40,7419045;-4,0512412
13535;40,4683892;-3,8301676
13536;40,68234298;-4,10412225
13537;40,5951319;-3,9647328
13538;40,4579786;-3,9119021
13539;40,5906018;-4,1391793
13540;40,4998445;-3,968734059
13541;40,43358655;-3,897592615
13542;40,3885232;-3,9261827
13543;40,6227332;-3,90712
13544;40,42365212;-3,897560655
13545;40,3885232;-3,9261827
13546;40,4053485;-3,8764663
13547;40,42363868;-3,906027744
13548;40,5694164;-3,9358654
13549;40,6702517;-4,1074258
13550;40,66233022;-4,043576432
13551;40,4028693;-3,6072165
13552;40,590113;-3,9520002
13553;40,5926673;-4,1471642
13554;40,62328253;-4,041544116
13555;40,41621676;-3,897204373
13556;40,58274504;-4,127515868
13557;40,47104328;-3,871897702
13558;40,58165782;-4,127746553
13559;40,4819882;-3,9386212
13560;40,60354317;-3,901766018
13561;40,6304894;-4,0115319
13562;40,4472106;-4,002795
13563;40,4291719;-3,8032607
13565;40,4932791;-3,875189
13566;40,41904572;-3,79420842
13567;40,71336975;-3,996051212
13568;40,4711888;-3,871093086
13569;40,6227334;-3,9072054
13570;40,3885232;-3,9261827
13571;40,6515647;-3,96459
13572;40,4472106;-4,002795
13573;40,43571455;-3,816386085
13574;40,6160874;-4,1508437
13575;40,67799959;-4,099175068
13576;40,6660179;-4,095982582
13577;40,63222416;-3,997518339
13578;40,7376282;-3,9478644
13579;40,54855576;-3,911376794
13580;40,52161734;-3,892888292
13581;40,62978076;-4,004136079
13582;40,488357;-3,883297931
13583;40,33962418;-3,950921581
13584;40,4418745;-3,8733454
13585;40,63271685;-4,001615069
13586;40,359808;-3,90202
13587;40,61823276;-4,012751423
13588;40,6274049;-3,9881825
13589;40,65800028;-4,058798814
13590;40,52173094;-3,907484881
13591;40,67769378;-3,974683499
13592;40,69120795;-4,02898855
13593;40,65546623;-4,04278898
13594;40,6929592;-4,024696
13595;40,63398317;-4,016343976
13596;40,57349111;-3,896873637
13597;40,69201202;-4,03263852
13598;40,62218945;-4,003533044
13599;40,68632923;-3,972117556
13600;40,6214174;-4,114298785
13601;40,69918776;-3,968263028
13602;40,4630152;-4,0886363
13603;40,57505249;-3,923851944
13604;40,6618994;-4,0225102
13605;40,4109973;-3,902182249
13606;40,6938894;-4,0231235
13607;40,57646235;-3,88550554
13608;40,6592198;-4,0246571
13609;40,3644391;-3,8744453
13610;40,4746635;-3,8486843
13611;40,6702517;-4,1074258
13612;40,67236471;-3,969485903
13613;40,6916975;-4,0139847
13614;40,38799555;-3,936384412
13615;40,68011972;-3,971378699
13616;40,59612295;-4,15283908
13617;40,3573085;-3,9010211
13618;40,5390963;-3,920371902
13620;40,58452414;-4,130491989
13621;40,58377607;-4,130219192
13622;40,55997052;-4,017452124
13623;40,62075498;-4,004003916
13624;40,57859462;-4,011945164
13625;40,43677795;-3,888682305
13626;40,56463862;-4,017634977
13627;40,45414533;-3,799325013
13628;40,53271665;-3,908208917
13629;40,5951319;-3,9647328
13630;40,62947285;-4,0202625
13631;40,57427065;-4,003234234
13632;40,6304894;-4,0115319
13633;40,7313008;-3,9806368
13634;40,73194425;-3,945308616
13635;40,680347;-4,0950464
13636;40,54750506;-4,010370007
13637;40,58619265;-4,131858747
13638;40,5779771;-3,9522672
13639;40,40860805;-3,797877729
13640;40,6783167;-4,0795126
13641;40,48120711;-3,93985593
13642;40,62667072;-4,006603897
13643;40,5933855;-4,1406868
13644;40,69068489;-4,025003737
13645;40,68921442;-3,969357303
13646;40,69406742;-4,02451752
13647;40,657424;-4,0235142
13648;40,4995013;-4,0282797
13649;40,6947613;-4,0288616
13650;40,54855576;-3,911376794
13651;40,6159169;-4,0100416
13652;40,62666249;-3,912205839
13653;40,7079952;-4,004430362
13654;40,43255704;-3,885878596
13655;40,44301073;-3,803008742
13656;40,4728332;-3,8723044
13657;40,47958378;-3,858956979
13658;40,44786035;-4,006752999
13659;40,5891319;-4,146461174
13660;40,43571455;-3,816386085
13661;40,5860872;-4,1292501
13662;40,58633871;-4,12978595
13663;40,45210147;-4,000920202
13664;40,5827941;-4,1296026
13666;40,5655702;-4,010323113
13667;40,5455264;-4,1095545
13668;40,6739565;-4,0880538
13669;40,5494204;-3,6351988
13670;40,4367138;-3,8146612
13671;40,5764217;-3,9346032
13672;40,57486839;-3,928031246
13673;40,40211065;-3,8996049
13674;40,64969277;-4,037744737
13675;40,598742;-4,134676774
13676;40,5779771;-3,9522672
13677;40,75659871;-4,072372787
13678;40,39139776;-3,92349081
13679;40,4966509;-3,6636826
13680;40,43358655;-3,897592615
13681;40,4052141;-3,8769548
13682;40,590113;-3,9520002
13684;40,54858925;-3,90353418
13685;40,6406161;-3,992948119
13686;40,5954841;-3,9861152
13687;40,4185938;-3,9189059
13688;40,3727017;-3,918582323
13689;40,4109973;-3,902182249
13690;40,4930864;-3,876142227
13691;40,55201315;-3,896472919
13692;40,59577124;-4,13925037
13693;40,45123922;-4,00596728
13694;40,6702517;-4,1074258
13695;40,5779771;-3,9522672
13696;40,503057;-3,8832391
13697;40,4215229;-3,969172
13699;40,53867575;-3,934273899
13700;40,535731;-4,1138684
13701;40,4630152;-4,0886363
13702;40,41421635;-3,811356227
13703;40,5155024;-3,919985163
13704;40,5867495;-3,9224109
13705;40,42211514;-3,784569317
13706;40,62829714;-4,011527655
13707;40,5854591;-3,971234371
13708;40,5248604;-3,7838938
13709;40,4053485;-3,8764663
13710;40,4746635;-3,8486843
13711;40,5248604;-3,7838938
13712;40,7192919;-4,013525822
13713;40,5738039;-3,9815433
13714;40,73906662;-4,064312584
13715;40,6227332;-3,90712
13716;40,55201315;-3,896472919
13717;40,5143798;-4,04655
13718;40,6481664;-4,0432123
13719;40,4630152;-4,0886363
13720;40,44537327;-4,003592586
13721;40,4932791;-3,875189
13722;40,64828225;-4,0434802
13723;40,44625135;-3,995704853
13724;40,62829714;-4,011527655
13725;40,45579295;-3,831733474
13726;40,3854733;-3,9282918
13727;40,46310155;-4,08308505
13728;40,4350402;-3,797763
13729;40,4472106;-4,002795
13730;40,60594238;-4,125226352
13731;40,5815173;-4,1291533
13732;40,4468114;-4,0053552
13733;40,449488;-3,7995117
13734;40,4465091;-3,7981079
13735;40,62635125;-4,001111614
13736;40,6474455;-4,0551434
13737;40,39973109;-3,886287257
13738;40,4367138;-3,8146612
13739;40,4215229;-3,969172
13740;40,5653693;-3,895909
13741;40,48685466;-4,042792323
13742;40,57869;-4,020691
13743;40,6715521;-4,086371
13744;40,4857378;-3,9452426
13745;40,56407037;-4,013870734
13746;40,48397925;-3,94508945
13747;40,53128467;-3,909078308
13748;40,67162449;-4,091623498
13749;40,5598112;-3,8902105
13750;40,64677074;-3,989615596
13751;40,5323694;-3,9300171
13752;40,66570987;-4,089696534
13753;40,4472106;-4,002795
13754;40,50544613;-4,117250658
13755;40,57501654;-3,941746133
13756;40,5902245;-3,986983419
13757;40,65852338;-4,024865678
13758;40,6602535;-4,0223967
13759;40,4342725;-3,850234768
13760;40,5779771;-3,9522672
13761;40,5814032;-4,000942643
13762;40,449488;-3,7995117
13763;40,5653693;-3,895909
13764;40,55241576;-3,905802043
13765;40,57358744;-3,952618206
13766;40,59765982;-3,982164968
13767;40,55647666;-4,030646949
13768;40,66570987;-4,089696534
13769;40,65039775;-4,020976115
13770;40,4390885;-3,7930351
13771;40,5570303;-3,9663399
13772;40,5849728;-4,1281883
13773;40,45464652;-3,796201401
13774;40,449488;-3,7995117
13775;40,45464652;-3,796201401
13776;40,4949232;-3,9600065
13777;40,45464652;-3,796201401
13778;40,5202718;-3,9327269
13779;40,4630152;-4,0886363
13780;40,5202718;-3,9327269
13781;40,6076104;-4,0300311
13782;40,59020907;-3,963912722
13783;40,6474455;-4,0551434
13784;40,6035754;-3,984680307
13785;40,4422668;-3,8135625
13786;40,5797439;-4,0026344
13787;40,4630152;-4,0886363
13788;40,53867575;-3,934273899
13789;40,47139887;-3,875079383
13790;40,4336741;-3,916358651
13791;40,6515647;-3,96459
13792;40,5143798;-4,04655
13793;40,4422668;-3,8135625
13794;40,4766084;-4,0009195
13795;40,4579786;-3,9119021
13796;40,4949232;-3,9600065
13797;40,5874531;-4,1293187
13798;40,5874531;-4,1293187
13799;40,5570303;-3,9663399
13800;40,4630152;-4,0886363
13801;40,6304892;-4,004107391
13802;40,45649674;-3,905923044
13803;40,413673;-3,907328698
13804;40,4465091;-3,7981079
13805;40,5814032;-4,000942643
13806;40,4323999;-3,8027532
13807;40,35261707;-3,901330194
13808;40,68234298;-4,10412225
13809;40,552072;-4,0042322
13810;40,52354272;-3,912829673
13811;40,4332228;-3,8124049
13812;40,42720085;-3,888613312
13813;40,42720085;-3,888613312
13814;40,5814032;-4,000942643
13815;40,49614343;-3,960776305
13816;40,6474455;-4,0551434
13817;40,3660392;-3,9444092
13818;40,3660392;-3,9444092
13819;40,3692601;-3,930005132
13820;40,52791125;-4,065371224
13821;40,5779771;-3,9522672
13822;40,57364484;-3,890552062
13823;40,48120711;-3,93985593
13824;40,63100855;-4,014154599
13825;40,59610926;-4,13492361
13826;40,59610926;-4,13492361
13827;40,59610926;-4,13492361
13828;40,4336741;-3,916358651
13829;40,59381142;-4,142991738
13830;40,3573085;-3,9010211
13831;40,53867575;-3,934273899
13832;40,4683892;-3,8301676
13833;40,41007332;-3,909009661
13834;40,3573787;-3,9002334
13835;40,44914404;-3,806559442
13836;40,44914404;-3,806559442
13837;40,45226825;-3,806472466
13838;40,49614343;-3,960776305
13839;40,49614343;-3,960776305
13840;40,50186445;-3,891390263
13841;40,6072512;-4,0533065
13842;40,4052141;-3,8769548
13843;40,41904572;-3,79420842
13844;40,7163841;-3,989412
13845;40,3637698;-3,910019343
13846;40,4472106;-4,002795
13847;40,5390963;-3,920371902
13848;40,4056081;-3,8964779
13849;40,4411321;-3,7875441
13850;40,4411321;-3,7875441
13851;40,41148492;-3,731337055
13852;40,4822779;-3,9497888
13853;40,6407186;-4,0140017
13854;40,5851216;-4,1632828
13855;40,6160874;-4,1508437
13856;40,5764217;-3,9346032
13858;40,3573085;-3,9010211
13859;40,5248604;-3,7838938
13860;40,53867575;-3,934273899
13861;40,5983949;-3,9478179
13862;40,4272898;-3,7855084
13863;40,44123181;-3,911445909
13864;40,47425108;-3,878830927
13865;40,6218918;-3,910364433
13866;40,36344958;-3,912032894
13867;40,6702517;-4,1074258
13868;40,57548203;-3,951930054
13869;40,449488;-3,7995117
13870;40,65412159;-4,041787696
13871;40,552072;-4,0042322
13872;40,60387069;-4,129941157
13873;40,55201315;-3,896472919
13874;40,6404448;-4,0239837
13875;40,57862002;-3,886844687
13876;40,56455598;-3,9036109
13877;40,5902245;-3,986983419
13878;40,4778869;-3,85425185
13879;40,42850306;-3,922036007
13880;40,4382332;-3,7935985
13881;40,43549814;-3,993296041
13882;40,5764217;-3,9346032
13883;40,53830828;-3,939601273
13884;40,59427284;-4,147540884
13885;40,5779771;-3,9522672
13886;40,59393306;-4,146731646
13887;40,6260875;-4,039534105
13888;40,5902245;-3,986983419
13889;40,4215229;-3,969172
13890;40,44521948;-4,005649678
13891;40,52354272;-3,912829673
13892;40,43415713;-3,995756301
13893;40,51034251;-3,972815539
13894;40,48645508;-3,964870437
13895;40,5922797;-4,1457421
13896;40,4423199;-4,0013392
13897;40,41379057;-3,796262606
13898;40,4505398;-3,859511302
13899;40,4492178;-3,8003652
13900;40,6722604;-4,0890518
13902;40,55638291;-4,124321274
13903;40,3688415;-3,9362016
13904;40,3688415;-3,9362016
13905;40,48974047;-3,880228818
13906;40,57458845;-3,957022417
13907;40,54021157;-4,124097127
13908;40,5656561;-3,914337999
13909;40,5916674;-4,1491229
13910;40,57458845;-3,957022417
13911;40,57146218;-4,001635159
13912;40,6021621;-4,1271995
13913;40,44840204;-4,007846755
13914;40,4388453;-4,0075155
13915;40,4052141;-3,8769548
13916;40,57146218;-4,001635159
13917;40,60454585;-4,056149788
13918;40,60393755;-4,062840143
13919;40,59470011;-4,043556747
13920;40,44786035;-4,006752999
13921;40,5635309;-4,0200575
13922;40,4388453;-4,0075155
13923;40,5872851;-4,1331796
13924;40,48876763;-3,966472091
13925;40,69446781;-4,070496717
13926;40,6190553;-4,1159955
13927;40,60594238;-4,125226352
13928;40,49174788;-3,962811227
13929;40,66407479;-4,036393957
13930;40,4211318;-3,785927164
13931;40,5390963;-3,920371902
13932;40,5033107;-3,6781555
13933;40,3345617;-3,771034
13934;40,4525319;-3,493891
13935;40,55277515;-4,023320779
13936;40,58571319;-4,043538566
13937;40,449488;-3,7995117
13938;40,7046083;-3,930035
13939;40,5941637;-4,1475981
13940;40,6702517;-4,1074258
13941;40,55446637;-4,125140354
13942;40,58987453;-4,136155963
13943;40,5854251;-4,1310522
13944;40,6577218;-4,0647234
13945;40,5390963;-3,920371902
13946;40,4896385;-3,967459
13947;40,50220195;-3,9672645
13948;40,59402995;-3,99230345
13949;40,5934512;-4,1424339
13950;40,4071798;-3,8053904
13951;40,41082063;-3,850715946
13952;40,4215229;-3,969172
13953;40,530672;-3,924179369
13956;40,3885232;-3,9261827
13957;40,5951319;-3,9647328
13958;40,6554861;-3,9594002
13959;40,6474455;-4,0551434
13960;40,68949198;-4,067349275
13961;40,6811667;-3,9733498
13962;40,6727724;-4,0991097
13963;40,4867675;-3,8623723
13964;40,68384995;-4,080326676
13965;40,58896171;-3,99407539
13966;40,5942174;-4,1437342
13967;40,4215229;-3,969172
13968;40,49998397;-4,054086703
13969;40,6739138;-4,0849679
13970;40,49258566;-3,966749108
13971;40,55278012;-4,012273381
13972;40,68234298;-4,10412225
13973;40,5851216;-4,1632828
13974;40,60658885;-4,128896614
13975;40,6035754;-3,984680307
13976;40,7336108;-3,9513691
13977;40,55258559;-4,004295808
13978;40,57484513;-3,920325449
13979;40,62818772;-3,901307133
13980;40,5926673;-4,1471642
13981;40,5973999;-4,1332003
13982;40,5990631;-4,05516014
13983;40,449488;-3,7995117
13984;40,5155024;-3,919985163
13985;40,6722053;-4,0836234
13986;40,4102664;-3,6977073
13987;40,6304894;-4,0115319
13988;40,73197023;-4,004718771
13989;40,61621726;-4,037431165
13990;40,6225933;-4,0291718
13991;40,608365;-4,0296831
13992;40,5933855;-4,1406868
13993;40,58316211;-4,132591366
13994;40,5808845;-4,1337316
13995;40,5872851;-4,1331796
13996;40,5690104;-4,011849288
13997;40,59528342;-3,981428697
13998;40,4551891;-3,6929164
13999;40,6702517;-4,1074258
14000;40,4689237;-3,9467068
14001;40,55201315;-3,896472919
14002;40,4468114;-4,0053552
14003;40,4630152;-4,0886363
14004;40,4630152;-4,0886363
14005;40,56508925;-3,948790493
14006;40,48120711;-3,93985593
14007;40,4689237;-3,9467068
14008;40,468826;-3,9536876
14009;40,5586774;-4,0234216
14010;40,58633871;-4,12978595
14011;40,5932489;-4,041263351
14012;40,60423383;-4,133593094
14013;40,5934512;-4,1424339
14014;40,47268467;-4,091701943
14015;40,54181315;-3,914199044
14016;40,50826801;-3,89498343
14017;40,7054534;-3,9418535
14018;40,6554861;-3,9594002
14019;40,71170445;-4,012168729
14020;40,65981494;-4,061026608
14021;40,4689237;-3,9467068
14022;40,49512643;-4,043861609
14023;40,49374699;-4,044613312
14024;40,4477691;-3,84209915
14025;40,59535939;-4,050889458
14026;40,43358655;-3,897592615
14027;40,4136512;-3,843419008
14028;40,4411443;-3,852728736
14029;40,4800627;-3,8901953
14030;40,5684949;-3,946473218
14031;40,53060855;-3,9213116
14032;40,4465091;-3,7981079
14033;40,38064894;-3,926416653
14034;40,4411443;-3,852728736
14035;40,4052141;-3,8769548
14036;40,43358655;-3,897592615
14037;40,57486839;-3,928031246
14038;40,43742527;-3,90227252
14039;40,4052141;-3,8769548
14040;40,4465091;-3,7981079
14041;40,3585149;-3,8821729
14042;40,47306245;-3,8773295
14043;40,3573085;-3,9010211
14044;40,4402722;-3,888505169
14045;40,3727017;-3,918582323
14046;40,4383223;-3,8137983
14047;40,4053485;-3,8764663
14048;40,4683892;-3,8301676
14049;40,43358655;-3,897592615
14050;40,4112877;-3,8102348
14051;40,3574273;-3,896227508
14052;40,4870213;-3,8627934
14053;40,449488;-3,7995117
14054;40,4052141;-3,8769548
14055;40,4052141;-3,8769548
14056;40,42638911;-3,844598346
14057;40,5155024;-3,919985163
14058;40,4136512;-3,843419008
14059;40,3885232;-3,9261827
14060;40,40759036;-3,797888264
14061;40,413673;-3,907328698
14062;40,4324979;-3,898603
14063;40,65102279;-4,02285639
14064;40,4211318;-3,785927164
14065;40,4052141;-3,8769548
14066;40,4052141;-3,8769548
14067;40,43358655;-3,897592615
14068;40,4683892;-3,8301676
14069;40,4336741;-3,916358651
14070;40,45579295;-3,831733474
14071;40,42850306;-3,922036007
14072;40,4211318;-3,785927164
14073;40,4336741;-3,916358651
14074;40,57635859;-3,940319201
14075;40,53271665;-3,908208917
14076;40,57458845;-3,957022417
14077;40,57500562;-3,891019848
14078;40,55201315;-3,896472919
14079;40,4052141;-3,8769548
14080;40,40977405;-3,797079059
14081;40,4746635;-3,8486843
14082;40,4211318;-3,785927164
14083;40,4867675;-3,8623723
14084;40,53867575;-3,934273899
14085;40,45579295;-3,831733474
14086;40,43358655;-3,897592615
14087;40,4336741;-3,916358651
14088;40,52561956;-3,626261348
14089;40,5062435;-3,6464946
14090;40,82275821;-3,536967711
14091;40,6601698;-3,7717343
14093;40,9648999;-3,7188916
14094;40,75031184;-3,774156997
14095;40,3176527;-3,7105712
14096;41,04411547;-3,539793452
14097;40,6126866;-3,6864633
14098;40,9936977;-3,6367163
14099;40,3918969;-3,836792088
14100;40,52710652;-3,642590465
14101;40,72887931;-3,873029121
14102;40,52248575;-3,538753473
14103;40,7336731;-3,5916044
14104;40,504808;-3,5322702
14105;40,5950134;-3,7050227
14106;40,6387703;-3,5112904
14107;40,5320326;-3,6354938
14108;40,5025103;-3,5138073
14109;40,557688;-3,7119159
14110;40,5527048;-3,6595431
14111;40,5414467;-3,6258864
14112;40,74310403;-3,510254374
14113;40,6862998;-3,5367566
14114;40,9654372;-3,5834186
14115;40,5025103;-3,5138073
14116;40,5092813;-3,6380571
14117;40,5025381;-3,5177623
14118;40,5025103;-3,5138073
14119;40,72887931;-3,873029121
14120;40,47396159;-3,512330406
14121;40,5684824;-3,4703896
14123;40,5320326;-3,6354938
14124;40,75149433;-3,789393682
14126;40,5243786;-3,639600409
14127;40,2147203;-3,5770223
14128;40,7848271;-3,6927193
14129;40,5950134;-3,7050227
14130;40,6414858;-3,5956879
14131;40,5732385;-3,6040568
14132;40,5320895;-3,630324
14133;40,5025103;-3,5138073
14134;40,6566296;-3,7639679
14135;40,5452199;-3,6383901
14137;40,5025381;-3,5177623
14139;40,7468784;-3,5132442
14140;40,6977872;-3,5125511
14141;40,8060981;-3,7541421
14142;40,99635529;-3,63414094
14143;40,40098257;-3,71131921
14144;40,5092813;-3,6380571
14145;40,7300913;-3,747295027
14146;40,56861164;-3,505330438
14147;40,56861164;-3,505330438
14148;40,5492871;-3,631474
14149;40,5473029;-3,6225958
14151;40,49669352;-3,524753841
14152;40,6409101;-3,415133596
14153;40,6409262;-3,5814278
14154;40,8281094;-3,537571427
14155;40,8433154;-3,4925409
14156;40,21011;-3,8738136
14157;40,75149433;-3,789393682
14158;40,5296182;-3,5402839
14159;40,7311419;-3,8589212
14161;40,52561956;-3,626261348
14162;40,81059396;-3,748925021
14163;40,5222313;-3,539733962
14164;40,5495507;-3,6259715
14165;40,6387703;-3,5112904
14166;40,54326048;-3,452079628
14167;40,6989814;-3,51106705
14168;40,8180892;-3,6639457
14169;40,5513597;-3,6360791
14170;40,52219283;-3,640749656
14171;40,82053228;-3,537057195
14172;40,5990717;-3,7122577
14173;40,876136;-3,8874042
14174;40,65690207;-3,76366742
14175;40,6304717;-3,4771272
14176;40,63558104;-3,510735491
14177;40,5503164;-3,62503
14178;40,6448202;-3,5048886
14179;40,65646777;-3,77129031
14180;40,5765842;-3,9971644
14181;40,7848271;-3,6927193
14182;40,7300913;-3,747295027
14183;40,5424746;-3,4581445
14184;40,73256885;-3,867015903
14185;40,5025103;-3,5138073
14186;40,5426542;-3,6444356
14187;40,59585828;-3,699580745
14188;40,55850879;-3,623063621
14189;40,5450399;-3,6172499
14190;40,5560944;-3,624039
14191;40,50265839;-3,636522412
14192;40,8174635;-3,6815849
14194;40,53807714;-3,637053536
14195;40,85345152;-3,486792793
14196;40,6099098;-3,5429585
14197;40,53546145;-3,626846717
14199;40,52219283;-3,640749656
14201;40,5118642;-3,5938796
14202;40,5581828;-3,6241353
14203;40,543179;-3,45648345
14205;40,65792623;-3,753688314
14206;40,7442692;-3,6037668
14207;40,6783792;-3,6177474
14210;41,0579725;-3,535373
14211;40,5202046;-3,6401792
14212;40,7347865;-3,584376
14213;40,9650478;-3,7176879
14214;40,5567375;-3,611670697
14215;40,54500531;-3,622583994
14216;40,73562678;-3,581631106
14217;40,5823613;-3,5726469
14218;40,5944452;-3,4977293
14219;40,53871077;-3,637217629
14220;40,7347865;-3,584376
14221;40,5068334;-3,6077474
14222;40,4070477;-3,7965478
14223;40,52248575;-3,538753473
14224;40,5340627;-3,623846302
14225;40,5243786;-3,639600409
14226;40,62510254;-3,510770972
14227;40,2417627;-3,9313708
14228;40,7351603;-3,5825347
14229;40,5081017;-3,5322955
14230;40,7265439;-3,538088
14231;40,7347865;-3,584376
14232;40,620809;-3,6140748
14233;40,5320895;-3,630324
14234;40,50279238;-3,508959325
14236;40,8326134;-3,5377082
14237;40,67895706;-3,616078891
14238;40,5268614;-3,5413575
14239;40,9759439;-3,5250823
14240;40,9637585;-3,5825487
14241;40,52864805;-3,541619705
14242;40,9501095;-3,7920273
14243;40,95976711;-3,714676989
14244;40,6414858;-3,5956879
14245;40,460628;-3,7800499
14247;40,5244017;-3,458392
14248;40,50057208;-3,509891161
14249;40,5990717;-3,7122577
14250;40,82699601;-3,534855366
14251;40,5581828;-3,6241353
14252;40,6627337;-3,7739696
14253;40,6123389;-3,7141797
14255;40,6606153;-3,7804622
14256;40,4504733;-3,6879979
14257;40,6302704;-3,4724925
14258;40,48470835;-3,703208682
14259;40,6786715;-3,6158607
14260;40,9936977;-3,6367163
14261;40,5106461;-3,6455967
14263;40,6570505;-3,7682494
14264;40,6394699;-3,5926251
14265;40,55684025;-3,634155555
14266;40,56155586;-3,623023807
14267;40,9214423;-3,6885761
14268;40,66584045;-3,390764332
14269;40,55348966;-3,635058029
14270;40,867638;-3,4907431
14271;40,5349952;-3,6309727
14272;40,8878085;-3,5606135
14273;40,8599826;-3,7112757
14274;40,48470835;-3,703208682
14275;40,54753628;-3,628948031
14276;40,7822384;-3,7007794
14277;41,0297867;-3,625026
14278;40,6770309;-3,6183187
14279;40,5429122;-3,634449
14280;40,52272198;-3,636378265
14281;40,6811043;-3,6177489
14282;40,21011;-3,8738136
14284;40,783555;-3,705867
14285;40,52272198;-3,636378265
14286;40,5320895;-3,630324
14287;40,9419782;-3,7099217
14288;40,59585828;-3,699580745
14289;40,74310403;-3,510254374
14290;40,55081001;-3,636965654
14291;40,6549704;-3,7694044
14292;40,55927725;-3,618937605
14293;40,6589526;-3,7660432
14294;39,8703296;-4,3600238
14296;40,81314881;-3,766971358
14297;40,6066033;-3,5057874
14298;40,7906783;-3,6119625
14299;40,620809;-3,6140748
14300;40,8570636;-3,6943844
14302;40,63192722;-3,515414901
14303;40,5459656;-3,6594393
14304;40,6415296;-3,505263
14305;40,5121377;-3,6533858
14306;40,85345152;-3,486792793
14307;40,5629484;-3,6245165
14308;40,85345152;-3,486792793
14309;40,6340134;-3,5111746
14310;40,9262886;-3,8175523
14311;40,74825752;-3,787184806
14312;40,55340135;-3,632679021
14313;40,54315187;-3,639787398
14315;40,52272198;-3,636378265
14316;40,6332881;-3,403812
14317;40,53871077;-3,637217629
14318;40,7817247;-3,6976308
14319;40,5320326;-3,6354938
14320;40,541924;-3,637254153
14322;40,727054;-3,8649141
14323;40,597611;-3,5003864
14324;40,5320326;-3,6354938
14325;40,827698;-3,6041852
14326;40,81302892;-3,765888093
14327;40,81635984;-3,675555404
14328;40,63051696;-3,522291916
14329;40,7293518;-3,5814656
14330;40,78549707;-3,702261218
14331;40,8133845;-3,7654016
14332;40,6387703;-3,5112904
14333;40,81225644;-3,764416746
14334;40,5296182;-3,5402839
14335;40,53807714;-3,637053536
14336;40,5320326;-3,6354938
14337;40,85345152;-3,486792793
14338;40,53959808;-3,630896856
14339;40,5064278;-3,6344972
14340;40,9934235;-3,7086793
14341;40,85345152;-3,486792793
14343;40,54936344;-3,625463005
14344;40,7468784;-3,5132442
14345;40,5581828;-3,6241353
14346;40,5447658;-3,4578619
14347;40,522232;-3,5397531
14348;40,60955029;-3,691311372
14350;40,5487781;-3,6283123
14351;40,75374839;-3,789999546
14352;40,6071853;-3,5451555
14353;40,8138071;-3,7666985
14354;40,54456105;-3,632075332
14355;40,5917258;-3,4952283
14356;40,93629346;-3,598031264
14357;40,6066208;-3,5815738
14358;40,53546145;-3,626846717
14359;40,5243786;-3,639600409
14360;40,6624025;-3,765136
14361;40,5990717;-3,7122577
14362;40,6387703;-3,5112904
14364;40,715345;-3,634433
14365;40,63415642;-3,574000613
14366;40,3866225;-3,7208747
14367;40,5350441;-3,6299177
14368;40,56328566;-3,551593967
14369;40,5448738;-3,6223168
14370;40,21011;-3,8738136
14371;40,8576086;-3,7154421
14372;40,8638954;-3,6145542
14373;40,5571937;-3,6523559
14374;40,8939401;-3,5563634
14375;40,9040864;-3,8795335
14376;40,50815924;-3,629511414
14377;40,5695393;-3,5027139
14378;40,5708595;-3,6051
14379;40,5478404;-3,6309214
14380;40,6763813;-3,7711136
14381;40,5422941;-3,6261923
14382;40,5274681;-3,6415005
14383;40,7798963;-3,7074113
14384;40,729077;-3,5810169
14385;40,8604288;-3,6138024
14386;40,5320326;-3,6354938
14387;40,74645241;-3,603852265
14388;40,5635201;-4,2720545
14389;40,7300574;-3,7473451
14390;40,8259006;-3,5351575
14391;40,7441451;-3,5055137
14392;40,6645213;-3,77357
14393;40,8282167;-3,5378908
14394;40,66820945;-3,761927587
14395;40,6267934;-3,5749959
14396;40,9566459;-3,7942886
14397;40,542058;-3,6221422
14398;40,5361683;-3,6389039
14399;40,5099196;-3,5162223
14400;40,66607087;-3,391802464
14401;40,780953;-3,7870963
14402;40,5910124;-3,5886479
14403;40,9262886;-3,8175523
14404;40,9017505;-3,876902
14405;41,0664739;-3,5857325
14406;40,354809;-3,905423
14407;40,5516312;-3,6138775
14408;40,543179;-3,45648345
14409;40,5425173;-3,6377026
14410;40,5990717;-3,7122577
14411;40,905098;-3,8819714
14412;40,55406705;-3,617584201
14413;40,6784228;-3,5579098
14414;40,5422941;-3,6261923
14415;40,9050432;-3,877884
14417;40,7528871;-3,7878555
14418;40,5228456;-3,6361207
14419;40,6642809;-3,7692481
14420;40,6595837;-3,7700893
14421;40,5121377;-3,6533858
14422;40,5429617;-3,6431766
14423;40,6307478;-3,5125504
14424;40,5135729;-3,6177515
14425;40,2098776;-3,8743972
14426;40,8240153;-3,67969
14427;40,8580262;-3,7083352
14428;40,6790453;-3,5199808
14429;40,5025103;-3,5138073
14430;40,5708595;-3,6051
14431;40,5092813;-3,6380571
14432;40,6088101;-3,581396
14433;40,5243786;-3,639600409
14434;40,859769;-3,7113561
14435;40,5243786;-3,639600409
14436;40,549664;-3,641041
14438;40,5452174;-3,6315202
14439;40,50418268;-3,509545062
14440;40,59382585;-3,709170688
14441;40,5425173;-3,6377026
14442;40,5631381;-3,6271137
14443;40,54485705;-3,458314974
14444;40,5561228;-3,6208355
14445;40,5243786;-3,639600409
14446;40,5271485;-3,6424626
14447;40,5475111;-3,6263943
14448;40,6162729;-3,6222756
14450;40,6082681;-3,7115229
14451;40,5609481;-3,6321221
14452;40,5243786;-3,639600409
14453;40,6365699;-3,537648
14454;40,6005202;-3,5085962
14455;40,5447658;-3,4578619
14456;40,5581828;-3,6241353
14457;40,5320326;-3,6354938
14458;40,5561727;-3,6204207
14459;40,9284239;-3,6224395
14460;40,8739757;-3,6086974
14461;40,5274681;-3,6415005
14462;40,4204264;-3,7085723
14464;40,5427179;-3,6214346
14466;40,5320326;-3,6354938
14467;40,5631381;-3,6271137
14468;40,52272198;-3,636378265
14469;40,6503952;-3,7795595
14470;40,7627721;-3,6116034
14471;40,5243786;-3,639600409
14472;40,5685082;-3,5017414
14473;40,6492519;-3,7910701
14475;40,6786715;-3,6158607
14476;40,6402452;-3,5803181
14477;40,6598648;-3,770853
14478;40,7215442;-3,9422726
14479;40,55778424;-3,653066661
14481;40,8133774;-3,7685528
14482;40,7368654;-3,7509688
14483;40,6334797;-3,5164654
14484;40,21011;-3,8738136
14485;40,2791867;-4,3057685
14486;40,5672057;-3,508096
14487;40,5410362;-3,6264513
14488;40,6334797;-3,5164654
14489;41,1066481;-3,5928503
14490;40,67764995;-3,61276455
14491;40,5242083;-3,642892
14492;40,5501654;-3,6234031
14493;40,74645241;-3,603852265
14494;40,5581828;-3,6241353
14495;40,5452199;-3,6383901
14496;40,54753628;-3,628948031
14497;40,9654505;-3,7180554
14498;40,72809813;-3,861065367
14499;40,61051922;-3,5380291
14500;40,5320326;-3,6354938
14501;40,873675;-3,8845298
14502;40,864269;-3,6885032
14503;40,6652324;-3,392851
14504;40,7309116;-3,5812301
14505;40,5475305;-3,6225687
14506;40,6733835;-3,7818208
14507;40,6587726;-3,7659722
14508;40,5092813;-3,6380571
14509;40,9010502;-3,6058003
14510;40,618418;-3,4010728
14511;40,504808;-3,5322702
14512;40,8632642;-3,6134499
14514;40,6141803;-3,7227793
14515;40,5243786;-3,639600409
14516;40,8309516;-3,630191
14517;40,50592358;-3,532632172
14518;40,4204264;-3,7085723
14519;40,5320895;-3,630324
14520;40,859763;-3,7070523
14521;40,5469005;-3,6361038
14522;40,69010848;-3,60473411
14523;40,6862998;-3,5367566
14524;40,620809;-3,6140748
14525;40,5135729;-3,6177515
14526;40,515;-3,641944
14527;40,6377555;-3,5825189
14528;40,5402651;-3,62574
14529;40,6767426;-3,614249
14530;41,0441101;-3,5409214
14531;40,5475111;-3,6263943
14532;40,5964617;-3,5016452
14533;40,49845669;-3,510492192
14534;40,6061106;-3,688843598
14535;40,6512893;-3,6166164
14537;40,6777064;-3,613356844
14538;40,5090437;-3,62222
14539;40,82612;-3,5366269
14540;40,6099098;-3,5429585
14541;40,2609554;-3,865082
14542;40,73536295;-3,849386
14543;40,6234315;-3,6034644
14544;40,55155673;-3,613722845
14545;40,58859888;-3,59530755
14546;40,5320326;-3,6354938
14547;40,6303005;-3,5810038
14548;40,6308283;-3,4724858
14549;40,6769186;-3,6162874
14550;40,6414858;-3,5956879
14551;40,54420309;-3,457790065
14552;40,5963895;-3,6018687
14553;40,5515463;-3,6601614
14554;40,6003153;-3,5077711
14555;40,5243786;-3,639600409
14556;40,7460907;-3,6019043
14557;40,5320895;-3,630324
14558;40,65976525;-3,768191078
14559;40,637637;-3,4115221
14560;40,50241518;-3,506028483
14561;40,535936;-3,63926926
14562;40,5630518;-3,4346276
14563;40,6067587;-3,5479426
14564;40,55694374;-3,619281554
14565;40,5320326;-3,6354938
14566;40,55096972;-3,630343561
14567;40,52410849;-3,657293819
14568;40,53855276;-3,637807317
14569;40,5068334;-3,6077474
14570;40,73993885;-3,510640414
14571;40,5501714;-3,6261334
14572;40,6241117;-3,5155589
14573;40,56604652;-3,610552974
14574;40,63155822;-3,60387178
14575;40,55657548;-3,625360619
14576;40,73294619;-3,860242417
14577;40,53993623;-3,63186442
14578;40,5271485;-3,6424626
14579;40,62853187;-3,517502874
14580;40,9640956;-3,7173555
14581;40,6235748;-3,6100322
14582;40,65356791;-3,778339594
14583;40,5475111;-3,6263943
14584;40,63534082;-3,512398951
14585;40,6099098;-3,5429585
14586;40,92331932;-3,64503589
14587;40,54691452;-3,63109141
14588;40,4722654;-3,6467454
14589;40,61051922;-3,5380291
14590;40,7301014;-3,5762851
14591;40,82641;-3,5405978
14592;40,637637;-3,4115221
14593;40,6674866;-3,3941633
14594;40,63388755;-3,513551452
14595;40,5631381;-3,6271137
14596;40,21011;-3,8738136
14597;40,49827747;-3,525648471
14598;40,7757556;-3,6338846
14599;40,6854244;-3,5288196
14600;40,5459656;-3,6594393
14601;40,60846365;-3,651657716
14602;40,55364368;-3,632252849
14603;40,661424;-3,7709319
14604;40,74263186;-3,601957026
14605;40,4067737;-3,632651
14606;40,50005486;-3,641676046
14607;40,5066675;-3,6079906
14608;40,2099596;-3,5671354
14609;40,6372998;-3,4051376
14610;40,859414;-3,6916394
14611;40,65976525;-3,768191078
14612;40,74310403;-3,510254374
14613;40,91476921;-3,590245831
14614;40,66947516;-3,777721613
14615;40,5068334;-3,6077474
14616;40,52272198;-3,636378265
14617;40,8703947;-3,6624465
14618;40,5066675;-3,6079906
14619;40,54651399;-3,614047123
14620;40,693403;-3,5095961
14621;40,6341745;-3,5120972
14622;40,525957;-3,5369577
14623;40,7845639;-3,6929313
14624;40,6632861;-3,7637541
14625;40,76762491;-3,505697971
14626;40,5243786;-3,639600409
14627;40,54651399;-3,614047123
14628;40,5450399;-3,6172499
14629;40,5452763;-3,6307369
14630;40,6373871;-3,5143125
14631;40,7788754;-3,7049185
14632;40,5990717;-3,7122577
14633;40,7320902;-3,747131
14634;40,5565869;-3,621245605
14635;40,50654882;-3,635611339
14637;40,60688353;-3,692887043
14638;40,5612719;-3,6250782
14639;40,8264576;-3,5355499
14640;40,5320326;-3,6354938
14641;40,5973879;-3,4956587
14642;40,6128085;-3,681847888
14643;40,54170185;-3,455682418
14644;40,5630746;-3,6178096
14645;40,544456;-3,6368106
14646;40,6796377;-3,6230079
14647;40,5062047;-3,528859
14648;40,51796634;-3,540101462
14649;40,55635675;-3,640906747
14650;40,50612723;-3,528816666
14651;40,21011;-3,8738136
14652;40,50222506;-3,512894911
14653;40,52560268;-3,53431377
14654;40,50933413;-3,516613011
14655;40,66824142;-3,764183065
14656;40,6231725;-3,6114962
14657;40,6420336;-3,506969
14658;40,60988603;-3,716072637
14659;40,8602015;-3,6133572
14660;40,63774659;-3,506315243
14661;40,84199934;-3,496515391
14662;40,8655516;-3,615724
14663;40,56318914;-3,627059958
14664;40,76875851;-3,558149172
14665;40,54315187;-3,639787398
14666;40,7627721;-3,6116034
14667;40,4553051;-3,9949206
14668;40,9150862;-3,5905881
14669;40,52272198;-3,636378265
14670;41,0673904;-3,5863414
14671;40,8172477;-3,6238289
14672;40,8304843;-3,6357595
14673;40,6169409;-3,4667916
14674;40,9046702;-3,8797282
14675;40,56097892;-3,632044823
14676;40,87014924;-3,609495809
14677;40,8899632;-3,5579884
14678;41,0300134;-3,6258039
14679;40,52835282;-3,54459901
14680;40,91476921;-3,590245831
14681;40,50500074;-3,532944289
14682;40,9153485;-3,5816991
14683;40,52375981;-3,644406398
14684;40,5025381;-3,5177623
14685;40,52953935;-3,636942962
14686;40,81302892;-3,765888093
14687;40,69749463;-3,511683617
14688;40,81302892;-3,765888093
14689;40,69216292;-3,514052035
14690;40,21011;-3,8738136
14691;40,5135729;-3,6177515
14692;40,21011;-3,8738136
14693;40,65851767;-3,762508746
14694;40,4983505;-3,530433021
14695;40,50544945;-3,509567129
14696;40,5470086;-3,6178378
14697;40,53993623;-3,63186442
14698;40,8794322;-3,5834886
14699;40,74263186;-3,601957026
14700;40,54160208;-3,653892326
14701;40,62057191;-3,595329874
14702;40,5581828;-3,6241353
14703;40,6165972;-3,5590108
14704;40,7256515;-3,8649152
14705;40,87014924;-3,609495809
14706;40,5398814;-3,644007049
14707;40,6654645;-3,772834773
14708;40,7669012;-3,5829371
14709;40,6614208;-3,7724715
14710;40,8625478;-3,608786
14712;40,85345152;-3,486792793
14713;40,6165273;-3,6150858
14715;40,5114245;-3,717329
14716;40,55512755;-3,617086976
14717;40,60846365;-3,651657716
14718;40,7442589;-3,5971795
14719;40,8172477;-3,6238289
14720;40,6625319;-3,7681211
14721;40,6394601;-3,4484951
14722;40,5469274;-3,4574123
14723;40,21011;-3,8738136
14724;40,7280552;-3,868393945
14725;40,8584842;-3,7110283
14726;40,5073547;-3,608986
14727;40,4102744;-3,7008049
14728;40,5025103;-3,5138073
14729;40,6387703;-3,5112904
14730;40,5732385;-3,6040568
14731;40,5732385;-3,6040568
14732;40,5732385;-3,6040568
14734;40,61513366;-3,468884618
14735;40,86581006;-3,615582638
14736;40,8679456;-3,6196751
14737;40,5411022;-3,4518561
14738;40,54239426;-3,4560892
14739;40,5411022;-3,4518561
14740;40,59570184;-3,586386429
14741;40,21011;-3,8738136
14742;40,65674123;-3,764587147
14744;40,59570184;-3,586386429
14745;40,5509618;-3,6527105
14747;40,98524733;-3,637939407
14748;40,56914828;-3,510270251
14749;40,54315187;-3,639787398
14750;40,6781288;-3,7714275
14751;40,6387703;-3,5112904
14752;40,421463;-3,7078894
14753;40,5457419;-3,6210538
14754;40,6183217;-3,6224837
14755;40,5457419;-3,6210538
14756;40,5457419;-3,6210538
14757;40,61059095;-3,696959947
14758;40,6340134;-3,5111746
14759;40,59426523;-3,586200875
14760;40,64856921;-3,77760756
14761;40,78654813;-3,696042046
14762;40,78654813;-3,696042046
14763;40,5554134;-3,8955401
14764;40,7816585;-3,6130181
14765;40,78654813;-3,696042046
14766;40,7816585;-3,6130181
14767;40,7816585;-3,6130181
14768;40,661075;-3,759022
14769;40,65149761;-3,609024628
14770;40,59426523;-3,586200875
14771;40,5526057;-3,631413559
14772;40,6955935;-3,5142508
14773;40,78654813;-3,696042046
14774;40,7816585;-3,6130181
14775;40,2099596;-3,5671354
14776;40,6574874;-3,7672899
14777;40,81238447;-3,777071125
14778;40,6576725;-3,7674198
14779;40,81302892;-3,765888093
14780;40,54299153;-3,461856641
14781;40,56437069;-3,502364446
14782;40,537084;-3,4836359
14783;40,5630746;-3,6178096
14784;40,5630746;-3,6178096
14785;40,537084;-3,4836359
14786;40,5630746;-3,6178096
14787;40,53807714;-3,637053536
14788;40,56437069;-3,502364446
14789;40,5630746;-3,6178096
14790;40,56437069;-3,502364446
14791;40,59384277;-3,58446186
14792;40,61051922;-3,5380291
14793;40,54583108;-3,63154762
14794;40,4067737;-3,632651
14795;40,8175335;-3,6807939
14796;40,8175335;-3,6807939
14797;40,5243786;-3,639600409
14798;40,81229465;-3,774267375
14799;40,79818391;-3,620406217
14800;40,5243786;-3,639600409
14801;40,74345145;-3,510858259
14802;40,7816585;-3,6130181
14803;40,5943644;-3,4969167
14804;40,52561956;-3,626261348
14805;40,55121514;-3,458554953
14806;40,5508156;-3,6147834
14807;40,5243786;-3,639600409
14808;40,620809;-3,6140748
14809;40,54631342;-3,458262027
14812;40,5732385;-3,6040568
14813;40,5475111;-3,6263943
14815;40,5475111;-3,6263943
14816;40,4067737;-3,632651
14817;40,4102744;-3,7008049
14818;40,6387703;-3,5112904
14819;40,4102744;-3,7008049
14820;40,4102744;-3,7008049
14821;40,4102744;-3,7008049
14822;40,4102744;-3,7008049
14823;40,76355839;-3,745571702
14824;40,4102744;-3,7008049
14825;40,78515269;-3,700287808
14826;40,54583108;-3,63154762
14827;40,53879953;-3,62153775
14828;40,4102744;-3,7008049
14829;40,4102744;-3,7008049
14830;40,5694363;-3,5105866
14833;40,5320895;-3,630324
14834;40,80150859;-3,763314258
14835;40,21011;-3,8738136
14836;40,80150859;-3,763314258
14837;40,53681186;-3,480580185
14838;40,80150859;-3,763314258
14839;40,80150859;-3,763314258
14840;40,76355839;-3,745571702
14841;40,76355839;-3,745571702
14842;40,76355839;-3,745571702
14844;40,7582482;-3,7443144
14845;40,6414858;-3,5956879
14846;40,75149433;-3,789393682
14847;40,75149433;-3,789393682
14848;40,6620915;-3,7673686
14849;40,53903146;-3,630079926
14850;40,6770035;-3,777459319
14851;40,75149433;-3,789393682
14852;40,75149433;-3,789393682
14853;40,75149433;-3,789393682
14854;40,7517432;-3,7894058
14855;40,6620915;-3,7673686
14856;40,73024282;-3,581539076
14857;40,75149433;-3,789393682
14858;40,8175335;-3,6807939
14859;40,7517432;-3,7894058
14860;40,54319378;-3,637818113
14861;40,75149433;-3,789393682
14862;40,7517432;-3,7894058
14863;40,5933855;-3,5981021
14864;40,6227586;-3,714765375
14865;40,5467293;-3,6287859
14866;40,5320895;-3,630324
14867;40,5481476;-3,6265154
14868;40,6569891;-3,7650798
14869;40,6569891;-3,7650798
14870;40,6569891;-3,7650798
14871;40,6569891;-3,7650798
14872;40,6569891;-3,7650798
14873;40,6569891;-3,7650798
14874;40,6569891;-3,7650798
14875;40,6569891;-3,7650798
14876;40,3995202;-3,5414834
14877;40,5507741;-3,6146335
14878;40,54631342;-3,458262027
14879;40,5705128;-3,5113485
14880;40,55292482;-3,612654191
14881;40,55694374;-3,619281554
14882;40,6620915;-3,7673686
14883;40,69104237;-3,607343018
14884;40,6620915;-3,7673686
14885;40,4067737;-3,632651
14886;40,5092813;-3,6380571
14887;40,6956481;-3,5146559
14888;40,6055958;-3,8271178
14889;40,61708257;-3,721671354
14890;40,61708257;-3,721671354
14891;40,6387703;-3,5112904
14892;40,62351716;-3,713221801
14893;40,67835385;-3,622394166
14894;40,67835385;-3,622394166
14895;40,54583108;-3,63154762
14896;40,54583108;-3,63154762
14897;40,69104237;-3,607343018
14898;40,6099098;-3,5429585
14899;40,69104237;-3,607343018
14902;40,6770035;-3,777459319
14903;40,5320326;-3,6354938
14904;40,6174184;-3,6058584
14905;40,62057191;-3,595329874
14906;40,5976894;-3,594565
14907;40,6234315;-3,6034644
14908;40,7582482;-3,7443144
14909;40,542058;-3,6221422
14910;40,5300562;-3,641038833
14911;40,7582482;-3,7443144
14912;40,639207;-3,5774721
14913;40,62827727;-3,582160936
14914;40,5452671;-3,6261496
14915;40,7071419;-4,129265
14916;40,6183217;-3,6224837
14917;40,7582482;-3,7443144
14918;40,62889233;-3,58329747
14919;40,471939;-3,7193701
14920;41,007022;-3,671007
14921;40,5025103;-3,5138073
14922;40,7311419;-3,8589212
14923;40,6266504;-3,604233
14924;40,7582482;-3,7443144
14925;40,7311419;-3,8589212
14926;40,5410216;-3,6266001
14927;40,52248575;-3,538753473
14928;40,8333091;-3,5031693
14929;40,53541174;-3,47925433
14930;40,61304494;-3,620116479
14931;40,266242;-3,8582207
14932;40,6569891;-3,7650798
14933;40,49922588;-3,519987565
14934;40,72912186;-3,879588152
14935;40,81210107;-3,765770708
14936;40,5477366;-3,6295241
14937;40,5709494;-3,605073
14938;40,77984778;-3,707364198
14939;40,783555;-3,705867
14940;40,6605278;-3,7649276
14941;40,4067737;-3,632651
14942;40,5569638;-3,649791438
14943;40,5243786;-3,639600409
14944;40,9149031;-3,8561546
14946;40,6839011;-3,6199798
14947;40,5581828;-3,6241353
14948;40,78118543;-3,692214046
14949;40,54271207;-3,642850543
14950;40,56352575;-3,613037045
14951;40,7839444;-3,691930766
14952;40,54271207;-3,642850543
14953;40,5972415;-3,5959337
14954;40,8817702;-3,5852777
14955;40,78571365;-3,710309789
14956;40,6222406;-3,6201695
14957;40,5092813;-3,6380571
14958;40,62091643;-3,608086446
14959;40,56216693;-3,626936324
14960;40,74093695;-3,880154
14962;40,50654882;-3,635611339
14963;40,6141803;-3,7227793
14964;40,62305364;-3,722480128
14965;40,85345152;-3,486792793
14966;40,8159058;-3,6023505
14967;40,5064278;-3,6344972
14968;40,52504998;-3,630879163
14969;40,47396159;-3,512330406
14970;40,6433052;-3,5784122
14971;40,63415642;-3,574000613
14972;40,62889233;-3,58329747
14973;40,6306078;-3,5836838
14974;40,49748747;-3,530991924
14975;40,6734522;-3,3908861
14976;40,6094173;-3,5386791
14977;40,6715234;-3,780937644
14980;40,54894254;-3,450412106
14981;40,421463;-3,7078894
14982;40,8279378;-3,5382672
14983;40,61708257;-3,721671354
14984;40,6786623;-3,7918012
14985;40,6606153;-3,7804622
14986;40,5243786;-3,639600409
14987;40,7154876;-3,5761357
14988;40,5243786;-3,639600409
14989;40,6097675;-3,5824965
14990;40,5910124;-3,5886479
14991;40,5482836;-3,4535839
14992;40,50321178;-3,527685537
14993;40,727054;-3,8649141
14994;40,5300562;-3,641038833
14995;40,53541208;-3,629134466
14996;40,5091871;-3,7924771
14997;40,7390088;-3,8787825
14998;40,61304494;-3,620116479
14999;40,7477594;-3,7773516
15000;40,4790777;-3,5202125
15001;40,620809;-3,6140748
15002;40,5908411;-3,594068975
15003;40,21011;-3,8738136
15004;40,6334645;-3,592376251
15005;40,21011;-3,8738136
15006;40,6303005;-3,5810038
15007;40,50815924;-3,629511414
15008;40,5243786;-3,639600409
15009;40,5320326;-3,6354938
15010;40,5320326;-3,6354938
15011;40,5243786;-3,639600409
15012;40,5320326;-3,6354938
15013;40,5320326;-3,6354938
15015;40,6817157;-3,770608696
15016;40,6606153;-3,7804622
15017;40,557688;-3,7119159
15018;40,4067737;-3,632651
15019;40,5300562;-3,641038833
15020;40,6589526;-3,7660432
15021;40,54165154;-3,621401643
15022;40,6587726;-3,7659722
15023;40,40098257;-3,71131921
15024;40,562674;-3,63338076
15025;40,727054;-3,8649141
15026;40,6394699;-3,5926251
15028;40,8138071;-3,7666985
15029;40,7848271;-3,6927193
15030;40,5320895;-3,630324
15031;40,5121377;-3,6533858
15032;40,6385429;-3,4532436
15034;40,7534432;-3,7866573
15036;40,6715234;-3,780937644
15037;40,5407002;-3,620446847
15038;40,8296662;-3,5375273
15039;40,6301678;-3,5148843
15040;40,72716856;-3,870011056
15041;40,8289296;-3,5381214
15042;40,5320895;-3,630324
15043;40,6817157;-3,770608696
15045;40,471939;-3,7193701
15046;40,5439403;-3,6557203
15047;40,754284;-3,7833556
15048;40,5581828;-3,6241353
15049;40,5064278;-3,6344972
15050;40,5003869;-3,6428971
15051;40,6312151;-3,5125918
15053;40,63664603;-3,409042237
15054;40,5402651;-3,62574
15055;40,6633721;-3,3918579
15056;40,5402651;-3,62574
15057;40,5402651;-3,62574
15058;40,5402651;-3,62574
15059;40,54753628;-3,628948031
15060;40,50743522;-3,515250402
15061;40,6594718;-3,7773777
15062;40,6162115;-3,6129233
15063;40,54461682;-3,628313727
15064;40,59339129;-3,700242354
15065;40,72853166;-3,581976158
15066;40,5243786;-3,639600409
15067;40,679505;-3,494583568
15068;40,55694374;-3,619281554
15069;40,60728592;-3,690220118
15070;40,6414858;-3,5956879
15071;40,58859888;-3,59530755
15072;40,78549707;-3,702261218
15073;40,557688;-3,7119159
15074;40,52103492;-3,64553012
15075;40,7996105;-3,60106605
15076;40,6602774;-3,7599458
15077;40,8104633;-3,7717092
15078;40,543182;-3,636667958
15079;40,7343344;-3,5795995
15080;40,50523441;-3,638076662
15081;40,8269587;-3,5348784
15083;40,5516312;-3,6138775
15084;40,561676;-3,6144521
15085;40,661424;-3,7709319
15086;40,54631815;-3,460895143
15087;40,6436439;-3,4136198
15088;40,54165154;-3,621401643
15089;40,6989814;-3,51106705
15090;40,5902123;-3,5868482
15091;40,7453268;-3,5148475
15092;40,5066675;-3,6079906
15093;40,6294847;-3,4750165
15096;40,6674275;-3,3930713
15097;40,63196616;-3,514201583
15098;40,565446;-3,5049824
15099;40,3634144;-3,8851387
15100;40,6606153;-3,7804622
15101;40,52864805;-3,541619705
15102;40,7965054;-3,6053778
15103;40,62525482;-3,526019531
15104;40,7420887;-3,5991979
15105;40,78985392;-3,612022503
15106;40,6357813;-3,4041331
15107;40,6587726;-3,7659722
15108;40,6235128;-3,4005561
15109;40,8138071;-3,7666985
15110;40,829067;-3,5440486
15111;40,59347972;-3,701733801
15112;40,421463;-3,7078894
15113;40,5271485;-3,6424626
15114;40,74280648;-3,605006865
15115;40,5503164;-3,62503
15116;40,50005486;-3,641676046
15117;40,5732385;-3,6040568
15118;40,5950134;-3,7050227
15119;40,5469005;-3,6361038
15120;40,50005486;-3,641676046
15121;40,5459656;-3,6594393
15122;40,68087695;-3,527702129
15123;40,51046499;-3,648108761
15124;40,7909203;-3,6015824
15125;40,7909203;-3,6015824
15126;40,5320326;-3,6354938
15127;40,54651399;-3,614047123
15128;40,8139339;-3,7675275
15129;40,6379338;-3,4547748
15130;40,7351724;-3,8674584
15131;40,5913825;-3,4869586
15132;40,54165154;-3,621401643
15133;40,8402743;-3,7540099
15135;40,5407002;-3,620446847
15136;40,5695991;-3,5042582
15137;41,0600855;-3,5285007
15138;40,5243786;-3,639600409
15139;40,5422941;-3,6261923
15140;40,7447918;-3,5136056
15141;40,54621681;-3,456229249
15142;40,63774659;-3,506315243
15143;40,5990717;-3,7122577
15144;40,6692361;-3,7710353
15145;40,9177985;-3,8436933
15146;40,9069093;-3,8845768
15147;40,6385429;-3,4532436
15148;40,4067737;-3,632651
15149;40,2417627;-3,9313708
15150;41,1058067;-3,5935726
15151;40,5324733;-3,6556078
15152;40,63454016;-3,509125841
15153;40,903815;-3,87970866
15154;40,4456118;-3,687254774
15155;40,66161722;-3,510842399
15156;40,8219597;-3,5375688
15157;40,5473698;-3,6260586
15158;40,7205716;-3,9455445
15159;40,6337604;-3,5813203
15160;40,5516312;-3,6138775
15161;40,96544421;-3,716932176
15162;40,6587228;-3,767310106
15163;40,65667839;-3,768852874
15164;40,54582586;-3,623877548
15165;40,6404804;-3,5032202
15166;40,6385429;-3,4532436
15167;40,8594347;-3,7117415
15168;40,59652761;-3,499503881
15169;40,9164524;-3,8413795
15170;40,54215963;-3,622052533
15171;40,6026202;-3,70137505
15172;40,81302892;-3,765888093
15173;40,56105819;-3,626857864
15174;40,66161193;-3,765456833
15175;40,5537399;-3,650124
15176;40,7906969;-3,6016057
15177;40,9181507;-3,8425774
15178;40,7906969;-3,6016057
15179;40,54651399;-3,614047123
15180;40,90485231;-3,8805113
15181;40,68599824;-3,688194067
15182;40,5570358;-3,6191539
15183;40,5179139;-3,537659
15184;40,754284;-3,7833556
15185;40,5933855;-3,5981021
15186;40,54727707;-3,630256015
15187;40,50180836;-3,518461893
15188;40,50279238;-3,508959325
15189;40,6861384;-3,3870599
15190;40,4997063;-3,5458112
15191;40,5631381;-3,6271137
15192;40,6234315;-3,6034644
15193;40,5554134;-3,8955401
15194;40,7299355;-3,5814695
15195;40,6004143;-3,5084165
15196;40,6834164;-3,533916
15197;40,9514067;-3,7894
15198;40,56318914;-3,627059958
15199;40,5147397;-3,5390112
15200;40,6304819;-3,5198258
15201;40,630072;-3,5900337
15202;40,8263998;-3,5365136
15203;40,83004266;-3,542758257
15204;40,66144615;-3,771069845
15205;40,6123389;-3,7141797
15206;40,5431652;-3,453685
15207;40,6165478;-3,6149559
15208;40,45194321;-3,660278088
15209;40,54315187;-3,639787398
15210;40,5990717;-3,7122577
15211;40,75979947;-3,46400378
15213;40,537084;-3,4836359
15214;40,6055199;-3,707791
15215;40,5025103;-3,5138073
15216;40,620349;-3,6101649
15217;40,5985368;-3,5043572
15218;40,8278388;-3,53915453
15219;40,5631878;-3,5124233
15220;40,5679991;-3,5071733
15221;40,6387703;-3,5112904
15222;40,85345152;-3,486792793
15223;40,82767155;-3,538164638
15224;40,59770421;-3,712770101
15227;40,727054;-3,8649141
15228;40,7811871;-3,701104707
15229;40,421463;-3,7078894
15231;40,5475111;-3,6263943
15232;40,6387703;-3,5112904
15233;40,5732385;-3,6040568
15235;40,5732385;-3,6040568
15236;40,52313503;-3,536865496
15237;40,9177985;-3,8436933
15238;40,6394601;-3,4484951
15240;40,5732385;-3,6040568
15241;40,52864805;-3,541619705
15242;40,661424;-3,7709319
15243;40,50180836;-3,518461893
15244;40,5320326;-3,6354938
15245;40,5243786;-3,639600409
15246;40,78549707;-3,702261218
15247;40,55096972;-3,630343561
15248;40,6385429;-3,4532436
15249;40,56914828;-3,510270251
15250;40,5694363;-3,5105866
15251;40,5694363;-3,5105866
15252;40,8287527;-3,6337155
15253;40,9182349;-3,8426022
15254;40,7906783;-3,6119625
15255;40,68722041;-3,609227337
15256;40,54953726;-3,621545846
15257;40,5435031;-3,6428342
15258;40,81879836;-3,758120034
15259;40,5049562;-3,5319403
15260;40,620349;-3,6101649
15261;40,50823737;-3,516725784
15264;40,63430455;-3,50917086
15265;40,6438532;-3,5108705
15266;40,50815924;-3,629511414
15267;40,55974271;-3,636732746
15268;41,1312065;-3,5826769
15269;40,8127459;-3,7802936
15270;40,7523908;-3,7818656
15271;40,5435143;-3,6263164
15272;40,54160208;-3,653892326
15273;40,80308263;-3,763681114
15274;40,72684707;-3,863037903
15275;40,55773624;-3,639115246
15276;40,61165827;-3,68351969
15277;40,65672588;-3,769868147
15278;40,74258038;-3,510421082
15279;40,8664764;-3,4938409
15280;40,6587726;-3,7659722
15281;40,60830435;-3,68905755
15282;40,6504054;-3,4999008
15283;41,13231705;-3,582351308
15284;40,55694374;-3,619281554
15285;40,55694374;-3,619281554
15286;40,65646777;-3,77129031
15287;40,81446504;-3,756224835
15288;40,6611458;-3,7605206
15289;40,60950161;-3,70791821
15290;40,5077428;-3,6096505
15291;40,4974474;-3,6892692
15292;40,69104237;-3,607343018
15293;40,56352575;-3,613037045
15295;40,8549585;-3,4849081
15296;40,8279191;-3,53852165
15297;40,88814;-3,5612547
15298;40,74258038;-3,510421082
15299;40,6387703;-3,5112904
15300;40,6642809;-3,7692481
15301;40,62351716;-3,713221801
15302;40,62351716;-3,713221801
15303;40,60960457;-3,687406243
15304;40,665943;-3,7770677
15305;40,8171176;-3,7600724
15306;40,5320895;-3,630324
15307;40,75374839;-3,789999546
15308;40,8013064;-3,7659142
15309;40,8172403;-3,7589048
15310;40,5631381;-3,6271137
15311;40,5243786;-3,639600409
15312;40,7281944;-3,536443
15313;40,5467293;-3,6287859
15314;40,50242663;-3,518385936
15315;40,52953935;-3,636942962
15316;40,5440438;-3,6572746
15317;40,50005486;-3,641676046
15318;40,80934102;-3,777678149
15319;40,55773624;-3,639115246
15320;40,6654645;-3,772834773
15321;40,62305364;-3,722480128
15322;40,62351716;-3,713221801
15323;40,1900047;-3,7801272
15324;40,1900047;-3,7801272
15325;40,1900047;-3,7801272
15326;40,6565917;-3,7674219
15327;40,65607128;-3,77423412
15328;40,621134;-3,3978743
15329;40,55204409;-3,458262943
15330;40,21011;-3,8738136
15331;40,6784716;-3,77648037
15332;40,6784716;-3,77648037
15333;40,6784716;-3,77648037
15334;40,7848271;-3,6927193
15335;40,7610795;-3,4648939
15336;40,66947516;-3,777721613
15337;40,68599824;-3,688194067
15338;40,5271485;-3,6424626
15339;40,50654882;-3,635611339
15340;40,49922588;-3,519987565
15341;40,49922588;-3,519987565
15342;40,49922588;-3,519987565
15344;40,73521466;-3,579949958
15345;40,5320895;-3,630324
15346;40,51356761;-3,617732188
15347;40,6817157;-3,770608696
15348;40,81388898;-3,764107474
15349;40,65069849;-3,77093886
15350;40,652758;-3,7786448
15351;40,6305925;-3,3315839
15352;40,65035595;-3,789654099
15353;40,63545889;-3,511530999
15354;40,60714701;-3,502254999
15357;40,3934099;-3,5914617
15358;40,676563;-3,6208634
15359;40,7896644;-3,6130353
15360;40,56311925;-3,622261651
15361;40,57034352;-3,506080324
15362;40,6394601;-3,4484951
15363;40,60682236;-3,547771719
15364;40,7392814;-3,5848635
15365;40,5745067;-3,5010039
15366;40,87014924;-3,609495809
15367;40,5296182;-3,5402839
15368;40,62634294;-3,603888851
15369;40,64320504;-3,409714752
15370;40,6311035;-3,5096884
15371;40,7534432;-3,7866573
15372;40,66325949;-3,771501082
15373;40,641099;-3,506061
15374;40,86807755;-3,610002271
15375;40,74638658;-3,770423295
15376;40,65035595;-3,789654099
15377;40,54651399;-3,614047123
15378;40,6437352;-3,3231192
15379;40,6404804;-3,5032202
15380;40,59331985;-3,495037928
15381;40,5540531;-3,6620834
15382;40,55773624;-3,639115246
15384;40,63096176;-3,334171771
15385;40,5690764;-3,5057086
15386;40,6275361;-3,5743284
15387;40,54361667;-3,639920383
15388;40,5422941;-3,6261923
15389;40,5910124;-3,5886479
15390;40,54008472;-3,637016418
15391;40,7130626;-3,9081285
15392;40,6504054;-3,4999008
15393;40,68088554;-3,526291049
15394;40,57043802;-3,502037669
15395;40,6051233;-3,4999815
15396;40,5964617;-3,5016452
15397;40,6003153;-3,5077711
15398;40,57445822;-3,502027369
15399;40,748795;-3,497073261
15400;40,68087695;-3,527702129
15401;40,6437352;-3,3231192
15403;40,80934102;-3,777678149
15404;40,754284;-3,7833556
15405;40,7253623;-3,5259589
15406;40,7534432;-3,7866573
15408;40,5745067;-3,5010039
15409;40,57445822;-3,502027369
15410;40,54438401;-3,464850366
15411;40,7459638;-3,6011833
15412;40,6099098;-3,5429585
15413;40,82079766;-3,661488072
15414;40,7364363;-3,5899521
15415;40,6504054;-3,4999008
15416;40,6304721;-3,5764988
15417;40,7307155;-3,5870906
15418;40,5118642;-3,5938796
15419;40,5972254;-3,5053595
15420;40,70001228;-3,510437107
15421;40,74928362;-3,785287501
15422;40,5243786;-3,639600409
15423;40,5320326;-3,6354938
15424;40,421463;-3,7078894
15425;40,5537399;-3,650124
15426;40,68135863;-3,775223962
15427;40,5573898;-3,657475
15428;40,620809;-3,6140748
15429;40,5563178;-3,6619305
15430;40,50494688;-3,646578198
15431;40,5635201;-4,2720545
15432;40,460628;-3,7800499
15433;40,5422941;-3,6261923
15434;40,5933855;-3,5981021
15435;40,5067694;-3,6415797
15436;40,5947476;-3,5920666
15437;40,5243786;-3,639600409
15438;40,54164437;-3,61994858
15439;40,5320326;-3,6354938
15441;40,6502747;-3,6003178
15442;40,5320326;-3,6354938
15444;40,5320326;-3,6354938
15445;40,620809;-3,6140748
15446;40,5243786;-3,639600409
15447;40,6782296;-3,9587858
15448;40,54165154;-3,621401643
15451;40,61011536;-3,711424745
15452;40,52219283;-3,640749656
15453;40,5243786;-3,639600409
15454;40,5228456;-3,6361207
15457;40,5243786;-3,639600409
15458;40,5300562;-3,641038833
15459;40,620349;-3,6101649
15460;40,21011;-3,8738136
15461;40,5243786;-3,639600409
15462;40,5910124;-3,5886479
15463;40,5243786;-3,639600409
15464;40,63155822;-3,60387178
15465;40,6337604;-3,5813203
15466;40,421463;-3,7078894
15468;40,620809;-3,6140748
15470;40,21011;-3,8738136
15471;40,61304494;-3,620116479
15472;40,3238589;-3,6547942
15473;40,459342;-3,7807322
15474;40,67110589;-3,764851067
15476;40,5243786;-3,639600409
15477;40,5243786;-3,639600409
15478;40,5243786;-3,639600409
15479;40,62889233;-3,58329747
15481;40,421463;-3,7078894
15482;40,5320895;-3,630324
15484;40,6235748;-3,6100322
15485;40,5320326;-3,6354938
15486;40,61304494;-3,620116479
15487;40,65149761;-3,609024628
15488;40,6092739;-3,6175824
15489;40,5765842;-3,9971644
15490;40,6606709;-3,7725508
15491;40,5320326;-3,6354938
15492;40,5320326;-3,6354938
15493;40,52103492;-3,64553012
15494;40,5092813;-3,6380571
15495;40,5320326;-3,6354938
15496;40,52352703;-3,640735966
15497;40,61304494;-3,620116479
15498;40,266242;-3,8582207
15500;40,6770035;-3,777459319
15501;40,6770035;-3,777459319
15502;40,6770035;-3,777459319
15503;40,620809;-3,6140748
15504;40,6154842;-3,6095456
15505;40,5135729;-3,6177515
15506;40,52884851;-3,616134393
15507;40,6722488;-3,777493
15508;40,54160208;-3,653892326
15509;40,50265839;-3,636522412
15510;40,51356761;-3,617732188
15511;40,61294275;-3,68928005
15512;40,51046499;-3,648108761
15513;40,54160208;-3,653892326
15514;40,6263529;-3,6120525
15515;40,67954105;-3,77216885
15516;40,67954105;-3,77216885
15517;40,6263529;-3,6120525
15518;40,51866645;-3,605761
15519;40,6770035;-3,777459319
15520;40,6770035;-3,777459319
15521;40,5092813;-3,6380571
15522;40,639207;-3,5774721
15523;40,61726056;-3,605913616
15524;40,4334724;-3,6539878
15525;40,6378315;-3,5714015
15526;40,6770035;-3,777459319
15527;40,5092813;-3,6380571
15528;40,5320326;-3,6354938
15529;39,870488;-4,3599447
15530;40,6097675;-3,5824965
15531;40,6409262;-3,5814278
15532;40,50654882;-3,635611339
15533;40,55070501;-3,638691517
15534;40,3096512;-4,4928119
15535;40,5092813;-3,6380571
15536;40,50265839;-3,636522412
15537;40,55070501;-3,638691517
15538;40,5440438;-3,6572746
15539;40,55372591;-3,656627205
15541;40,620809;-3,6140748
15542;40,6409262;-3,5814278
15543;40,6377555;-3,5825189
15544;40,5073547;-3,608986
15545;40,6162729;-3,6222756
15546;40,62057191;-3,595329874
15547;40,5052341;-3,637293
15548;40,630072;-3,5900337
15549;40,4014155;-3,7252237
15550;40,52272198;-3,636378265
15551;40,66117146;-3,755883308
15552;40,620809;-3,6140748
15553;40,6730626;-3,778436862
15554;40,52884851;-3,616134393
15555;40,52272198;-3,636378265
15556;40,62889233;-3,58329747
15557;40,5320326;-3,6354938
15558;40,5092813;-3,6380571
15559;40,56352575;-3,613037045
15560;40,62827727;-3,582160936
15561;40,5320326;-3,6354938
15562;40,5931735;-3,5844671
15563;40,6183217;-3,6224837
15564;40,66593986;-3,779705533
15565;40,6587726;-3,7659722
15566;40,5243786;-3,639600409
15568;40,54160208;-3,653892326
15571;40,3995202;-3,5414834
15575;40,5892771;-3,591566
15576;40,421463;-3,7078894
15580;40,6275361;-3,5743284
15581;40,5931735;-3,5844671
15582;40,6303005;-3,5810038
15583;40,542058;-3,6221422
15584;40,54160208;-3,653892326
15586;40,5243786;-3,639600409
15587;40,5243786;-3,639600409
15588;40,5931735;-3,5844671
15589;40,5910124;-3,5886479
15590;40,5243786;-3,639600409
15591;40,61304494;-3,620116479
15592;40,58859888;-3,59530755
15594;40,5320326;-3,6354938
15595;40,5243786;-3,639600409
15596;40,620809;-3,6140748
15597;40,421463;-3,7078894
15598;40,51866645;-3,605761
15599;40,5066675;-3,6079906
15600;40,63159;-3,6037544
15601;40,421463;-3,7078894
15602;40,421463;-3,7078894
15603;40,620809;-3,6140748
15604;40,54315187;-3,639787398
15605;40,6180608;-3,6225201
15606;40,421463;-3,7078894
15607;40,5883875;-3,599774739
15608;40,5892771;-3,591566
15609;40,61304494;-3,620116479
15610;40,6289033;-3,5832921
15611;40,5118642;-3,5938796
15612;40,58859888;-3,59530755
15613;40,6162115;-3,6129233
15614;40,616093;-3,6112574
15615;40,6409262;-3,5814278
15616;40,639207;-3,5774721
15617;40,5320326;-3,6354938
15618;40,5243786;-3,639600409
15619;40,5243786;-3,639600409
15620;40,5243786;-3,639600409
15621;40,6165478;-3,6149559
15622;40,52272198;-3,636378265
15623;40,5933855;-3,5981021
15624;40,4218927;-4,1986982
15625;40,588991;-3,5844658
15626;40,21011;-3,8738136
15627;40,6092739;-3,6175824
15628;40,6334645;-3,592376251
15629;40,52784524;-3,619528602
15630;40,63159;-3,6037544
15631;40,50654882;-3,635611339
15632;40,6329494;-3,5939055
15633;40,63936029;-3,571095531
15634;40,4432586;-3,8423188
15635;40,6234315;-3,6034644
15636;40,62889233;-3,58329747
15637;40,61304494;-3,620116479
15638;40,61304494;-3,620116479
15639;40,61304494;-3,620116479
15640;40,6154842;-3,6095456
15641;40,6266504;-3,604233
15642;40,6304721;-3,5764988
15643;40,6337604;-3,5813203
15644;40,5068334;-3,6077474
15645;40,50005486;-3,641676046
15646;40,5204121;-3,9825634
15647;40,4115843;-3,7313243
15648;40,460628;-3,7800499
15649;40,52272198;-3,636378265
15651;40,3995236;-3,6940975
15652;40,21011;-3,8738136
15653;40,52784524;-3,619528602
15655;40,3426157;-3,82566135
15656;40,6310998;-3,5934609
15657;40,52219283;-3,640749656
15658;40,5002477;-3,6368136
15659;40,52784524;-3,619528602
15660;40,6416042;-3,5789167
15661;40,6263529;-3,6120525
15662;40,2791867;-4,3057685
15663;40,52272198;-3,636378265
15664;40,50005486;-3,641676046
15665;40,4218927;-4,1986982
15666;40,5324733;-3,6556078
15667;40,620809;-3,6140748
15668;40,2417627;-3,9313708
15669;40,6508327;-3,6150785
15671;40,5320326;-3,6354938
15673;40,5243786;-3,639600409
15674;40,421463;-3,7078894
15675;40,620809;-3,6140748
15676;40,6418832;-3,5804484
15677;40,2098776;-3,8743972
15678;40,52504998;-3,630879163
15679;40,61766558;-3,601696744
15681;40,421463;-3,7078894
15683;40,2098776;-3,8743972
15684;40,421463;-3,7078894
15685;40,61304494;-3,620116479
15686;40,6304721;-3,5764988
15687;40,5243786;-3,639600409
15688;40,5243786;-3,639600409
15689;40,5320326;-3,6354938
15690;40,4366205;-3,7216855
15691;40,266242;-3,8582207
15692;40,3096512;-4,4928119
15693;40,2098776;-3,8743972
15694;40,51091405;-3,625082357
15695;40,5092813;-3,6380571
15696;40,21011;-3,8738136
15697;40,21011;-3,8738136
15698;40,6154842;-3,6095456
15699;40,2971655;-3,825342
15700;40,6195;-3,600355
15701;40,2791867;-4,3057685
15702;40,4213149;-3,7074006
15703;40,63155822;-3,60387178
15704;40,52219283;-3,640749656
15705;40,5262719;-3,6206846
15706;40,2971655;-3,825342
15707;40,51090555;-3,620748891
15708;40,21011;-3,8738136
15709;40,51866645;-3,605761
15710;40,2971655;-3,825342
15711;40,5073547;-3,608986
15712;40,21011;-3,8738136
15713;40,51090555;-3,620748891
15714;40,50265839;-3,636522412
15715;40,56300944;-3,512976627
15717;40,8646525;-3,6169979
15718;40,550917;-3,628779
15719;40,54239426;-3,4560892
15720;40,6021544;-3,7212801
15721;40,86862105;-3,613591494
15722;40,6362582;-3,451885
15723;40,6362582;-3,451885
15724;40,8278185;-3,5432712
15725;40,6362582;-3,451885
15726;40,3663921;-3,6893314
15727;40,3663921;-3,6893314
15728;40,8278185;-3,5432712
15729;40,6370557;-3,5105686
15730;40,3663921;-3,6893314
15731;40,62470093;-3,707613506
15733;40,6275467;-3,4779175
15734;40,5694363;-3,5105866
15735;40,5694363;-3,5105866
15736;40,5694363;-3,5105866
15737;40,5694363;-3,5105866
15738;40,56914828;-3,510270251
15739;40,620809;-3,6140748
15740;40,5243786;-3,639600409
15741;40,5243786;-3,639600409
15742;40,5092813;-3,6380571
15743;40,5243786;-3,639600409
15744;40,2099596;-3,5671354
15745;40,4167279;-3,7032905
15746;40,4167279;-3,7032905
15747;40,5940996;-3,5863505
15748;40,4167279;-3,7032905
15749;40,59426523;-3,586200875
15750;40,4167279;-3,7032905
15751;40,4167279;-3,7032905
15752;40,2099596;-3,5671354
15753;40,59426523;-3,586200875
15755;40,61914764;-3,712738404
15756;40,7309823;-3,5801456
15757;40,5554134;-3,8955401
15758;40,4167279;-3,7032905
15759;40,4167279;-3,7032905
15760;40,4167279;-3,7032905
15761;40,4167279;-3,7032905
15762;40,59426523;-3,586200875
15763;40,5716967;-3,6212068
15764;40,5457419;-3,6210538
15765;40,64856921;-3,77760756
15766;40,64856921;-3,77760756
15767;40,64856921;-3,77760756
15769;40,5716967;-3,6212068
15770;40,64856921;-3,77760756
15771;40,5457419;-3,6210538
15772;40,64856921;-3,77760756
15773;40,64856921;-3,77760756
15774;40,64856921;-3,77760756
15775;40,5457419;-3,6210538
15776;40,5243786;-3,639600409
15778;40,5300562;-3,641038833
15779;40,64856921;-3,77760756
15780;40,72912186;-3,879588152
15781;40,5566606;-3,625139
15782;40,5482801;-3,453496802
15783;40,7389675;-3,5764507
15784;40,5320895;-3,630324
15785;40,50242663;-3,518385936
15786;40,56914828;-3,510270251
15787;40,56914828;-3,510270251
15788;40,5320326;-3,6354938
15789;40,5694363;-3,5105866
15790;40,5092813;-3,6380571
15791;40,5694363;-3,5105866
15792;40,52864805;-3,541619705
15793;40,8584842;-3,7110283
15794;40,61304494;-3,620116479
15795;40,1805485;-3,669696
15796;40,25889432;-3,824575515
15797;40,2195151;-3,8499475
15798;40,24548915;-3,693575173
15799;40,1558007;-3,621642334
15800;40,3161669;-3,717370767
15801;40,34667352;-3,828388565
15802;40,3161669;-3,717370767
15803;40,29661176;-3,831409507
15804;40,25109633;-3,821890803
15805;40,240167;-3,7644817
15806;40,1917369;-3,837321
15807;40,30531182;-3,737929296
15808;40,2339145;-3,767642889
15809;40,2994307;-3,8095582
15811;40,2375383;-3,7727413
15812;40,2429919;-3,7038365
15813;40,311798;-3,7224742
15814;40,2221246;-3,757507123
15815;40,311798;-3,7224742
15816;40,3364492;-3,7405905
15817;40,3161669;-3,717370767
15818;40,1805485;-3,669696
15819;40,2362624;-3,6991508
15820;40,2046482;-3,8858194
15821;40,20557423;-3,874092418
15822;40,3444965;-3,833023592
15823;40,2945052;-3,7860595
15824;40,1805485;-3,669696
15825;40,27682595;-3,801850934
15826;40,29644457;-3,830590936
15827;40,2493989;-3,8285208
15828;40,296741;-3,8367671
15829;40,3384323;-3,8296254
15830;40,32233324;-3,883257124
15831;40,3204515;-3,7550602
15832;40,25534999;-3,698530653
15833;40,30808783;-3,733358638
15834;40,29585685;-3,803910701
15835;40,39350946;-3,83289607
15836;40,2046482;-3,8858194
15837;40,32235692;-3,738544539
15838;40,31441966;-3,721511519
15839;40,18347977;-3,823893085
15840;40,3511268;-3,8226409
15841;40,3161669;-3,717370767
15843;40,281873;-3,792956
15844;40,3009756;-3,734676
15845;40,3222023;-3,8690803
15846;40,29671685;-3,792483261
15847;40,2171616;-3,7624514
15848;40,1805485;-3,669696
15849;40,25849339;-3,691840378
15850;40,34602272;-3,828974289
15851;40,317456;-3,722695
15852;40,19525863;-3,676960063
15853;40,2375052;-3,6967718
15854;40,24398329;-3,690722826
15855;40,34258145;-3,830616368
15856;40,3132012;-3,9216427
15857;40,1352502;-3,6574105
15858;40,18986945;-3,676777397
15859;40,2761632;-3,7989784
15860;40,25064953;-3,83149072
15861;40,22657774;-3,774733343
15862;40,3217767;-3,6538653
15863;40,32510282;-3,876279646
15864;40,33413988;-3,864280555
15865;40,2938755;-3,789119711
15866;40,32529401;-3,734711983
15867;40,31512347;-3,855535929
15868;40,2325575;-3,7665475
15869;40,32984866;-3,767490165
15870;40,24943465;-3,829014469
15871;40,19154648;-3,670182566
15872;40,3161669;-3,717370767
15873;40,2314646;-3,7699482
15874;40,3132012;-3,9216427
15875;40,3433185;-3,8293005
15876;40,32707473;-3,88422206
15877;40,20809146;-3,681034331
15878;40,1929537;-3,6867329
15879;40,3076615;-3,7297235
15881;40,2777211;-3,7911693
15882;40,1895172;-3,6864068
15883;40,3510079;-3,8271154
15884;40,2446562;-3,7660783
15885;40,29644457;-3,830590936
15886;40,3139852;-3,8554979
15887;40,2543165;-3,8236924
15888;40,3317089;-3,8648206
15889;40,193087;-3,6661755
15890;40,3491158;-3,8288109
15891;40,1910399;-3,6707141
15892;40,2474352;-3,7685247
15893;40,3339461;-3,7630984
15894;40,1828742;-3,6741386
15895;40,1908206;-3,6762119
15896;40,3055782;-3,7264535
15897;40,2340408;-3,7677531
15898;40,22693305;-3,760840006
15899;40,2436948;-3,7729685
15900;40,3140824;-3,9220606
15901;40,3100274;-3,8669806
15902;40,2368047;-3,7019298
15903;40,3047762;-3,837624331
15904;40,30509828;-3,739118518
15905;40,2106013;-3,6887758
15906;40,3296004;-3,8650371
15907;40,3485803;-3,8205059
15908;40,318664;-3,701815
15909;40,1900931;-3,6747529
15910;40,1556163;-3,6321102
15911;40,2874423;-3,7935093
15912;40,2945052;-3,7860595
15913;40,3289916;-3,8603179
15914;40,29462585;-3,787745945
15915;40,3243412;-3,7736756
15916;40,29661176;-3,831409507
15917;40,2378916;-3,7640245
15918;40,3132012;-3,9216427
15919;40,29428345;-3,795478204
15920;40,2874423;-3,7935093
15921;40,2865688;-3,7941498
15922;40,3132012;-3,9216427
15923;40,3023279;-3,7307646
15924;40,1938766;-3,6642879
15925;40,2044509;-3,8851988
15926;40,30987935;-3,734065029
15927;40,2291246;-3,7732849
15928;40,334859;-3,868371
15929;40,3491158;-3,8288109
15930;40,311798;-3,7224742
15931;40,3161669;-3,717370767
15932;40,213847;-3,8541197
15933;40,239664;-3,6968845
15935;40,3121763;-3,7300538
15936;40,2102569;-3,8548956
15937;40,2264448;-3,7645286
15938;40,2070729;-3,8840863
15939;40,2046482;-3,8858194
15940;40,34848996;-3,828295715
15942;40,3260519;-3,769803
15943;40,3357535;-3,7715345
15944;40,39673917;-3,714783244
15946;40,3283745;-3,7588823
15947;40,3108225;-3,7244442
15948;40,35093315;-3,81144871
15949;40,2361749;-3,7591534
15950;40,2806471;-3,7883391
15951;40,160132;-3,6213436
15952;40,1892517;-3,6748832
15953;40,2774625;-3,7943157
15954;40,28506685;-3,794370822
15955;40,2091885;-3,8726818
15956;40,2429919;-3,7038365
15957;40,28920555;-3,808725372
15958;40,2335575;-3,777995682
15959;40,2253839;-3,7498736
15960;40,2885203;-3,7991927
15961;40,23185;-3,7735198
15962;40,3086131;-3,9256063
15963;40,3265327;-3,7653993
15964;40,3433185;-3,8293005
15965;40,2125806;-3,8498839
15966;40,3161669;-3,717370767
15967;40,3066786;-3,8752207
15968;40,1827534;-3,6844295
15969;40,3453594;-3,7484259
15970;40,3109457;-3,8758594
15971;40,1628981;-3,620282
15972;40,1535574;-3,6221331
15973;40,2291246;-3,7732849
15974;40,3092656;-3,7760918
15975;40,3050706;-3,8359468
15976;40,2204238;-3,8507219
15977;40,3298474;-3,7490278
15978;40,301716;-3,7307978
15979;40,2767764;-3,793641
15980;40,3009756;-3,734676
15981;40,1934751;-3,6689232
15982;40,33955855;-3,75074816
15983;40,3495846;-3,816244711
15984;40,3637866;-3,6180251
15985;40,1828742;-3,6741386
15986;40,2412435;-3,7749557
15987;40,3077578;-3,7308081
15988;40,3376513;-3,8560065
15989;40,3188375;-3,742493
15990;40,35151529;-3,817992205
15991;40,2935114;-3,8047516
15992;40,2238235;-3,7718166
15993;40,3134588;-3,7884436
15994;40,2573436;-3,8236459
15995;40,2524701;-3,8298628
15996;40,2417123;-3,7672347
15997;40,3092277;-3,9270075
15998;40,22693305;-3,760840006
15999;40,3196343;-3,8725962
16000;40,2408046;-3,7735067
16001;40,3199081;-3,8794469
16002;40,3095932;-3,7365622
16003;40,301716;-3,7307978
16004;40,29661176;-3,831409507
16005;40,3011826;-3,7328773
16006;40,2186603;-3,7551604
16007;40,1916394;-3,836338
16008;40,2714075;-3,9185326
16010;40,3487128;-3,8310864
16011;40,3070639;-3,7331808
16012;40,3161669;-3,717370767
16013;40,3614483;-3,8667456
16014;40,2261643;-3,7651119
16015;40,34601653;-3,830947185
16016;40,3104681;-3,9262812
16017;40,300013;-3,9360511
16018;40,3104669;-3,9323047
16019;40,2799281;-3,805704
16020;40,2584092;-3,8245686
16021;40,3337475;-3,7629537
16022;40,1900916;-3,6747777
16023;40,1805485;-3,669696
16024;40,286259;-3,790742
16025;40,3548698;-3,7842566
16026;40,1592091;-3,6141598
16027;40,2433365;-3,770655
16028;40,2249113;-3,7768502
16029;40,3239725;-3,766332
16030;40,2486131;-3,8275129
16031;40,1567071;-3,6448754
16032;40,1796894;-3,6705425
16033;40,34630317;-3,826245698
16034;40,1912755;-3,6873863
16036;40,3219708;-3,8698949
16037;41,0286536;-3,6255742
16038;40,2091885;-3,8726818
16039;40,33955855;-3,75074816
16040;40,3471174;-3,8289599
16041;40,3161669;-3,717370767
16042;40,2455791;-3,6982496
16043;40,3346841;-3,8714565
16044;40,3009756;-3,734676
16045;40,3301251;-3,7727848
16046;40,3196429;-3,8629281
16047;40,3376513;-3,8560065
16048;40,311798;-3,7224742
16049;40,311469;-3,717169
16050;40,2362624;-3,6991508
16051;40,3573589;-3,7840436
16052;40,34240797;-3,844921232
16053;40,1571198;-3,6241922
16054;40,25824435;-3,820479353
16055;40,3449663;-3,825015
16056;40,34786871;-3,833194235
16057;40,2410464;-3,7693581
16058;40,192201;-3,6764412
16059;40,34601653;-3,830947185
16060;40,2645277;-3,8503415
16061;40,337792;-3,8690304
16062;40,2113347;-3,8555026
16063;40,2323751;-3,7669982
16064;40,2373722;-3,7674909
16065;40,3251016;-3,7238609
16066;40,2374616;-3,7625416
16067;40,31593779;-3,732249243
16068;40,3110562;-3,7218673
16069;40,3301251;-3,7727848
16070;40,34786871;-3,833194235
16071;40,1594468;-3,615486629
16072;40,2397913;-3,7017005
16073;40,317135;-3,8680366
16074;40,3255919;-3,7727539
16075;40,34705045;-3,831410223
16076;40,3329369;-3,7733285
16077;40,3117286;-3,7263606
16078;40,3230426;-3,8776783
16079;40,2488801;-3,8288528
16080;40,3191585;-3,743134
16081;40,3553848;-3,7830922
16082;40,3399906;-3,8270188
16083;39,870488;-4,3599447
16084;40,3302061;-3,7625032
16085;40,3287883;-3,8620928
16086;40,29703205;-3,810509833
16087;40,2418621;-3,7617129
16088;40,1581846;-3,6266994
16089;40,244207;-3,76869
16090;40,2432547;-3,7646272
16091;40,1917349;-3,8362873
16092;40,1549754;-3,6216354
16093;40,3245687;-3,8582033
16094;40,2388447;-3,7590501
16095;40,1967063;-3,8043948
16096;40,3047485;-3,7338952
16097;40,2378143;-3,7594154
16098;40,2085864;-3,9173748
16099;40,3035891;-3,7307191
16100;40,3121763;-3,7300538
16101;40,2394446;-3,7661214
16102;40,30987935;-3,734065029
16103;40,1580087;-3,6205514
16104;40,1805485;-3,669696
16105;40,31593779;-3,732249243
16106;40,3132012;-3,9216427
16107;40,3399222;-3,8372885
16108;40,3326132;-3,8562642
16109;40,320967;-3,8712983
16110;40,190499;-3,8054835
16111;40,3161669;-3,717370767
16112;40,2412641;-3,7703593
16113;40,2276357;-3,75292
16114;40,3161669;-3,717370767
16115;40,189277;-3,6839008
16116;40,2390097;-3,7789337
16117;40,34991118;-3,826572432
16118;40,1805485;-3,669696
16119;40,3226955;-3,8542308
16120;40,28609055;-3,755589486
16121;40,3114192;-3,7386532
16122;40,3376513;-3,8560065
16123;40,4028005;-3,5454993
16124;40,3009756;-3,734676
16125;40,3161669;-3,717370767
16126;40,2946917;-3,7490969
16127;40,296741;-3,8367671
16128;40,2698157;-3,9005999
16129;40,3425284;-3,8302575
16130;40,3094081;-3,7198408
16131;40,3367045;-3,7767659
16133;40,2056282;-3,8732878
16134;40,2934701;-3,7991889
16135;40,180796;-3,6914284
16136;40,2375383;-3,7727413
16137;40,2584092;-3,8245686
16138;40,339408;-3,8324179
16139;40,33160822;-3,763535567
16141;40,2139012;-3,8548128
16142;40,3399964;-3,8251926
16143;40,2506247;-3,8314005
16144;40,3309179;-3,8628316
16145;40,3203396;-3,7541616
16146;40,3300872;-3,7660633
16147;40,32548445;-3,769008778
16148;40,2868602;-3,8178293
16149;40,3254422;-3,778969
16150;40,3463708;-3,828316
16151;40,452848;-3,6680616
16152;40,32795555;-3,762898858
16153;40,2774625;-3,7943157
16154;40,311798;-3,7224742
16155;40,2488801;-3,8288528
16156;40,2841871;-3,7919767
16157;40,2835056;-3,814477
16158;40,3104681;-3,9262812
16159;40,3604692;-3,8705666
16160;40,2016343;-3,6880984
16161;40,1908467;-3,845956
16162;40,3260463;-3,7610241
16163;40,3026975;-3,8378293
16164;40,2799281;-3,805704
16165;40,2357898;-3,7657141
16166;40,2377564;-3,7774725
16167;40,2368047;-3,7019298
16168;40,2155989;-3,8543871
16169;40,3550203;-3,7805076
16170;40,3333202;-3,7605641
16171;40,2324359;-3,7639376
16172;40,3019662;-4,5467411
16173;40,2117292;-3,8504702
16174;40,3093808;-3,7300788
16175;40,3114762;-3,792189
16176;40,3287883;-3,8620928
16177;40,1917349;-3,8362873
16178;40,3215062;-3,871227
16179;40,206523;-3,9224338
16180;40,2400323;-3,7066847
16181;40,3206096;-3,8575381
16182;40,1551139;-3,620677917
16183;40,34786871;-3,833194235
16184;40,2864571;-3,7954567
16185;40,23185;-3,7735198
16186;40,3398598;-3,7837034
16187;40,3491158;-3,8288109
16188;40,3034639;-3,9268057
16189;40,2844276;-3,7970755
16190;40,2374616;-3,7625416
16191;40,1960111;-3,6646626
16192;40,2450808;-3,6980546
16193;40,1634388;-3,6213852
16194;40,3254015;-3,8679564
16195;40,1530209;-3,6166562
16196;40,2417123;-3,7672347
16197;40,3285035;-3,760738
16198;40,3442841;-3,82484
16199;40,3236479;-3,8574846
16200;40,3475822;-3,8262987
16201;40,2387629;-3,7637365
16202;40,3023279;-3,7307646
16203;40,2441254;-3,7688588
16204;40,3215968;-3,6542864
16205;40,3115857;-3,7153039
16206;40,303334;-3,7339224
16207;40,2994995;-3,75531
16208;40,5117022;-3,6693452
16209;40,2506247;-3,8314005
16210;40,3158205;-3,8529614
16211;40,1805485;-3,669696
16212;40,2802092;-3,798974573
16213;40,3278331;-3,7684696
16214;40,3445082;-3,7477516
16215;40,3016408;-3,8976457
16216;40,3113952;-3,7180996
16217;40,2103365;-3,8510227
16218;40,3287883;-3,8620928
16219;40,2934701;-3,7991889
16220;40,1663423;-3,6237525
16221;40,24915093;-3,773423309
16222;40,3309814;-3,859143
16223;40,382083;-3,6464631
16224;40,3357354;-3,866959179
16225;40,3095877;-3,7380821
16226;40,31985;-3,8490847
16227;40,2288887;-3,77312
16228;40,2154212;-3,8533024
16229;40,3292812;-3,7593418
16230;40,2893536;-3,808473372
16231;40,32323845;-3,767400351
16232;40,3161669;-3,717370767
16233;40,3261211;-3,6639105
16234;40,3440908;-3,7481129
16235;40,3009756;-3,734676
16236;40,16231125;-3,618691231
16237;40,32707473;-3,88422206
16238;40,34814629;-3,82114189
16239;40,3485803;-3,8205059
16240;40,3255919;-3,7727539
16241;40,32550798;-3,762358968
16242;40,2774625;-3,7943157
16243;40,2021399;-3,8785619
16244;40,2934701;-3,7991889
16246;40,3300872;-3,7660633
16247;40,3563007;-3,7797203
16248;40,2857979;-3,8021059
16249;40,293337;-3,783692928
16250;40,18733917;-3,691042172
16251;40,32603839;-3,857230082
16252;40,35803458;-3,808721901
16253;40,24682976;-3,769936225
16254;40,1913667;-3,783223258
16255;40,31139808;-3,716187297
16256;40,18934014;-3,673877537
16257;40,3173909;-3,8513318
16258;40,2287658;-3,8140662
16259;40,3077396;-3,72644715
16260;40,34786871;-3,833194235
16261;40,293337;-3,783692928
16262;40,19381125;-3,686161338
16263;40,3034639;-3,9268057
16264;40,18074056;-3,693352114
16265;40,17756669;-3,682206506
16266;40,16183649;-3,627089475
16267;40,1805485;-3,669696
16268;40,29573569;-3,813594247
16269;40,2830586;-3,7889247
16270;40,28759779;-3,737180159
16272;40,2221246;-3,757507123
16273;40,1601337;-3,6213455
16275;40,2994307;-3,8095582
16276;40,19217895;-3,82861855
16277;40,3082312;-3,726462
16278;40,28626604;-3,790839024
16279;40,3399222;-3,8372885
16280;40,34240797;-3,844921232
16281;40,3132012;-3,9216427
16282;40,3282258;-3,7656617
16283;40,3466354;-3,829042306
16284;40,32707473;-3,88422206
16285;40,3161669;-3,717370767
16286;40,2945052;-3,7860595
16288;40,234318;-3,7700672
16289;40,2821684;-3,7873515
16290;40,34795788;-3,829958933
16291;40,3161669;-3,717370767
16292;40,3491158;-3,8288109
16293;40,29364;-3,792780924
16294;40,24858673;-3,827460511
16295;40,3281329;-3,765234337
16297;40,34705045;-3,831410223
16298;40,3458164;-3,849049
16299;40,31922415;-3,849449246
16301;40,2017034;-3,803372
16302;40,27251125;-3,927208625
16303;40,32808838;-3,730747652
16304;40,24491665;-3,7028806
16305;40,3376513;-3,8560065
16306;40,1925177;-3,6680939
16307;40,3070639;-3,7331808
16308;40,35151529;-3,817992205
16309;40,30338246;-3,728955019
16310;40,25196139;-3,823286041
16311;40,29646691;-3,803758868
16312;40,31124984;-3,730552669
16313;40,3271186;-3,755255143
16314;40,28705223;-3,794846229
16315;40,3076615;-3,7297235
16316;40,2815964;-3,8043215
16317;40,244207;-3,76869
16318;40,15462735;-3,623136796
16319;40,2340408;-3,7677531
16320;40,16891356;-3,828888929
16321;40,3376513;-3,8560065
16322;40,15441465;-3,632388869
16323;40,15576755;-3,6221964
16324;40,3510093;-3,827111503
16325;40,1898321;-3,6817853
16326;40,31106573;-3,808330804
16327;40,25064953;-3,83149072
16328;40,32786407;-3,768536392
16329;40,34667352;-3,828388565
16330;40,3188375;-3,742493
16331;40,25889432;-3,824575515
16332;40,15406383;-3,627120552
16333;40,24186425;-3,702676093
16334;40,33256934;-3,771249109
16335;40,3150937;-3,724879325
16336;40,3121763;-3,7300538
16337;40,34582805;-3,828660894
16338;40,33259376;-3,86892655
16339;40,3108225;-3,7244442
16340;40,3076615;-3,7297235
16341;40,24424714;-3,700555689
16342;40,3106479;-3,729347721
16343;40,30930672;-3,729836389
16344;40,33160822;-3,763535567
16345;40,28620844;-3,786920045
16346;40,30930672;-3,729836389
16347;40,3488788;-3,837411928
16348;40,33866953;-3,83546688
16349;40,31565572;-3,852616786
16350;40,28176787;-3,789650405
16351;40,33915648;-3,784501493
16352;40,3197239;-3,78290425
16353;40,28669556;-3,790529782
16354;40,28626604;-3,790839024
16355;40,24682976;-3,769936225
16356;40,32373782;-3,868806503
16357;40,320967;-3,8712983
16358;40,31983335;-3,74255415
16359;40,31565572;-3,852616786
16360;40,19955055;-3,798559453
16361;40,1922101;-3,866016
16362;40,1792174;-3,6838703
16363;40,29881015;-3,759037066
16364;40,24104818;-3,77603507
16365;40,35805768;-3,779300227
16366;40,3121763;-3,7300538
16367;40,19665603;-3,851062272
16368;40,28155778;-3,92961079
16369;40,2004913;-3,6729969
16370;40,19249925;-3,6818597
16371;40,3026975;-3,8378293
16372;40,2340408;-3,7677531
16373;40,23975651;-3,69701168
16374;40,34705045;-3,831410223
16375;40,35103895;-3,82774184
16376;40,24197559;-3,708130353
16377;40,19653076;-3,853889694
16378;40,31512347;-3,855535929
16379;40,19987105;-3,681973856
16380;40,3070639;-3,7331808
16381;40,35506085;-3,815322694
16382;40,1901355;-3,7814796
16383;40,2362624;-3,6991508
16384;40,30418365;-3,726914542
16385;40,29661176;-3,831409507
16386;40,1903522;-3,6761614
16387;40,2430882;-3,7084062
16388;40,2438854;-3,763593008
16389;40,15612492;-3,619832668
16390;40,19086341;-3,676215125
16391;40,32045215;-3,8742976
16392;40,1931726;-3,8322397
16393;40,31916014;-3,869322973
16394;40,21951708;-3,760112058
16395;40,3203396;-3,7541616
16396;40,19086341;-3,676215125
16397;40,1663423;-3,6237525
16398;40,2615532;-3,8612117
16399;40,24197559;-3,708130353
16400;40,2374365;-3,764136
16401;40,32683581;-3,856815433
16402;40,18227446;-3,670814046
16403;40,2430882;-3,7084062
16404;40,3296647;-3,8605774
16405;40,1903522;-3,6761614
16406;40,3206096;-3,8575381
16407;40,3029594;-3,727676603
16408;40,3173909;-3,8513318
16409;40,16409154;-3,620899424
16410;40,29103993;-3,792533818
16411;40,32640718;-3,861156566
16412;40,30280552;-3,734848802
16413;40,212372;-3,8504495
16414;40,2371226;-3,7671697
16415;40,1963527;-3,79478145
16416;40,2429919;-3,7038365
16417;40,4220994;-3,70709625
16418;40,39673917;-3,714783244
16419;40,2362624;-3,6991508
16420;40,32203924;-3,712685976
16421;40,34821998;-3,829019106
16422;40,34348112;-3,77291817
16423;40,2430882;-3,7084062
16424;40,3132012;-3,9216427
16425;40,30628302;-3,729243323
16426;40,3023279;-3,7307646
16427;40,21837;-3,8526781
16428;40,3066786;-3,8752207
16429;40,31985;-3,8490847
16430;40,31401051;-3,839174774
16431;40,1911393;-3,8344036
16432;40,27685252;-3,917256287
16433;40,29661176;-3,831409507
16434;40,325093;-3,774412
16435;40,21060198;-3,688773176
16436;40,2070729;-3,8840863
16437;40,19452254;-3,690416734
16438;40,3278331;-3,7684696
16439;40,29499991;-3,799541055
16440;40,32603839;-3,857230082
16441;40,3094081;-3,7198408
16442;40,33150034;-3,863804123
16443;40,4028005;-3,5454993
16444;40,34070357;-3,90407204
16445;40,34761245;-3,828806626
16446;40,32315682;-3,783582206
16447;40,3076615;-3,7297235
16448;40,35107421;-3,810599803
16449;40,31691395;-3,853650445
16450;40,4028005;-3,5454993
16451;40,20050085;-3,887302788
16452;40,3043823;-3,730034491
16453;40,23654422;-3,777903133
16454;40,3196429;-3,8629281
16455;40,3203396;-3,7541616
16456;40,23187115;-3,7735629
16457;40,31401051;-3,839174774
16458;40,31021466;-3,727371649
16459;40,31489469;-3,730169931
16460;40,3315356;-3,875572792
16461;40,314877;-3,734018426
16462;40,2374365;-3,764136
16463;40,21060198;-3,688773176
16464;40,2012118;-3,6918523
16465;40,2012118;-3,6918523
16466;40,2106013;-3,6887758
16467;40,32493789;-3,868996222
16468;40,237705;-3,7773693
16469;40,2924388;-3,794133
16470;40,2411377;-3,7029349
16471;40,33866953;-3,83546688
16472;40,241188;-3,775414357
16473;40,1950264;-3,6825798
16474;40,29293091;-3,840223099
16475;40,3201782;-3,8489803
16476;40,3311303;-3,766780214
16477;40,31969738;-3,86777653
16478;40,2086612;-3,8489092
16479;40,24042755;-3,6990365
16480;40,2933229;-3,787277751
16481;40,34000304;-3,835752366
16482;40,29433422;-3,823205275
16483;40,3265327;-3,7653993
16484;40,19538684;-3,68275298
16485;40,5752347;-3,6047113
16486;40,1987608;-3,6862311
16487;40,2269984;-3,7477963
16488;40,5752347;-3,6047113
16489;40,3046632;-3,927837751
16490;40,2106013;-3,6887758
16491;40,3008055;-3,7341282
16492;40,21060198;-3,688773176
16493;40,28759779;-3,737180159
16494;40,28759779;-3,737180159
16495;40,21060198;-3,688773176
16496;40,23185;-3,7735198
16497;40,28759779;-3,737180159
16498;40,28759779;-3,737180159
16499;40,20401797;-3,80088818
16500;40,3925276;-3,8337625
16501;40,196715;-3,670166
16502;40,33568074;-3,839476037
16503;40,3010265;-3,7352162
16504;40,3203776;-3,6548156
16505;40,19987665;-3,84975535
16506;40,2000819;-3,849553
16507;40,24859795;-3,69098
16508;40,19987665;-3,84975535
16509;40,31399075;-3,836570392
16510;40,33160822;-3,763535567
16511;40,1922101;-3,866016
16512;40,5752347;-3,6047113
16513;40,5752347;-3,6047113
16514;40,3008055;-3,7341282
16515;40,28759779;-3,737180159
16516;40,19182296;-3,83652805
16517;40,5752347;-3,6047113
16518;40,34991118;-3,826572432
16519;40,5752347;-3,6047113
16520;40,5752347;-3,6047113
16521;40,33265986;-3,768644904
16522;40,2510589;-3,8315483
16523;40,21060198;-3,688773176
16524;40,2862033;-3,9102863
16525;40,3210594;-3,699131696
16526;40,22721372;-3,749371651
16527;40,2146845;-3,85287815
16528;40,22721372;-3,749371651
16529;40,26609618;-3,92427114
16530;40,28954044;-3,915590792
16531;40,311798;-3,7224742
16532;40,2434195;-3,6981632
16533;40,4028693;-3,6072165
16534;40,26116321;-3,859847551
16535;40,2374365;-3,764136
16536;40,1984468;-3,6946613
16537;40,1994048;-3,694643939
16538;40,1994048;-3,694643939
16539;40,1984468;-3,6946613
16540;40,19381125;-3,686161338
16541;40,34376034;-3,780299331
16542;40,3466354;-3,829042306
16543;40,3252618;-3,8644158
16544;40,28713363;-3,752015927
16545;40,34386665;-3,845121277
16546;40,3010265;-3,7352162
16547;40,3210594;-3,699131696
16548;40,3210594;-3,699131696
16549;40,3210594;-3,699131696
16550;40,2094235;-3,8477863
16551;40,24360635;-3,798656633
16552;40,3075223;-3,728707
16553;40,34376034;-3,780299331
16554;40,26116321;-3,859847551
16555;40,2374365;-3,764136
16556;40,34376034;-3,780299331
16557;40,26116321;-3,859847551
16558;40,32349871;-3,65564538
16559;40,3009756;-3,734676
16560;40,34913883;-3,826696253
16561;40,3104191;-3,7392072
16562;40,2508847;-3,8270997
16563;40,31411314;-3,92458101
16564;40,28507883;-3,80756942
16565;40,33524049;-3,770895922
16566;40,15551194;-3,62804527
16567;40,31411314;-3,92458101
16568;40,3132012;-3,9216427
16569;40,1956058;-3,8486356
16570;40,1663423;-3,6237525
16571;40,34461921;-3,826368921
16572;40,2400519;-3,7645268
16573;40,1956058;-3,8486356
16574;40,3315496;-3,8780288
16575;40,1956058;-3,8486356
16576;40,3468781;-3,82933335
16577;40,3468781;-3,82933335
16578;40,3468781;-3,82933335
16579;40,29644457;-3,830590936
16580;40,34710213;-3,829028883
16581;40,32707473;-3,88422206
16582;40,3468781;-3,82933335
16583;40,30986219;-3,852499062
16584;40,3330869;-3,7750034
16585;40,2439372;-3,775790859
16586;40,19548629;-3,685554467
16587;40,30986219;-3,852499062
16588;40,34994946;-3,818401918
16589;40,30986219;-3,852499062
16590;40,3468781;-3,82933335
16591;40,3468781;-3,82933335
16592;40,2573564;-3,8193704
16593;40,2573564;-3,8193704
16594;40,34991118;-3,826572432
16595;40,2573564;-3,8193704
16596;40,34913883;-3,826696253
16597;40,34991118;-3,826572432
16598;40,34991118;-3,826572432
16599;40,2573564;-3,8193704
16600;40,34913883;-3,826696253
16601;40,34913883;-3,826696253
16602;40,29820965;-3,801214111
16603;40,28879655;-3,914958286
16604;40,24042755;-3,6990365
16605;40,3071289;-3,753601
16606;40,2825437;-3,787752625
16607;40,24042755;-3,6990365
16608;40,3315496;-3,8780288
16609;40,32415835;-3,865190846
16610;40,3315496;-3,8780288
16611;40,24042755;-3,6990365
16612;40,24042755;-3,6990365
16613;40,4073765;-3,7050342
16614;40,2314646;-3,7699482
16615;40,4073766;-3,7050343
16616;40,2046482;-3,8858194
16617;40,4073765;-3,7050342
16618;40,35943981;-3,780286829
16619;40,3203601;-3,8569731
16620;40,2375383;-3,7727413
16621;40,4073767;-3,7050344
16622;40,4073767;-3,7050344
16623;40,35943981;-3,780286829
16624;40,35943981;-3,780286829
16625;40,35943981;-3,780286829
16626;40,32478417;-3,880939936
16627;40,32291939;-3,87752593
16628;40,28136836;-3,792319523
16629;40,2807868;-3,7956311
16630;40,1922101;-3,866016
16631;40,3376513;-3,8560065
16632;40,28136836;-3,792319523
16633;40,3102964;-3,7378997
16634;40,1917369;-3,837321
16635;40,1931003;-3,696688213
16636;40,1922101;-3,866016
16637;40,3102964;-3,7378997
16638;40,1931003;-3,696688213
16639;40,22754032;-3,758079726
16640;40,31868015;-3,7435447
16641;40,4073766;-3,7050343
16642;40,31868015;-3,7435447
16643;40,22754032;-3,758079726
16644;40,2147064;-3,855571481
16645;40,3009756;-3,734676
16646;40,20017691;-3,695950501
16647;40,24069734;-3,699544671
16648;40,25767311;-3,817857725
16649;40,28920555;-3,808725372
16650;40,25767311;-3,817857725
16651;40,25767311;-3,817857725
16652;40,25767311;-3,817857725
16653;40,25767311;-3,817857725
16654;40,25767311;-3,817857725
16655;40,2823355;-3,7855202
16656;40,25767311;-3,817857725
16657;40,30312375;-3,863885348
16658;40,25767311;-3,817857725
16659;40,4073766;-3,7050343
16660;40,2574778;-3,6935387
16661;40,22754032;-3,758079726
16662;40,24069734;-3,699544671
16663;40,25767311;-3,817857725
16664;40,22754032;-3,758079726
16665;40,3132012;-3,9216427
16666;40,3009756;-3,734676
16667;40,39283175;-3,83397095
16668;40,34376034;-3,780299331
16669;40,25767311;-3,817857725
16670;40,25671096;-3,820141999
16671;40,25671096;-3,820141999
16672;40,25671096;-3,820141999
16673;40,25767311;-3,817857725
16674;40,25767311;-3,817857725
16675;40,3161669;-3,717370767
16676;40,25671096;-3,820141999
16677;40,1915483;-3,6885529
16678;40,25767311;-3,817857725
16679;40,3346841;-3,8714565
16680;40,1915483;-3,6885529
16681;40,1915483;-3,6885529
16682;40,25969365;-3,817609775
16683;40,25969365;-3,817609775
16684;40,25969365;-3,817609775
16685;40,34725856;-3,833000416
16686;40,3458164;-3,849049
16687;40,32201061;-3,739764595
16689;40,35532239;-3,782424023
16690;40,15441465;-3,632388869
16691;40,35532239;-3,782424023
16692;40,26972844;-3,903158148
16693;40,3253427;-3,866653177
16694;40,2825437;-3,787752625
16695;40,2811435;-3,763172992
16696;40,3253427;-3,866653177
16697;40,2026668;-3,7990338
16698;40,28608316;-3,795942176
16699;40,1663423;-3,6237525
16700;40,15406383;-3,627120552
16701;40,25969365;-3,817609775
16702;40,3276136;-3,867142449
16703;40,3276136;-3,867142449
16704;40,3132012;-3,9216427
16705;40,3468781;-3,82933335
16706;40,3276136;-3,867142449
16707;40,31316825;-3,926896844
16708;40,3086131;-3,9256063
16709;40,3104669;-3,9323047
16710;40,33915648;-3,784501493
16711;40,34991118;-3,826572432
16712;40,3468781;-3,82933335
16713;40,34991118;-3,826572432
16714;40,2774625;-3,7943157
16715;40,34537174;-3,815868911
16716;40,31039068;-3,719700788
16717;40,31665575;-3,728221515
16719;40,32291939;-3,87752593
16720;40,32291939;-3,87752593
16721;40,32291939;-3,87752593
16722;40,31040207;-3,716931845
16723;40,32291939;-3,87752593
16724;40,32291939;-3,87752593
16725;40,32291939;-3,87752593
16726;40,3077359;-3,920965191
16727;40,3376513;-3,8560065
16728;40,26241469;-3,847665
16729;40,2844159;-3,7959317
16730;40,32478417;-3,880939936
16731;40,23040636;-3,754376832
16732;40,20017691;-3,695950501
16733;40,23040636;-3,754376832
16734;40,23040636;-3,754376832
16735;40,23040636;-3,754376832
16736;40,23040636;-3,754376832
16737;40,32478417;-3,880939936
16738;40,32478417;-3,880939936
16739;40,23040636;-3,754376832
16740;40,23040636;-3,754376832
16741;40,28724139;-3,807214477
16742;40,324982;-3,860948
16743;40,3114162;-3,9348579
16744;40,26575355;-3,90583615
16745;40,26994187;-3,90472998
16746;40,3009756;-3,734676
16747;40,271974;-3,9251069
16748;40,27380464;-3,920993845
16749;40,28954044;-3,915590792
16750;40,29211726;-3,912779292
16751;40,3150937;-3,724879325
16752;40,35994755;-3,77979232
16753;40,30312375;-3,863885348
16754;40,2817917;-3,9199046
16756;40,27317935;-3,921793368
16757;40,26321327;-3,91260768
16758;40,3132012;-3,9216427
16759;40,28961389;-3,909969092
16760;40,26089427;-3,920769384
16761;40,27906934;-3,909760347
16762;40,29385989;-3,914302765
16764;40,2697534;-3,915959413
16765;40,2892523;-3,912538
16768;40,2046482;-3,8858194
16769;40,30170785;-3,730703314
16770;40,31200273;-3,727535606
16771;40,3132012;-3,9216427
16772;40,1918336;-3,8365745
16773;40,3132012;-3,9216427
16774;40,15353604;-3,616427051
16775;40,26138093;-3,864256184
16776;40,3132012;-3,9216427
16777;40,18286936;-3,694086431
16778;40,237915;-3,7656073
16779;40,3565546;-3,815675848
16780;40,32492345;-3,7249124
16781;40,33542375;-3,82046408
16782;40,19387986;-3,675890042
16783;40,2945052;-3,7860595
16784;40,31401051;-3,839174774
16785;40,3189137;-3,738800387
16786;40,3094081;-3,7198408
16787;40,2136452;-3,8521531
16788;40,32927355;-3,759295731
16789;40,27942901;-3,916532301
16790;40,17115055;-3,8200481
16791;40,28136836;-3,792319523
16792;40,2823873;-3,9216578
16793;40,27836895;-3,792405222
16794;40,34558819;-3,830626817
16795;40,32640718;-3,861156566
16796;40,3389153;-3,7347419
16797;40,2958782;-3,7839216
16798;40,2375383;-3,7727413
16799;40,32014025;-3,861748358
16800;40,3132012;-3,9216427
16801;40,23951648;-3,764934994
16802;40,2413523;-3,7760089
16803;40,2314646;-3,7699482
16804;40,31861494;-3,77245946
16805;40,3023279;-3,7307646
16806;40,2384036;-3,7758898
16807;40,2375052;-3,6967718
16808;40,2375383;-3,7727413
16809;40,3367045;-3,7767659
16810;40,311303;-3,73231085
16811;40,3581963;-3,7776561
16812;40,2362624;-3,6991508
16813;40,3581963;-3,7776561
16814;40,3023279;-3,7307646
16815;40,3258332;-3,7707264
16816;40,3458164;-3,849049
16818;40,23951648;-3,764934994
16819;40,3161669;-3,717370767
16820;40,2438854;-3,763593008
16821;40,3485231;-3,8120243
16822;40,342554;-3,8291475
16824;40,3367045;-3,7767659
16825;40,3364492;-3,7405905
16826;40,2436948;-3,7729685
16827;40,2375383;-3,7727413
16828;40,311303;-3,73231085
16829;40,314687;-3,8541908
16830;40,2436948;-3,7729685
16831;40,1805485;-3,669696
16832;40,3070639;-3,7331808
16833;40,3367045;-3,7767659
16834;40,3565546;-3,815675848
16835;40,29671685;-3,792483261
16836;40,3250853;-3,768435254
16837;40,23078724;-3,774254985
16838;40,3161669;-3,717370767
16839;40,1917369;-3,837321
16842;40,2475108;-3,7705719
16843;40,35093315;-3,81144871
16844;40,2362624;-3,6991508
16845;40,1805485;-3,669696
16846;40,1805485;-3,669696
16847;40,3458164;-3,849049
16848;40,1852972;-3,687951
16849;40,3367045;-3,7767659
16850;40,32521065;-3,857875732
16851;40,2429919;-3,7038365
16852;40,4220994;-3,70709625
16853;40,3132012;-3,9216427
16854;40,3092656;-3,7760918
16855;40,3132012;-3,9216427
16856;40,35093315;-3,81144871
16857;40,3281942;-3,76527
16858;40,3132012;-3,9216427
16859;40,3132012;-3,9216427
16860;40,24273655;-3,696644676
16862;40,3234196;-3,780066
16863;40,296741;-3,8367671
16864;40,3389153;-3,7347419
16865;40,2774625;-3,7943157
16866;40,23951648;-3,764934994
16867;40,3092656;-3,7760918
16868;40,2761632;-3,7989784
16869;40,3271659;-3,7592318
16870;40,311303;-3,73231085
16871;40,3485231;-3,8120243
16872;40,3023279;-3,7307646
16873;40,3092656;-3,7760918
16874;40,311798;-3,7224742
16875;40,3161669;-3,717370767
16876;40,3132012;-3,9216427
16877;40,3092277;-3,9270075
16878;40,2362624;-3,6991508
16879;40,2113347;-3,8555026
16881;40,2774625;-3,7943157
16882;40,3367045;-3,7767659
16883;40,3409024;-3,748277822
16884;40,23078724;-3,774254985
16885;40,2945052;-3,7860595
16886;40,2362624;-3,6991508
16887;40,2373722;-3,7674909
16888;40,2362624;-3,6991508
16889;40,2335575;-3,777995682
16890;40,311303;-3,73231085
16892;40,33568455;-3,85013584
16893;40,2113347;-3,8555026
16894;40,1964892;-3,8538852
16895;40,2286919;-3,7809267
16896;40,3161669;-3,717370767
16897;40,3203143;-3,755337
16898;40,3009756;-3,734676
16899;40,2032093;-3,6746783
16900;40,3485231;-3,8120243
16901;40,342554;-3,8291475
16902;40,3458164;-3,849049
16903;40,3581963;-3,7776561
16904;40,2314646;-3,7699482
16905;40,3367045;-3,7767659
16906;40,23185;-3,7735198
16907;40,3132012;-3,9216427
16908;40,34667352;-3,828388565
16909;40,3132012;-3,9216427
16910;40,3132012;-3,9216427
16911;40,2430882;-3,7084062
16912;40,4028693;-3,6072165
16913;40,3095877;-3,7380821
16915;40,4028693;-3,6072165
16916;40,3234196;-3,780066
16917;40,1352502;-3,6574105
16918;40,2314646;-3,7699482
16919;40,3132012;-3,9216427
16920;40,2375383;-3,7727413
16921;40,23078724;-3,774254985
16922;40,2291246;-3,7732849
16923;40,3094081;-3,7198408
16924;40,3200151;-3,8714168
16925;40,3177619;-3,870429
16926;40,2056282;-3,8732878
16927;40,3409024;-3,748277822
16928;40,33866953;-3,83546688
16929;40,3409024;-3,748277822
16930;40,2268733;-3,7632702
16932;40,3132012;-3,9216427
16933;40,1588847;-3,617480901
16934;40,3132012;-3,9216427
16935;40,2584092;-3,8245686
16936;40,1805485;-3,669696
16937;40,2340408;-3,7677531
16939;40,3475822;-3,8262987
16940;40,2046482;-3,8858194
16941;40,3095932;-3,7365622
16942;40,3132012;-3,9216427
16943;40,1805485;-3,669696
16944;40,3234196;-3,780066
16945;40,3409024;-3,748277822
16946;40,3132012;-3,9216427
16947;40,33433325;-3,758209915
16948;40,3161669;-3,717370767
16949;40,3110561;-3,8657581
16950;40,2761632;-3,7989784
16951;40,3523542;-3,827838
16952;40,2793365;-3,9255671
16953;40,2622598;-3,9110896
16954;40,2006289;-3,810404454
16955;40,212551;-3,8432022
16956;40,2502056;-3,8256568
16957;40,2109297;-3,8375024
16959;40,3225378;-3,6634718
16961;40,2747706;-3,9288664
16962;40,2912376;-3,9126306
16964;40,3161669;-3,717370767
16965;40,23951648;-3,764934994
16966;40,2004913;-3,6729969
16967;40,3322192;-3,8703973
16969;40,240386;-3,7680177
16970;40,273202;-3,9189756
16971;40,2794823;-3,9166072
16972;40,2860088;-3,7959637
16973;40,2941864;-3,9137592
16974;40,31985;-3,8490847
16975;40,241336;-3,7715264
16976;40,311303;-3,73231085
16977;40,3230104;-3,8632727
16978;40,329394;-3,729993
16979;40,3929442;-3,6968041
16980;40,2277138;-3,7634545
16981;40,2044509;-3,8851988
16982;40,1754065;-3,6880718
16983;40,3346841;-3,8714565
16984;40,26672342;-3,873360951
16985;40,2429919;-3,7038365
16986;40,3078278;-3,8505133
16987;40,2682773;-3,9171305
16988;40,3317651;-3,8396372
16989;40,3009756;-3,734676
16990;40,3329599;-3,753019367
16991;40,2046482;-3,8858194
16992;40,1888604;-3,67143
16993;40,2430882;-3,7084062
16994;40,3491158;-3,8288109
16995;40,3092656;-3,7760918
16998;40,1916162;-3,675314276
16999;40,3161669;-3,717370767
17000;40,409995;-3,668925
17001;40,32603839;-3,857230082
17002;40,2584092;-3,8245686
17003;40,28798735;-3,786609635
17005;40,3109457;-3,8758594
17006;40,2335575;-3,777995682
17007;40,33626353;-3,828130709
17008;40,2340408;-3,7677531
17009;40,2277138;-3,7634545
17010;40,2259765;-3,7580897
17011;40,1805485;-3,669696
17012;40,33318077;-3,769132395
17013;40,3475822;-3,8262987
17014;40,1918336;-3,8365745
17015;40,30581025;-3,73479115
17016;40,21550293;-3,857097728
17017;40,28608203;-3,801740096
17018;40,2015412;-3,7989287
17019;40,3092656;-3,7760918
17020;40,33607569;-3,741803573
17021;40,1918336;-3,8365745
17022;40,19357239;-3,676812803
17023;40,34643891;-3,831131872
17024;40,23702848;-3,774700411
17025;40,23707336;-3,775590196
17026;40,1896833;-3,8576408
17027;40,3026975;-3,8378293
17028;40,3317626;-3,8778232
17029;40,33362132;-3,759465517
17030;40,25253933;-3,825512676
17031;40,5133883;-3,3202847
17032;40,1927786;-3,827718
17033;40,1895172;-3,6864068
17034;40,3317626;-3,8778232
17036;40,2103858;-3,857933837
17037;40,4220994;-3,70709625
17038;40,2285665;-3,7683797
17039;40,35000926;-3,825610542
17040;40,3009756;-3,734676
17041;40,2598453;-3,8618936
17042;40,26048126;-3,857872451
17043;40,2934701;-3,7991889
17044;40,14983749;-3,964529291
17045;40,33160822;-3,763535567
17046;40,3239725;-3,766332
17047;40,32014025;-3,861748358
17048;40,5133883;-3,3202847
17049;40,24104818;-3,77603507
17050;40,31860616;-3,863810938
17051;40,32487605;-3,859140235
17052;40,26840343;-3,922874186
17053;40,3121763;-3,7300538
17054;40,25534999;-3,698530653
17055;40,32477561;-3,852929488
17056;40,1643838;-3,619308506
17057;40,25525201;-3,822744743
17058;40,3396579;-3,7688142
17059;40,29440783;-3,840913896
17060;40,29935651;-3,80638104
17061;40,26116321;-3,859847551
17062;40,28705223;-3,794846229
17063;40,18843396;-3,838951194
17064;40,32472531;-3,761995374
17065;40,2058632;-3,8750075
17066;40,21241883;-3,851587499
17067;40,3206096;-3,8575381
17068;40,3161669;-3,717370767
17069;40,34312828;-3,807195165
17070;40,1524898;-3,6184679
17071;40,18957157;-3,680299798
17072;40,34786871;-3,833194235
17073;40,19333016;-3,846803156
17074;40,3574195;-3,781258
17075;40,3475822;-3,8262987
17076;40,249497;-3,774220501
17077;40,1805485;-3,669696
17078;40,3557248;-3,7788438
17079;40,3009756;-3,734676
17080;40,1896833;-3,8576408
17081;40,19151219;-3,805390329
17082;40,22693305;-3,760840006
17083;40,32543324;-3,738654405
17084;40,3121763;-3,7300538
17085;40,31800915;-3,871400412
17086;40,33337757;-3,77242935
17087;40,2438854;-3,763593008
17088;40,33299079;-3,774943655
17089;40,1916162;-3,675314276
17090;40,31669004;-3,855508284
17091;40,3399964;-3,8251926
17092;40,34312828;-3,807195165
17093;40,2824081;-3,7990492
17094;40,3206096;-3,8575381
17095;40,33186224;-3,769571287
17096;40,33342932;-3,871205466
17098;40,28436633;-3,748935967
17099;40,28286827;-3,794954346
17100;40,33159962;-3,854836606
17101;40,33256934;-3,771249109
17102;40,2277138;-3,7634545
17103;40,31603363;-3,872636719
17104;40,29138668;-3,798511983
17105;40,35955187;-3,780117355
17106;40,31768896;-3,86317364
17107;40,32733245;-3,761966383
17108;40,29049313;-3,91286494
17109;40,19433792;-3,67948783
17110;40,3575437;-3,7866703
17111;40,3075574;-3,8643256
17112;40,19525863;-3,676960063
17113;40,1888604;-3,67143
17114;40,31097455;-3,731281256
17115;40,303184;-3,728414274
17116;40,18856858;-3,678444115
17118;40,357053;-3,7794579
17119;40,18533807;-3,687985221
17120;40,3281942;-3,76527
17121;40,3425654;-3,7476696
17122;40,1805485;-3,669696
17123;40,1754065;-3,6880718
17124;40,19549973;-3,84410083
17125;40,32303255;-3,858252796
17126;40,34558806;-3,814582703
17127;40,29661176;-3,831409507
17128;40,34930668;-3,822009036
17129;40,35049465;-3,810558626
17130;40,3466796;-3,8241524
17131;40,2769033;-3,800019137
17132;40,2072681;-3,9210728
17133;40,19476493;-3,682002614
17134;40,29661176;-3,831409507
17135;40,34376034;-3,780299331
17136;40,3363102;-3,7798725
17137;40,32184835;-3,870274015
17138;40,2314646;-3,7699482
17139;40,31034285;-3,733504457
17140;40,3009756;-3,734676
17141;40,32108284;-3,851789018
17142;40,16397535;-3,62118126
17143;40,27373824;-3,904847451
17144;40,33721946;-3,866366486
17145;40,3317626;-3,8778232
17146;40,27864225;-3,800931085
17147;40,28286827;-3,794954346
17148;40,3094081;-3,7198408
17149;40,2374365;-3,764136
17150;40,3106963;-3,7280841
17151;40,3076615;-3,7297235
17152;40,31013641;-3,923769201
17153;40,28381314;-3,747596761
17154;40,21412254;-3,851843796
17155;40,3236479;-3,8574846
17156;40,1994555;-3,693405095
17157;40,2368047;-3,7019298
17158;40,33299079;-3,774943655
17159;40,33524049;-3,770895922
17160;40,2945052;-3,7860595
17161;40,19948093;-3,795309793
17162;40,18876665;-3,6787533
17163;40,1925177;-3,6680939
17164;40,3009756;-3,734676
17165;40,2777211;-3,7911693
17166;40,27902166;-3,784397173
17167;40,32890078;-3,734562093
17168;40,15404923;-3,631428449
17169;40,29129012;-3,81139527
17170;40,2003761;-3,6887262
17171;40,26089691;-3,911697168
17172;40,26483124;-3,911941326
17173;40,28744153;-3,818167005
17174;40,34362617;-3,748332198
17175;40,31401051;-3,839174774
17176;40,34537174;-3,815868911
17177;40,33973695;-3,774047663
17178;40,27251125;-3,927208625
17179;40,28954044;-3,915590792
17180;40,26722851;-3,901342944
17181;40,24447651;-3,936790162
17182;40,2856483;-3,9118331
17183;40,20578382;-3,802178478
17185;40,2057252;-3,8024992
17186;40,16278819;-3,618803873
17187;40,30800037;-3,737499505
17188;40,3565546;-3,815675848
17189;40,16183649;-3,627089475
17190;40,15441465;-3,632388869
17191;40,3117523;-3,723764309
17192;40,29294672;-3,810977188
17193;40,18648249;-3,675900098
17194;40,35943981;-3,780286829
17195;40,35943981;-3,780286829
17196;40,35943981;-3,780286829
17197;40,26483124;-3,911941326
17198;40,26675935;-3,916815779
17199;40,28879655;-3,914958286
17200;40,2807868;-3,7956311
17201;40,25767311;-3,817857725
17202;40,25767311;-3,817857725
17203;40,1811311;-3,69059115
17204;40,35093315;-3,81144871
17205;40,1811311;-3,69059115
17206;40,3055782;-3,7264535
17207;40,3009756;-3,734676
17208;40,3009756;-3,734676
17209;40,1805485;-3,669696
17210;40,25692434;-3,696314114
17211;40,25398595;-3,700805575
17212;40,24996392;-3,691867311
17213;40,25398595;-3,700805575
17214;40,2941864;-3,9137592
17215;40,21802435;-3,852412897
17216;40,3281942;-3,76527
17217;40,2003761;-3,6887262
17218;40,3557248;-3,7788438
17219;40,23987071;-3,69973194
17220;40,26253305;-3,859955264
17221;40,2590419;-3,6988141
17222;40,243422;-3,705388798
17223;40,3036844;-3,92557965
17224;40,32478417;-3,880939936
17225;40,3234196;-3,780066
17226;40,32478417;-3,880939936
17227;40,2335575;-3,777995682
17229;40,26135333;-3,914515497
17230;40,3409024;-3,748277822
17231;40,31291541;-3,932542634
17232;40,1896833;-3,8576408
17233;40,2113347;-3,8555026
17234;40,2375383;-3,7727413
17235;40,3234196;-3,780066
17236;40,24686903;-3,701441923
17237;40,2762065;-3,924279248
17238;40,3009756;-3,734676
17239;40,26014701;-3,861179688
17240;40,26367049;-3,861713827
17241;40,26066387;-3,853364045
17242;40,1890494;-3,679911526
17243;40,33178973;-3,751020367
17244;40,33133278;-3,749465504
17245;40,3161669;-3,717370767
17246;40,2091885;-3,8726818
17247;40,18698207;-3,686403118
17248;40,3389153;-3,7347419
17249;40,3383891;-3,765930832
17250;40,3567429;-3,778091244
17251;40,31778485;-3,786155008
17252;40,3132012;-3,9216427
17253;40,28954044;-3,915590792
17254;40,2912376;-3,9126306
17255;40,31719406;-3,785544201
17256;40,23876893;-3,763545405
17257;40,1912403;-3,6740182
17258;40,1617895;-3,62192366
17259;40,3200151;-3,8714168
17260;40,3523542;-3,827838
17261;40,2400519;-3,7645268
17262;40,19337129;-3,8415627
17263;40,33756425;-3,766958766
17264;40,15722146;-3,619706326
17265;40,2281435;-3,7615099
17266;40,31306497;-3,928492707
17267;40,31306497;-3,928492707
17268;40,21802435;-3,852412897
17269;40,2762065;-3,924279248
17270;40,24757355;-3,82919815
17271;40,3076615;-3,7297235
17272;40,3076615;-3,7297235
17273;41,0286536;-3,6255742
17274;40,3581963;-3,7776561
17275;40,3034639;-3,9268057
17276;40,296741;-3,8367671
17277;40,32683581;-3,856815433
17278;40,2276357;-3,75292
17279;40,3458164;-3,849049
17280;40,2277138;-3,7634545
17281;40,4088976;-3,6990671
17282;40,3399222;-3,8372885
17283;40,2276357;-3,75292
17284;40,3095877;-3,7380821
17285;40,3161669;-3,717370767
17286;40,2774625;-3,7943157
17287;40,3399222;-3,8372885
17288;40,3529988;-3,8163462
17289;40,3161669;-3,717370767
17290;40,2436948;-3,7729685
17291;40,3161669;-3,717370767
17292;40,34667352;-3,828388565
17293;40,29671685;-3,792483261
17294;40,27435563;-3,802382243
17295;40,311798;-3,7224742
17296;40,32946994;-3,764751876
17297;40,26781161;-3,907154943
17298;40,26684447;-3,922082085
17299;40,3132012;-3,9216427
17300;40,23522772;-3,754405353
17301;40,34932494;-3,824023451
17302;40,23078724;-3,774254985
17303;40,325654;-3,85235
17304;40,32293927;-3,717460898
17305;40,29110202;-3,783125155
17306;40,22657774;-3,774733343
17307;40,5039812;-3,5033719
17308;40,30603992;-3,858683998
17309;40,26230747;-3,918453385
17310;40,27251125;-3,927208625
17311;40,334859;-3,868371
17312;40,26897703;-3,908448085
17313;40,27476863;-3,923747675
17314;40,27906934;-3,909760347
17315;40,28601425;-3,915130871
17316;40,2762065;-3,924279248
17317;40,27476863;-3,923747675
17318;40,27295593;-3,926315365
17319;40,27562318;-3,921037309
17320;40,28236908;-3,785558283
17321;40,3066786;-3,8752207
17322;40,27476863;-3,923747675
17323;40,29183975;-3,910615691
17324;40,31749451;-3,724811522
17325;40,32291939;-3,87752593
17326;40,32291939;-3,87752593
17327;40,32291939;-3,87752593
17328;40,30421744;-3,935780404
17329;40,30600693;-3,932943329
17330;40,28954044;-3,915590792
17331;40,30986219;-3,852499062
17332;40,30986219;-3,852499062
17333;40,30312375;-3,863885348
17334;40,30312375;-3,863885348
17335;40,30312375;-3,863885348
17336;40,28759878;-3,913293206
17337;40,29385989;-3,914302765
17338;40,30986219;-3,852499062
17339;40,32266212;-3,739205606
17340;40,3009756;-3,734676
17341;40,23819242;-3,76108751
17342;40,311798;-3,7224742
17343;40,2762065;-3,924279248
17344;40,28513751;-3,799236884
17345;41,0286536;-3,6255742
17346;40,3161669;-3,717370767
17347;40,30937788;-3,727132048
17348;40,32478417;-3,880939936
17349;40,28368145;-3,918295277
17350;40,28491165;-3,911456485
17351;40,28961389;-3,909969092
17352;40,23185;-3,7735198
17353;40,4028693;-3,6072165
17354;40,24893772;-3,772198099
17355;40,3315356;-3,875572792
17356;40,23754121;-3,76318335
17357;40,39283175;-3,83397095
17358;40,26575355;-3,90583615
17359;40,27876966;-3,923030347
17360;40,28694924;-3,911954656
17361;40,29049313;-3,91286494
17362;40,27347442;-3,925487989
17363;40,27271313;-3,922662163
17364;40,29661176;-3,831409507
17365;40,24978806;-3,823881769
17366;40,3009756;-3,734676
17367;40,3231677;-3,7790018
17368;40,2429919;-3,7038365
17369;40,26131333;-3,861698105
17370;40,3009756;-3,734676
17371;40,2396703;-3,762329362
17372;40,2698157;-3,9005999
17373;40,2402408;-3,7649914
17374;40,26763573;-3,922766477
17375;40,32550798;-3,762358968
17376;40,31987262;-3,879393064
17377;40,15621444;-3,623718655
17378;40,17380533;-3,689037474
17379;40,2396703;-3,762329362
17380;40,2475108;-3,7705719
17381;40,23631223;-3,7664967
17382;40,28954044;-3,915590792
17383;40,2436948;-3,7729685
17384;40,29053562;-3,913010846
17385;40,2402773;-3,7610157
17386;40,34932494;-3,824023451
17387;40,2946917;-3,7490969
17389;40,3400305;-3,855370572
17390;40,3161669;-3,717370767
17391;40,3389153;-3,7347419
17392;40,31512347;-3,855535929
17393;40,2373952;-3,7718902
17394;40,3250853;-3,768435254
17395;40,1805485;-3,669696
17396;40,1914139;-3,8410547
17397;40,3364492;-3,7405905
17398;40,3092277;-3,9270075
17399;40,2375871;-3,775974795
17400;40,2402408;-3,7649914
17401;40,1667334;-3,617306
17402;40,3009756;-3,734676
17403;40,34783146;-3,80455987
17404;40,2264448;-3,7645286
17405;40,22693305;-3,760840006
17406;40,33647452;-3,840484249
17407;40,3523542;-3,827838
17408;40,19071909;-3,838304801
17409;40,1725986;-3,8184669
17410;40,2634138;-3,9045217
17411;40,2436948;-3,7729685
17412;40,32887884;-3,871704301
17413;40,32734996;-3,770767949
17414;40,32451283;-3,766663374
17415;40,2367164;-3,769636224
17416;40,2046482;-3,8858194
17417;40,17486665;-3,686441326
17418;40,16615771;-3,620159351
17419;40,3441529;-3,8280233
17420;40,35208541;-3,800976342
17421;40,2934701;-3,7991889
17422;40,33160822;-3,763535567
17423;40,28798735;-3,786609635
17424;40,311798;-3,7224742
17425;40,2591408;-3,6985568
17426;40,29661176;-3,831409507
17428;40,2774625;-3,7943157
17430;40,29112245;-3,792859029
17431;40,34761245;-3,828806626
17432;40,2846269;-3,2070525
17433;40,2110074;-3,1962658
17434;40,0741759;-3,4961218
17435;40,1183927;-3,15960005
17436;40,1186223;-3,1587454
17437;40,03416555;-3,6095064
17438;40,1065814;-3,389463
17439;40,4473978;-3,6957572
17440;40,0302871;-3,5925606
17441;40,1374483;-3,5798862
17442;40,0609446;-3,5926935
17443;40,17102606;-3,282620629
17444;40,35580219;-3,268475797
17445;40,13555352;-3,443536768
17446;40,31173183;-3,444642615
17447;40,2177736;-3,5850234
17448;40,3549729;-3,262327
17449;40,2984186;-3,4329481
17450;40,35191047;-3,534827578
17451;40,2567009;-3,2376227
17452;40,3468965;-3,5229322
17453;40,06486;-3,6083016
17454;40,11869752;-3,161427049
17455;40,0592783;-3,555057901
17456;40,1837131;-3,1035311
17457;40,3436154;-3,2570901
17458;40,1099155;-3,3814108
17459;40,2584893;-3,241969827
17460;40,2302259;-3,1088277
17461;40,2572727;-3,2384267
17462;40,29534334;-3,427742473
17463;40,106472;-3,3918279
17464;40,2963609;-3,3039467
17465;40,02357081;-3,613702086
17466;40,2937788;-3,3023434
17467;40,07276246;-3,450210489
17468;40,10581275;-3,382170265
17469;40,3612606;-3,26499
17470;40,10581275;-3,382170265
17471;40,1181925;-3,1595493
17472;40,10581275;-3,382170265
17473;40,1840316;-3,106115
17474;40,2306982;-3,4324007
17475;40,107583;-3,387693
17476;40,3478717;-3,2790305
17477;40,2292321;-3,4400236
17478;40,1335708;-3,3388961
17479;40,1355924;-3,5691886
17480;40,2435984;-3,318825
17481;40,1149162;-3,2503308
17482;40,11908402;-3,160097421
17483;40,3349225;-3,5248423
17484;40,1349322;-3,3359973
17485;40,0628603;-3,5967187
17486;40,1710766;-3,274410841
17487;40,1683695;-3,2721484
17488;40,36563135;-3,531378048
17489;40,3400609;-3,3848538
17490;40,2844562;-3,2078574
17491;40,3675293;-3,3227499
17492;40,1058071;-3,3888007
17493;40,2453659;-3,317835
17494;40,17023872;-3,275355338
17495;40,1681485;-3,275967
17496;40,2293959;-3,4405459
17497;40,0322384;-3,5902359
17498;40,11551753;-3,156890242
17499;40,23065795;-3,349514777
17500;40,0319415;-3,5971265
17501;40,16538423;-3,276790092
17502;40,10758366;-3,390396625
17503;40,1125858;-3,2557229
17504;40,5144105;-3,7722874
17505;40,1035044;-3,489408958
17506;40,1380933;-3,4202711
17507;40,110805;-3,2510851
17508;40,11759542;-3,159902903
17509;40,10581275;-3,382170265
17510;40,29829996;-3,43549082
17511;40,146066;-3,0985805
17512;40,1679289;-3,2766591
17513;40,17222668;-3,275150902
17514;40,1164727;-3,160666
17515;40,02945945;-3,606509941
17516;40,2860344;-3,2087809
17517;40,0353604;-3,5806765
17518;40,2363735;-3,3532473
17519;40,3642427;-3,246215
17520;40,1603241;-3,3655464
17521;40,1385091;-3,4232042
17522;40,11069044;-3,519477549
17523;40,0363047;-3,595588
17524;40,1734293;-3,2839379
17525;40,0843247;-3,4477946
17526;40,37277334;-3,533886233
17527;40,02280638;-3,604473718
17528;40,29956401;-3,432850502
17529;40,29640434;-3,438164011
17530;40,1686636;-3,2827168
17531;40,0538969;-3,5624396
17532;40,30258134;-3,439601449
17533;40,0882706;-3,4304812
17534;40,0807346;-3,4529547
17535;40,1403745;-3,414304
17536;40,03144245;-3,6015972
17537;40,1118634;-3,2531525
17538;40,2077983;-3,5685442
17539;40,1194722;-3,1591493
17540;40,107583;-3,387693
17541;40,2583799;-3,2402283
17542;40,0349777;-3,5979681
17543;40,3027507;-3,4467849
17544;40,1839061;-3,1044656
17545;40,10581275;-3,382170265
17546;40,2457356;-3,3174177
17547;40,3591215;-3,256781
17548;40,2085407;-3,5829471
17549;40,2315461;-3,109853
17550;40,03490029;-3,600623089
17551;40,2127165;-3,1950237
17552;40,0685748;-3,2382707
17553;40,3536054;-3,5310879
17554;40,30368445;-3,44751605
17555;40,10581275;-3,382170265
17556;40,0616555;-3,6006678
17557;40,16665162;-3,274041143
17558;40,3805155;-3,5958896
17559;40,2452332;-3,316389019
17560;40,3601328;-3,5309459
17561;40,0302871;-3,5925606
17562;40,03490029;-3,600623089
17563;40,03689612;-3,598239451
17564;40,0296095;-3,6052628
17565;40,2275101;-3,4369658
17566;40,10581275;-3,382170265
17567;40,02608972;-3,619408927
17568;40,22658307;-3,437980219
17569;40,10581275;-3,382170265
17570;40,0288013;-3,6020231
17571;40,2105227;-3,1946591
17572;40,29500701;-3,429730987
17573;40,3021542;-3,4405944
17574;40,2088093;-3,1931697
17575;40,1847671;-3,1100671
17576;40,0354073;-3,602309
17577;40,37797611;-3,529658452
17578;40,1643005;-3,3701359
17579;40,17102606;-3,282620629
17580;40,1414129;-3,42665347
17581;40,0836344;-3,450941932
17582;40,3651348;-3,5524607
17583;40,03960684;-3,610932805
17584;40,3190333;-3,4777889
17585;40,1833053;-3,103397
17586;40,1404671;-3,4231068
17587;40,30430527;-3,448405964
17588;40,0302677;-3,6087518
17589;40,35897672;-3,535138845
17590;40,23333518;-3,437248617
17591;40,1660064;-3,4641319
17592;40,3671189;-3,3204359
17593;40,351466;-3,2576665
17594;40,0375238;-3,582526
17595;40,2270759;-3,4341775
17596;40,059921;-3,5989222
17597;40,1427364;-3,4215441
17598;40,36739292;-3,539237899
17599;40,30368445;-3,44751605
17600;40,3006226;-3,4398426
17601;40,3381881;-3,3813911
17602;40,33893377;-3,378809557
17603;40,30129761;-3,435360386
17604;40,2680021;-3,5680874
17605;40,1842736;-3,1076042
17606;40,03075699;-3,593926118
17607;40,3328474;-3,399192997
17608;40,365712;-3,26514235
17609;40,29534334;-3,427742473
17610;40,2066887;-3,5698645
17611;40,03960684;-3,610932805
17612;40,1421699;-3,4265625
17613;40,1124343;-3,1649035
17614;40,1033833;-3,4819553
17615;40,0682286;-3,2408342
17616;40,2294697;-3,110522
17617;40,02801444;-3,616061769
17618;40,2552039;-3,2354997
17619;40,1102433;-3,2566351
17620;40,36731765;-3,320382358
17621;40,35941682;-3,529683394
17622;40,17739991;-3,440891584
17623;40,1372047;-3,4215705
17624;40,6786623;-3,7918012
17625;40,1369965;-3,571629904
17626;40,1414129;-3,42665347
17627;40,2077983;-3,5685442
17628;40,20987692;-3,570407419
17629;40,02275229;-3,627537323
17630;40,1181925;-3,1595493
17631;40,11175285;-3,38623205
17632;40,3691635;-3,2228001
17633;40,21040963;-3,571311181
17634;40,2068197;-3,5714834
17635;40,3339191;-3,2344019
17636;40,1389466;-3,4262531
17637;40,30368445;-3,44751605
17638;40,2474594;-3,315431
17639;40,21695494;-3,585575179
17640;40,3536054;-3,5310879
17641;40,0714241;-3,4868639
17642;40,3536054;-3,5310879
17643;40,1725693;-3,2746482
17644;40,10762111;-3,383718535
17645;40,3556708;-3,2574804
17646;40,03045315;-3,603121318
17647;40,3381881;-3,3813911
17648;40,3527259;-3,5134148
17649;40,167781;-3,2678473
17650;40,1074198;-3,3871634
17651;40,6784222;-3,5233202
17652;40,0320927;-3,6032879
17653;40,10581275;-3,382170265
17654;40,2473364;-3,3137441
17655;40,11431117;-3,15701052
17656;40,3469794;-3,2526568
17657;40,13947492;-3,424250001
17658;40,2294199;-3,43671906
17659;40,133295;-3,3385656
17660;40,2068364;-3,5717149
17661;40,29534334;-3,427742473
17662;40,34960541;-3,258595966
17663;40,2077983;-3,5685442
17664;40,0547942;-3,5994331
17665;40,1701526;-3,28011705
17666;40,10581275;-3,382170265
17667;40,3536054;-3,5310879
17668;40,33529691;-3,516160327
17669;40,24192877;-3,321773415
17670;40,03366868;-3,599284933
17671;40,2177785;-3,583213
17672;40,2077983;-3,5685442
17673;40,3381741;-3,3809863
17674;40,2077983;-3,5685442
17675;40,3536054;-3,5310879
17676;40,2125458;-3,4483654
17677;40,33479691;-3,525470142
17678;40,29978376;-3,450729483
17679;40,3536054;-3,5310879
17680;40,0320927;-3,6032879
17681;40,29932941;-3,45369806
17682;40,3837428;-3,6425709
17683;40,1401904;-3,4156842
17684;40,3296966;-3,5169413
17685;40,29974806;-3,437334617
17686;40,0320927;-3,6032879
17687;40,119408;-3,1616809
17688;40,2269877;-3,4347405
17689;40,0302871;-3,5925606
17690;40,4012423;-3,5957286
17691;40,21170956;-3,574418542
17692;40,29978376;-3,450729483
17693;40,107583;-3,387693
17694;40,0320927;-3,6032879
17695;40,10581275;-3,382170265
17696;40,29978376;-3,450729483
17697;40,03490029;-3,600623089
17698;40,10581275;-3,382170265
17699;40,29978376;-3,450729483
17700;40,29978376;-3,450729483
17701;40,4012423;-3,5957286
17702;40,29978376;-3,450729483
17703;40,3536054;-3,5310879
17704;40,107583;-3,387693
17705;40,22760429;-3,114970489
17706;40,02918145;-3,59805946
17707;40,10581275;-3,382170265
17708;40,02765113;-3,600294452
17709;40,25555802;-3,236217281
17710;40,1181925;-3,1595493
17711;40,03326213;-3,595459832
17712;40,0275305;-3,613214407
17713;40,0115449;-3,6003573
17714;40,10574429;-3,484326058
17715;40,10581275;-3,382170265
17716;40,0308179;-3,5921319
17717;40,3193722;-3,1813692
17718;40,10581275;-3,382170265
17719;40,353516;-3,2554682
17720;40,0593356;-3,6017649
17721;40,10995875;-3,38030115
17722;40,107583;-3,387693
17723;40,0720975;-3,5586816
17724;40,2275483;-3,4393826
17725;40,0214555;-3,620732
17726;40,1409814;-3,4250258
17727;40,2980682;-3,4363836
17728;40,02454235;-3,601133324
17729;40,22658307;-3,437980219
17730;40,29155008;-3,301122166
17731;40,107583;-3,387693
17732;40,30690264;-3,484878966
17733;40,33479691;-3,525470142
17734;40,1022742;-3,4932965
17735;40,10581275;-3,382170265
17736;40,29155008;-3,301122166
17737;40,10581275;-3,382170265
17738;40,3492389;-3,2712634
17739;40,2680021;-3,5680874
17740;40,10581275;-3,382170265
17741;40,211441;-3,584124536
17742;40,3837428;-3,6425709
17743;40,0320927;-3,6032879
17744;40,0373094;-3,583982445
17745;40,3536054;-3,5310879
17746;40,3469794;-3,2526568
17747;40,30368445;-3,44751605
17748;40,29978376;-3,450729483
17749;40,03438795;-3,608585626
17750;40,1406476;-3,1106862
17751;40,344941;-3,2637917
17752;40,06808202;-3,50202424
17753;40,35026999;-3,524718647
17754;40,2295055;-3,1086844
17755;40,3296966;-3,5169413
17756;40,0320927;-3,6032879
17757;40,23879084;-3,352099711
17758;40,0320927;-3,6032879
17759;40,107583;-3,387693
17760;40,16994323;-3,272692167
17761;40,17015218;-3,276988598
17762;40,1687436;-3,2759509
17763;40,8271863;-3,5383965
17764;40,02956564;-3,603551424
17765;40,3711961;-3,528031972
17766;40,3393561;-3,5176085
17767;40,3296966;-3,5169413
17768;40,05950569;-3,596678108
17769;40,35478295;-3,539402792
17770;40,02979823;-3,591246475
17771;40,3501242;-3,2550625
17772;40,1383114;-3,4217174
17773;40,1822288;-3,1052097
17774;40,3521623;-3,2717065
17775;40,3318595;-3,180994
17776;40,3296966;-3,5169413
17777;40,2332892;-3,0899819
17778;40,1783146;-3,492458387
17779;40,2968233;-3,431368
17780;40,33479691;-3,525470142
17781;40,205222;-3,5838203
17782;40,1418049;-3,4203799
17783;40,1416223;-3,4220403
17784;40,0364631;-3,600927
17785;40,3536054;-3,5310879
17786;40,34953726;-3,524494828
17787;40,1373436;-3,5683812
17788;40,2680021;-3,5680874
17789;40,3536054;-3,5310879
17790;40,2567839;-3,2389443
17791;40,4753287;-3,6655074
17792;40,3116684;-3,4864275
17793;40,064052;-3,5954077
17794;40,11869752;-3,161427049
17795;40,3296966;-3,5169413
17796;40,1083542;-3,3857229
17797;40,0260846;-3,593944
17798;40,02979823;-3,591246475
17799;40,359044;-3,2658195
17800;40,2393776;-3,352781845
17801;40,3530025;-3,2612449
17802;40,3824602;-3,633668
17803;40,37876765;-3,610825697
17804;40,10581275;-3,382170265
17805;40,2077983;-3,5685442
17806;40,23333518;-3,437248617
17807;40,4012423;-3,5957286
17808;40,16994323;-3,272692167
17809;40,06808202;-3,50202424
17810;40,344941;-3,2637917
17811;40,2295055;-3,1086844
17812;40,1406476;-3,1106862
17813;40,2410398;-3,3537277
17814;40,0627361;-3,6047981
17815;40,3322533;-3,4006119
17816;40,062047;-3,5969532
17817;40,064052;-3,5954077
17818;40,2669669;-3,142351
17819;40,3532705;-3,519096053
17820;40,4065683;-3,6369083
17821;40,11869752;-3,161427049
17822;40,15508296;-3,45657115
17823;40,29484585;-3,443618622
17824;40,2567839;-3,2389443
17825;40,2968233;-3,431368
17826;40,3318595;-3,180994
17827;40,1822288;-3,1052097
17828;40,3539404;-3,2713551
17829;40,3527259;-3,5134148
17830;40,107583;-3,387693
17831;40,3378282;-3,383367
17832;40,44949786;-3,707887516
17833;40,29640434;-3,438164011
17834;40,31388583;-3,450622972
17835;40,1830493;-3,1053925
17836;40,18551376;-3,107849571
17837;40,033497;-3,595253223
17838;39,994388;-3,7709972
17839;40,10581275;-3,382170265
17840;40,14330976;-3,417677476
17841;40,0320927;-3,6032879
17842;40,10581275;-3,382170265
17843;40,1840316;-3,106115
17844;40,2848352;-3,2072082
17845;40,0320927;-3,6032879
17846;40,10581275;-3,382170265
17847;40,2068197;-3,5714834
17848;40,3487534;-3,517487038
17849;40,1660809;-3,274827
17850;40,02979823;-3,591246475
17851;40,3544995;-3,51832
17852;40,10581275;-3,382170265
17853;40,0778886;-3,4494296
17854;40,31662407;-3,4740335
17855;40,10581275;-3,382170265
17856;40,0719109;-3,4873795
17857;40,365316;-3,548028504
17858;40,34101434;-3,36905703
17859;40,0854961;-3,1324906
17860;40,2553226;-3,2377916
17861;40,0349494;-3,6186492
17862;40,3301008;-3,1820894
17863;40,3527276;-3,513453287
17864;40,3536054;-3,5310879
17865;40,1181925;-3,1595493
17866;40,1383566;-3,417501
17867;40,0320927;-3,6032879
17868;40,03490029;-3,600623089
17869;40,13991785;-3,421056981
17870;40,13785656;-3,420292159
17871;40,37574205;-3,523790104
17872;40,353516;-3,2554682
17873;40,1687436;-3,2759509
17874;40,30307909;-3,436962263
17875;40,0606439;-3,5962052
17876;40,0766644;-3,1293836
17877;40,4012423;-3,5957286
17878;40,0856868;-3,4499638
17879;40,1096206;-3,3882892
17880;40,2085061;-3,5714642
17881;40,33688804;-3,381637189
17882;40,4814636;-3,7306177
17883;40,4814636;-3,7306177
17884;40,3381741;-3,3809863
17885;40,03007156;-3,598496073
17886;40,0305018;-3,6040527
17887;40,13455393;-3,338415064
17888;40,0320927;-3,6032879
17889;40,2077983;-3,5685442
17890;40,21795092;-3,460743056
17891;40,3539404;-3,2713551
17892;40,21271551;-3,574644161
17893;40,26072032;-3,235745176
17894;40,34101434;-3,36905703
17895;40,232942;-3,356206
17896;40,1667307;-3,271947636
17897;40,1582311;-3,3670895
17898;40,17102606;-3,282620629
17899;40,3536054;-3,5310879
17900;40,295797;-3,3023411
17901;40,2077983;-3,5685442
17902;40,0320927;-3,6032879
17903;40,10581275;-3,382170265
17904;40,3702563;-3,266899924
17905;40,29627736;-3,4445467
17906;40,34765705;-3,517326923
17907;40,29997346;-3,436000539
17908;40,2913474;-3,302171
17909;40,3296966;-3,5169413
17910;40,3837428;-3,6425709
17911;40,0841242;-3,4927726
17912;40,10581275;-3,382170265
17913;40,05557505;-3,604305707
17914;40,36840469;-3,540071791
17915;40,0706959;-3,5108151
17916;40,006407;-3,6839881
17917;40,10581275;-3,382170265
17918;40,10581275;-3,382170265
17919;40,03661592;-3,586843709
17920;40,10581275;-3,382170265
17921;40,0320927;-3,6032879
17922;40,35410679;-3,516473578
17923;40,02576586;-3,603903205
17924;40,02993892;-3,600745843
17925;40,30353803;-3,450571962
17926;40,3837428;-3,6425709
17927;40,02454235;-3,601133324
17928;40,06808202;-3,50202424
17929;40,20651937;-3,584510084
17930;40,2279592;-3,1154771
17931;40,1414286;-3,444269121
17932;40,3400828;-3,3785174
17933;40,10581275;-3,382170265
17934;40,07825527;-3,483019958
17935;40,2930232;-3,2992706
17936;40,2202782;-3,3454083
17937;40,20517021;-3,581557477
17938;40,37457211;-3,527235421
17939;40,35712302;-3,254012978
17940;40,2325718;-3,3517265
17941;40,02924894;-3,609058257
17942;40,10581275;-3,382170265
17943;40,10581275;-3,382170265
17944;40,1185446;-3,160254
17945;40,1185446;-3,160254
17946;40,10581275;-3,382170265
17947;40,29932941;-3,45369806
17948;40,0841756;-3,4491964
17949;40,37457211;-3,527235421
17950;40,0801837;-3,493026
17951;40,3002295;-3,4508705
17952;40,36496969;-3,535332234
17953;40,2275101;-3,4369658
17954;40,0841756;-3,4491964
17955;40,37040415;-3,531871415
17956;40,23447624;-3,3536996
17957;40,2590088;-3,2329232
17958;40,34830767;-3,531567815
17959;40,0756343;-3,4470002
17960;40,2553226;-3,2377916
17961;40,1609782;-3,3643192
17962;40,4139874;-3,7058262
17963;40,1123218;-3,5600486
17964;40,3439655;-3,252125644
17965;40,1408613;-3,4199371
17966;40,3648311;-3,550782
17967;40,3394737;-3,3824786
17968;40,14136856;-3,417773146
17969;40,0593356;-3,6017649
17970;40,37376465;-3,5269293
17971;40,262072;-3,4714802
17972;40,10581275;-3,382170265
17973;40,23109016;-3,433944257
17974;40,23078788;-3,090346645
17975;40,05682351;-3,59507972
17976;40,1076365;-3,3838706
17977;40,10581275;-3,382170265
17978;40,3469794;-3,2526568
17979;40,3011437;-3,44652745
17980;40,548031;-3,6533329
17981;40,34893125;-3,524208795
17982;40,10581275;-3,382170265
17983;40,3659255;-3,2443102
17984;40,3668009;-3,5511866
17985;40,3659255;-3,2443102
17986;40,3837428;-3,6425709
17987;40,31776041;-3,479233969
17988;40,10581275;-3,382170265
17989;40,3582265;-3,2680363
17990;40,1830387;-3,1056259
17991;40,0299856;-3,5924951
17992;40,29434485;-3,303808257
17993;40,3364465;-3,2355624
17994;40,03445125;-3,596463631
17995;40,3416892;-3,5168641
17996;40,29932941;-3,45369806
17997;40,8245904;-3,539367
17998;40,3536054;-3,5310879
17999;40,05572183;-3,60156924
18000;40,084257;-3,1321911
18001;40,0566621;-3,5900069
18002;40,0707713;-3,5011155
18003;40,3501825;-3,2595379
18004;40,3536054;-3,5310879
18005;40,03438795;-3,608585626
18006;40,10581275;-3,382170265
18007;40,03960684;-3,610932805
18008;40,35869002;-3,518227077
18009;40,1687436;-3,2759509
18010;40,3824602;-3,633668
18011;40,3556708;-3,2574804
18012;40,10581275;-3,382170265
18013;40,10581275;-3,382170265
18014;40,3673126;-3,3211735
18015;40,3807894;-3,6353805
18016;40,07873774;-3,443924671
18017;40,2983557;-3,301843184
18018;40,17197754;-3,282993443
18019;40,29015469;-3,445031328
18020;40,2972188;-3,4323078
18021;40,1401904;-3,4156842
18022;40,3468061;-3,269873
18023;40,3381881;-3,3813911
18024;40,02956564;-3,603551424
18025;40,30368445;-3,44751605
18026;40,10581275;-3,382170265
18027;40,3664055;-3,3200082
18028;40,24586925;-3,315315612
18029;40,36769836;-3,32075654
18030;40,0302871;-3,5925606
18031;40,10581275;-3,382170265
18032;40,0354571;-3,5973397
18033;40,2201635;-3,3433837
18034;40,3400122;-3,3829355
18035;40,31173183;-3,444642615
18036;40,37287849;-3,526727157
18037;40,1378493;-3,4220708
18038;40,2623236;-3,2362121
18039;40,07124041;-3,497364543
18040;40,3776242;-3,24811
18041;40,3486083;-3,2595533
18042;40,03558122;-3,600535903
18043;40,29978168;-3,437977229
18044;40,4814636;-3,7306177
18045;40,365316;-3,548028504
18046;40,1117571;-3,2535752
18047;40,1102757;-3,387091756
18048;40,02608972;-3,619408927
18049;40,2035789;-3,4829104
18050;40,1191601;-3,1618117
18051;40,1063128;-3,3903782
18052;40,5526466;-3,8997531
18053;40,34830767;-3,531567815
18054;40,10581275;-3,382170265
18055;40,3396471;-3,3770185
18056;40,30220075;-3,448034368
18057;40,07071269;-3,496137778
18058;40,02280638;-3,604473718
18059;40,3824602;-3,633668
18060;40,3333902;-3,3974817
18061;40,2983557;-3,301843184
18062;40,10581275;-3,382170265
18063;40,2077983;-3,5685442
18064;40,3480108;-3,2584404
18065;40,15508296;-3,45657115
18066;40,1851328;-3,106752
18067;40,37040415;-3,531871415
18068;40,02979823;-3,591246475
18069;40,08005072;-3,493021865
18070;40,0320927;-3,6032879
18071;40,0320927;-3,6032879
18072;40,08539506;-3,495038287
18073;40,0311082;-3,6117601
18074;40,32975935;-3,512601378
18075;40,0291122;-3,607292305
18076;40,36650396;-3,536549538
18077;40,02585329;-3,604339303
18078;40,3837428;-3,6425709
18079;40,03075699;-3,593926118
18080;40,35941682;-3,529683394
18081;40,4377961;-3,6470227
18082;40,10581275;-3,382170265
18083;40,107583;-3,387693
18084;40,37510925;-3,523971696
18085;40,3580151;-3,5407389
18086;40,03075699;-3,593926118
18087;40,29523767;-3,438443085
18088;40,20991356;-3,192765296
18089;40,03007156;-3,598496073
18090;40,36817759;-3,544059213
18091;40,05508091;-3,502074758
18092;40,1089297;-3,393757281
18093;40,2868601;-3,2085523
18094;40,34514904;-3,521650245
18095;40,2949252;-3,3007233
18096;40,31561162;-3,449170484
18097;40,5526466;-3,8997531
18098;40,1102757;-3,387091756
18099;40,3643402;-3,2667156
18100;40,0759434;-3,4940944
18101;40,23093374;-3,434964946
18102;40,1102025;-3,556969
18103;40,28688727;-3,208462234
18104;40,30307909;-3,436962263
18105;40,1978551;-3,4808061
18106;40,21695494;-3,585575179
18107;40,1375745;-3,4466605
18108;40,33479691;-3,525470142
18109;40,2338834;-3,35351
18110;40,3837428;-3,6425709
18111;40,10581275;-3,382170265
18112;40,3837428;-3,6425709
18113;40,3659255;-3,2443102
18114;40,37262881;-3,270462912
18115;40,31641833;-3,449505966
18116;40,03438795;-3,608585626
18117;40,10581275;-3,382170265
18118;40,3628784;-3,5525434
18119;40,3469794;-3,2526568
18120;40,36299589;-3,243108352
18121;40,31233243;-3,476827346
18122;40,20651937;-3,584510084
18123;40,3837428;-3,6425709
18124;40,3480108;-3,2584404
18125;40,37040415;-3,531871415
18126;40,03366868;-3,599284933
18127;40,03366868;-3,599284933
18128;40,14061321;-3,418854579
18129;40,4038107;-3,6198292
18130;40,20590753;-3,597303885
18131;40,3536054;-3,5310879
18132;40,02280638;-3,604473718
18133;40,182109;-3,1087417
18134;40,06983024;-3,239073145
18135;40,3601441;-3,2588405
18136;40,35999731;-3,540657089
18137;40,03687454;-3,595395954
18138;40,03074492;-3,592095167
18139;40,13374074;-3,338117036
18140;40,0322275;-3,588164655
18141;40,07568359;-3,44714151
18142;40,02945945;-3,606509941
18143;40,02945945;-3,606509941
18144;40,3480108;-3,2584404
18145;40,02280638;-3,604473718
18146;40,37852219;-3,543701523
18147;40,3030838;-3,4420718
18148;40,3601187;-3,5290583
18149;40,10581275;-3,382170265
18150;40,02831154;-3,591729237
18151;40,3694275;-3,2217042
18152;40,37095207;-3,530019511
18153;40,2171863;-3,3320604
18154;40,07632844;-3,450213496
18155;40,35337581;-3,519805047
18156;40,0756585;-3,4886312
18157;40,08306066;-3,489035309
18158;40,31388583;-3,450622972
18159;40,29611339;-3,430500679
18160;40,3872894;-3,6998704
18161;40,2868601;-3,2085523
18162;40,03326213;-3,595459832
18163;40,3005851;-3,4435951
18164;40,3369721;-3,3847754
18165;40,34953726;-3,524494828
18166;40,16241132;-3,36387599
18167;40,22637273;-3,433893716
18168;40,22637273;-3,433893716
18169;40,0098161;-3,6933262
18170;40,02945945;-3,606509941
18171;40,02280638;-3,604473718
18172;40,4551891;-3,6929164
18173;40,31388583;-3,450622972
18174;40,03045315;-3,603121318
18175;40,1330434;-3,4183202
18176;40,2053661;-3,5809101
18177;40,34293001;-3,378658628
18178;40,3469794;-3,2526568
18179;40,02765113;-3,600294452
18180;40,13374074;-3,338117036
18181;40,348979;-3,2685214
18182;40,05880104;-3,592761424
18183;40,33688804;-3,381637189
18184;40,2202782;-3,3454083
18185;40,23030494;-3,435916704
18186;40,33479691;-3,525470142
18187;40,36946644;-3,536263902
18188;40,05487333;-3,599329503
18189;40,36859243;-3,265538952
18190;40,3837428;-3,6425709
18191;40,10581275;-3,382170265
18192;40,1098823;-3,39055
18193;40,02280638;-3,604473718
18194;40,3536054;-3,5310879
18195;40,3678971;-3,2200542
18196;40,03075699;-3,593926118
18197;40,2543866;-3,2409854
18198;40,36946644;-3,536263902
18199;40,37040415;-3,531871415
18200;40,3534796;-3,52049753
18201;40,1357381;-3,338994
18202;40,03661592;-3,586843709
18203;40,2856695;-3,2080236
18204;40,4167279;-3,7032905
18205;40,0318175;-3,6011306
18206;40,2393488;-3,3533095
18207;40,0298711;-3,591842
18208;40,4065232;-3,6371057
18209;40,0320927;-3,6032879
18210;40,37040415;-3,531871415
18211;40,0705927;-3,5052804
18212;40,4930043;-3,6478717
18213;40,3193722;-3,1813692
18214;40,37391732;-3,542729841
18215;40,10581275;-3,382170265
18216;40,02945945;-3,606509941
18217;40,02945945;-3,606509941
18218;40,4038107;-3,6198292
18219;40,3582265;-3,2680363
18220;40,02945945;-3,606509941
18221;40,02945945;-3,606509941
18222;40,02945945;-3,606509941
18223;40,02945945;-3,606509941
18224;40,02945945;-3,606509941
18225;40,1136567;-3,5547632
18226;40,3477669;-3,2532084
18227;40,0691793;-3,2374945
18228;40,30430527;-3,448405964
18229;40,3042468;-3,4489962
18230;40,30430527;-3,448405964
18231;40,2680021;-3,5680874
18232;40,3805155;-3,5958896
18233;40,36825743;-3,225087447
18234;40,3623016;-3,2654809
18235;40,2972188;-3,4323078
18236;40,4551891;-3,6929164
18237;40,0759434;-3,4940944
18238;40,35844872;-3,534481826
18239;40,347377;-3,2791056
18240;40,3494741;-3,2474438
18241;40,3568463;-3,2555358
18242;40,33765758;-3,514369707
18243;40,1183927;-3,15960005
18244;40,30116493;-3,449218354
18245;40,3776242;-3,24811
18246;40,21695494;-3,585575179
18247;40,06304396;-3,59440519
18248;40,2040903;-3,5827921
18249;40,3813825;-3,6337194
18250;40,0737105;-3,128437
18251;40,3438753;-3,3772833
18252;40,3438753;-3,3772833
18253;40,3695225;-3,2213199
18254;40,07376844;-3,499315988
18255;40,231532;-3,4391287
18256;40,35104323;-3,526851498
18257;40,34521619;-3,519805965
18258;40,34521619;-3,519805965
18259;40,4147661;-3,6903145
18260;40,0331677;-3,5824111
18261;40,37050334;-3,52650483
18262;40,02676916;-3,600677209
18263;40,02676916;-3,600677209
18264;40,0267562;-3,5996807
18265;40,2564348;-3,2350383
18266;40,3537975;-3,2664839
18267;40,0311082;-3,6117601
18268;40,3380774;-3,382924
18269;40,2992024;-3,446564
18270;40,2992024;-3,446564
18271;40,2992024;-3,446564
18272;40,2992024;-3,446564
18273;40,14007058;-3,448691924
18274;40,3328474;-3,399192997
18275;40,2623236;-3,2362121
18276;40,33765758;-3,514369707
18277;40,10581275;-3,382170265
18278;40,02801444;-3,616061769
18279;40,3296966;-3,5169413
18280;40,2035789;-3,4829104
18281;40,35200375;-3,523352386
18282;40,07149285;-3,451008768
18283;40,3539404;-3,2713551
18284;40,35344844;-3,522071663
18285;40,3293097;-3,1812015
18286;40,2376901;-3,3531364
18287;40,37941985;-3,248154498
18288;40,10581275;-3,382170265
18289;40,3536054;-3,5310879
18290;40,107583;-3,387693
18291;40,14007058;-3,448691924
18292;40,0615926;-3,5995958
18293;40,0302871;-3,5925606
18294;40,1830849;-3,1056118
18295;40,1102025;-3,556969
18296;40,2275101;-3,4369658
18297;40,4012423;-3,5957286
18298;40,6784222;-3,5233202
18299;40,1401904;-3,4156842
18300;40,2445707;-3,3144655
18301;40,10581275;-3,382170265
18302;40,06722029;-3,502350416
18303;40,10581275;-3,382170265
18304;40,2564348;-3,2350383
18305;40,1336417;-3,3396544
18306;40,3296966;-3,5169413
18307;40,3296966;-3,5169413
18308;40,3296966;-3,5169413
18309;40,3296966;-3,5169413
18310;40,3824602;-3,633668
18311;40,3006217;-3,439791798
18312;40,10581275;-3,382170265
18313;40,0278566;-3,604096102
18314;40,3296966;-3,5169413
18315;40,3536054;-3,5310879
18316;40,3536054;-3,5310879
18317;40,3296966;-3,5169413
18318;40,2275101;-3,4369658
18319;40,3536054;-3,5310879
18320;40,3630983;-3,5493075
18321;40,6784222;-3,5233202
18322;40,10581275;-3,382170265
18323;40,3296966;-3,5169413
18324;40,4054392;-3,63663785
18325;40,3536054;-3,5310879
18326;40,10581275;-3,382170265
18327;40,1209219;-3,541617552
18328;40,3824602;-3,633668
18329;40,3630983;-3,5493075
18330;40,3649814;-3,2419114
18331;40,3296966;-3,5169413
18332;40,3805155;-3,5958896
18333;40,3536054;-3,5310879
18334;40,3190333;-3,4777889
18335;40,3527259;-3,5134148
18336;40,4012423;-3,5957286
18337;40,4012423;-3,5957286
18338;40,0593356;-3,6017649
18339;40,10581275;-3,382170265
18340;40,10581275;-3,382170265
18341;40,4012423;-3,5957286
18342;40,3536054;-3,5310879
18343;40,10581275;-3,382170265
18344;40,107583;-3,387693
18345;40,3536054;-3,5310879
18346;40,20517021;-3,581557477
18347;40,0593356;-3,6017649
18348;40,2077983;-3,5685442
18349;40,3824602;-3,633668
18350;40,2564348;-3,2350383
18351;40,4012423;-3,5957286
18352;40,4012423;-3,5957286
18353;40,10581275;-3,382170265
18354;40,10581275;-3,382170265
18355;40,3381741;-3,3809863
18356;40,3837428;-3,6425709
18357;40,05583729;-3,594495772
18358;40,1414129;-3,42665347
18359;40,3536054;-3,5310879
18360;40,02990526;-3,591904693
18361;40,1084308;-3,386469
18362;40,06151232;-3,59282023
18363;40,02922525;-3,58991634
18364;40,36946644;-3,536263902
18365;40,03003386;-3,603980209
18366;40,3344708;-3,398943912
18367;40,10581275;-3,382170265
18368;40,10581275;-3,382170265
18369;40,02589123;-3,601426745
18370;40,1423992;-3,4211137
18371;40,3536054;-3,5310879
18372;40,1683582;-3,2738764
18373;40,3296966;-3,5169413
18374;40,3630983;-3,5493075
18375;40,2880567;-3,2154464
18376;40,0320927;-3,6032879
18377;40,10581275;-3,382170265
18378;40,05389;-3,5135505
18379;40,4012423;-3,5957286
18380;40,2680021;-3,5680874
18381;40,2328136;-3,4402541
18382;40,0768038;-3,447764
18383;40,2435984;-3,318825
18384;40,1748871;-3,2755764
18385;40,36817759;-3,544059213
18386;40,1404724;-3,449835
18387;40,2313282;-3,4357229
18388;40,348979;-3,2685214
18389;40,07276246;-3,450210489
18390;40,29627736;-3,4445467
18391;40,33529691;-3,516160327
18392;40,3296966;-3,5169413
18393;40,29412827;-3,448463598
18394;40,35503072;-3,540433878
18395;40,3556708;-3,2574804
18396;40,07632844;-3,450213496
18397;40,02924894;-3,609058257
18398;40,03661592;-3,586843709
18399;40,20517021;-3,581557477
18400;40,03661592;-3,586843709
18401;40,2951896;-3,4328165
18402;40,30368445;-3,44751605
18403;40,10581275;-3,382170265
18404;40,11536336;-3,390957279
18405;40,3008652;-3,4379756
18406;40,3468965;-3,5229322
18407;40,3536054;-3,5310879
18408;40,3043369;-3,4440205
18409;40,02301644;-3,612233249
18410;40,02376327;-3,615167218
18411;40,025702;-3,6037019
18412;40,3296966;-3,5169413
18413;40,0278566;-3,604096102
18414;40,29978376;-3,450729483
18415;40,0593356;-3,6017649
18416;40,138217;-3,420378
18417;40,36071965;-3,265767884
18418;40,02989721;-3,594053902
18419;40,02341281;-3,612289896
18420;40,37095207;-3,530019511
18421;40,3633711;-3,3606702
18422;40,0808268;-3,4514808
18423;40,2301915;-3,4355235
18424;40,02280638;-3,604473718
18425;40,34167456;-3,376257496
18426;40,34901917;-3,529711495
18427;40,36650396;-3,536549538
18428;40,03661592;-3,586843709
18429;40,10581275;-3,382170265
18430;40,02924894;-3,609058257
18431;40,03001441;-3,605613137
18432;40,2269877;-3,4347405
18433;40,0593356;-3,6017649
18434;40,02945945;-3,606509941
18435;40,3837428;-3,6425709
18436;40,35503072;-3,540433878
18437;40,1417683;-3,424561989
18438;40,29978376;-3,450729483
18439;40,31641833;-3,449505966
18440;40,13911267;-3,421572231
18441;40,35712302;-3,254012978
18442;40,35978501;-3,521757512
18443;40,0759434;-3,4940944
18444;40,10581275;-3,382170265
18445;40,02769576;-3,613991354
18446;40,10581275;-3,382170265
18447;40,10581275;-3,382170265
18448;40,30430527;-3,448405964
18449;40,3449062;-3,2625069
18450;40,10581275;-3,382170265
18451;40,0276532;-3,6004917
18452;40,254888;-3,2365833
18453;40,3328474;-3,399192997
18454;40,36488056;-3,530007987
18455;40,10581275;-3,382170265
18456;40,37277334;-3,533886233
18457;40,06722029;-3,502350416
18458;40,0264085;-3,617451264
18459;40,03110927;-3,581093727
18460;40,1993108;-3,4816548
18461;40,1392717;-3,4502635
18462;40,3503168;-3,248281
18463;40,3412358;-3,3802015
18464;40,0824566;-3,1320664
18465;40,36021805;-3,549001345
18466;40,3824602;-3,633668
18467;40,38165951;-3,539189547
18468;40,2992024;-3,446564
18469;40,2992024;-3,446564
18470;40,2992024;-3,446564
18471;40,3824602;-3,633668
18472;40,08362564;-3,492117971
18473;40,07595672;-3,494347806
18474;40,0344418;-3,5831704
18475;40,10581275;-3,382170265
18476;40,34830767;-3,531567815
18477;40,3824602;-3,633668
18478;40,0593356;-3,6017649
18479;40,3346273;-3,3959583
18480;40,3030838;-3,4420718
18481;40,36840469;-3,540071791
18482;40,36599579;-3,536151312
18483;40,33748928;-3,394126667
18484;40,3630737;-3,2653701
18485;40,03003386;-3,603980209
18486;40,05627778;-3,59134156
18487;40,03427428;-3,611791796
18488;40,05432268;-3,602932724
18489;40,06653431;-3,599592746
18490;40,29627736;-3,4445467
18491;40,02482775;-3,599051821
18492;40,35625384;-3,521373853
18493;40,035939;-3,607901502
18494;40,1102025;-3,556969
18495;40,07149285;-3,451008768
18496;40,2345311;-3,3521981
18497;40,33765758;-3,514369707
18498;40,33979338;-3,516044757
18499;40,3296966;-3,5169413
18500;40,34514904;-3,521650245
18501;40,3603856;-3,5545272
18502;40,36644302;-3,529824528
18503;40,34121675;-3,521746802
18504;40,3536054;-3,5310879
18505;40,3468858;-4,0263262
18506;40,2312266;-3,9870044
18507;40,30141632;-4,442543514
18508;40,227461;-3,9927022
18509;40,3215212;-4,19936
18510;40,49818514;-4,240988346
18511;40,3637254;-4,2760522
18512;40,3211918;-4,2004909
18513;40,52188864;-4,259045722
18514;40,49959897;-4,237459788
18515;40,38907031;-4,37203058
18516;40,3914191;-4,3720576
18517;40,4673734;-4,1246389
18518;40,3617379;-4,3975214
18519;40,2295442;-3,9931342
18520;40,3459121;-3,845747022
18521;40,2297183;-3,9926884
18522;40,2878105;-4,013766
18523;40,2775409;-4,3060762
18524;40,3459121;-3,845747022
18525;40,3865491;-4,2532345
18526;40,46906985;-4,122687265
18527;40,3622326;-4,3951023
18528;40,30180338;-4,437483277
18529;40,3849812;-4,250588
18530;40,5008922;-4,2380429
18531;40,43627836;-4,174161846
18532;40,3246929;-4,2017534
18533;40,25307711;-4,53519804
18534;40,2852955;-4,3550615
18535;40,3530719;-4,400456492
18536;40,2878105;-4,013766
18537;40,36245806;-4,410228748
18538;40,4131198;-3,7496981
18539;40,5118774;-4,2967211
18540;40,300808;-4,1088044
18541;40,3852899;-4,251664016
18542;40,26003563;-4,469702794
18543;40,52310818;-4,256847044
18544;40,30345165;-4,44203355
18545;40,5889352;-4,2662773
18546;40,36181633;-4,336055892
18547;40,3016713;-4,4387392
18548;40,42330311;-3,980168298
18549;40,3459121;-3,845747022
18550;40,31672941;-4,465166299
18551;40,3602606;-4,3342455
18552;40,3139898;-4,4587338
18553;40,3459121;-3,845747022
18554;40,5092894;-4,2879057
18555;40,36245806;-4,410228748
18556;40,3459121;-3,845747022
18557;40,36086743;-4,399608535
18558;40,3597772;-4,330922413
18559;40,4270592;-4,0566787
18560;40,3459121;-3,845747022
18561;40,3459121;-3,845747022
18562;40,3459121;-3,845747022
18563;40,3019091;-4,4514394
18564;40,3597772;-4,330922413
18565;40,3373032;-4,1319139
18566;40,30396149;-4,002555594
18567;40,3459121;-3,845747022
18568;40,3459121;-3,845747022
18569;40,3891315;-4,3735373
18570;40,3469031;-4,0263412
18571;40,3459121;-3,845747022
18572;40,3459121;-3,845747022
18573;40,28185347;-4,019201351
18574;40,3459121;-3,845747022
18575;40,3459121;-3,845747022
18576;40,3459121;-3,845747022
18577;40,3009392;-4,4437368
18578;40,23397531;-3,992867793
18579;40,5092694;-4,2360876
18580;40,3459121;-3,845747022
18581;40,30204677;-4,002349197
18582;40,3459121;-3,845747022
18583;40,361113;-4,4048241
18584;40,5008922;-4,2380429
18585;40,3851103;-4,3510217
18586;40,3597772;-4,330922413
18587;40,2534345;-4,0534336
18588;40,343189;-4,1287537
18589;40,27859903;-4,354247635
18590;40,38907031;-4,37203058
18591;40,31023776;-4,491818602
18592;40,4534764;-3,6645848
18593;40,3983438;-3,9956377
18594;40,2582865;-3,9860338
18595;40,2605458;-4,3484844
18596;40,362537;-4,3979494
18597;40,3459121;-3,845747022
18598;40,5899248;-4,2659096
18599;40,3899756;-4,4147675
18600;40,34624299;-4,100659367
18601;40,3014283;-4,4408876
18602;40,4093721;-3,9975492
18603;40,3890141;-4,3720451
18604;40,51780569;-4,268226385
18605;40,3899564;-4,2518987
18606;40,52310818;-4,256847044
18607;40,3904998;-4,3783552
18608;40,3627554;-4,4002606
18609;40,31267915;-4,463450086
18610;40,29882474;-4,005244714
18611;40,29466775;-4,017265844
18612;40,3522586;-4,0253268
18613;40,45780374;-3,705181164
18614;40,4562859;-4,0977473
18615;40,4249784;-4,0600627
18616;40,3459121;-3,845747022
18617;40,265965;-4,3521701
18618;40,3459121;-3,845747022
18619;40,2285552;-3,9873661
18620;40,36344169;-4,391864175
18621;40,36225582;-4,399476551
18622;40,292444;-4,015716401
18623;40,2308925;-3,9969095
18624;40,5665077;-4,2882071
18625;40,3640258;-4,3948029
18626;40,2633888;-4,4673956
18627;40,4290833;-4,0565378
18628;40,2285552;-3,9873661
18629;40,22962975;-3,99163015
18630;40,3574333;-4,320589687
18631;40,34715821;-4,096212654
18632;40,3614735;-4,3985655
18633;40,4727709;-4,1177436
18634;40,2284593;-3,9827571
18635;40,5540179;-4,2649938
18636;40,3663351;-4,4068174
18637;40,3995621;-4,2005157
18638;40,3960251;-4,382868259
18639;40,2926226;-4,0079641
18640;40,3595374;-4,3341385
18641;40,3459121;-3,845747022
18642;40,38305679;-4,35534171
18643;40,3904998;-4,3783552
18644;40,3459121;-3,845747022
18645;40,3459121;-3,845747022
18646;40,2767816;-4,3056416
18647;40,23358344;-3,995064498
18648;40,3009392;-4,4437368
18649;40,31171191;-4,458469896
18650;40,3009392;-4,4437368
18651;40,34627177;-4,033601737
18652;40,3459121;-3,845747022
18653;40,3459121;-3,845747022
18654;40,2297183;-3,9926884
18655;40,3459121;-3,845747022
18656;40,5607055;-4,2648341
18657;40,5663585;-4,266488
18658;40,3459121;-3,845747022
18659;40,3625;-4,3986503
18660;40,3617379;-4,3975214
18661;40,43150633;-4,050854527
18662;40,5008922;-4,2380429
18663;40,2878105;-4,013766
18664;40,3459121;-3,845747022
18665;40,3009392;-4,4437368
18666;40,30180338;-4,437483277
18667;40,3215212;-4,19936
18668;40,2838926;-4,0185749
18669;40,3459121;-3,845747022
18670;40,3459121;-3,845747022
18671;40,3459121;-3,845747022
18672;40,2767816;-4,3056416
18673;40,2878105;-4,013766
18674;40,3459121;-3,845747022
18675;40,3459121;-3,845747022
18676;40,3459121;-3,845747022
18677;40,2842715;-4,0063568
18678;40,36611547;-4,408147113
18679;40,3009392;-4,4437368
18680;40,4972758;-4,067504
18681;40,28624163;-4,012955095
18682;40,3239769;-4,2022107
18683;40,2793095;-4,352322
18684;40,31643269;-4,468403554
18685;40,33831282;-4,132695939
18686;40,3617379;-4,3975214
18687;40,3642804;-4,3480146
18688;40,2737539;-4,3445857
18689;40,3904998;-4,3783552
18690;40,3863666;-4,2508402
18691;40,3597772;-4,330922413
18692;40,3459121;-3,845747022
18693;40,3459121;-3,845747022
18694;40,23397531;-3,992867793
18695;40,3459121;-3,845747022
18696;40,3453431;-4,1026671
18697;40,3459121;-3,845747022
18698;40,3459121;-3,845747022
18699;40,3490255;-4,1005664
18700;40,2878105;-4,013766
18701;40,50208397;-4,231955037
18702;40,4001962;-3,6869016
18703;40,3459121;-3,845747022
18704;40,36948942;-4,340861394
18705;40,3459121;-3,845747022
18706;40,3459121;-3,845747022
18707;40,3242929;-4,205133624
18708;40,30117511;-4,442232036
18709;40,3459121;-3,845747022
18710;40,3617379;-4,3975214
18711;40,5118855;-4,298037385
18712;40,3459121;-3,845747022
18713;40,4265569;-4,0574286
18714;40,3459121;-3,845747022
18715;40,29207443;-4,012739476
18716;40,292444;-4,015716401
18717;40,3459121;-3,845747022
18718;40,22684883;-3,987515266
18719;40,3242923;-4,2051297
18720;40,3459121;-3,845747022
18721;40,3459121;-3,845747022
18722;40,4340967;-3,9791231
18723;40,3459121;-3,845747022
18724;40,3459121;-3,845747022
18725;40,29980157;-4,442405508
18726;40,23397531;-3,992867793
18727;40,2268808;-4,0013789
18728;40,23397531;-3,992867793
18729;40,3242923;-4,2051297
18730;40,4866653;-4,1720225
18731;40,3459121;-3,845747022
18732;40,5119709;-4,2964265
18733;40,3605232;-4,3306681
18734;40,51136877;-4,294762422
18735;40,4744972;-3,5773117
18736;40,3594413;-4,3343775
18737;40,3459121;-3,845747022
18738;40,26003563;-4,469702794
18739;40,3459121;-3,845747022
18740;40,3014283;-4,4408876
18741;40,3459121;-3,845747022
18742;40,382419;-4,2091136
18743;40,5259144;-4,2624999
18744;40,3515912;-4,054717
18745;40,5101466;-4,2535365
18746;40,5114657;-4,2959261
18747;40,3904998;-4,3783552
18748;40,3617379;-4,3975214
18749;40,3459121;-3,845747022
18750;40,3459121;-3,845747022
18751;40,26264569;-4,348374418
18752;40,5122199;-4,3001723
18753;40,30279625;-3,944813601
18754;40,42416863;-4,053517942
18755;40,2683457;-4,349477
18756;40,3809556;-4,2068292
18757;40,51878342;-4,249273701
18758;40,5069612;-4,274862
18759;40,3945996;-4,2086739
18760;40,28912282;-4,000005831
18761;40,2767816;-4,3056416
18762;40,46858944;-4,125440069
18763;40,5116096;-4,2480908
18764;40,4340169;-4,1743941
18765;40,346824;-4,1288822
18766;40,2297183;-3,9926884
18767;40,360755;-4,3256357
18768;40,3628779;-4,3968127
18769;40,38356517;-4,351867691
18770;40,3447061;-4,1027613
18771;40,40291204;-4,001653571
18772;40,3459121;-3,845747022
18773;40,3415121;-4,4015869
18774;40,4284467;-4,0581352
18775;40,3633288;-4,2792691
18776;40,3009392;-4,4437368
18777;40,4704957;-4,1226236
18778;40,3459121;-3,845747022
18779;40,2692571;-4,3455604
18780;40,566331;-4,266194
18781;40,41274995;-4,00157725
18782;40,2627188;-4,4657241
18783;40,36005625;-4,405096139
18784;40,3018212;-4,4548946
18785;40,489624;-4,1635381
18786;40,49421297;-4,239152032
18787;40,3348455;-4,2180674
18788;40,3009392;-4,4437368
18789;40,36165748;-4,392550653
18790;40,2761752;-4,3572888
18791;40,394254;-4,3829608
18792;40,29882474;-4,005244714
18793;40,2829833;-4,008706721
18794;40,3459121;-3,845747022
18795;40,51063715;-4,2641955
18796;40,4001962;-3,6869016
18797;40,3459121;-3,845747022
18798;40,4551891;-3,6929164
18799;40,3597772;-4,330922413
18800;40,40291204;-4,001653571
18801;40,3610812;-4,4029701
18802;40,26676235;-4,345974556
18803;40,3897242;-4,3843845
18804;40,2866415;-4,0093124
18805;40,2286845;-3,9926425
18806;40,3791764;-4,2094301
18807;40,39022926;-4,3627614
18808;40,3459121;-3,845747022
18809;40,23397531;-3,992867793
18810;40,2297183;-3,9926884
18811;40,3459121;-3,845747022
18812;40,5034401;-4,2339114
18813;40,3009392;-4,4437368
18814;40,3459121;-3,845747022
18815;40,3459121;-3,845747022
18816;40,3009392;-4,4437368
18817;40,3014283;-4,4408876
18818;40,3459121;-3,845747022
18819;40,3459121;-3,845747022
18820;40,2918259;-4,0184531
18821;40,3595374;-4,3341385
18822;40,3459121;-3,845747022
18823;40,42885492;-3,980536471
18824;40,3459121;-3,845747022
18825;40,48891118;-4,170529416
18826;40,3459121;-3,845747022
18827;40,2338813;-3,997775
18828;40,2852359;-4,0216794
18829;40,3459121;-3,845747022
18830;40,40201644;-3,998619577
18831;40,3459121;-3,845747022
18832;40,27188362;-4,356667793
18833;40,3459121;-3,845747022
18834;40,3459121;-3,845747022
18835;40,22930405;-3,9929575
18836;40,388088;-4,2534929
18837;40,3009392;-4,4437368
18838;40,3459121;-3,845747022
18839;40,3617379;-4,3975214
18840;40,3906158;-3,8337612
18841;40,2918259;-4,0184531
18842;40,560849;-3,8971998
18843;40,39134838;-4,380952736
18844;40,3459121;-3,845747022
18845;40,35073791;-4,025318009
18846;40,5123971;-4,2456481
18847;40,3242923;-4,2051297
18848;40,3242923;-4,2051297
18849;40,3772157;-4,2104342
18850;40,2878105;-4,013766
18851;40,5137449;-4,2957587
18852;40,28555713;-4,014929575
18853;40,3798314;-4,205819
18854;40,48597848;-4,171493083
18855;40,2608326;-4,3484198
18856;40,3774343;-4,2198892
18857;40,29720307;-4,105709281
18858;40,2981321;-4,1107557
18859;40,3459121;-3,845747022
18860;40,3459121;-3,845747022
18861;40,3459121;-3,845747022
18862;40,2866401;-4,0063368
18863;40,3604268;-4,271018
18864;40,2898375;-4,0195369
18865;40,419822;-4,1991775
18866;40,405536;-3,997736
18867;40,30327665;-4,4472041
18868;40,2918259;-4,0184531
18869;40,2918259;-4,0184531
18870;40,3904998;-4,3783552
18871;40,3625;-4,3986503
18872;40,3459121;-3,845747022
18873;40,29726948;-4,111065698
18874;40,3459121;-3,845747022
18875;40,2297183;-3,9926884
18876;40,3459121;-3,845747022
18877;40,22715146;-3,992508148
18878;40,30158628;-4,003530644
18879;40,32431574;-4,200454745
18880;40,3459121;-3,845747022
18881;40,3459121;-3,845747022
18882;40,3459121;-3,845747022
18883;40,51136877;-4,294762422
18884;40,3459121;-3,845747022
18885;40,3459121;-3,845747022
18886;40,31938834;-4,192396177
18887;40,3509667;-4,025832
18888;40,5957043;-4,2579376
18889;40,3459121;-3,845747022
18890;40,19287766;-3,782476136
18891;40,3459121;-3,845747022
18892;40,3459121;-3,845747022
18893;40,28343172;-4,020082573
18894;40,48691581;-4,171634648
18895;40,2598329;-4,0533823
18896;40,5437875;-4,1726776
18897;40,3160378;-4,4596572
18898;40,2767816;-4,3056416
18899;40,3847329;-4,2517749
18900;40,2609582;-4,4662557
18901;40,3459121;-3,845747022
18902;40,3600139;-4,2797848
18903;40,53966813;-4,162515804
18904;40,23397531;-3,992867793
18905;40,5184506;-4,251902051
18906;40,49959897;-4,237459788
18907;40,2869931;-4,0155355
18908;40,3459121;-3,845747022
18909;40,4210082;-4,2003858
18910;40,36316535;-4,330520283
18911;40,3595374;-4,3341385
18912;40,3459121;-3,845747022
18913;40,507169;-4,2749871
18914;40,3849812;-4,250588
18915;40,26462897;-4,351592366
18916;40,3863666;-4,2508402
18917;40,538631;-4,1579732
18918;40,47213;-4,1222683
18919;40,5132045;-4,2965509
18920;40,2667907;-4,346328
18921;40,31466417;-4,201913013
18922;40,3459121;-3,845747022
18923;40,38429205;-4,254189873
18924;40,39861042;-3,994555828
18925;40,5008922;-4,2380429
18926;40,233973;-3,9928437
18927;40,2272317;-3,9935274
18928;40,5042304;-4,2324078
18929;40,2829833;-4,008706721
18930;40,4185797;-4,1985381
18931;40,23397531;-3,992867793
18932;40,39148471;-4,379353705
18933;40,3464962;-4,1020953
18934;40,2794063;-4,354056
18935;40,3459121;-3,845747022
18936;40,2609582;-4,4662557
18937;40,28113546;-4,021707536
18938;40,46822344;-4,121470174
18939;40,2609582;-4,4662557
18940;40,2609582;-4,4662557
18941;40,3459121;-3,845747022
18942;40,3459121;-3,845747022
18943;40,3459121;-3,845747022
18944;40,3459121;-3,845747022
18945;40,3459121;-3,845747022
18946;40,5114657;-4,2959261
18947;40,3239857;-4,2048521
18948;40,419822;-4,1991775
18949;40,3617379;-4,3975214
18950;40,3763198;-4,0250436
18951;40,56495066;-4,26873553
18952;40,2313416;-3,9946828
18953;40,26436468;-4,46912688
18954;40,29882474;-4,005244714
18955;40,5407587;-4,1592651
18956;40,4281307;-3,6226484
18957;40,2315299;-3,9930289
18958;40,5650043;-4,2805168
18959;40,44774181;-4,153297475
18960;40,31404373;-4,457793252
18961;40,5169063;-4,2662842
18962;40,34627177;-4,033601737
18963;40,5394931;-4,166392
18964;40,36157264;-4,400542903
18965;40,39148471;-4,379353705
18966;40,51401744;-4,295288871
18967;40,405536;-3,997736
18968;40,3960251;-4,382868259
18969;40,2297183;-3,9926884
18970;40,2606747;-4,349187867
18971;40,2875853;-3,9484047
18972;40,2861458;-4,0074142
18973;40,3009392;-4,4437368
18974;40,4039496;-3,999662
18975;40,4857131;-4,1708259
18976;40,26273503;-4,464689432
18977;40,28713821;-4,016372726
18978;40,3193928;-4,1949381
18979;40,2781673;-4,3066607
18980;40,2299395;-3,9803218
18981;40,50910743;-4,299297783
18982;40,3597772;-4,330922413
18983;40,2769071;-4,3033121
18984;40,2853356;-4,0217676
18985;40,3628987;-4,3392847
18986;40,3482411;-4,0526147
18987;40,3623368;-4,3339338
18988;40,2993198;-4,4417674
18989;40,36230823;-4,338110299
18990;40,26676235;-4,345974556
18991;40,26562994;-4,346055405
18992;40,29914849;-4,432948606
18993;40,3459121;-3,845747022
18994;40,53966813;-4,162515804
18995;40,5184506;-4,251902051
18996;40,2935104;-4,0120646
18997;40,3459121;-3,845747022
18998;40,35965791;-4,323037102
18999;40,2993102;-3,9838233
19000;40,28969042;-4,017635585
19001;40,3628779;-4,3968127
19002;40,30123805;-3,977972309
19003;40,29229469;-4,014404891
19004;40,29229469;-4,014404891
19005;40,29229469;-4,014404891
19006;40,2723229;-4,3024313
19007;40,29229469;-4,014404891
19008;40,3459121;-3,845747022
19009;40,51030819;-4,253880917
19010;40,29229469;-4,014404891
19011;40,29229469;-4,014404891
19012;40,2295442;-3,9931342
19013;40,3459121;-3,845747022
19014;40,3459121;-3,845747022
19015;40,3459121;-3,845747022
19016;40,2295442;-3,9931342
19017;40,3447061;-4,1027613
19018;40,42715561;-4,056871779
19019;40,3822031;-4,2110144
19020;40,35960376;-4,334227712
19021;40,23397531;-3,992867793
19022;40,4974406;-4,2388652
19023;40,35655939;-4,322942824
19024;40,3459121;-3,845747022
19025;40,42921535;-4,051807568
19026;40,5073209;-4,2742503
19027;40,4271186;-4,0555735
19028;40,424466;-4,0573988
19029;40,4243718;-4,0573866
19030;40,2769071;-4,3033121
19031;40,424466;-4,0573988
19032;40,3530236;-4,026945
19033;40,3551226;-4,064096
19034;40,3022139;-4,4459351
19035;40,2070089;-3,8305585
19036;40,2725951;-4,2956725
19037;40,2863723;-4,012033
19038;40,29384884;-4,016715215
19039;40,5497572;-4,1820812
19040;40,5165414;-3,774677268
19041;40,51301079;-4,24819656
19042;40,3459121;-3,845747022
19043;40,3026556;-4,4486754
19044;40,46796871;-4,122771195
19045;40,40736657;-3,999965077
19046;40,36059654;-4,400610662
19047;40,34740325;-4,03201278
19048;40,348683;-4,0241984
19049;40,4392668;-4,0591185
19050;40,59485873;-4,259313929
19051;40,30022819;-4,11336067
19052;40,3785528;-4,3466636
19053;40,3459121;-3,845747022
19054;40,35720266;-4,32654698
19055;40,449412;-3,7021666
19056;40,30221644;-4,445937987
19057;40,3550421;-4,34325815
19058;40,3876534;-3,6285053
19059;40,2842378;-4,0123439
19060;40,3459121;-3,845747022
19061;40,3459121;-3,845747022
19062;40,5008922;-4,2380429
19063;40,29334683;-4,010290736
19064;40,3459121;-3,845747022
19065;40,29905112;-4,111594608
19066;40,3459121;-3,845747022
19067;40,5271021;-4,2605624
19068;40,2894974;-4,0147022
19069;40,3904998;-4,3783552
19070;40,36225582;-4,399476551
19071;40,4086268;-3,9970381
19072;40,34649206;-4,061707903
19073;40,36296945;-4,399634792
19074;40,30158628;-4,003530644
19075;40,2847199;-4,007153
19076;40,298119;-3,9851205
19077;40,30373321;-4,004335515
19078;40,30378466;-4,003466672
19079;40,29229469;-4,014404891
19080;40,29229469;-4,014404891
19081;40,29229469;-4,014404891
19082;40,22650272;-3,98416434
19083;40,3643283;-4,3984997
19084;40,30326791;-4,002035491
19085;40,29229469;-4,014404891
19086;40,29229469;-4,014404891
19087;40,4017355;-3,9985566
19088;40,40171365;-3,99878375
19089;40,40171365;-3,99878375
19090;40,4017355;-3,9985566
19091;40,4017355;-3,9985566
19092;40,31855687;-4,1266122
19093;40,38151795;-4,223479591
19094;40,29229469;-4,014404891
19095;40,29229469;-4,014404891
19096;40,29229469;-4,014404891
19097;40,29229469;-4,014404891
19098;40,3447133;-4,102829806
19099;40,2923197;-4,0139163
19100;40,2923197;-4,0139163
19101;40,34860754;-4,128201487
19102;40,5101466;-4,2535365
19103;40,29587581;-3,996505739
19104;40,29587581;-3,996505739
19105;40,29587581;-3,996505739
19106;40,29587581;-3,996505739
19107;40,2955274;-3,996299
19108;40,29587581;-3,996505739
19109;40,29587581;-3,996505739
19110;40,29587581;-3,996505739
19111;40,29587581;-3,996505739
19112;40,3459121;-3,845747022
19113;40,29074466;-4,019812428
19114;40,3459121;-3,845747022
19115;40,4230354;-3,9782939
19116;40,5716832;-4,23377
19117;40,53966813;-4,162515804
19118;40,3459121;-3,845747022
19119;40,29569931;-3,994639306
19120;40,29569931;-3,994639306
19121;40,30158628;-4,003530644
19122;40,29569931;-3,994639306
19123;40,29569931;-3,994639306
19124;40,29569931;-3,994639306
19125;40,29569931;-3,994639306
19126;40,29820356;-3,984972071
19127;40,4663966;-4,1282626
19128;40,29093547;-4,014637313
19129;40,30742779;-4,000573047
19130;40,2829833;-4,008706721
19131;40,29334683;-4,010290736
19132;40,30742779;-4,000573047
19133;40,2878105;-4,013766
19134;40,4250775;-4,0550192
19135;40,4250775;-4,0550192
19136;40,4015787;-3,9949263
19137;40,4250775;-4,0550192
19138;40,2288069;-3,9848454
19139;40,29820356;-3,984972071
19140;40,4015787;-3,9949263
19141;40,3595374;-4,3341385
19142;40,29882474;-4,005244714
19143;40,29882474;-4,005244714
19144;40,29882474;-4,005244714
19145;40,29882474;-4,005244714
19146;40,29882474;-4,005244714
19147;40,29882474;-4,005244714
19148;40,29882474;-4,005244714
19149;40,29882474;-4,005244714
19150;40,29882474;-4,005244714
19151;40,29882474;-4,005244714
19152;40,29882474;-4,005244714
19153;40,2932535;-4,012555
19154;40,4043103;-3,9993244
19155;40,5327738;-3,6424208
19156;40,3459121;-3,845747022
19157;40,2863106;-4,0128472
19158;40,3625;-4,3986503
19159;40,3459121;-3,845747022
19160;40,3459121;-3,845747022
19161;40,28588751;-4,01316627
19162;40,3459121;-3,845747022
19163;40,3459121;-3,845747022
19164;40,3459121;-3,845747022
19165;40,3215212;-4,19936
19166;40,2988221;-4,1205828
19167;40,3239769;-4,2022107
19168;40,3239769;-4,2022107
19169;40,3215212;-4,19936
19170;40,2361889;-3,9949358
19171;40,35996418;-4,319914435
19172;40,3459121;-3,845747022
19173;40,5008922;-4,2380429
19174;40,44945502;-3,70215771
19175;40,3459121;-3,845747022
19176;40,4906688;-4,231525301
19177;40,28481119;-4,011174547
19178;40,3459121;-3,845747022
19179;40,5008922;-4,2380429
19180;40,34172813;-4,128125071
19181;40,50597687;-4,23518132
19182;40,52027069;-4,246823781
19183;40,5008922;-4,2380429
19184;40,5008922;-4,2380429
19185;40,29882474;-4,005244714
19186;40,29163827;-4,021046624
19187;40,2814853;-4,0145598
19188;40,30221644;-4,445937987
19189;40,507169;-4,2749871
19190;40,5004193;-4,238112735
19191;40,2767816;-4,3056416
19192;40,30177755;-3,97666207
19193;40,28662609;-4,006374867
19194;40,30122628;-3,975142504
19195;40,29882474;-4,005244714
19196;40,2993294;-3,97807105
19197;40,2993102;-3,9838233
19198;40,2812188;-3,794692263
19199;40,3459121;-3,845747022
19200;40,3459121;-3,845747022
19201;40,26873787;-4,345554453
19202;40,3096324;-4,4906238
19203;40,4001962;-3,6869016
19204;40,3459121;-3,845747022
19205;40,3459121;-3,845747022
19206;40,3459121;-3,845747022
19207;40,3459121;-3,845747022
19208;40,38416843;-4,252855157
19209;40,3595374;-4,3341385
19210;40,30141632;-4,442543514
19211;40,3459121;-3,845747022
19212;40,3459121;-3,845747022
19213;40,2838926;-4,0185749
19214;40,3239769;-4,2022107
19215;40,3459121;-3,845747022
19216;40,3009392;-4,4437368
19217;40,3617379;-4,3975214
19218;40,2297183;-3,9926884
19219;40,5152827;-4,29770645
19220;40,56085011;-4,265566375
19221;40,2297183;-3,9926884
19222;40,2297183;-3,9926884
19223;40,3036964;-4,44087755
19224;40,3459121;-3,845747022
19225;40,2297183;-3,9926884
19226;40,3459121;-3,845747022
19227;40,3849812;-4,250588
19228;40,3459121;-3,845747022
19229;40,3617379;-4,3975214
19230;40,3617379;-4,3975214
19231;40,26240709;-4,466564066
19232;40,2641871;-4,4686304
19233;40,2627291;-4,4663682
19234;40,3161741;-4,4598258
19235;40,3161741;-4,4598258
19236;40,5008922;-4,2380429
19237;40,424466;-4,0573988
19238;40,44001855;-3,67567535
19239;40,35978139;-4,401261671
19240;40,4012973;-3,9951133
19241;40,3242923;-4,2051297
19242;40,4271186;-4,0555735
19243;40,3009392;-4,4437368
19244;40,3594722;-4,32670555
19245;40,3595374;-4,3341385
19246;40,23422818;-3,991544622
19247;40,35259848;-4,023593961
19248;40,2275899;-3,99659825
19249;40,23397531;-3,992867793
19250;40,51878342;-4,249273701
19251;40,3459121;-3,845747022
19252;40,2269846;-4,3222046
19253;40,22620922;-3,998638282
19254;40,3367986;-4,1299313
19255;40,5130034;-4,2432462
19256;40,34410375;-4,103971847
19257;40,33916797;-4,13156814
19258;40,53966813;-4,162515804
19259;40,26273503;-4,464689432
19260;40,26211911;-4,348759121
19261;40,2769071;-4,3033121
19262;40,26003563;-4,469702794
19263;40,3459121;-3,845747022
19264;40,3459121;-3,845747022
19265;40,3459121;-3,845747022
19266;40,3459121;-3,845747022
19267;40,3459121;-3,845747022
19268;40,4689215;-4,124348049
19269;40,3459121;-3,845747022
19270;40,3459121;-3,845747022
19271;40,4271186;-4,0555735
19272;40,4256057;-4,0574941
19273;40,34378168;-4,029279383
19274;40,34660898;-4,024918667
19275;40,2297183;-3,9926884
19276;40,5008922;-4,2380429
19277;40,5008922;-4,2380429
19278;40,3459121;-3,845747022
19279;40,43355861;-4,172255987
19280;40,5957043;-4,2579376
19281;40,3757926;-3,9827582
19282;40,2863723;-4,012033
19283;40,4803633;-3,7230226
19284;40,2932731;-4,0094192
19285;40,3087821;-4,4929065
19286;40,3624748;-4,3363057
19287;40,34918865;-4,028571201
19288;40,34905847;-4,058763702
19289;40,3459121;-3,845747022
19290;40,3549225;-4,0638942
19291;40,30889473;-4,433833808
19292;40,323879;-4,20465107
19293;40,51878342;-4,249273701
19294;40,3453772;-4,1039944
19295;40,23397531;-3,992867793
19296;40,5101466;-4,2535365
19297;40,2313272;-3,9928384
19298;40,35968251;-4,331528335
19299;40,4304753;-3,9843145
19300;40,228792;-3,992083
19301;40,23243833;-3,987327987
19302;40,5008922;-4,2380429
19303;40,3459121;-3,845747022
19304;40,4271062;-4,252479125
19305;40,4995366;-4,2393427
19306;40,41980395;-4,198993878
19307;40,5211235;-4,2632169
19308;40,35195229;-4,021897214
19309;40,4105214;-3,998773
19310;40,51121;-4,2628462
19311;40,2291773;-3,9887551
19312;40,3549511;-4,0636134
19313;40,23281462;-3,992364424
19314;40,2291646;-4,003501
19315;40,22650272;-3,98416434
19316;40,2297183;-3,9926884
19317;40,2291773;-3,9887551
19318;40,23208786;-3,989177548
19319;40,3651784;-4,343517463
19320;40,3640504;-4,338456
19321;40,3239769;-4,2022107
19322;40,31171191;-4,458469896
19323;40,3660973;-4,3415042
19324;40,233973;-3,9928437
19325;40,3605917;-4,398164816
19326;40,3459121;-3,845747022
19327;40,2316506;-3,9859593
19328;40,23131007;-3,999250052
19329;40,23397531;-3,992867793
19330;40,3509667;-4,025832
19331;40,3459121;-3,845747022
19332;40,3459121;-3,845747022
19333;40,36316535;-4,330520283
19334;40,29587581;-3,996505739
19335;40,29587581;-3,996505739
19336;40,29587581;-3,996505739
19337;40,3461616;-4,1059929
19338;40,22981815;-3,992518406
19339;40,3439266;-4,10455999
19340;40,2526923;-4,052922
19341;40,2845416;-4,0167304
19342;40,2993294;-3,97807105
19343;40,2990295;-4,0042234
19344;40,51625328;-4,247035072
19345;40,292444;-4,015716401
19346;40,30373321;-4,004335515
19347;40,29117506;-4,010383792
19348;40,30056139;-3,980255421
19349;40,30296763;-4,000549504
19350;40,29857937;-3,976881066
19351;40,28297768;-4,007598458
19352;40,43330663;-3,980005224
19353;40,4277422;-3,9801037
19354;40,5008922;-4,2380429
19355;40,29384884;-4,016715215
19356;40,29901956;-3,979240828
19357;40,507932;-3,8781526
19358;40,5165414;-3,774677268
19359;40,2901575;-4,0125006
19360;40,2297183;-3,9926884
19361;40,2734497;-4,355767
19362;40,5212407;-4,2615092
19363;40,29381706;-4,013594892
19364;40,2721744;-4,3552349
19365;40,3459121;-3,845747022
19366;40,3617379;-4,3975214
19367;40,232905;-4,0030256
19368;40,3459121;-3,845747022
19369;40,3459121;-3,845747022
19370;40,3459121;-3,845747022
19371;40,2291773;-3,9887551
19372;40,5005062;-4,2381823
19373;40,30727451;-4,001323074
19374;40,40971682;-3,997765519
19375;40,2863888;-4,0117896
19376;40,4257685;-4,0579639
19377;40,3463524;-4,10050935
19378;40,3476948;-4,0283063
19379;40,3631073;-4,3338707
19380;40,4038259;-4,0001252
19381;40,2331584;-3,9856235
19382;40,3378069;-4,1330053
19383;40,3368148;-4,1299456
19384;40,29954914;-3,983692724
19385;40,4024239;-3,9923828
19386;40,34579036;-4,026907063
19387;40,3459121;-3,845747022
19388;40,3368148;-4,1299456
19389;40,35054541;-4,032297556
19390;40,34878415;-4,0265452
19391;40,34759849;-4,054485223
19392;40,34758725;-4,127866011
19393;40,343189;-4,1287537
19394;40,4127904;-3,9976643
19395;40,4036788;-4,003722695
19396;40,3441105;-4,1039384
19397;40,3489569;-4,0262436
19398;40,34543077;-4,031989431
19399;40,3459121;-3,845747022
19400;40,4018807;-4,0008212
19401;40,34978236;-4,031570975
19402;40,3380124;-4,1336286
19403;40,35259848;-4,023593961
19404;40,29963989;-3,976903089
19405;40,28610813;-4,022944315
19406;40,3443705;-4,0320462
19407;40,28794595;-4,012856429
19408;40,3414352;-4,0301608
19409;40,30373321;-4,004335515
19410;40,28880533;-4,012587997
19411;40,43079401;-4,055856584
19412;40,5129938;-4,2934927
19413;40,35144616;-4,002979998
19414;40,3459121;-3,845747022
19415;40,5008922;-4,2380429
19416;40,3459121;-3,845747022
19417;40,2850889;-4,014244127
19418;40,4291749;-3,9804271
19419;40,5085553;-4,24674
19420;40,29820356;-3,984972071
19421;40,5119531;-4,2422451
19422;40,4024246;-3,9923723
19423;40,4024885;-3,9918916
19424;40,43070082;-4,053168738
19425;40,4265569;-4,0574286
19426;40,405531;-4,000627
19427;40,28434711;-4,014933271
19428;40,4024295;-3,9970789
19429;40,4055761;-4,001437
19430;40,30122628;-3,975142504
19431;40,29857937;-3,976881066
19432;40,3454699;-4,0296865
19433;40,34694957;-4,02690532
19434;40,2864699;-4,0164271
19435;40,3574936;-4,0047678
19436;40,2926232;-4,0106312
19437;40,2926221;-4,0102307
19438;40,3488455;-4,028098119
19439;40,28343172;-4,020082573
19440;40,2993294;-3,97807105
19441;40,35643754;-4,010902133
19442;40,28861341;-4,015892582
19443;40,2877473;-4,0135011
19444;40,30177755;-3,97666207