id;latitud;longitud;distancia_metros_sol
1;40,43276288;-3,701040333;1771,62
2;40,4388709;-3,6934291;2583,67
3;40,44707075;-3,703195999;3350,18
4;40,4336632;-3,6942857;2016,98
5;40,42315928;-3,718206567;1422,21
6;40,4336632;-3,6942857;2016,98
7;40,4347638;-3,7083155;2022,67
8;40,43277095;-3,701034132;1772,57
9;40,4336632;-3,6942857;2016,98
10;40,42315928;-3,718206567;1422,21
11;40,43296355;-3,691283008;2060,85
12;40,4349358;-3,7147092;2213,43
13;40,43852501;-3,701437129;2406,31
14;40,4336632;-3,6942857;2016,98
15;40,43630188;-3,711186847;2248,22
16;40,42315928;-3,718206567;1422,21
17;40,43243409;-3,693364755;1925,28
18;40,42315928;-3,718206567;1422,21
19;40,43050399;-3,690767176;1854,71
20;40,4336632;-3,6942857;2016,98
21;40,42640189;-3,69331608;1361,24
22;40,42883904;-3,69283545;1602,63
23;40,4288171;-3,6920625;1638,49
24;40,4330613;-3,7010182;1804,79
25;40,43175953;-3,712333175;1808,42
26;40,4336632;-3,6942857;2016,98
27;40,4336632;-3,6942857;2016,98
28;40,43050399;-3,690767176;1854,71
29;40,43945381;-3,696142952;2579,89
30;40,4331414;-3,6981508;1857,73
31;40,4330613;-3,7010182;1804,79
32;40,42315928;-3,718206567;1422,21
33;40,4336632;-3,6942857;2016,98
34;40,4327091;-3,696121397;1861,74
35;40,42981171;-3,623382805;6933,22
36;40,4431893;-3,7108233;2983,14
37;40,4359994;-3,7052328;2123,91
38;40,42315928;-3,718206567;1422,21
39;40,4336632;-3,6942857;2016,98
40;40,4336632;-3,6942857;2016,98
41;40,4288171;-3,6920625;1638,49
42;40,4349358;-3,7147092;2213,43
43;40,42315928;-3,718206567;1422,21
44;40,43276288;-3,701040333;1771,62
45;40,44623324;-3,693511674;3365,38
46;40,43309965;-3,715950006;2081,81
47;40,4336632;-3,6942857;2016,98
48;40,4364524;-3,6963197;2253,44
49;40,42315928;-3,718206567;1422,21
50;40,4351123;-3,705672239;2028,51
51;40,42941469;-3,69866161;1446,59
52;40,4305398;-3,7056806;1522,88
53;40,4336632;-3,6942857;2016,98
54;40,4376551;-3,713123775;2442,23
55;40,43666974;-3,696328664;2276,51
56;40,43649952;-3,700937885;2185,59
57;40,43666974;-3,696328664;2276,51
58;40,43243409;-3,693364755;1925,28
59;40,44660365;-3,692189199;3434,82
60;40,4461072;-3,6909899;3412,04
61;40,42315928;-3,718206567;1422,21
62;40,4336632;-3,6942857;2016,98
63;40,43538515;-3,713144204;2206,44
64;40,44623324;-3,693511674;3365,38
65;40,44600117;-3,713494044;3339,5
66;40,43665205;-3,696417971;2272,6
67;40,43542954;-3,714333004;2250,04
68;40,43277095;-3,701034132;1772,57
69;40,44660365;-3,692189199;3434,82
70;40,42315928;-3,718206567;1422,21
71;40,43304104;-3,699581983;1820,87
72;40,4336632;-3,6942857;2016,98
73;40,4334731;-3,69213965;2075,37
74;40,4336632;-3,6942857;2016,98
75;40,42315928;-3,718206567;1422,21
76;40,4368575;-3,701605;2220,35
77;40,4368575;-3,701605;2220,35
78;40,4368575;-3,701605;2220,35
79;40,4347638;-3,7083155;2022,67
80;40,4389621;-3,705302;2453,04
81;40,4334359;-3,7024953;1836
82;40,4336632;-3,6942857;2016,98
83;40,43168103;-3,702101257;1643,22
84;40,43624068;-3,710118446;2217,22
85;40,4375959;-3,7104879;2370,95
86;40,4336632;-3,6942857;2016,98
87;40,43485649;-3,703643221;1991,92
88;40,43276288;-3,701040333;1771,62
89;40,4293019;-3,7031526;1374,62
90;40,42315928;-3,718206567;1422,21
91;40,4331314;-3,6969593;1883,9
92;40,42315928;-3,718206567;1422,21
93;40,43484947;-3,715516139;2234,94
94;40,4445857;-3,703224921;3073,84
95;40,4368575;-3,701605;2220,35
96;40,4349358;-3,7147092;2213,43
97;40,43276288;-3,701040333;1771,62
98;40,42315928;-3,718206567;1422,21
99;40,43907795;-3,715083375;2648,65
100;40,4280227;-3,6955996;1402,8
101;40,4330613;-3,7010182;1804,79
102;40,4337331;-3,690383242;2173,23
103;40,4302235;-3,6964522;1593,46
104;40,42315928;-3,718206567;1422,21
105;40,4330613;-3,7010182;1804,79
106;40,42315928;-3,718206567;1422,21
107;40,4347638;-3,7083155;2022,67
108;40,42315928;-3,718206567;1422,21
109;40,4292388;-3,70393449;1367,68
110;40,44300322;-3,698522239;2928,54
111;40,42971685;-3,69906178;1469,77
112;40,42315928;-3,718206567;1422,21
113;40,4347638;-3,7083155;2022,67
114;40,4461072;-3,6909899;3412,04
115;40,4292388;-3,70393449;1367,68
116;40,4268284;-3,6937173;1377,48
117;40,42935418;-3,700595374;1402,16
118;40,42315928;-3,718206567;1422,21
119;40,4310262;-3,701144988;1578,89
120;40,4347638;-3,7083155;2022,67
121;40,4431893;-3,7108233;2983,14
122;40,43551899;-3,716623365;2344,36
123;40,4336632;-3,6942857;2016,98
124;40,4336632;-3,6942857;2016,98
125;40,43070484;-3,69480057;1699,11
126;40,42315928;-3,718206567;1422,21
127;40,4339302;-3,694919284;2024,47
128;40,4339302;-3,694919284;2024,47
129;40,42315928;-3,718206567;1422,21
130;40,46249107;-3,682314368;5373,39
131;40,44024116;-3,701005923;2599,4
132;40,4326248;-3,708794589;1799,91
133;40,4327091;-3,696121397;1861,74
134;40,42315928;-3,718206567;1422,21
135;40,44041345;-3,6966524;2673,83
136;40,4336632;-3,6942857;2016,98
137;40,43542954;-3,714333004;2250,04
138;40,4310262;-3,701144988;1578,89
139;40,43276288;-3,701040333;1771,62
140;40,42315928;-3,718206567;1422,21
141;40,4336632;-3,6942857;2016,98
142;40,439479;-3,7079031;2533,16
143;40,43551899;-3,716623365;2344,36
144;40,43852501;-3,701437129;2406,31
145;40,4292388;-3,70393449;1367,68
146;40,43243409;-3,693364755;1925,28
147;40,4363315;-3,7026306;2157,24
148;40,43243409;-3,693364755;1925,28
149;40,42941469;-3,69866161;1446,59
150;40,44660365;-3,692189199;3434,82
151;40,4336632;-3,6942857;2016,98
152;40,43624068;-3,710118446;2217,22
153;40,43575273;-3,698605805;2132,59
154;40,44499978;-3,709112057;3155,43
155;40,4330613;-3,7010182;1804,79
156;40,4431893;-3,7108233;2983,14
157;40,4389621;-3,705302;2453,04
158;40,44247501;-3,69900861;2864,65
159;40,44112726;-3,6960617;2762,36
160;40,42315928;-3,718206567;1422,21
161;40,43168103;-3,702101257;1643,22
162;40,44009364;-3,706433925;2586
163;40,4292388;-3,70393449;1367,68
164;40,43274127;-3,711624666;1885,78
165;40,44009364;-3,706433925;2586
166;40,44247501;-3,69900861;2864,65
167;40,44830297;-3,705209943;3490
168;40,43274127;-3,711624666;1885,78
169;40,4292388;-3,70393449;1367,68
170;40,44024116;-3,701005923;2599,4
171;40,43397766;-3,693557197;2073,57
172;40,43577165;-3,704948857;2097,13
173;40,44499978;-3,709112057;3155,43
174;40,4376551;-3,713123775;2442,23
175;40,4386397;-3,7081597;2444,27
176;40,43945381;-3,696142952;2579,89
177;40,43876862;-3,707343161;2448,34
178;40,44499978;-3,709112057;3155,43
179;40,43243409;-3,693364755;1925,28
180;40,4361882;-3,7076218;2167,91
181;40,44458045;-3,701361941;3078,6
182;40,4363621;-3,6991715;2190,52
183;40,43050399;-3,690767176;1854,71
184;40,43339955;-3,714314051;2045,17
185;40,43624068;-3,710118446;2217,22
186;40,4336632;-3,6942857;2016,98
187;40,4336632;-3,6942857;2016,98
188;40,4336632;-3,6942857;2016,98
189;40,4336632;-3,6942857;2016,98
190;40,42315928;-3,718206567;1422,21
191;40,44009364;-3,706433925;2586
192;40,4330613;-3,7010182;1804,79
193;40,4336632;-3,6942857;2016,98
194;40,42315928;-3,718206567;1422,21
195;40,42315928;-3,718206567;1422,21
196;40,44429798;-3,700534517;3052,25
197;40,4336632;-3,6942857;2016,98
198;40,4310262;-3,701144988;1578,89
199;40,4388179;-3,6961424;2511,35
200;40,42889333;-3,694348456;1539,18
201;40,4431893;-3,7108233;2983,14
202;40,42315928;-3,718206567;1422,21
203;40,434998;-3,7047127;2010,15
204;40,43852501;-3,701437129;2406,31
205;40,42315928;-3,718206567;1422,21
206;40,4363553;-3,7108614;2246,13
207;40,4330613;-3,7010182;1804,79
208;40,43665205;-3,696417971;2272,6
209;40,43626351;-3,691244449;2386,59
210;40,43649952;-3,700937885;2185,59
211;40,4288171;-3,6920625;1638,49
212;40,44112726;-3,6960617;2762,36
213;40,44579187;-3,706162393;3215,62
214;40,4323503;-3,702685716;1714,69
215;40,43542954;-3,714333004;2250,04
216;40,43243409;-3,693364755;1925,28
217;40,43551899;-3,716623365;2344,36
218;40,4336632;-3,6942857;2016,98
219;40,43279915;-3,697355131;1838,84
220;40,4351123;-3,705672239;2028,51
221;40,4292388;-3,70393449;1367,68
222;40,43074387;-3,70305998;1535,1
223;40,4356854;-3,699375978;2113,44
224;40,43173292;-3,702788584;1645,75
225;40,43575273;-3,698605805;2132,59
226;40,4370481;-3,7021798;2238,49
227;40,43666294;-3,697946682;2243,01
228;40,43907795;-3,715083375;2648,65
229;40,4405476;-3,695901307;2702,86
230;40,44623324;-3,693511674;3365,38
231;40,4292388;-3,70393449;1367,68
232;40,44600117;-3,713494044;3339,5
233;40,43175953;-3,712333175;1808,42
234;40,43542954;-3,714333004;2250,04
235;40,4389621;-3,705302;2453,04
236;40,44416147;-3,699921404;3041,89
237;40,4351123;-3,705672239;2028,51
238;40,43538515;-3,713144204;2206,44
239;40,42315928;-3,718206567;1422,21
240;40,4312925;-3,6942101;1779,76
241;40,43575273;-3,698605805;2132,59
242;40,43666294;-3,697946682;2243,01
243;40,43907795;-3,715083375;2648,65
244;40,44660365;-3,692189199;3434,82
245;40,4349358;-3,7147092;2213,43
246;40,43844623;-3,699785121;2411,91
247;40,4326248;-3,708794589;1799,91
248;40,44112726;-3,6960617;2762,36
249;40,44189808;-3,718664603;3056,52
250;40,4376551;-3,713123775;2442,23
251;40,43753645;-3,698632918;2327,02
252;40,43168103;-3,702101257;1643,22
253;40,4349358;-3,7147092;2213,43
254;40,4310262;-3,701144988;1578,89
255;40,43276288;-3,701040333;1771,62
256;40,43274127;-3,711624666;1885,78
257;40,43070484;-3,69480057;1699,11
258;40,4336632;-3,6942857;2016,98
259;40,44024116;-3,701005923;2599,4
260;40,43822337;-3,717798029;2656,89
261;40,4330613;-3,7010182;1804,79
262;40,4405476;-3,695901307;2702,86
263;40,44830297;-3,705209943;3490
264;40,42889333;-3,694348456;1539,18
265;40,44024116;-3,701005923;2599,4
266;40,43109387;-3,709694302;1657,93
267;40,42814306;-3,692569917;1552,7
268;40,42992925;-3,694393509;1637,85
269;40,44499978;-3,709112057;3155,43
270;40,44416147;-3,699921404;3041,89
271;40,44501359;-3,717138513;3327,23
272;40,44024116;-3,701005923;2599,4
273;40,43000277;-3,697690571;1533,85
274;40,43753645;-3,698632918;2327,02
275;40,4342655;-3,7123424;2065,76
276;40,44024116;-3,701005923;2599,4
277;40,43484947;-3,715516139;2234,94
278;40,44300322;-3,698522239;2928,54
279;40,43822337;-3,717798029;2656,89
280;40,43243409;-3,693364755;1925,28
281;40,4301994;-3,6927714;1732,43
282;40,43246703;-3,717519525;2093,62
283;40,4423982;-3,69746209;2876,63
284;40,43380259;-3,70420351;1875,59
285;40,4380069;-3,716186832;2575,8
286;40,4336632;-3,6942857;2016,98
287;40,4303977;-3,7103348;1603,34
288;40,4349358;-3,7147092;2213,43
289;40,44660365;-3,692189199;3434,82
290;40,44660365;-3,692189199;3434,82
291;40,43276288;-3,701040333;1771,62
292;40,43624068;-3,710118446;2217,22
293;40,42954525;-3,699706132;1438,1
294;40,4334118;-3,704980954;1835,4
295;40,43624068;-3,710118446;2217,22
296;40,43945381;-3,696142952;2579,89
297;40,44830297;-3,705209943;3490
298;40,430386;-3,701892108;1501,17
299;40,44600117;-3,713494044;3339,5
300;40,43519982;-3,7068364;2049,35
301;40,436544;-3,7024617;2181,4
302;40,43276288;-3,701040333;1771,62
303;40,428132;-3,6907537;1648,2
304;40,43508698;-3,6939818;2173,21
305;40,43626351;-3,691244449;2386,59
306;40,4339302;-3,694919284;2024,47
307;40,4357719;-3,70052;2109,07
308;40,42315928;-3,718206567;1422,21
309;40,43243409;-3,693364755;1925,28
310;40,4330613;-3,7010182;1804,79
311;40,44024116;-3,701005923;2599,4
312;40,42736788;-3,692989449;1462,53
313;40,4389621;-3,705302;2453,04
314;40,43057973;-3,691038747;1848,32
315;40,44660365;-3,692189199;3434,82
316;40,44185775;-3,70005787;2785,89
317;40,43575273;-3,698605805;2132,59
318;40,43666294;-3,697946682;2243,01
319;40,43274127;-3,711624666;1885,78
320;40,43551899;-3,716623365;2344,36
321;40,4357719;-3,70052;2109,07
322;40,4368784;-3,7018224;2221,4
323;40,4373794;-3,7131022;2412,73
324;40,4336632;-3,6942857;2016,98
325;40,43276288;-3,701040333;1771,62
326;40,43649952;-3,700937885;2185,59
327;40,43309965;-3,715950006;2081,81
328;40,4407762;-3,7128498;2765,2
329;40,4435639;-3,700839459;2968,83
330;40,4310262;-3,701144988;1578,89
331;40,44429798;-3,700534517;3052,25
332;40,43666974;-3,696328664;2276,51
333;40,46249107;-3,682314368;5373,39
334;40,43376236;-3,699111149;1907,18
335;40,44024116;-3,701005923;2599,4
336;40,44501359;-3,717138513;3327,23
337;40,4336632;-3,6942857;2016,98
338;40,43243409;-3,693364755;1925,28
339;40,44429798;-3,700534517;3052,25
340;40,44300322;-3,698522239;2928,54
341;40,4431893;-3,7108233;2983,14
342;40,43542954;-3,714333004;2250,04
343;40,4389621;-3,705302;2453,04
344;40,43538515;-3,713144204;2206,44
345;40,43032695;-3,700979627;1503,74
346;40,4307447;-3,698101006;1601,88
347;40,4336632;-3,6942857;2016,98
348;40,44830297;-3,705209943;3490
349;40,43276288;-3,701040333;1771,62
350;40,4218831;-3,700964217;590,52
351;40,43413206;-3,71128878;2021,2
352;40,42889333;-3,694348456;1539,18
353;40,4356854;-3,699375978;2113,44
354;40,4389621;-3,705302;2453,04
355;40,4339102;-3,7024169;1889
356;40,4389621;-3,705302;2453,04
357;40,4336632;-3,6942857;2016,98
358;40,42315928;-3,718206567;1422,21
359;40,430386;-3,701892108;1501,17
360;40,4343997;-3,7179095;2291,43
361;40,42315928;-3,718206567;1422,21
362;40,4389621;-3,705302;2453,04
363;40,43630188;-3,711186847;2248,22
364;40,4329059;-3,6928882;1990,27
365;40,43243409;-3,693364755;1925,28
366;40,42640189;-3,69331608;1361,24
367;40,43575273;-3,698605805;2132,59
368;40,44499978;-3,709112057;3155,43
369;40,44499978;-3,709112057;3155,43
370;40,43945381;-3,696142952;2579,89
371;40,43945381;-3,696142952;2579,89
372;40,4349358;-3,7147092;2213,43
373;40,4349358;-3,7147092;2213,43
374;40,4327091;-3,696121397;1861,74
375;40,43279915;-3,697355131;1838,84
376;40,42315928;-3,718206567;1422,21
377;40,43413206;-3,71128878;2021,2
378;40,43945381;-3,696142952;2579,89
379;40,43945381;-3,696142952;2579,89
380;40,4427157;-3,7152139;3031,8
381;40,44499978;-3,709112057;3155,43
382;40,4347638;-3,7083155;2022,67
383;40,4349358;-3,7147092;2213,43
384;40,436301;-3,700038292;2172,65
385;40,4315405;-3,7146747;1877,66
386;40,43413206;-3,71128878;2021,2
387;40,43108821;-3,701817097;1579,51
388;40,43747878;-3,698649799;2320,46
389;40,42315928;-3,718206567;1422,21
390;40,44499978;-3,709112057;3155,43
391;40,4461072;-3,6909899;3412,04
392;40,43852501;-3,701437129;2406,31
393;40,43907795;-3,715083375;2648,65
394;40,4389621;-3,705302;2453,04
395;40,43542954;-3,714333004;2250,04
396;40,43626351;-3,691244449;2386,59
397;40,43413206;-3,71128878;2021,2
398;40,43508698;-3,6939818;2173,21
399;40,43626351;-3,691244449;2386,59
400;40,4389621;-3,705302;2453,04
401;40,43050399;-3,690767176;1854,71
402;40,44660365;-3,692189199;3434,82
403;40,43380259;-3,70420351;1875,59
404;40,44499978;-3,709112057;3155,43
405;40,4423982;-3,69746209;2876,63
406;40,4310262;-3,701144988;1578,89
407;40,4431893;-3,7108233;2983,14
408;40,4310262;-3,701144988;1578,89
409;40,4307447;-3,698101006;1601,88
410;40,42246451;-3,707699303;708,44
411;40,4326248;-3,708794589;1799,91
412;40,43309965;-3,715950006;2081,81
413;40,4389621;-3,705302;2453,04
414;40,43551899;-3,716623365;2344,36
415;40,43907795;-3,715083375;2648,65
416;40,43508698;-3,6939818;2173,21
417;40,4368784;-3,7018224;2221,4
418;40,4343166;-3,701282728;1941,16
419;40,4298146;-3,707558961;1471,45
420;40,4323835;-3,7146186;1956,98
421;40,4310262;-3,701144988;1578,89
422;40,4389621;-3,705302;2453,04
423;40,43666974;-3,696328664;2276,51
424;40,44623324;-3,693511674;3365,38
425;40,4349358;-3,7147092;2213,43
426;40,4336632;-3,6942857;2016,98
427;40,4389621;-3,705302;2453,04
428;40,4336632;-3,6942857;2016,98
429;40,44024116;-3,701005923;2599,4
430;40,43000277;-3,697690571;1533,85
431;40,43844623;-3,699785121;2411,91
432;40,43945381;-3,696142952;2579,89
433;40,4347638;-3,7083155;2022,67
434;40,43844623;-3,699785121;2411,91
435;40,43945381;-3,696142952;2579,89
436;40,4423982;-3,69746209;2876,63
437;40,4328148;-3,7098453;1844,2
438;40,4390387;-3,6992008;2484,04
439;40,4431893;-3,7108233;2983,14
440;40,4429212;-3,701008646;2896,49
441;40,43050399;-3,690767176;1854,71
442;40,4389621;-3,705302;2453,04
443;40,42315928;-3,718206567;1422,21
444;40,4336632;-3,6942857;2016,98
445;40,4328318;-3,7038247;1766,95
446;40,4389621;-3,705302;2453,04
447;40,43945381;-3,696142952;2579,89
448;40,44024116;-3,701005923;2599,4
449;40,4389621;-3,705302;2453,04
450;40,4393173;-3,7156031;2689,81
451;40,44024116;-3,701005923;2599,4
452;40,4389621;-3,705302;2453,04
453;40,43050399;-3,690767176;1854,71
454;40,4341481;-3,7168718;2221,85
455;40,43276288;-3,701040333;1771,62
456;40,4458169;-3,7032506;3210,72
457;40,42315928;-3,718206567;1422,21
458;40,43624068;-3,710118446;2217,22
459;40,44501359;-3,717138513;3327,23
460;40,4353554;-3,7123659;2179,88
461;40,44660365;-3,692189199;3434,82
462;40,44499978;-3,709112057;3155,43
463;40,4336632;-3,6942857;2016,98
464;40,4431893;-3,7108233;2983,14
465;40,4349358;-3,7147092;2213,43
466;40,44592335;-3,700944364;3229,87
467;40,42315928;-3,718206567;1422,21
468;40,436301;-3,700038292;2172,65
469;40,4349358;-3,7147092;2213,43
470;40,43551899;-3,716623365;2344,36
471;40,43699261;-3,702546584;2230,96
472;40,4458416;-3,6916991;3365,65
473;40,4389621;-3,705302;2453,04
474;40,44005667;-3,714034841;2719,76
475;40,44024116;-3,701005923;2599,4
476;40,42315928;-3,718206567;1422,21
477;40,4389621;-3,705302;2453,04
478;40,43274127;-3,711624666;1885,78
479;40,44009364;-3,706433925;2586
480;40,435392;-3,714847306;2264,31
481;40,43551899;-3,716623365;2344,36
482;40,4423982;-3,69746209;2876,63
483;40,44429798;-3,700534517;3052,25
484;40,4292388;-3,70393449;1367,68
485;40,4307372;-3,7051894;1540,32
486;40,4349358;-3,7147092;2213,43
487;40,43753645;-3,698632918;2327,02
488;40,4349358;-3,7147092;2213,43
489;40,4323503;-3,702685716;1714,69
490;40,4336632;-3,6942857;2016,98
491;40,43309965;-3,715950006;2081,81
492;40,4322526;-3,7143842;1934,71
493;40,4407215;-3,7139075;2786,3
494;40,43173043;-3,694637616;1808,19
495;40,4330613;-3,7010182;1804,79
496;40,4350606;-3,7005123;2030,66
497;40,4361827;-3,7180083;2465,77
498;40,4349358;-3,7147092;2213,43
499;40,4423982;-3,69746209;2876,63
500;40,43276288;-3,701040333;1771,62
501;40,4336632;-3,6942857;2016,98
502;40,44416147;-3,699921404;3041,89
503;40,42315928;-3,718206567;1422,21
504;40,4336632;-3,6942857;2016,98
505;40,43630188;-3,711186847;2248,22
506;40,4281232;-3,692085;1575,81
507;40,43852501;-3,701437129;2406,31
508;40,43413206;-3,71128878;2021,2
509;40,43666974;-3,696328664;2276,51
510;40,42315928;-3,718206567;1422,21
511;40,43852501;-3,701437129;2406,31
512;40,43519982;-3,7068364;2049,35
513;40,4328113;-3,6993978;1798,72
514;40,4292388;-3,70393449;1367,68
515;40,43907795;-3,715083375;2648,65
516;40,43413206;-3,71128878;2021,2
517;40,42866767;-3,697127775;1411,7
518;40,43649952;-3,700937885;2185,59
519;40,4336632;-3,6942857;2016,98
520;40,43551899;-3,716623365;2344,36
521;40,4415308;-3,6955205;2816,73
522;40,44247501;-3,69900861;2864,65
523;40,43551899;-3,716623365;2344,36
524;40,4267515;-3,6924031;1440,77
525;40,43484947;-3,715516139;2234,94
526;40,42820131;-3,704972517;1257,87
527;40,4345185;-3,7162706;2232,37
528;40,43945381;-3,696142952;2579,89
529;40,43175953;-3,712333175;1808,42
530;40,44376601;-3,714143463;3115,09
531;40,43274127;-3,711624666;1885,78
532;40,43852501;-3,701437129;2406,31
533;40,4323503;-3,702685716;1714,69
534;40,44376601;-3,714143463;3115,09
535;40,42865395;-3,700696723;1324,02
536;40,4339302;-3,694919284;2024,47
537;40,44247501;-3,69900861;2864,65
538;40,43175953;-3,712333175;1808,42
539;40,43175953;-3,712333175;1808,42
540;40,4349358;-3,7147092;2213,43
541;40,4307447;-3,698101006;1601,88
542;40,4372385;-3,7024563;2258,58
543;40,4408172;-3,7156518;2846,26
544;40,4408172;-3,7156518;2846,26
545;40,5064887;-4,232898;45879,26
546;40,43480772;-3,713775366;2167,73
547;40,44499978;-3,709112057;3155,43
548;40,44499978;-3,709112057;3155,43
549;40,44376601;-3,714143463;3115,09
550;40,43624068;-3,710118446;2217,22
551;40,435392;-3,714847306;2264,31
552;40,4334731;-3,69213965;2075,37
553;40,4431893;-3,7108233;2983,14
554;40,4336632;-3,6942857;2016,98
555;40,42315928;-3,718206567;1422,21
556;40,4376551;-3,713123775;2442,23
557;40,48932943;-3,966575523;23668,07
558;40,435392;-3,714847306;2264,31
559;40,43508698;-3,6939818;2173,21
560;40,4281232;-3,692085;1575,81
561;40,43397766;-3,693557197;2073,57
562;40,42570565;-3,712659739;1243,98
563;40,44024116;-3,701005923;2599,4
564;40,44499978;-3,709112057;3155,43
565;40,4336632;-3,6942857;2016,98
566;40,4389621;-3,705302;2453,04
567;40,4349358;-3,7147092;2213,43
568;40,4349358;-3,7147092;2213,43
569;40,4380899;-3,6999172;2371,17
570;40,5064887;-4,232898;45879,26
571;40,4423982;-3,69746209;2876,63
572;40,4423982;-3,69746209;2876,63
573;40,43598866;-3,703359087;2117,84
574;40,4423982;-3,69746209;2876,63
575;40,4380899;-3,6999172;2371,17
576;40,4380899;-3,6999172;2371,17
577;40,43666974;-3,696328664;2276,51
578;40,43538515;-3,713144204;2206,44
579;40,44499978;-3,709112057;3155,43
580;40,43551899;-3,716623365;2344,36
581;40,44185775;-3,70005787;2785,89
582;40,43666294;-3,697946682;2243,01
583;40,43666294;-3,697946682;2243,01
584;40,44185775;-3,70005787;2785,89
585;40,4298146;-3,707558961;1471,45
586;40,44009364;-3,706433925;2586
587;40,4431893;-3,7108233;2983,14
588;40,43611101;-3,698602359;2171,73
589;40,42315928;-3,718206567;1422,21
590;40,44416147;-3,699921404;3041,89
591;40,43484947;-3,715516139;2234,94
592;40,4326418;-3,6990675;1785,93
593;40,44623324;-3,693511674;3365,38
594;40,43538515;-3,713144204;2206,44
595;40,4336632;-3,6942857;2016,98
596;40,43508698;-3,6939818;2173,21
597;40,43243409;-3,693364755;1925,28
598;40,4431893;-3,7108233;2983,14
599;40,43538515;-3,713144204;2206,44
600;40,4349358;-3,7147092;2213,43
601;40,42315928;-3,718206567;1422,21
602;40,43575273;-3,698605805;2132,59
603;40,4389621;-3,705302;2453,04
604;40,43243409;-3,693364755;1925,28
605;40,43413206;-3,71128878;2021,2
606;40,4327443;-3,7033977;1757,07
607;40,4349358;-3,7147092;2213,43
608;40,43575273;-3,698605805;2132,59
609;40,4408172;-3,7156518;2846,26
610;40,43243409;-3,693364755;1925,28
611;40,42315928;-3,718206567;1422,21
612;40,4336632;-3,6942857;2016,98
613;40,43551899;-3,716623365;2344,36
614;40,4396968;-3,6994173;2553,88
615;40,44639435;-3,712288884;3357,82
616;40,42889333;-3,694348456;1539,18
617;40,44247501;-3,69900861;2864,65
618;40,43309965;-3,715950006;2081,81
619;40,42889333;-3,694348456;1539,18
620;40,43611101;-3,698602359;2171,73
621;40,43753645;-3,698632918;2327,02
622;40,44024116;-3,701005923;2599,4
623;40,43276288;-3,701040333;1771,62
624;40,43551899;-3,716623365;2344,36
625;40,44660365;-3,692189199;3434,82
626;40,44660365;-3,692189199;3434,82
627;40,4330613;-3,7010182;1804,79
628;40,42640189;-3,69331608;1361,24
629;40,4334118;-3,704980954;1835,4
630;40,42935418;-3,700595374;1402,16
631;40,4339302;-3,694919284;2024,47
632;40,4310262;-3,701144988;1578,89
633;40,4307447;-3,698101006;1601,88
634;40,4376551;-3,713123775;2442,23
635;40,4370503;-3,7136338;2394,01
636;40,46249107;-3,682314368;5373,39
637;40,44024116;-3,701005923;2599,4
638;40,4364367;-3,7125232;2297,56
639;40,44300322;-3,698522239;2928,54
640;40,44024116;-3,701005923;2599,4
641;40,43243409;-3,693364755;1925,28
642;40,46249107;-3,682314368;5373,39
643;40,4336632;-3,6942857;2016,98
644;40,43551899;-3,716623365;2344,36
645;40,43551899;-3,716623365;2344,36
646;40,43000277;-3,697690571;1533,85
647;40,43397766;-3,693557197;2073,57
648;40,4349358;-3,7147092;2213,43
649;40,4349358;-3,7147092;2213,43
650;40,4389621;-3,705302;2453,04
651;40,43316195;-3,697600833;1871,87
652;40,439479;-3,7079031;2533,16
653;40,46249107;-3,682314368;5373,39
654;40,439479;-3,7079031;2533,16
655;40,42883904;-3,69283545;1602,63
656;40,4461072;-3,6909899;3412,04
657;40,4431893;-3,7108233;2983,14
658;40,44416147;-3,699921404;3041,89
659;40,43276288;-3,701040333;1771,62
660;40,43413206;-3,71128878;2021,2
661;40,43913979;-3,715241667;2660
662;40,42866767;-3,697127775;1411,7
663;40,4327091;-3,696121397;1861,74
664;40,42883904;-3,69283545;1602,63
665;40,4380899;-3,6999172;2371,17
666;40,43243409;-3,693364755;1925,28
667;40,4389621;-3,705302;2453,04
668;40,44185775;-3,70005787;2785,89
669;40,43413206;-3,71128878;2021,2
670;40,43413206;-3,71128878;2021,2
671;40,4423982;-3,69746209;2876,63
672;40,43276288;-3,701040333;1771,62
673;40,44024116;-3,701005923;2599,4
674;40,44024116;-3,701005923;2599,4
675;40,43542954;-3,714333004;2250,04
676;40,44600117;-3,713494044;3339,5
677;40,43484947;-3,715516139;2234,94
678;40,44024116;-3,701005923;2599,4
679;40,43575273;-3,698605805;2132,59
680;40,43000277;-3,697690571;1533,85
681;40,43070484;-3,69480057;1699,11
682;40,43666974;-3,696328664;2276,51
683;40,435392;-3,714847306;2264,31
684;40,43276288;-3,701040333;1771,62
685;40,44499978;-3,709112057;3155,43
686;40,44499978;-3,709112057;3155,43
687;40,44499978;-3,709112057;3155,43
688;40,44499978;-3,709112057;3155,43
689;40,43666974;-3,696328664;2276,51
690;40,44830297;-3,705209943;3490
691;40,43276288;-3,701040333;1771,62
692;40,4380899;-3,6999172;2371,17
693;40,4380899;-3,6999172;2371,17
694;40,4347638;-3,7083155;2022,67
695;40,43575273;-3,698605805;2132,59
696;40,4431893;-3,7108233;2983,14
697;40,4349358;-3,7147092;2213,43
698;40,4336632;-3,6942857;2016,98
699;40,434998;-3,7047127;2010,15
700;40,4336632;-3,6942857;2016,98
701;40,44185831;-3,710998174;2841,78
702;40,43666974;-3,696328664;2276,51
703;40,43907795;-3,715083375;2648,65
704;40,43413206;-3,71128878;2021,2
705;40,43551899;-3,716623365;2344,36
706;40,4431893;-3,7108233;2983,14
707;40,43852501;-3,701437129;2406,31
708;40,43276288;-3,701040333;1771,62
709;40,44623324;-3,693511674;3365,38
710;40,43070484;-3,69480057;1699,11
711;40,4292388;-3,70393449;1367,68
712;40,4431893;-3,7108233;2983,14
713;40,4349358;-3,7147092;2213,43
714;40,44024116;-3,701005923;2599,4
715;40,4431893;-3,7108233;2983,14
716;40,43173043;-3,694637616;1808,19
717;40,4357332;-3,7031575;2089,61
718;40,4461072;-3,6909899;3412,04
719;40,4389621;-3,705302;2453,04
720;40,43413206;-3,71128878;2021,2
721;40,43551899;-3,716623365;2344,36
722;40,43276288;-3,701040333;1771,62
723;40,4288171;-3,6920625;1638,49
724;40,44660365;-3,692189199;3434,82
725;40,43945381;-3,696142952;2579,89
726;40,43666294;-3,697946682;2243,01
727;40,42315928;-3,718206567;1422,21
728;40,4288171;-3,6920625;1638,49
729;40,43413206;-3,71128878;2021,2
730;40,44024116;-3,701005923;2599,4
731;40,4423982;-3,69746209;2876,63
732;40,43000277;-3,697690571;1533,85
733;40,43508698;-3,6939818;2173,21
734;40,4298146;-3,707558961;1471,45
735;40,42746421;-3,689920249;1641,6
736;40,43168103;-3,702101257;1643,22
737;40,44499978;-3,709112057;3155,43
738;40,4336632;-3,6942857;2016,98
739;40,43907795;-3,715083375;2648,65
740;40,44024116;-3,701005923;2599,4
741;40,44024116;-3,701005923;2599,4
742;40,42315928;-3,718206567;1422,21
743;40,4324805;-3,704506;1729,7
744;40,4389621;-3,705302;2453,04
745;40,42315928;-3,718206567;1422,21
746;40,43844623;-3,699785121;2411,91
747;40,44499978;-3,709112057;3155,43
748;40,4389621;-3,705302;2453,04
749;40,43508698;-3,6939818;2173,21
750;40,43243409;-3,693364755;1925,28
751;40,43508698;-3,6939818;2173,21
752;40,4336632;-3,6942857;2016,98
753;40,4300031;-3,7007394;1471,23
754;40,44499978;-3,709112057;3155,43
755;40,4288171;-3,6920625;1638,49
756;40,44024116;-3,701005923;2599,4
757;40,43309965;-3,715950006;2081,81
758;40,43551899;-3,716623365;2344,36
759;40,4327091;-3,696121397;1861,74
760;40,43243409;-3,693364755;1925,28
761;40,4564203;-3,640206622;6927,16
762;40,4564203;-3,640206622;6927,16
763;40,4618893;-3,6433517;7135,14
764;40,4751907;-3,66261;7344,15
765;40,4653474;-3,6505036;7007,32
766;40,4618893;-3,6433517;7135,14
767;40,4724696;-3,6489613;7709,79
768;40,4618893;-3,6433517;7135,14
769;40,4792813;-3,6576306;7945,42
770;40,4931887;-3,6564023;9368,82
771;40,4725491;-3,6425515;8053,15
772;40,4564203;-3,640206622;6927,16
773;40,49022585;-3,658584634;8992,19
774;40,47441293;-3,643351353;8170,96
775;40,47482879;-3,646265983;8056,46
776;40,4931887;-3,6564023;9368,82
777;40,4618893;-3,6433517;7135,14
778;40,4725491;-3,6425515;8053,15
779;40,5069625;-3,6556001;10799,67
780;40,5069625;-3,6556001;10799,67
781;40,49497855;-3,619723971;11205,56
782;40,48254551;-3,630016858;9586,44
783;40,47461456;-3,66133044;7339,78
784;40,4522376;-3,6141158;8524,31
785;40,4564203;-3,640206622;6927,16
786;40,4724696;-3,6489613;7709,79
787;40,4724696;-3,6489613;7709,79
788;40,4655629;-3,650517653;7024,98
789;40,4886881;-3,6621349;8712,52
790;40,4725491;-3,6425515;8053,15
791;40,4564203;-3,640206622;6927,16
792;40,4618893;-3,6433517;7135,14
793;40,4564203;-3,640206622;6927,16
794;40,46080141;-3,650805865;6609,77
795;40,47377278;-3,654197774;7573,33
796;40,47790347;-3,627667553;9335,47
797;40,47193248;-3,653245681;7449,2
798;40,4564203;-3,640206622;6927,16
799;40,4878764;-3,6641765;8561,32
800;40,4825543;-3,6334316;9402,29
801;40,4818094;-3,6164188;10312,64
802;40,4564203;-3,640206622;6927,16
803;40,4564203;-3,640206622;6927,16
804;40,4656681;-3,6342665;7981,66
805;40,4534273;-3,6224037;7974,65
806;40,3223572;-3,7385443;10927,89
807;40,4848318;-3,6348449;9526,65
808;40,45672616;-3,619416396;8380,86
809;40,45653006;-3,647643301;6460,92
810;40,48625235;-3,671224244;8177,11
811;40,45348381;-3,622255127;7988,66
812;40,4564203;-3,640206622;6927,16
813;40,44601453;-3,671259904;4231,69
814;40,498551;-3,6149035;11771,28
815;40,4724696;-3,6489613;7709,79
816;40,4931887;-3,6564023;9368,82
817;40,4856736;-3,6476926;8984,74
818;40,4931887;-3,6564023;9368,82
819;40,4931887;-3,6564023;9368,82
820;40,45764571;-3,635281273;7337,65
821;40,4725491;-3,6425515;8053,15
822;40,47407808;-3,660980976;7302,26
823;40,46525108;-3,63327535;8012,31
824;40,47514911;-3,65461147;7682,55
825;40,45212008;-3,617190207;8288,02
826;40,45222373;-3,608523948;8946,42
827;40,4725491;-3,6425515;8053,15
828;40,4872436;-3,661223;8597,54
829;40,46472792;-3,633255071;7974,72
830;40,45774442;-3,64511193;6709,87
831;40,5062691;-3,6560818;10712,92
832;40,2414192;-3,7062731;19518,74
833;40,26927116;-3,750404971;16894,2
834;40,44601453;-3,671259904;4231,69
835;40,4792813;-3,6576306;7945,42
836;40,46700291;-3,66133927;6612,83
837;40,50035395;-3,654121672;10173,17
838;40,4818094;-3,6164188;10312,64
839;40,4418013;-3,67521693;3658,02
840;40,4598447;-3,627862524;7984,96
841;40,4621278;-3,6296056;8023,55
842;40,4618893;-3,6433517;7135,14
843;40,50035395;-3,654121672;10173,17
844;40,4725491;-3,6425515;8053,15
845;40,48549877;-3,667031652;8224,69
846;40,47193248;-3,653245681;7449,2
847;40,45506482;-3,614898376;8615,68
848;40,4781644;-3,646803447;8329,41
849;40,4877278;-3,666042226;8485,85
850;40,45880977;-3,651682202;6397,06
851;40,48748855;-3,66204321;8593,74
852;40,46199669;-3,657196575;6361,55
853;40,4755173;-3,6386543;8517,89
854;40,4618893;-3,6433517;7135,14
855;40,4564203;-3,640206622;6927,16
856;40,4512551;-3,611712167;8656,75
857;40,46080141;-3,650805865;6609,77
858;40,49246677;-3,612701394;11383,16
859;40,45706215;-3,644254828;6712,85
860;40,4994407;-3,6576931;9959,2
861;40,4931887;-3,6564023;9368,82
862;40,4858467;-3,6503797;8883,89
863;40,4720705;-3,65125;7559,37
864;40,4735412;-3,636222399;8487,81
865;40,46346017;-3,646345277;7083,09
866;40,4676466;-3,6389021;7854,53
867;40,49246677;-3,612701394;11383,16
868;40,4564203;-3,640206622;6927,16
869;40,4564203;-3,640206622;6927,16
870;40,48625235;-3,671224244;8177,11
871;40,4724696;-3,6489613;7709,79
872;40,47389995;-3,649638128;7804,11
873;40,45859035;-3,635211913;7407,45
874;40,45203298;-3,615874595;8381,84
875;40,49869738;-3,652159968;10076,01
876;40,4931887;-3,6564023;9368,82
877;40,48448244;-3,629689626;9768,96
878;40,5058557;-3,652528522;10786,99
879;40,45373737;-3,61907818;8235,27
880;40,49246677;-3,612701394;11383,16
881;40,49022585;-3,658584634;8992,19
882;40,45414467;-3,612631229;8734,36
883;40,99196714;-3,636527508;64188,69
884;40,49603772;-3,65202501;9815,12
885;40,45348381;-3,622255127;7988,66
886;40,4512278;-3,6116945;8656,76
887;40,4521621;-3,6421483;6505,4
888;40,45764571;-3,635281273;7337,65
889;40,45854809;-3,648456502;6566,77
890;40,4591486;-3,6447473;6838,79
891;40,4818094;-3,6164188;10312,64
892;40,45575907;-3,619772714;8298,88
893;40,45940109;-3,629814546;7823,25
894;40,46840029;-3,652826909;7151,6
895;40,45506482;-3,614898376;8615,68
896;40,45348381;-3,622255127;7988,66
897;40,46472792;-3,633255071;7974,72
898;40,4764884;-3,6594029;7601,26
899;40,48549877;-3,667031652;8224,69
900;40,5615453;-3,621393934;17515,01
901;40,49869738;-3,652159968;10076,01
902;40,4656681;-3,6342665;7981,66
903;40,48549877;-3,667031652;8224,69
904;40,49461972;-3,612683893;11561,81
905;40,49461972;-3,612683893;11561,81
906;40,484607;-3,6518491;8702,17
907;40,4621033;-3,6574935;6355,45
908;40,45053496;-3,613702592;8470,28
909;40,46046735;-3,648053141;6742,5
910;40,46525108;-3,63327535;8012,31
911;40,4931887;-3,6564023;9368,82
912;40,48530901;-3,61617455;10602,72
913;40,47486945;-3,637814999;8509,19
914;40,45323483;-3,631179751;7333,11
915;40,45203298;-3,615874595;8381,84
916;40,49352268;-3,654601251;9468,06
917;40,45280687;-3,61245357;8678,32
918;40,46262095;-3,628086345;8158,21
919;40,45373737;-3,61907818;8235,27
920;40,49246677;-3,612701394;11383,16
921;40,45774442;-3,64511193;6709,87
922;40,4200754;-3,8181988;9714,14
923;40,4200754;-3,8181988;9714,14
924;40,4724696;-3,6489613;7709,79
925;40,4725491;-3,6425515;8053,15
926;40,457178;-3,6521383;6239,32
927;40,4662213;-3,6352094;7965,42
928;40,50130717;-3,651481163;10362,82
929;40,4931887;-3,6564023;9368,82
930;40,48993612;-3,606575663;11539,77
931;40,4818094;-3,6164188;10312,64
932;40,4818094;-3,6164188;10312,64
933;40,4818094;-3,6164188;10312,64
934;40,4564203;-3,640206622;6927,16
935;40,45373737;-3,61907818;8235,27
936;40,4818094;-3,6164188;10312,64
937;40,4547734;-3,6150113;8591,46
938;40,4713378;-3,6487618;7619,66
939;40,46080141;-3,650805865;6609,77
940;40,46208644;-3,652100103;6643,6
941;40,4733526;-3,6382458;8358,14
942;40,4764884;-3,6594029;7601,26
943;40,4725491;-3,6425515;8053,15
944;40,50035395;-3,654121672;10173,17
945;40,4818094;-3,6164188;10312,64
946;40,45319378;-3,613591274;8612,94
947;40,47198915;-3,63257425;8573,97
948;40,32235692;-3,738544539;10927,93
949;40,32235692;-3,738544539;10927,93
950;40,32235692;-3,738544539;10927,93
951;40,4931887;-3,6564023;9368,82
952;40,48993612;-3,606575663;11539,77
953;40,48993612;-3,606575663;11539,77
954;40,49281455;-3,668488611;8942,18
955;40,4564203;-3,640206622;6927,16
956;40,4618893;-3,6433517;7135,14
957;40,4702826;-3,6518871;7367
958;40,4709938;-3,6386621;8139,41
959;40,4685785;-3,6451891;7572,08
960;40,32235692;-3,738544539;10927,93
961;40,32235692;-3,738544539;10927,93
962;40,32235692;-3,738544539;10927,93
963;40,32235692;-3,738544539;10927,93
964;40,45373737;-3,61907818;8235,27
965;40,32235692;-3,738544539;10927,93
966;40,32235692;-3,738544539;10927,93
967;40,47759669;-3,628276301;9275,3
968;40,35294654;-3,856487128;14781,34
969;40,47070716;-3,649191178;7541,92
970;40,46020903;-3,632491162;7699,63
971;40,32235692;-3,738544539;10927,93
972;40,32235692;-3,738544539;10927,93
973;40,48448244;-3,629689626;9768,96
974;40,48180335;-3,613287048;10503,21
975;40,48180335;-3,613287048;10503,21
976;40,48180335;-3,613287048;10503,21
977;40,1615755;-3,6200174;29265,6
978;40,48448244;-3,629689626;9768,96
979;40,4564203;-3,640206622;6927,16
980;40,4724696;-3,6489613;7709,79
981;40,49603772;-3,65202501;9815,12
982;40,4818094;-3,6164188;10312,64
983;40,46096369;-3,638098044;7390,43
984;40,468231;-3,6383813;7931,85
985;40,46389844;-3,659098989;6433,96
986;40,4725491;-3,6425515;8053,15
987;40,46799268;-3,640535558;7786,92
988;40,50071249;-3,652568729;10264,02
989;40,49486192;-3,610587764;11700,37
990;40,47441293;-3,643351353;8170,96
991;40,49869738;-3,652159968;10076,01
992;40,4564203;-3,640206622;6927,16
993;40,4931887;-3,6564023;9368,82
994;40,46772596;-3,633915953;8160,04
995;40,48549877;-3,667031652;8224,69
996;40,45925772;-3,637862692;7281,42
997;40,45067201;-3,644315649;6259,27
998;40,49169081;-3,663898332;8962,34
999;40,45323483;-3,631179751;7333,11
1000;40,45323483;-3,631179751;7333,11
1001;40,45764571;-3,635281273;7337,65
1002;40,4618893;-3,6433517;7135,14
1003;40,45335596;-3,656674525;5667,1
1004;40,4564203;-3,640206622;6927,16
1005;40,4725491;-3,6425515;8053,15
1006;40,45672616;-3,619416396;8380,86
1007;40,4725491;-3,6425515;8053,15
1008;40,46486185;-3,630597369;8153,54
1009;40,4660568;-3,638431;7756,92
1010;40,4931887;-3,6564023;9368,82
1011;40,4724696;-3,6489613;7709,79
1012;40,47464577;-3,662011085;7314,98
1013;40,4764884;-3,6594029;7601,26
1014;40,45677522;-3,640472107;6934,92
1015;40,4618893;-3,6433517;7135,14
1016;40,4682736;-3,6542653;7067,87
1017;40,48925938;-3,66553919;8659,74
1018;40,4564203;-3,640206622;6927,16
1019;40,4531326;-3,615524649;8465,45
1020;40,45808616;-3,62987041;7732,13
1021;40,47566355;-3,62853525;9104,97
1022;40,46716682;-3,631120247;8290,45
1023;40,4744432;-3,6380533;8460,16
1024;40,4692975;-3,6626802;6770,33
1025;40,477948;-3,6483434;8235,18
1026;40,473117;-3,635067;8519,09
1027;40,4858467;-3,6503797;8883,89
1028;40,499943;-3,6531693;10165,04
1029;40,4618893;-3,6433517;7135,14
1030;40,4655629;-3,650517653;7024,98
1031;40,49869738;-3,652159968;10076,01
1032;40,47430701;-3,650444706;7801,38
1033;40,48549877;-3,667031652;8224,69
1034;40,47210325;-3,65322509;7465,78
1035;40,49246677;-3,612701394;11383,16
1036;40,46303065;-3,653515987;6646,33
1037;40,4564203;-3,640206622;6927,16
1038;40,49246677;-3,612701394;11383,16
1039;40,47745447;-3,648414922;8186,6
1040;40,48146985;-3,660751236;8036,24
1041;40,4724696;-3,6489613;7709,79
1042;40,478169;-3,646807;8329,65
1043;40,45203298;-3,615874595;8381,84
1044;40,4612842;-3,6456539;6949,54
1045;40,4724696;-3,6489613;7709,79
1046;40,47441293;-3,643351353;8170,96
1047;40,4634225;-3,6464645;7073,14
1048;40,48549877;-3,667031652;8224,69
1049;40,4742819;-3,6395267;8365,36
1050;40,48946794;-3,656322211;8999,2
1051;40,4564203;-3,640206622;6927,16
1052;40,4585681;-3,6479392;6599,47
1053;40,46080141;-3,650805865;6609,77
1054;40,454683;-3,6521557;6042,48
1055;40,4564203;-3,640206622;6927,16
1056;40,45373737;-3,61907818;8235,27
1057;40,4679035;-3,6510648;7198,49
1058;40,4592587;-3,6468176;6720,98
1059;40,4725491;-3,6425515;8053,15
1060;40,48549877;-3,667031652;8224,69
1061;40,4530464;-3,618663618;8228,01
1062;40,4653474;-3,6505036;7007,32
1063;40,4725491;-3,6425515;8053,15
1064;40,4766786;-3,6591929;7628,41
1065;40,45067201;-3,644315649;6259,27
1066;40,4725491;-3,6425515;8053,15
1067;40,4507014;-3,6238867;7715,03
1068;40,459801;-3,6336052;7597,72
1069;40,48549877;-3,667031652;8224,69
1070;40,4564203;-3,640206622;6927,16
1071;40,4564203;-3,640206622;6927,16
1072;40,4733526;-3,6382458;8358,14
1073;40,4564203;-3,640206622;6927,16
1074;40,4725491;-3,6425515;8053,15
1075;40,4707292;-3,6490797;7549,62
1076;40,48549877;-3,667031652;8224,69
1077;40,4618893;-3,6433517;7135,14
1078;40,4564203;-3,640206622;6927,16
1079;40,4618893;-3,6433517;7135,14
1080;40,4653495;-3,6489016;7095,07
1081;40,73288289;-4,011414829;43707,98
1082;40,472225;-3,6442039;7936,35
1083;40,4818094;-3,6164188;10312,64
1084;40,4931887;-3,6564023;9368,82
1085;40,4618893;-3,6433517;7135,14
1086;40,45323483;-3,631179751;7333,11
1087;40,4725491;-3,6425515;8053,15
1088;40,48549877;-3,667031652;8224,69
1089;40,4564203;-3,640206622;6927,16
1090;40,4564203;-3,640206622;6927,16
1091;40,4764884;-3,6594029;7601,26
1092;40,49022585;-3,658584634;8992,19
1093;40,45373737;-3,61907818;8235,27
1094;40,4532356;-3,6134734;8623,93
1095;40,47663088;-3,641064934;8484,36
1096;40,4564203;-3,640206622;6927,16
1097;40,45181002;-3,621385557;7959,9
1098;40,468733;-3,6542371;7110,58
1099;40,4725491;-3,6425515;8053,15
1100;40,4585788;-3,63518;7408,75
1101;40,4564203;-3,640206622;6927,16
1102;40,49361895;-3,610096759;11626,65
1103;40,4818094;-3,6164188;10312,64
1104;40,4612842;-3,6456539;6949,54
1105;40,45319378;-3,613591274;8612,94
1106;40,48549877;-3,667031652;8224,69
1107;40,45774442;-3,64511193;6709,87
1108;40,4564203;-3,640206622;6927,16
1109;40,49022585;-3,658584634;8992,19
1110;40,4831148;-3,6338083;9430,75
1111;40,4725491;-3,6425515;8053,15
1112;40,459801;-3,6336052;7597,72
1113;40,45280687;-3,61245357;8678,32
1114;40,4653365;-3,6619169;6430,76
1115;40,99196714;-3,636527508;64188,69
1116;40,4653365;-3,6619169;6430,76
1117;40,4653365;-3,6619169;6430,76
1118;40,4564203;-3,640206622;6927,16
1119;40,4564203;-3,640206622;6927,16
1120;40,4653365;-3,6619169;6430,76
1121;40,4653474;-3,6505036;7007,32
1122;40,46472792;-3,633255071;7974,72
1123;40,4564203;-3,640206622;6927,16
1124;40,4653495;-3,6489016;7095,07
1125;40,4522376;-3,6141158;8524,31
1126;40,4725491;-3,6425515;8053,15
1127;40,4676;-3,6318611;8276,92
1128;40,48549877;-3,667031652;8224,69
1129;40,48549877;-3,667031652;8224,69
1130;40,4618893;-3,6433517;7135,14
1131;40,459801;-3,6336052;7597,72
1132;40,4725491;-3,6425515;8053,15
1133;40,4618893;-3,6433517;7135,14
1134;40,4569029;-3,6273746;7828,03
1135;40,4550492;-3,64121;6765,2
1136;40,49022585;-3,658584634;8992,19
1137;40,4725491;-3,6425515;8053,15
1138;40,4564203;-3,640206622;6927,16
1139;40,4725491;-3,6425515;8053,15
1140;40,4564203;-3,640206622;6927,16
1141;40,45764571;-3,635281273;7337,65
1142;40,4725491;-3,6425515;8053,15
1143;40,4564203;-3,640206622;6927,16
1144;40,45323483;-3,631179751;7333,11
1145;40,4564203;-3,640206622;6927,16
1146;40,45263412;-3,609180423;8916,71
1147;40,45348381;-3,622255127;7988,66
1148;40,4564203;-3,640206622;6927,16
1149;40,4724696;-3,6489613;7709,79
1150;40,4724696;-3,6489613;7709,79
1151;40,4618893;-3,6433517;7135,14
1152;40,4724696;-3,6489613;7709,79
1153;40,4618893;-3,6433517;7135,14
1154;40,4725491;-3,6425515;8053,15
1155;40,4564203;-3,640206622;6927,16
1156;40,4725491;-3,6425515;8053,15
1157;40,45348381;-3,622255127;7988,66
1158;40,4530464;-3,618663618;8228,01
1159;40,49298677;-3,653056551;9472,7
1160;40,4931887;-3,6564023;9368,82
1161;40,4564203;-3,640206622;6927,16
1162;40,45280687;-3,61245357;8678,32
1163;40,46526299;-3,66182763;6428,07
1164;40,45549168;-3,634125228;7271,26
1165;40,4564203;-3,640206622;6927,16
1166;40,4725491;-3,6425515;8053,15
1167;40,4564203;-3,640206622;6927,16
1168;40,4564203;-3,640206622;6927,16
1169;40,4564203;-3,640206622;6927,16
1170;40,4564203;-3,640206622;6927,16
1171;40,4564203;-3,640206622;6927,16
1172;40,45323483;-3,631179751;7333,11
1173;40,3973755;-3,3612024;29065,98
1174;40,3875018;-3,3216811;32498,37
1175;40,50209129;-3,256530013;38984,77
1176;40,48032264;-3,366562013;29371,08
1177;40,50887938;-3,365685365;30354,38
1178;40,3973755;-3,3612024;29065,98
1179;40,48643271;-3,365784327;29603,73
1180;40,4601643;-3,4878862;18871,8
1181;40,4759768;-3,38318335;27890,92
1182;40,47683096;-3,384075188;27839,98
1183;40,47820517;-3,373263846;28764,63
1184;40,4759768;-3,38318335;27890,92
1185;40,477528;-3,3838595;27876,19
1186;40,4247912;-3,5524171;12821,38
1187;40,4904697;-3,3494295;31055,99
1188;40,49639;-3,378128;28913,67
1189;40,3964494;-3,4909457;18142,85
1190;40,47478584;-3,377167239;28355,87
1191;40,3970061;-3,4878557;18394,8
1192;40,36768762;-3,487707804;19080,2
1193;40,51109667;-3,361465056;30773,35
1194;40,51163807;-3,359838291;30923,13
1195;40,51163807;-3,359838291;30923,13
1196;40,51109667;-3,361465056;30773,35
1197;40,51163807;-3,359838291;30923,13
1198;40,5114203;-3,3599547;30905,68
1199;40,51163807;-3,359838291;30923,13
1200;40,484995;-3,3367182;31946,4
1201;40,4508382;-3,4687784;20222,39
1202;40,47558845;-3,379038024;28222,03
1203;40,4255473;-3,566322631;11653,78
1204;40,4317433;-3,2984856;34325,37
1205;40,4255327;-3,5368156;14144,57
1206;40,4517339;-3,4683584;20275,95
1207;40,4508382;-3,4687784;20222,39
1208;40,4531579;-3,4957062;18043,78
1209;40,4508382;-3,4687784;20222,39
1210;40,4851343;-3,366095985;29541,16
1211;40,47828539;-3,364305785;29503,68
1212;40,4867885;-3,35399792;30577,51
1213;40,4840675;-3,3600934;30002,82
1214;40,5511669;-3,3785156;31277,68
1215;40,4185613;-3,1757268;44681,96
1216;40,5524564;-3,320612;35717,9
1217;40,4262882;-3,5463744;13343,56
1218;40,5082931;-3,354021486;31264,14
1219;40,4879028;-3,3618639;29966,4
1220;40,3099914;-3,4498879;24560,59
1221;40,49167325;-3,35850175;30352,24
1222;40,41860081;-3,539861282;13856,4
1223;40,49502567;-3,3735589;29236,86
1224;40,4853122;-3,3595206;30084,18
1225;40,43243635;-3,528202146;14940,33
1226;40,4167413;-3,1761825;44643,63
1227;40,47873382;-3,366974795;29295,56
1228;40,47507693;-3,38366261;27828,27
1229;40,4139265;-3,2987737;34267,69
1230;40,5544594;-3,325603299;35430,74
1231;40,3948384;-3,4765575;19374,2
1232;40,4535383;-3,4735685;19883,1
1233;40,491154;-3,365657;29754,46
1234;40,4535916;-3,470895;20105,83
1235;40,3859595;-3,3183965;32793,04
1236;40,48628805;-3,36938805;29305,28
1237;40,4916634;-3,3759766;28932,69
1238;40,47762047;-3,36284088;29607,5
1239;40,44808645;-3,337758102;31150,87
1240;40,4740265;-3,3757426;28454,49
1241;40,4884118;-3,3653339;29698,25
1242;40,4413026;-3,5643374;12088,49
1243;40,4517339;-3,4683584;20275,95
1244;40,484995;-3,3367182;31946,4
1245;40,4740265;-3,3757426;28454,49
1246;40,484995;-3,3367182;31946,4
1247;40,3851826;-3,4156547;24630,65
1248;40,4413026;-3,5643374;12088,49
1249;40,484995;-3,3367182;31946,4
1250;40,4916634;-3,3759766;28932,69
1251;40,4255327;-3,5368156;14144,57
1252;40,44655943;-3,475374004;19589,24
1253;40,4255327;-3,5368156;14144,57
1254;40,4517339;-3,4683584;20275,95
1255;40,484995;-3,3367182;31946,4
1256;40,5027257;-3,2534627;39253,47
1257;40,4740265;-3,3757426;28454,49
1258;40,484995;-3,3367182;31946,4
1259;40,5047032;-3,5292199;17683,05
1260;40,42003855;-3,566777532;11581,52
1261;40,4508382;-3,4687784;20222,39
1262;40,4527558;-3,3444052;30653,89
1263;40,4413026;-3,5643374;12088,49
1264;40,484995;-3,3367182;31946,4
1265;40,42003855;-3,566777532;11581,52
1266;40,4508382;-3,4687784;20222,39
1267;40,4508382;-3,4687784;20222,39
1268;40,4266068;-3,5280154;14895,93
1269;40,423394;-3,2634769;37258,54
1270;40,3113785;-3,4483085;24603,6
1271;40,4508382;-3,4687784;20222,39
1272;40,3964169;-3,4872442;18454,27
1273;40,4917659;-3,3655112;29785,12
1274;40,43848449;-3,362317982;28980,3
1275;40,5464757;-3,3312382;34624,55
1276;40,4854287;-3,356920038;30300,37
1277;40,49968871;-3,347734745;31476,59
1278;40,4836843;-3,3562743;30305,54
1279;40,4637003;-3,2681957;37206,19
1280;40,48385722;-3,355583397;30366,9
1281;40,3099914;-3,4498879;24560,59
1282;40,4798051;-3,3679599;29242,56
1283;40,484995;-3,3367182;31946,4
1284;40,42003855;-3,566777532;11581,52
1285;40,4517339;-3,4683584;20275,95
1286;40,42003855;-3,566777532;11581,52
1287;40,4421412;-3,4733139;19685,87
1288;40,3136354;-3,4468841;24591,19
1289;40,3850029;-3,4153816;24656,44
1290;40,4517339;-3,4683584;20275,95
1291;40,4515597;-3,4677124;20325,97
1292;40,4265948;-3,554762081;12638,62
1293;40,5298542;-3,3833502;29851,16
1294;40,45945315;-3,48782235;18857,14
1295;40,39917639;-3,491325332;18074,95
1296;40,3970061;-3,4878557;18394,8
1297;40,4740265;-3,3757426;28454,49
1298;40,4708132;-3,3649705;29269,24
1299;40,39866416;-3,486486177;18488,52
1300;40,4596997;-3,4859265;19019,31
1301;40,4517339;-3,4683584;20275,95
1302;40,4720188;-3,375690235;28410,26
1303;40,4772647;-3,3837774;27875,92
1304;40,4740286;-3,2334937;40278,16
1305;40,41584961;-3,544226583;13486,45
1306;40,44553664;-3,368133391;28564,91
1307;40,4422648;-3,2836168;35653,09
1308;40,48915702;-3,362050112;29987,98
1309;40,4790839;-3,376197508;28546,83
1310;40,4511838;-3,4642039;20609,91
1311;40,484995;-3,3367182;31946,4
1312;40,4600178;-3,465842;20677,6
1313;40,3641049;-3,4836991;19522,3
1314;40,4319651;-3,2988398;34296,56
1315;40,3128608;-3,4476178;24576,79
1316;40,46673936;-3,436656573;23252,95
1317;40,4068495;-3,3628145;28867,72
1318;40,48638215;-3,358978154;30158,61
1319;40,4339131;-3,3006773;34152
1320;40,4413026;-3,5643374;12088,49
1321;40,423802;-3,5552882;12571,85
1322;40,4848959;-3,3606598;29979,32
1323;40,48813246;-3,377278702;28717,17
1324;40,484995;-3,3367182;31946,4
1325;40,484995;-3,3367182;31946,4
1326;40,4766639;-3,38125315;28067,53
1327;40,4123027;-3,449978;21471,61
1328;40,484995;-3,3367182;31946,4
1329;40,484995;-3,3367182;31946,4
1330;40,484995;-3,3367182;31946,4
1331;40,3672048;-3,4919389;18753,06
1332;40,3118621;-3,4481572;24589,2
1333;40,4517339;-3,4683584;20275,95
1334;40,4310876;-3,5418218;13778
1335;40,39553687;-3,490743432;18172,97
1336;40,3992773;-3,4929357;17938,18
1337;40,4734297;-3,2315625;40429,33
1338;40,4740265;-3,3757426;28454,49
1339;40,48550991;-3,359129961;30121,68
1340;40,4508382;-3,4687784;20222,39
1341;40,4740265;-3,3757426;28454,49
1342;40,4856694;-3,361282059;29950,04
1343;40,484995;-3,3367182;31946,4
1344;40,4856694;-3,361282059;29950,04
1345;40,4956209;-3,3782114;28881,08
1346;40,4270188;-3,5333839;14446,14
1347;40,39605088;-3,487447488;18442,32
1348;40,484995;-3,3367182;31946,4
1349;40,484995;-3,3367182;31946,4
1350;40,37546238;-3,488594914;18776,39
1351;40,484995;-3,3367182;31946,4
1352;40,42413873;-3,525040249;15130,42
1353;40,46576229;-3,449408511;22179,64
1354;40,3675729;-3,4855244;19261,05
1355;40,484995;-3,3367182;31946,4
1356;40,4641057;-3,4740728;20113,74
1357;40,46208622;-3,478575809;19687,92
1358;40,4621914;-3,4772858;19796,46
1359;40,484995;-3,3367182;31946,4
1360;40,4765893;-3,3858968;27683,93
1361;40,4191202;-3,1756272;44690,5
1362;40,484995;-3,3367182;31946,4
1363;40,484995;-3,3367182;31946,4
1364;40,4255327;-3,5368156;14144,57
1365;40,4310246;-3,2919883;34871,24
1366;40,4171024;-3,4392946;22369,08
1367;40,42003855;-3,566777532;11581,52
1368;40,4740265;-3,3757426;28454,49
1369;40,3970061;-3,4878557;18394,8
1370;40,484995;-3,3367182;31946,4
1371;40,48639039;-3,366588231;29536,85
1372;40,481663;-3,3641362;29605,99
1373;40,37259575;-3,485070684;19145,82
1374;40,5257435;-3,376671;30179,31
1375;40,4189564;-3,1752083;44725,92
1376;40,4641346;-3,4591123;21339,37
1377;40,53003769;-3,383757941;29828,43
1378;40,42003855;-3,566777532;11581,52
1379;40,484995;-3,3367182;31946,4
1380;40,4517339;-3,4683584;20275,95
1381;40,4910329;-3,3722666;29213,79
1382;40,47478584;-3,377167239;28355,87
1383;40,4517339;-3,4683584;20275,95
1384;40,484995;-3,3367182;31946,4
1385;40,484995;-3,3367182;31946,4
1386;40,4255327;-3,5368156;14144,57
1387;40,484995;-3,3367182;31946,4
1388;40,484995;-3,3367182;31946,4
1389;40,484995;-3,3367182;31946,4
1390;40,4255327;-3,5368156;14144,57
1391;40,484995;-3,3367182;31946,4
1392;40,484995;-3,3367182;31946,4
1393;40,484995;-3,3367182;31946,4
1394;40,484995;-3,3367182;31946,4
1395;40,4508382;-3,4687784;20222,39
1396;40,484995;-3,3367182;31946,4
1397;40,5257435;-3,376671;30179,31
1398;40,47643865;-3,36763089;29183,16
1399;40,42528948;-3,532935339;14470,58
1400;40,4752121;-3,378071694;28292,06
1401;40,55041347;-3,322254489;35496,87
1402;40,41703155;-3,523414719;15247,67
1403;40,5034267;-3,2551132;39136,92
1404;40,484995;-3,3367182;31946,4
1405;40,4790839;-3,376197508;28546,83
1406;40,484995;-3,3367182;31946,4
1407;40,4310246;-3,2919883;34871,24
1408;40,484995;-3,3367182;31946,4
1409;40,484995;-3,3367182;31946,4
1410;40,4867336;-3,3538997;30584,01
1411;40,484995;-3,3367182;31946,4
1412;40,4740265;-3,3757426;28454,49
1413;40,4228628;-3,5677122;11515,87
1414;40,4886056;-3,3751057;28908,32
1415;40,48969275;-3,3616787;30034,14
1416;40,47529324;-3,392177839;27133,63
1417;40,484995;-3,3367182;31946,4
1418;40,42528948;-3,532935339;14470,58
1419;40,484995;-3,3367182;31946,4
1420;40,4996713;-3,2594241;38683,08
1421;40,484995;-3,3367182;31946,4
1422;40,3670041;-3,4922588;18733,8
1423;40,484995;-3,3367182;31946,4
1424;40,4244967;-3,548090436;13184,73
1425;40,41584961;-3,544226583;13486,45
1426;40,4915051;-3,3755104;28965,46
1427;40,4877377;-3,3453232;31314,16
1428;40,484995;-3,3367182;31946,4
1429;40,4508382;-3,4687784;20222,39
1430;40,3991512;-3,4900092;18186,03
1431;40,3670641;-3,4867093;19181,23
1432;40,4864808;-3,3401438;31704,42
1433;40,3806431;-3,493584;18230,33
1434;40,4701293;-3,3696682;28864,7
1435;40,43059198;-3,526773625;15038,58
1436;40,484995;-3,3367182;31946,4
1437;40,3985494;-3,4863366;18502,53
1438;40,53837584;-3,389642028;29785,06
1439;40,484995;-3,3367182;31946,4
1440;40,4517339;-3,4683584;20275,95
1441;40,4255327;-3,5368156;14144,57
1442;40,5949787;-3,3709303;34389,04
1443;40,4878657;-3,3686457;29412,11
1444;40,484995;-3,3367182;31946,4
1445;40,4508382;-3,4687784;20222,39
1446;40,47478584;-3,377167239;28355,87
1447;40,485954;-3,3399862;31703,24
1448;40,42003855;-3,566777532;11581,52
1449;40,484995;-3,3367182;31946,4
1450;40,4508382;-3,4687784;20222,39
1451;40,484995;-3,3367182;31946,4
1452;40,4508382;-3,4687784;20222,39
1453;40,4528563;-3,4638737;20672,25
1454;40,484995;-3,3367182;31946,4
1455;40,4517339;-3,4683584;20275,95
1456;40,4255327;-3,5368156;14144,57
1457;40,484995;-3,3367182;31946,4
1458;40,4879103;-3,3470811;31175,03
1459;40,4785055;-3,3624396;29662,94
1460;40,484995;-3,3367182;31946,4
1461;40,47478584;-3,377167239;28355,87
1462;40,4740265;-3,3757426;28454,49
1463;40,9932932;-3,6385995;64320,47
1464;40,49970093;-3,259799932;38652,97
1465;40,4273988;-3,5377005;14085,25
1466;40,4897398;-3,3587948;30270,6
1467;40,48214372;-3,391326035;27393,99
1468;40,3970061;-3,4878557;18394,8
1469;40,3972492;-3,4892687;18272,75
1470;40,45448726;-3,451278663;21752,95
1471;40,3970061;-3,4878557;18394,8
1472;40,53837584;-3,389642028;29785,06
1473;40,484995;-3,3367182;31946,4
1474;40,4701865;-3,3676114;29036,36
1475;40,48601914;-3,368765946;29348,28
1476;40,4864126;-3,3665083;29544,02
1477;40,484995;-3,3367182;31946,4
1478;40,48487963;-3,358346333;30168,34
1479;40,4517339;-3,4683584;20275,95
1480;40,47797515;-3,393102272;27130,22
1481;40,55419721;-3,379907391;31336,46
1482;40,5532945;-3,379564;31313,27
1483;40,47870992;-3,376177156;28538,54
1484;40,44305886;-3,460971282;20734,38
1485;40,4915022;-3,3757124;28948,99
1486;40,484995;-3,3367182;31946,4
1487;40,4044275;-3,3699445;28277,02
1488;40,3670041;-3,4922588;18733,8
1489;40,3670041;-3,4922588;18733,8
1490;40,49198185;-3,3505177;31011,67
1491;40,4761157;-3,377633783;28351,1
1492;40,4189455;-3,1793693;44373,67
1493;40,4337188;-3,2915587;34921,59
1494;40,4254932;-3,5287238;14827,79
1495;40,4368644;-3,4727517;19659
1496;40,53108766;-3,390171626;29387,43
1497;40,51035364;-3,354836923;31273,83
1498;40,454931;-3,4539591;21539,91
1499;40,485918;-3,364182;29719,92
1500;40,48882438;-3,377613734;28711,11
1501;40,53003769;-3,383757941;29828,43
1502;40,427573;-3,554740995;12650,01
1503;40,4597751;-3,436247;23115,87
1504;40,4363625;-3,4729991;19632,05
1505;40,4901901;-3,3613373;30076,79
1506;40,4987659;-3,3722465;29467,91
1507;40,46291523;-3,46553628;20779,25
1508;40,4574132;-3,485252972;19013,03
1509;40,4956209;-3,3782114;28881,08
1510;40,4913141;-3,3655935;29764,53
1511;40,47489775;-3,37634255;28426,63
1512;40,484995;-3,3367182;31946,4
1513;40,4175464;-3,1748932;44752,55
1514;40,484995;-3,3367182;31946,4
1515;40,484995;-3,3367182;31946,4
1516;40,47529324;-3,392177839;27133,63
1517;40,4346547;-3,2995211;34254,17
1518;40,4508382;-3,4687784;20222,39
1519;40,4315919;-3,5399703;13940,1
1520;40,51163807;-3,359838291;30923,13
1521;40,4798051;-3,3679599;29242,56
1522;40,3651208;-3,4846144;19414,43
1523;40,4517339;-3,4683584;20275,95
1524;40,4914679;-3,3655327;29774,2
1525;40,5299822;-3,3838271;29820,54
1526;40,4310246;-3,2919883;34871,24
1527;40,3950483;-3,483912754;18753,55
1528;40,484995;-3,3367182;31946,4
1529;40,4310246;-3,2919883;34871,24
1530;40,4561426;-3,4821205;19238,38
1531;40,4045227;-3,4770144;19227,26
1532;40,484995;-3,3367182;31946,4
1533;40,4290637;-3,5316193;14614,06
1534;40,46876852;-3,364139905;29292,9
1535;40,42631751;-3,549168532;13108,02
1536;40,5485665;-3,319925844;35591,33
1537;40,48874345;-3,367383492;29541,06
1538;40,4508382;-3,4687784;20222,39
1539;40,401094;-3,3554004;29527,5
1540;40,5536562;-3,3244662;35479,33
1541;40,4250139;-3,5232769;15284,8
1542;40,4649934;-3,2679627;37245,72
1543;40,39410881;-3,477088753;19340,17
1544;40,48367353;-3,395547991;27095,45
1545;40,501006;-3,2579186;38841,9
1546;40,42003855;-3,566777532;11581,52
1547;40,4255327;-3,5368156;14144,57
1548;40,4913141;-3,3655935;29764,53
1549;40,55041347;-3,322254489;35496,87
1550;40,48504874;-3,344140931;31337,98
1551;40,5034267;-3,2551132;39136,92
1552;40,4746945;-3,38199415;27955,89
1553;40,4222843;-3,5596501;12194,06
1554;40,46198986;-3,450831913;21964
1555;40,423385;-3,545077;13432,26
1556;40,484995;-3,3367182;31946,4
1557;40,55784259;-3,327906011;35419,24
1558;40,4605448;-3,4892706;18769,35
1559;40,47219397;-3,37202221;28717,56
1560;40,47326517;-3,372341277;28716,71
1561;40,4517339;-3,4683584;20275,95
1562;40,553311;-3,3796191;31310,08
1563;40,4867336;-3,3538997;30584,01
1564;40,3974353;-3,4928053;17972,96
1565;40,4517339;-3,4683584;20275,95
1566;40,3670041;-3,4922588;18733,8
1567;40,4852877;-3,3652223;29616,95
1568;40,484995;-3,3367182;31946,4
1569;40,484995;-3,3367182;31946,4
1570;40,484995;-3,3367182;31946,4
1571;40,42003855;-3,566777532;11581,52
1572;40,46275016;-3,436765538;23142,99
1573;40,5074483;-3,3699321;29962,8
1574;40,4307013;-3,2922813;34844,95
1575;40,4508382;-3,4687784;20222,39
1576;40,484995;-3,3367182;31946,4
1577;40,484995;-3,3367182;31946,4
1578;40,484995;-3,3367182;31946,4
1579;40,484995;-3,3367182;31946,4
1580;40,484995;-3,3367182;31946,4
1581;40,3927164;-3,4837699;18801,26
1582;40,3992938;-3,4837932;18707,61
1583;40,4640464;-3,4374016;23122,49
1584;40,484995;-3,3367182;31946,4
1585;40,3131703;-3,4470536;24602,77
1586;40,4594992;-3,4404299;22763,22
1587;40,31156;-3,4482531;24598,08
1588;40,3961047;-3,4856127;18595,69
1589;40,484995;-3,3367182;31946,4
1590;40,416638;-3,5431654;13575,7
1591;40,4915022;-3,3757124;28948,99
1592;40,484995;-3,3367182;31946,4
1593;40,48848784;-3,377091537;28743,24
1594;40,39329106;-3,492321553;18075,45
1595;40,3906315;-3,4093088;25083,71
1596;40,2766809;-4,30948;53668,43
1597;40,4290637;-3,5316193;14614,06
1598;40,484995;-3,3367182;31946,4
1599;40,42413873;-3,525040249;15130,42
1600;40,4159567;-3,5737831;10984,22
1601;40,39917639;-3,491325332;18074,95
1602;40,4255852;-3,263192;37287,53
1603;40,4316257;-3,2890143;35125,62
1604;40,47764469;-3,375884248;28534,56
1605;40,484995;-3,3367182;31946,4
1606;40,4273243;-3,5363195;14201,09
1607;40,51163807;-3,359838291;30923,13
1608;40,4398264;-3,3566952;29466,85
1609;40,46190546;-3,45711246;21444,65
1610;40,4517339;-3,4683584;20275,95
1611;40,481633;-3,3781532;28456,11
1612;40,4917659;-3,3655112;29785,12
1613;40,47427239;-3,363602976;29462,63
1614;40,4915022;-3,3757124;28948,99
1615;40,4775506;-3,380334;28166,36
1616;40,423385;-3,545077;13432,26
1617;40,50983291;-3,359254016;30902,31
1618;40,6013651;-3,3727597;34676,76
1619;40,47529324;-3,392177839;27133,63
1620;40,4414517;-3,5317222;14794,9
1621;40,4316257;-3,2890143;35125,62
1622;40,37546238;-3,488594914;18776,39
1623;40,55314084;-3,326557949;35295,05
1624;40,4508382;-3,4687784;20222,39
1625;40,4517339;-3,4683584;20275,95
1626;40,48526916;-3,365241787;29614,83
1627;40,42018806;-3,523491353;15245,09
1628;40,4982659;-3,2479569;39590,52
1629;40,50255058;-3,36030585;30558,09
1630;40,4883325;-3,3636151;29836,07
1631;40,4169404;-3,1767974;44591,5
1632;40,4255274;-3,5302894;14695,78
1633;40,4874794;-3,35790364;30277,65
1634;40,484995;-3,3367182;31946,4
1635;40,484995;-3,3367182;31946,4
1636;40,484995;-3,3367182;31946,4
1637;40,4722899;-3,3728293;28653,12
1638;40,4517339;-3,4683584;20275,95
1639;40,36773768;-3,487579898;19088,97
1640;40,440526;-3,3621296;29015,39
1641;40,4517339;-3,4683584;20275,95
1642;40,484995;-3,3367182;31946,4
1643;40,42822247;-3,538420153;14032,34
1644;40,49510743;-3,377627814;28911,03
1645;40,4331568;-3,2852883;35448,53
1646;40,484995;-3,3367182;31946,4
1647;40,48834773;-3,360822724;30064,33
1648;40,4508382;-3,4687784;20222,39
1649;40,42003855;-3,566777532;11581,52
1650;40,484995;-3,3367182;31946,4
1651;40,39710766;-3,49208579;18037,9
1652;40,4517339;-3,4683584;20275,95
1653;40,484995;-3,3367182;31946,4
1654;40,48442277;-3,393803532;27260,12
1655;40,47819601;-3,369199165;29098,68
1656;40,39231504;-3,482018344;18954,5
1657;40,484995;-3,3367182;31946,4
1658;40,47515567;-3,375983438;28462,69
1659;40,484995;-3,3367182;31946,4
1660;40,42558678;-3,55007762;13025,13
1661;40,48910275;-3,3588304;30248,96
1662;40,484995;-3,3367182;31946,4
1663;40,4791198;-3,3651113;29458,84
1664;40,4656843;-3,4655867;20852,61
1665;40,4848836;-3,6504802;8787,37
1666;40,484995;-3,3367182;31946,4
1667;40,48834773;-3,360822724;30064,33
1668;40,41860081;-3,539861282;13856,4
1669;40,4968828;-3,36349106;30111,26
1670;40,484995;-3,3367182;31946,4
1671;40,48308779;-3,349477612;30847,71
1672;40,5019073;-3,255190081;39089,85
1673;40,44745013;-3,348384608;30249,33
1674;40,484995;-3,3367182;31946,4
1675;40,54673005;-3,32449385;35155,61
1676;40,5034267;-3,2551132;39136,92
1677;40,4310246;-3,2919883;34871,24
1678;40,4283556;-3,5293465;14798,76
1679;40,4600021;-3,4362937;23117,18
1680;40,5034267;-3,2551132;39136,92
1681;40,5034267;-3,2551132;39136,92
1682;40,4890599;-3,366189;29647,82
1683;40,4508382;-3,4687784;20222,39
1684;40,4517339;-3,4683584;20275,95
1685;40,42439985;-3,52600999;15049,99
1686;40,39400639;-3,482133673;18918,34
1687;40,43841019;-3,468294338;20053,45
1688;40,4239784;-3,5605148;12131,48
1689;40,484995;-3,3367182;31946,4
1690;40,4450373;-3,471566;19879,96
1691;40,41681245;-3,555930565;12494,97
1692;40,484995;-3,3367182;31946,4
1693;40,4255327;-3,5368156;14144,57
1694;40,48212015;-3,369498383;29178,57
1695;40,4508382;-3,4687784;20222,39
1696;40,4468357;-3,4728357;19806,15
1697;40,4790839;-3,376197508;28546,83
1698;40,484995;-3,3367182;31946,4
1699;40,48548782;-3,36731873;29451,25
1700;40,4175464;-3,1748932;44752,55
1701;40,42983583;-3,529595211;14792,67
1702;40,46425729;-3,480047566;19630,53
1703;40,4675682;-3,2688662;37211,58
1704;40,47633922;-3,376727305;28431,44
1705;40,5082575;-3,2117594;42824,56
1706;40,4649934;-3,2679627;37245,72
1707;40,484995;-3,3367182;31946,4
1708;40,4517339;-3,4683584;20275,95
1709;40,4487675;-3,6846292;3883,32
1710;40,3136354;-3,4468841;24591,19
1711;40,49488988;-3,361398396;30216,57
1712;40,48998352;-3,36032212;30153,33
1713;40,553311;-3,3796191;31310,08
1714;40,53837584;-3,389642028;29785,06
1715;40,42175632;-3,540014756;13852,2
1716;40,48638215;-3,358978154;30158,61
1717;40,41584961;-3,544226583;13486,45
1718;40,48184855;-3,35519036;30345,67
1719;40,5569296;-3,373723;31940,74
1720;40,4828169;-3,364445112;29611,87
1721;40,4467577;-3,4744333;19671,41
1722;40,48242036;-3,36527233;29533,24
1723;40,4720188;-3,375690235;28410,26
1724;40,53003769;-3,383757941;29828,43
1725;40,42589856;-3,522964682;15317,16
1726;40,4508382;-3,4687784;20222,39
1727;40,48572545;-3,3558833;30393,51
1728;40,484995;-3,3367182;31946,4
1729;40,484995;-3,3367182;31946,4
1730;40,42413873;-3,525040249;15130,42
1731;40,5059664;-3,3693466;29954,9
1732;40,4622868;-3,4846306;19198,71
1733;40,484995;-3,3367182;31946,4
1734;40,4508382;-3,4687784;20222,39
1735;40,481663;-3,3641362;29605,99
1736;40,50063951;-3,346673195;31593,27
1737;40,3990458;-3,486678742;18467,64
1738;40,4487675;-3,6846292;3883,32
1739;40,4517339;-3,4683584;20275,95
1740;40,484995;-3,3367182;31946,4
1741;40,4741983;-3,2338093;40254,72
1742;40,4609095;-3,4754681;19909,98
1743;40,5550441;-3,3248242;35518,13
1744;40,484995;-3,3367182;31946,4
1745;40,484995;-3,3367182;31946,4
1746;40,367034;-3,4915376;18791,16
1747;40,42631751;-3,549168532;13108,02
1748;40,5144364;-3,3735087;29949,03
1749;40,484995;-3,3367182;31946,4
1750;40,4487675;-3,6846292;3883,32
1751;40,484995;-3,3367182;31946,4
1752;40,55192297;-3,374858957;31589,52
1753;40,4310246;-3,2919883;34871,24
1754;40,49179505;-3,340542471;31819,96
1755;40,484995;-3,3367182;31946,4
1756;40,5593894;-3,37298;32129,13
1757;40,424141;-3,53404743;14369,07
1758;40,4179795;-3,524949181;15118,09
1759;40,484995;-3,3367182;31946,4
1760;40,3956124;-3,4901709;18219,93
1761;40,3826238;-3,4161853;24629,12
1762;40,553311;-3,3796191;31310,08
1763;40,4114366;-3,4593715;20679,35
1764;40,484995;-3,3367182;31946,4
1765;40,47734804;-3,374522754;28638,82
1766;40,4628895;-3,4369722;23129,32
1767;40,5455518;-3,337331;34113,62
1768;40,42616071;-3,559236363;12257,19
1769;40,42120807;-3,521303129;15433,24
1770;40,3993565;-3,4777174;19218,56
1771;40,4165489;-4,199859;42018,75
1772;40,4336462;-3,2897482;35074,22
1773;40,4740265;-3,3757426;28454,49
1774;40,4336462;-3,2897482;35074,22
1775;40,49179505;-3,340542471;31819,96
1776;40,4028306;-3,3625429;28912,37
1777;40,4028306;-3,3625429;28912,37
1778;40,4028306;-3,3625429;28912,37
1779;40,40253;-3,3612355;29024,79
1780;40,4508382;-3,4687784;20222,39
1781;40,484995;-3,3367182;31946,4
1782;40,3113785;-3,4483085;24603,6
1783;40,5046174;-3,2523077;39399,26
1784;40,4820561;-3,3572408;30182,66
1785;40,48076193;-3,370443544;29064,13
1786;40,3136354;-3,4468841;24591,19
1787;40,4517339;-3,4683584;20275,95
1788;40,4188211;-3,1790145;44403,68
1789;40,484995;-3,3367182;31946,4
1790;40,48945705;-3,35935145;30216,87
1791;40,3913568;-3,48716;18540
1792;40,4310011;-3,289077;35117,32
1793;40,4310011;-3,289077;35117,32
1794;40,4310011;-3,289077;35117,32
1795;40,48834975;-3,35849405;30254,48
1796;40,4310011;-3,289077;35117,32
1797;40,4310011;-3,289077;35117,32
1798;40,4310011;-3,289077;35117,32
1799;40,4589056;-3,443938;22459,19
1800;40,4044275;-3,3699445;28277,02
1801;40,4508382;-3,4687784;20222,39
1802;40,46068406;-3,442901263;22586,5
1803;40,454931;-3,4539591;21539,91
1804;40,41885229;-3,573242334;11031,26
1805;40,49502567;-3,3735589;29236,86
1806;40,4803451;-3,3929927;27205,85
1807;40,42677263;-3,530973215;14647,56
1808;40,51233861;-3,370079144;30137,18
1809;40,48510535;-3,35978908;30056,44
1810;40,51233861;-3,370079144;30137,18
1811;40,4179795;-3,524949181;15118,09
1812;40,4432769;-3,3626622;28999,2
1813;40,4628895;-3,4369722;23129,32
1814;40,4628895;-3,4369722;23129,32
1815;40,4628895;-3,4369722;23129,32
1816;40,4628895;-3,4369722;23129,32
1817;40,5497577;-3,379162;31155,32
1818;40,5497577;-3,379162;31155,32
1819;40,3670041;-3,4922588;18733,8
1820;40,5497577;-3,379162;31155,32
1821;40,4237334;-3,5610079;12088,11
1822;40,54952436;-3,378490659;31193,1
1823;40,5497577;-3,379162;31155,32
1824;40,5497577;-3,379162;31155,32
1825;40,5497577;-3,379162;31155,32
1826;40,42144878;-3,535783302;14208,94
1827;40,4790839;-3,376197508;28546,83
1828;40,48442277;-3,393803532;27260,12
1829;40,3974212;-3,4909181;18131,79
1830;40,4406907;-3,4660157;20276,09
1831;40,4406907;-3,4660157;20276,09
1832;40,4382061;-3,4686935;20017,24
1833;40,4382061;-3,4686935;20017,24
1834;40,4517339;-3,4683584;20275,95
1835;40,41922482;-3,543810919;13523,13
1836;40,50193983;-3,345302379;31746,59
1837;40,50193983;-3,345302379;31746,59
1838;40,50193983;-3,345302379;31746,59
1839;40,50193983;-3,345302379;31746,59
1840;40,50193983;-3,345302379;31746,59
1841;40,50193983;-3,345302379;31746,59
1842;40,50193983;-3,345302379;31746,59
1843;40,4163327;-3,5438339;13519,26
1844;40,51268323;-3,357525731;31146,47
1845;40,5460955;-3,3726284;31455,64
1846;40,3156527;-3,4470197;24476,72
1847;40,5137373;-3,3609549;30914,4
1848;40,51268323;-3,357525731;31146,47
1849;40,3156527;-3,4470197;24476,72
1850;40,50240655;-3,38373862;28675,59
1851;40,3156527;-3,4470197;24476,72
1852;40,3156527;-3,4470197;24476,72
1853;40,3156527;-3,4470197;24476,72
1854;40,3156527;-3,4470197;24476,72
1855;40,3672664;-3,48511105;19304,37
1856;40,3672664;-3,48511105;19304,37
1857;40,47444326;-3,380525914;28070,5
1858;40,4028306;-3,3625429;28912,37
1859;40,3669575;-3,4861978;19226,14
1860;40,51142676;-3,360454535;30866,16
1861;40,3669575;-3,4861978;19226,14
1862;40,4628895;-3,4369722;23129,32
1863;40,4028306;-3,3625429;28912,37
1864;40,4628895;-3,4369722;23129,32
1865;40,475182;-3,372369;28761,27
1866;40,3672664;-3,48511105;19304,37
1867;40,4628895;-3,4369722;23129,32
1868;40,3669575;-3,4861978;19226,14
1869;40,4028306;-3,3625429;28912,37
1870;40,4662994;-3,4358689;23306,2
1871;40,51316098;-3,3708065;30111,8
1872;40,4662994;-3,4358689;23306,2
1873;40,50779082;-3,381677228;29041,95
1874;40,51316098;-3,3708065;30111,8
1875;40,3664808;-3,4876402;19124,78
1876;40,3664808;-3,4876402;19124,78
1877;40,3664808;-3,4876402;19124,78
1878;40,4348776;-3,3612673;29039,41
1879;40,4552265;-3,4557977;21393,82
1880;40,4552265;-3,4557977;21393,82
1881;40,3989479;-3,486451;18488
1882;40,4552265;-3,4557977;21393,82
1883;40,4552265;-3,4557977;21393,82
1884;40,4552265;-3,4557977;21393,82
1885;40,4310246;-3,2919883;34871,24
1886;40,4310246;-3,2919883;34871,24
1887;40,4552265;-3,4557977;21393,82
1888;40,3670041;-3,4922588;18733,8
1889;40,4310246;-3,2919883;34871,24
1890;40,4552265;-3,4557977;21393,82
1891;40,4552265;-3,4557977;21393,82
1892;40,4310246;-3,2919883;34871,24
1893;40,4857553;-3,367834582;29416,76
1894;40,4206435;-3,5562843;12471,45
1895;40,5133883;-3,3202847;34148,59
1896;40,47796628;-3,39519217;26958,79
1897;40,47796628;-3,39519217;26958,79
1898;40,47796628;-3,39519217;26958,79
1899;40,4364261;-3,4706778;19828,12
1900;40,4364261;-3,4706778;19828,12
1901;40,38170483;-3,422394698;24126,35
1902;40,47796628;-3,39519217;26958,79
1903;40,47796628;-3,39519217;26958,79
1904;40,50063951;-3,346673195;31593,27
1905;40,47796628;-3,39519217;26958,79
1906;40,4239929;-3,5362969;14178,04
1907;40,4517339;-3,4683584;20275,95
1908;40,3670041;-3,4922588;18733,8
1909;40,3864986;-3,4266357;23689,21
1910;40,3951566;-3,4766052;19365,7
1911;40,3951566;-3,4766052;19365,7
1912;40,484995;-3,3367182;31946,4
1913;40,3951566;-3,4766052;19365,7
1914;40,3951566;-3,4766052;19365,7
1915;40,3951566;-3,4766052;19365,7
1916;40,45497521;-3,445682761;22228,12
1917;40,4301189;-3,2926015;34815,24
1918;40,4549502;-3,4455516;22238,49
1919;40,4301189;-3,2926015;34815,24
1920;40,4549502;-3,4455516;22238,49
1921;40,4662994;-3,4358689;23306,2
1922;40,46626993;-3,435998968;23294,73
1923;40,4672471;-3,4367347;23259,96
1924;40,5441268;-3,3793808;30848,02
1925;40,5441268;-3,3793808;30848,02
1926;40,4672471;-3,4367347;23259,96
1927;40,4662994;-3,4358689;23306,2
1928;40,50779082;-3,381677228;29041,95
1929;40,50779082;-3,381677228;29041,95
1930;40,4672471;-3,4367347;23259,96
1931;40,4672471;-3,4367347;23259,96
1932;40,4210877;-3,5221366;15362,32
1933;40,54310928;-3,379904339;30757,09
1934;40,54310928;-3,379904339;30757,09
1935;40,4000892;-3,4776336;19217,4
1936;40,42120807;-3,521303129;15433,24
1937;40,4000892;-3,4776336;19217,4
1938;40,48008332;-3,384686163;27878,02
1939;40,484995;-3,3367182;31946,4
1940;40,4517339;-3,4683584;20275,95
1941;40,4508382;-3,4687784;20222,39
1942;40,4508382;-3,4687784;20222,39
1943;40,4508382;-3,4687784;20222,39
1944;40,4508382;-3,4687784;20222,39
1945;40,4310246;-3,2919883;34871,24
1946;40,4171024;-3,4392946;22369,08
1947;40,4508382;-3,4687784;20222,39
1948;40,50063951;-3,346673195;31593,27
1949;40,484995;-3,3367182;31946,4
1950;40,50685363;-3,38292922;28906,64
1951;40,50685363;-3,38292922;28906,64
1952;40,50685363;-3,38292922;28906,64
1953;40,440882;-3,466144;20268,07
1954;40,50063951;-3,346673195;31593,27
1955;40,440882;-3,466144;20268,07
1956;40,50063951;-3,346673195;31593,27
1957;40,50063951;-3,346673195;31593,27
1958;40,50193983;-3,345302379;31746,59
1959;40,50193983;-3,345302379;31746,59
1960;40,50193983;-3,345302379;31746,59
1961;40,50193983;-3,345302379;31746,59
1962;40,48901987;-3,357870632;30324,85
1963;40,4517339;-3,4683584;20275,95
1964;40,4517339;-3,4683584;20275,95
1965;40,4508382;-3,4687784;20222,39
1966;40,442624;-3,4665167;20262,93
1967;40,5426634;-3,3325003;34353,65
1968;40,50676017;-3,372871866;29702,98
1969;40,4508382;-3,4687784;20222,39
1970;40,5068559;-3,369971;29937,75
1971;40,4310246;-3,2919883;34871,24
1972;40,5101826;-3,355793539;31191,21
1973;40,5101826;-3,355793539;31191,21
1974;40,5101826;-3,355793539;31191,21
1975;40,4983;-3,3521653;31073,3
1976;40,5114203;-3,3599547;30905,68
1977;40,4983;-3,3521653;31073,3
1978;40,5114203;-3,3599547;30905,68
1979;40,5114203;-3,3599547;30905,68
1980;40,5114203;-3,3599547;30905,68
1981;40,51516046;-3,388448921;28804,78
1982;40,480888;-3,3694276;29150,9
1983;40,41414166;-3,550320586;12973,89
1984;40,4237334;-3,5610079;12088,11
1985;40,48639039;-3,366588231;29536,85
1986;40,5257435;-3,376671;30179,31
1987;40,484995;-3,3367182;31946,4
1988;40,4517339;-3,4683584;20275,95
1989;40,484995;-3,3367182;31946,4
1990;40,4508382;-3,4687784;20222,39
1991;40,4517339;-3,4683584;20275,95
1992;40,484995;-3,3367182;31946,4
1993;40,484995;-3,3367182;31946,4
1994;40,484995;-3,3367182;31946,4
1995;40,4740265;-3,3757426;28454,49
1996;40,4740265;-3,3757426;28454,49
1997;40,4255327;-3,5368156;14144,57
1998;40,481663;-3,3641362;29605,99
1999;40,48643271;-3,365784327;29603,73
2000;40,484995;-3,3367182;31946,4
2001;40,4517339;-3,4683584;20275,95
2002;40,484995;-3,3367182;31946,4
2003;40,4517339;-3,4683584;20275,95
2004;40,484995;-3,3367182;31946,4
2005;40,484995;-3,3367182;31946,4
2006;40,4517339;-3,4683584;20275,95
2007;40,398488;-3,4902476;18174,23
2008;40,5047032;-3,5292199;17683,05
2009;40,484995;-3,3367182;31946,4
2010;40,484995;-3,3367182;31946,4
2011;40,3670041;-3,4922588;18733,8
2012;40,484995;-3,3367182;31946,4
2013;40,484995;-3,3367182;31946,4
2014;40,484995;-3,3367182;31946,4
2015;40,484995;-3,3367182;31946,4
2016;40,48805914;-3,353555213;30649,62
2017;40,461267;-3,480538;19504,29
2018;40,4740265;-3,3757426;28454,49
2019;40,47882178;-3,372027922;28882,38
2020;40,41728285;-3,526604197;14977,67
2021;40,4487675;-3,6846292;3883,32
2022;40,3136354;-3,4468841;24591,19
2023;40,484995;-3,3367182;31946,4
2024;40,45703244;-3,479141875;19506,25
2025;40,484995;-3,3367182;31946,4
2026;40,484995;-3,3367182;31946,4
2027;40,42003855;-3,566777532;11581,52
2028;40,4508382;-3,4687784;20222,39
2029;40,4569938;-3,4814027;19319,04
2030;40,484995;-3,3367182;31946,4
2031;40,49032231;-3,372619706;29163,06
2032;40,484995;-3,3367182;31946,4
2033;40,46183715;-3,465452777;20757,1
2034;40,4517339;-3,4683584;20275,95
2035;40,484995;-3,3367182;31946,4
2036;40,484995;-3,3367182;31946,4
2037;40,4740265;-3,3757426;28454,49
2038;40,484995;-3,3367182;31946,4
2039;40,484995;-3,3367182;31946,4
2040;40,4987562;-3,3666656;29917,05
2041;40,41689968;-3,522891352;15291,99
2042;40,47683096;-3,384075188;27839,98
2043;40,427138;-3,535321019;14283,69
2044;40,4508382;-3,4687784;20222,39
2045;40,47764469;-3,375884248;28534,56
2046;40,7395957;-3,0375249;66714,54
2047;40,4508382;-3,4687784;20222,39
2048;40,4867885;-3,35399792;30577,51
2049;40,3970061;-3,4878557;18394,8
2050;40,4589611;-3,4775916;19683,54
2051;40,42484549;-3,527210435;14951,31
2052;40,5482363;-3,3754248;31355,13
2053;40,48332494;-3,36678027;29434,47
2054;40,3803743;-3,4760299;19688,87
2055;40,46312419;-3,487144193;19018,35
2056;40,49359954;-3,362175816;30112,9
2057;40,5480906;-3,3787107;31101,89
2058;40,4487675;-3,6846292;3883,32
2059;40,428624;-3,525908476;15091,25
2060;40,396079;-3,4891588;18298,19
2061;40,4864126;-3,3665083;29544,02
2062;40,48735959;-3,360486064;30063,21
2063;40,45705859;-3,478579295;19553,27
2064;40,5101826;-3,355793539;31191,21
2065;40,484995;-3,3367182;31946,4
2066;40,43254928;-3,529290648;14850,26
2067;40,50063951;-3,346673195;31593,27
2068;40,53003769;-3,383757941;29828,43
2069;40,4508382;-3,4687784;20222,39
2070;40,48874853;-3,353250204;30694,26
2071;40,484995;-3,3367182;31946,4
2072;40,46198986;-3,450831913;21964
2073;40,4276576;-3,5315089;14609,94
2074;40,4268339;-3,5605074;12156,45
2075;40,48541133;-3,356740415;30314,6
2076;40,5579756;-3,3757149;31850,67
2077;40,4884861;-3,3538701;30636,09
2078;40,3970061;-3,4878557;18394,8
2079;40,5537455;-3,3800952;31298,23
2080;40,4475984;-3,463126;20630,51
2081;40,48214102;-3,36687501;29394,21
2082;40,484995;-3,3367182;31946,4
2083;40,4255327;-3,5368156;14144,57
2084;40,484995;-3,3367182;31946,4
2085;40,4431694;-3,3711037;28287,23
2086;40,484995;-3,3367182;31946,4
2087;40,42003855;-3,566777532;11581,52
2088;40,484995;-3,3367182;31946,4
2089;40,484995;-3,3367182;31946,4
2090;40,484995;-3,3367182;31946,4
2091;40,4752298;-3,3765517;28417,73
2092;40,484995;-3,3367182;31946,4
2093;40,50983291;-3,359254016;30902,31
2094;40,484995;-3,3367182;31946,4
2095;40,484995;-3,3367182;31946,4
2096;40,42413873;-3,525040249;15130,42
2097;40,5133883;-3,3202847;34148,59
2098;40,3822874;-3,418965;24402,55
2099;40,484995;-3,3367182;31946,4
2100;40,4346547;-3,2995211;34254,17
2101;40,4880414;-3,3659939;29633,5
2102;40,4440029;-3,3607003;29172,47
2103;40,4508382;-3,4687784;20222,39
2104;40,484995;-3,3367182;31946,4
2105;40,3657029;-3,48813805;19110,19
2106;40,48768228;-3,360922038;30036,91
2107;40,41728285;-3,526604197;14977,67
2108;40,45721943;-3,476350888;19740,96
2109;40,4944805;-3,3256329;33115,07
2110;40,48458413;-3,351684316;30706,41
2111;40,4508382;-3,4687784;20222,39
2112;40,4033924;-3,3602078;29106,36
2113;40,4655691;-3,4420471;22779,1
2114;40,4655691;-3,4420471;22779,1
2115;40,4310246;-3,2919883;34871,24
2116;40,461267;-3,480538;19504,29
2117;40,4508382;-3,4687784;20222,39
2118;40,39727449;-3,482069562;18877,72
2119;40,49581003;-3,372375949;29358,23
2120;40,42120807;-3,521303129;15433,24
2121;40,48526916;-3,365241787;29614,83
2122;40,3877648;-3,4182457;24373,2
2123;40,5588022;-3,3735993;32051,5
2124;40,5133883;-3,3202847;34148,59
2125;40,4234899;-3,5482519;13164,52
2126;40,39729338;-3,490979626;18128,34
2127;40,43226851;-3,528190955;14939,15
2128;40,4310246;-3,2919883;34871,24
2129;40,484995;-3,3367182;31946,4
2130;40,484995;-3,3367182;31946,4
2131;40,4413026;-3,5643374;12088,49
2132;40,484995;-3,3367182;31946,4
2133;40,484995;-3,3367182;31946,4
2134;40,409881;-3,4698788;19796,53
2135;40,3898101;-3,4888304;18427,83
2136;40,42474174;-3,531597595;14579,9
2137;40,4536604;-3,466713737;20454,01
2138;40,4517339;-3,4683584;20275,95
2139;40,3821881;-3,4085428;25276,11
2140;40,4237334;-3,5610079;12088,11
2141;40,484995;-3,3367182;31946,4
2142;40,4405831;-3,4687695;20043,45
2143;40,484995;-3,3367182;31946,4
2144;40,4487675;-3,6846292;3883,32
2145;40,484995;-3,3367182;31946,4
2146;40,484995;-3,3367182;31946,4
2147;40,4740265;-3,3757426;28454,49
2148;40,484995;-3,3367182;31946,4
2149;40,4785055;-3,3624396;29662,94
2150;40,484995;-3,3367182;31946,4
2151;40,4867336;-3,3538997;30584,01
2152;40,4790839;-3,376197508;28546,83
2153;40,484995;-3,3367182;31946,4
2154;40,4255327;-3,5368156;14144,57
2155;40,446888;-3,472801777;19809,95
2156;40,5030117;-3,3740124;29474,89
2157;40,481954;-3,363981;29626,55
2158;40,4255327;-3,5368156;14144,57
2159;40,4413026;-3,5643374;12088,49
2160;40,484995;-3,3367182;31946,4
2161;40,484995;-3,3367182;31946,4
2162;40,4467577;-3,4744333;19671,41
2163;40,4785055;-3,3624396;29662,94
2164;40,4785055;-3,3624396;29662,94
2165;40,4785055;-3,3624396;29662,94
2166;40,3944463;-3,4871138;18493,85
2167;40,4785311;-3,3765244;28505,27
2168;40,4785311;-3,3765244;28505,27
2169;40,4867336;-3,3538997;30584,01
2170;40,4310246;-3,2919883;34871,24
2171;40,4316257;-3,2890143;35125,62
2172;40,424141;-3,53404743;14369,07
2173;40,424141;-3,53404743;14369,07
2174;40,4508382;-3,4687784;20222,39
2175;40,3821881;-3,4085428;25276,11
2176;40,5257435;-3,376671;30179,31
2177;40,484995;-3,3367182;31946,4
2178;40,4552265;-3,4557977;21393,82
2179;40,4552265;-3,4557977;21393,82
2180;40,424141;-3,53404743;14369,07
2181;40,4552265;-3,4557977;21393,82
2182;40,4857553;-3,367834582;29416,76
2183;40,4301189;-3,2926015;34815,24
2184;40,3990439;-3,4868417;18453,95
2185;40,4886056;-3,3751057;28908,32
2186;40,484995;-3,3367182;31946,4
2187;40,49510743;-3,377627814;28911,03
2188;40,4368644;-3,4727517;19659
2189;40,5013587;-3,364085192;30213,22
2190;40,5257435;-3,376671;30179,31
2191;40,401094;-3,3554004;29527,5
2192;40,50193983;-3,345302379;31746,59
2193;40,50193983;-3,345302379;31746,59
2194;40,484995;-3,3367182;31946,4
2195;40,5441268;-3,3793808;30848,02
2196;40,4467577;-3,4744333;19671,41
2197;40,49510743;-3,377627814;28911,03
2198;40,54310928;-3,379904339;30757,09
2199;40,4310246;-3,2919883;34871,24
2200;40,3451316;-3,7526549;9004,41
2201;40,4417044;-3,4598075;20811,66
2202;40,4517339;-3,4683584;20275,95
2203;40,4517339;-3,4683584;20275,95
2204;40,5542616;-3,3799704;31335,29
2205;40,4399397;-3,3698309;28360,43
2206;40,39917639;-3,491325332;18074,95
2207;40,4310246;-3,2919883;34871,24
2208;40,4785055;-3,3624396;29662,94
2209;40,484995;-3,3367182;31946,4
2210;40,47783598;-3,39256319;27170,56
2211;40,49563383;-3,373066295;29296,67
2212;40,47616586;-3,368284818;29122,45
2213;40,47616586;-3,368284818;29122,45
2214;40,47616586;-3,368284818;29122,45
2215;40,484995;-3,3367182;31946,4
2216;40,49581003;-3,372375949;29358,23
2217;40,484995;-3,3367182;31946,4
2218;40,484995;-3,3367182;31946,4
2219;40,484995;-3,3367182;31946,4
2220;40,484995;-3,3367182;31946,4
2221;40,484995;-3,3367182;31946,4
2222;40,5105933;-3,3662784;30371,61
2223;40,4890599;-3,366189;29647,82
2224;40,4517339;-3,4683584;20275,95
2225;40,47653583;-3,386176595;27659,53
2226;40,48735959;-3,360486064;30063,21
2227;40,4987562;-3,3666656;29917,05
2228;40,48771053;-3,354610626;30553,42
2229;40,484995;-3,3367182;31946,4
2230;40,484995;-3,3367182;31946,4
2231;40,4740265;-3,3757426;28454,49
2232;40,484995;-3,3367182;31946,4
2233;40,484995;-3,3367182;31946,4
2234;40,4740265;-3,3757426;28454,49
2235;40,47764469;-3,375884248;28534,56
2236;40,4953002;-3,3757934;29065,47
2237;40,49755807;-3,350249364;31204,77
2238;40,4635532;-3,4364936;23185,1
2239;40,49755807;-3,350249364;31204,77
2240;40,4515597;-3,4677124;20325,97
2241;40,484995;-3,3367182;31946,4
2242;40,484995;-3,3367182;31946,4
2243;40,484995;-3,3367182;31946,4
2244;40,484995;-3,3367182;31946,4
2245;40,47764469;-3,375884248;28534,56
2246;40,47821298;-3,380533616;28167,56
2247;40,4508382;-3,4687784;20222,39
2248;40,4269601;-3,5298482;14744,07
2249;40,484995;-3,3367182;31946,4
2250;40,4255327;-3,5368156;14144,57
2251;40,4517339;-3,4683584;20275,95
2252;40,484995;-3,3367182;31946,4
2253;40,4206435;-3,5562843;12471,45
2254;40,4889819;-3,3600118;30149,04
2255;40,4861008;-3,364296;29715,81
2256;40,484995;-3,3367182;31946,4
2257;40,4255327;-3,5368156;14144,57
2258;40,484995;-3,3367182;31946,4
2259;40,484995;-3,3367182;31946,4
2260;40,38209805;-3,41287855;24914,91
2261;40,484995;-3,3367182;31946,4
2262;40,484995;-3,3367182;31946,4
2263;40,4517339;-3,4683584;20275,95
2264;40,47529324;-3,392177839;27133,63
2265;40,4740265;-3,3757426;28454,49
2266;40,484995;-3,3367182;31946,4
2267;40,42003855;-3,566777532;11581,52
2268;40,4884861;-3,3538701;30636,09
2269;40,484995;-3,3367182;31946,4
2270;40,484995;-3,3367182;31946,4
2271;40,47584569;-3,373361385;28696,07
2272;40,484995;-3,3367182;31946,4
2273;40,4243091;-3,5462654;13337,63
2274;40,47529324;-3,392177839;27133,63
2275;40,484995;-3,3367182;31946,4
2276;40,37546238;-3,488594914;18776,39
2277;40,54719361;-3,337642057;34166,38
2278;40,397018;-3,483754;18739,45
2279;40,46079645;-3,4886904;18823,99
2280;40,4404443;-3,3609327;29115,49
2281;40,39891061;-3,489404305;18239,9
2282;40,4641057;-3,4740728;20113,74
2283;40,3963201;-3,4871079;18467,07
2284;40,43129476;-3,531125621;14680,33
2285;40,5047032;-3,5292199;17683,05
2286;40,46208622;-3,478575809;19687,92
2287;40,484995;-3,3367182;31946,4
2288;40,4343283;-3,3006185;34159,44
2289;40,4508382;-3,4687784;20222,39
2290;40,48504874;-3,344140931;31337,98
2291;40,44447044;-3,47193823;19839,1
2292;40,47035894;-3,361671785;29532,43
2293;40,4517339;-3,4683584;20275,95
2294;40,484995;-3,3367182;31946,4
2295;40,4421121;-3,360443;29173,62
2296;40,4299516;-3,5295526;14797,5
2297;40,4561426;-3,4821205;19238,38
2298;40,402798;-3,3700064;28281,62
2299;40,484995;-3,3367182;31946,4
2300;40,5473036;-3,3275089;34949,52
2301;40,4282812;-3,529878;14753,24
2302;40,4532553;-3,453210752;21566,62
2303;40,42964674;-3,561582189;12098,12
2304;40,458496;-3,4788818;19565,27
2305;40,42003855;-3,566777532;11581,52
2306;40,5025848;-3,2552011;39107,04
2307;40,4877895;-3,353359;30658
2308;40,42589856;-3,522964682;15317,16
2309;40,51179337;-3,353878605;31403,41
2310;40,4508382;-3,4687784;20222,39
2311;40,4867885;-3,35399792;30577,51
2312;40,54500778;-3,337086624;34107,2
2313;40,4528172;-3,4685762;20281,05
2314;40,5482363;-3,3754248;31355,13
2315;40,484995;-3,3367182;31946,4
2316;40,4309993;-3,2921396;34858,33
2317;40,4516377;-3,4639168;20643,1
2318;40,3987101;-3,4780512;19197,99
2319;40,3099914;-3,4498879;24560,59
2320;40,4517339;-3,4683584;20275,95
2321;40,4487675;-3,6846292;3883,32
2322;40,4255327;-3,5368156;14144,57
2323;40,46041041;-3,46515344;20744,36
2324;40,484995;-3,3367182;31946,4
2325;40,39916263;-3,493160747;17920,66
2326;40,5047032;-3,5292199;17683,05
2327;40,4255327;-3,5368156;14144,57
2328;40,484995;-3,3367182;31946,4
2329;40,48860329;-3,37286486;29090,56
2330;40,484995;-3,3367182;31946,4
2331;40,3942427;-3,476225;19410,72
2332;40,5528905;-3,3273839;35220,07
2333;40,4238632;-3,5700041;11329,1
2334;40,4517339;-3,4683584;20275,95
2335;40,4264719;-3,5275589;14933,42
2336;40,4517339;-3,4683584;20275,95
2337;40,4170035;-3,5407544;13779,73
2338;40,42003855;-3,566777532;11581,52
2339;40,484995;-3,3367182;31946,4
2340;40,48442277;-3,393803532;27260,12
2341;40,4904367;-3,3682881;29518,6
2342;40,46591639;-3,445703076;22487,93
2343;40,4109525;-3,4615192;20499,35
2344;40,5496792;-3,3233708;35377,15
2345;40,3991523;-3,4800281;19026,31
2346;40,4851343;-3,366095985;29541,16
2347;40,36620257;-3,490723362;18884,57
2348;40,4058215;-3,704027629;1237,38
2349;40,39930584;-3,696198753;2056,89
2350;40,37608123;-3,682332742;4885,17
2351;40,40503825;-3,72039062;1947,18
2352;40,2889186;-3,7939133;16165,42
2353;40,41460304;-3,707033746;394,94
2354;40,39647601;-3,690962934;2512,07
2355;40,39770805;-3,694298673;2276,99
2356;40,39720233;-3,69982021;2217,34
2357;40,3967843;-3,6900384;2515,61
2358;40,4000232;-3,7017654;1887,27
2359;40,40201645;-3,692885643;1888,4
2360;40,3950981;-3,6994819;2453,03
2361;40,40353595;-3,695516309;1637,72
2362;40,40361259;-3,701348859;1493,66
2363;40,3874917;-3,68963407;3479,63
2364;40,63195736;-4,00295406;34815,76
2365;40,39608944;-3,692481149;2500,22
2366;40,2889186;-3,7939133;16165,42
2367;40,4048322;-3,713675771;1597,56
2368;40,399437;-3,703089905;1946,92
2369;40,39770805;-3,694298673;2276,99
2370;40,4018483;-3,703153;1678,74
2371;40,4039856;-3,6934118;1675,97
2372;41,0303483;-3,6255785;68523,11
2373;40,4030849;-3,6947843;1709,4
2374;40,39770805;-3,694298673;2276,99
2375;40,39628732;-3,695478473;2395,69
2376;40,3950981;-3,6994819;2453,03
2377;40,38398739;-3,686295595;3944,21
2378;40,3967843;-3,6900384;2515,61
2379;40,40364604;-3,689074417;1919,06
2380;40,40340351;-3,708532281;1564,09
2381;40,40872715;-3,716634148;1437,55
2382;40,2516963;-3,8353021;21503,21
2383;40,40009374;-3,697267256;1947
2384;40,4057995;-3,7186854;1784,11
2385;40,40277735;-3,689133024;1991,4
2386;40,396737;-3,697786368;2298,72
2387;40,4040749;-3,7059572;1445,61
2388;40,4057995;-3,7186854;1784,11
2389;40,40398709;-3,690757033;1801,06
2390;40,40398709;-3,690757033;1801,06
2391;40,4047056;-3,690934616;1728,5
2392;40,4030791;-3,703037;1542,14
2393;40,3913653;-3,6914084;3023,47
2394;40,39905438;-3,70665991;2006,76
2395;40,39257346;-3,695706155;2789,44
2396;40,40733861;-3,694553129;1310,49
2397;40,4057995;-3,7186854;1784,11
2398;40,40240133;-3,689882348;1987,1
2399;40,3961194;-3,6928401;2485,91
2400;40,3914432;-3,6949558;2926,79
2401;40,4030849;-3,6947843;1709,4
2402;40,4025226;-3,6960679;1723,26
2403;40,37608123;-3,682332742;4885,17
2404;40,4034257;-3,702325;1506,47
2405;40,40656031;-3,721875908;1935,71
2406;40,39066793;-3,692505116;3067,01
2407;40,39770805;-3,694298673;2276,99
2408;40,390808;-3,690721778;3101,67
2409;40,4003534;-3,7040681;1845,24
2410;40,4012622;-3,6989703;1785,74
2411;40,39770805;-3,694298673;2276,99
2412;40,4030849;-3,6947843;1709,4
2413;40,38634166;-3,691711;3546,69
2414;40,40404643;-3,692140728;1727,8
2415;40,39861261;-3,696000119;2135,47
2416;40,40229792;-3,690836839;1950,83
2417;40,3969729;-3,6942173;2356,24
2418;40,4519777;-3,8092487;9759,34
2419;40,40240133;-3,689882348;1987,1
2420;40,40733861;-3,694553129;1310,49
2421;40,39861261;-3,696000119;2135,47
2422;40,41205379;-3,719839096;1484,38
2423;40,41114336;-3,719518554;1499,83
2424;40,3975906;-3,698084;2200,62
2425;40,40656031;-3,721875908;1935,71
2426;40,4064457;-3,7126147;1398,14
2427;40,40277735;-3,689133024;1991,4
2428;40,3975906;-3,698084;2200,62
2429;40,38848811;-3,69341309;3277,82
2430;40,41114336;-3,719518554;1499,83
2431;40,4057995;-3,7186854;1784,11
2432;40,3858854;-3,6875651;3708,43
2433;40,39770805;-3,694298673;2276,99
2434;40,39930584;-3,696198753;2056,89
2435;40,39770805;-3,694298673;2276,99
2436;40,3963756;-3,69903955;2318,29
2437;40,38398739;-3,686295595;3944,21
2438;40,40362173;-3,694732501;1657,76
2439;40,39861261;-3,696000119;2135,47
2440;40,39514568;-3,69839306;2462,37
2441;40,4024242;-3,7087908;1674,86
2442;40,3967843;-3,6900384;2515,61
2443;40,40656031;-3,721875908;1935,71
2444;40,40398709;-3,690757033;1801,06
2445;40,4025226;-3,6960679;1723,26
2446;40,39770805;-3,694298673;2276,99
2447;40,38848811;-3,69341309;3277,82
2448;40,41205379;-3,719839096;1484,38
2449;40,39905438;-3,70665991;2006,76
2450;40,40340351;-3,708532281;1564,09
2451;40,4012622;-3,6989703;1785,74
2452;40,39628732;-3,695478473;2395,69
2453;40,4103413;-3,7186622;1476,96
2454;40,40276645;-3,69885091;1625,25
2455;40,40276645;-3,69885091;1625,25
2456;40,39770805;-3,694298673;2276,99
2457;40,4004662;-3,7089406;1888,65
2458;40,40364604;-3,689074417;1919,06
2459;40,390808;-3,690721778;3101,67
2460;40,3952481;-3,694154;2539,47
2461;40,3914432;-3,6949558;2926,79
2462;40,401882;-3,693852257;1864,19
2463;40,40398709;-3,690757033;1801,06
2464;40,39861261;-3,696000119;2135,47
2465;40,4003534;-3,7040681;1845,24
2466;40,3948339;-3,6964084;2531,16
2467;40,40276645;-3,69885091;1625,25
2468;40,40296248;-3,699110425;1598,84
2469;40,40276645;-3,69885091;1625,25
2470;40,39673135;-3,696866551;2317,04
2471;40,40276645;-3,69885091;1625,25
2472;40,4042611;-3,7108215;1539,57
2473;40,3967843;-3,6900384;2515,61
2474;40,37608123;-3,682332742;4885,17
2475;40,38398739;-3,686295595;3944,21
2476;40,39770805;-3,694298673;2276,99
2477;40,40194244;-3,701625897;1675,7
2478;40,41460304;-3,707033746;394,94
2479;40,41370047;-3,711200781;743,22
2480;40,3920567;-3,694639045;2867,67
2481;40,39478054;-3,700123554;2481,11
2482;40,40656031;-3,721875908;1935,71
2483;40,41114336;-3,719518554;1499,83
2484;40,40398709;-3,690757033;1801,06
2485;40,39391598;-3,696585506;2627,02
2486;40,4003768;-3,703718629;1842,14
2487;40,40462475;-3,697227209;1469,81
2488;40,37608123;-3,682332742;4885,17
2489;41,0303483;-3,6255785;68523,11
2490;40,41185197;-3,72054134;1547,92
2491;40,41286149;-3,719226367;1404,7
2492;40,41370047;-3,711200781;743,22
2493;40,38970764;-3,693261;3150,64
2494;40,41460304;-3,707033746;394,94
2495;40,4042436;-3,7004983;1435,15
2496;40,40872715;-3,716634148;1437,55
2497;40,396274;-3,693012433;2464,6
2498;40,4032005;-3,692412012;1794,49
2499;40,38667436;-3,694289822;3455,35
2500;40,38667436;-3,694289822;3455,35
2501;40,38667436;-3,694289822;3455,35
2502;40,38667436;-3,694289822;3455,35
2503;40,38667436;-3,694289822;3455,35
2504;40,39770805;-3,694298673;2276,99
2505;40,4129316;-3,718385633;1334,91
2506;40,40284783;-3,71332125;1773,27
2507;40,40055334;-3,688368883;2228,85
2508;40,4030849;-3,6947843;1709,4
2509;40,39257346;-3,695706155;2789,44
2510;40,3949714;-3,691668749;2641,3
2511;40,3949714;-3,691668749;2641,3
2512;40,3949714;-3,691668749;2641,3
2513;40,3949714;-3,691668749;2641,3
2514;40,3949714;-3,691668749;2641,3
2515;40,3949714;-3,691668749;2641,3
2516;40,3949714;-3,691668749;2641,3
2517;40,3949714;-3,691668749;2641,3
2518;40,3949714;-3,691668749;2641,3
2519;41,0303483;-3,6255785;68523,11
2520;40,4129316;-3,718385633;1334,91
2521;40,40398709;-3,690757033;1801,06
2522;40,40277735;-3,689133024;1991,4
2523;40,40398709;-3,690757033;1801,06
2524;40,41205379;-3,719839096;1484,38
2525;40,56095605;-3,887455882;22324,39
2526;40,4040749;-3,7059572;1445,61
2527;40,4045753;-3,7208295;2009,47
2528;40,4064457;-3,7126147;1398,14
2529;40,40144425;-3,696229453;1830,7
2530;40,40462107;-3,700361825;1396,04
2531;40,39762225;-3,701385093;2155,98
2532;40,4034758;-3,701678961;1505,6
2533;40,4040749;-3,7059572;1445,61
2534;40,4048264;-3,694181379;1562,34
2535;40,3936363;-3,696932635;2650,99
2536;40,40656031;-3,721875908;1935,71
2537;40,40773043;-3,71717497;1544,37
2538;40,3950981;-3,6994819;2453,03
2539;40,4057995;-3,7186854;1784,11
2540;40,40537815;-3,705116895;1293
2541;40,4064457;-3,7126147;1398,14
2542;40,3863076;-3,6864802;3699,61
2543;40,40121005;-3,717624371;2117,95
2544;40,4057995;-3,7186854;1784,11
2545;40,40384135;-3,702189812;1461,2
2546;40,4131162;-3,7208961;1531,04
2547;40,40246915;-3,691136737;1920,98
2548;40,39637;-3,698644858;2324,61
2549;40,3924359;-3,696457284;2789,98
2550;40,3914432;-3,6949558;2926,79
2551;40,4030849;-3,6947843;1709,4
2552;40,40473895;-3,715003635;1669,17
2553;40,3914432;-3,6949558;2926,79
2554;40,39770805;-3,694298673;2276,99
2555;40,3948339;-3,6964084;2531,16
2556;40,3948339;-3,6964084;2531,16
2557;40,38747618;-3,693875546;3376,88
2558;40,40364604;-3,689074417;1919,06
2559;40,39861261;-3,696000119;2135,47
2560;40,3967843;-3,6900384;2515,61
2561;40,4030849;-3,6947843;1709,4
2562;40,40194244;-3,701625897;1675,7
2563;40,38751531;-3,692777545;3396,37
2564;40,39905438;-3,70665991;2006,76
2565;40,40581295;-3,713056882;1477,51
2566;40,4026763;-3,7009335;1601,47
2567;40,388627;-3,6951427;3227,58
2568;40,40053905;-3,691574098;2085,85
2569;40,3882259;-3,691019;3364,17
2570;40,41114336;-3,719518554;1499,83
2571;40,40276625;-3,703199468;1576,61
2572;40,40277735;-3,689133024;1991,4
2573;40,40158573;-3,696200599;1816,73
2574;40,40733861;-3,694553129;1310,49
2575;40,3989813;-3,698359254;2044,55
2576;40,40364604;-3,689074417;1919,06
2577;40,40527313;-3,693599017;1545,94
2578;40,3911936;-3,6934558;2987,42
2579;40,40840982;-3,72039089;1714,49
2580;40,39478054;-3,700123554;2481,11
2581;40,39770805;-3,694298673;2276,99
2582;40,37608123;-3,682332742;4885,17
2583;40,41114336;-3,719518554;1499,83
2584;40,40158573;-3,696200599;1816,73
2585;40,40733861;-3,694553129;1310,49
2586;40,41205379;-3,719839096;1484,38
2587;40,39930584;-3,696198753;2056,89
2588;40,40034227;-3,70406009;1846,47
2589;40,41185197;-3,72054134;1547,92
2590;40,4040749;-3,7059572;1445,61
2591;40,4025226;-3,6960679;1723,26
2592;40,40277735;-3,689133024;1991,4
2593;40,3882259;-3,691019;3364,17
2594;40,4034257;-3,702325;1506,47
2595;40,40540897;-3,71965558;1873,55
2596;40,4129316;-3,718385633;1334,91
2597;40,40656031;-3,721875908;1935,71
2598;40,40263306;-3,707413184;1624,9
2599;40,39628732;-3,695478473;2395,69
2600;40,40733861;-3,694553129;1310,49
2601;40,40229792;-3,690836839;1950,83
2602;40,39514568;-3,69839306;2462,37
2603;40,40277735;-3,689133024;1991,4
2604;40,40385065;-3,700885451;1472,84
2605;40,41286149;-3,719226367;1404,7
2606;40,40229792;-3,690836839;1950,83
2607;40,39989835;-3,703348698;1895,33
2608;40,40158573;-3,696200599;1816,73
2609;40,3914432;-3,6949558;2926,79
2610;40,40296248;-3,699110425;1598,84
2611;40,4032411;-3,705005487;1528,73
2612;40,3858854;-3,6875651;3708,43
2613;40,38667436;-3,694289822;3455,35
2614;40,38667436;-3,694289822;3455,35
2615;40,39999259;-3,708480201;1930,94
2616;40,3903616;-3,6888487;3206,3
2617;40,4129316;-3,718385633;1334,91
2618;40,40284783;-3,71332125;1773,27
2619;40,40158573;-3,696200599;1816,73
2620;40,41185197;-3,72054134;1547,92
2621;40,63142101;-4,002232171;34730,53
2622;40,40705872;-3,715148411;1475,31
2623;40,39770805;-3,694298673;2276,99
2624;40,65109576;-3,781255989;26852,53
2625;40,38832447;-3,68829362;3433,62
2626;40,4012622;-3,6989703;1785,74
2627;40,40296248;-3,699110425;1598,84
2628;40,39478054;-3,700123554;2481,11
2629;40,40032495;-3,698608088;1894,13
2630;40,41205379;-3,719839096;1484,38
2631;40,4000232;-3,7017654;1887,27
2632;40,4012622;-3,6989703;1785,74
2633;40,39898605;-3,696374473;2086,46
2634;40,4040749;-3,7059572;1445,61
2635;40,4040749;-3,7059572;1445,61
2636;40,41460304;-3,707033746;394,94
2637;40,4008366;-3,710650281;1889,84
2638;40,40009374;-3,697267256;1947
2639;40,4030791;-3,703037;1542,14
2640;40,2889186;-3,793891447;16164,54
2641;40,4064457;-3,7126147;1398,14
2642;40,3996052;-3,7024164;1930,15
2643;40,3948339;-3,6964084;2531,16
2644;40,3893429;-3,6899247;3277,91
2645;40,3996052;-3,7024164;1930,15
2646;40,37608123;-3,682332742;4885,17
2647;40,4012622;-3,6989703;1785,74
2648;40,39436121;-3,68493372;2963,57
2649;40,4070069;-3,6948713;1325,64
2650;40,4034257;-3,702325;1506,47
2651;40,39770805;-3,694298673;2276,99
2652;40,39930584;-3,696198753;2056,89
2653;40,4004662;-3,7089406;1888,65
2654;40,39590714;-3,695853358;2427,57
2655;40,4098206;-3,7210548;1682,27
2656;40,41205379;-3,719839096;1484,38
2657;40,41205379;-3,719839096;1484,38
2658;40,4030791;-3,703037;1542,14
2659;40,4739157;-3,5779335;12372,63
2660;40,3863326;-3,7069611;3416,13
2661;40,47137515;-3,626106152;8919,33
2662;40,47273505;-3,579198495;12213,67
2663;40,4575814;-3,5879745;10772,78
2664;40,4533512;-3,584808599;10832,43
2665;40,93385315;-3,470540168;60743,15
2666;40,47367886;-3,58005173;12205,38
2667;40,4745094;-3,5780906;12395,13
2668;40,4575814;-3,5879745;10772,78
2669;40,42738037;-3,698072733;1248,97
2670;40,45193804;-3,604114064;9269,93
2671;40,42738037;-3,698072733;1248,97
2672;40,4575814;-3,5879745;10772,78
2673;40,3863326;-3,7069611;3416,13
2674;40,4575814;-3,5879745;10772,78
2675;40,45193804;-3,604114064;9269,93
2676;40,4752426;-3,5768618;12526,24
2677;40,4717784;-3,584302237;11788,37
2678;40,45139665;-3,59476643;9970,26
2679;40,4663363;-3,5941078;10765,9
2680;40,4717784;-3,584302237;11788,37
2681;40,47387143;-3,575941489;12515,23
2682;40,42738037;-3,698072733;1248,97
2683;40,4622841;-3,5946532;10502,88
2684;40,4754516;-3,57806389;12451,42
2685;40,47317863;-3,58413611;11881,51
2686;40,4557724;-3,586609332;10795,88
2687;40,46957538;-3,585947627;11543,46
2688;40,46739881;-3,587470719;11310,7
2689;40,46359197;-3,5908751;10853,13
2690;40,46789415;-3,590419214;11122,66
2691;40,45999179;-3,581311784;11396,91
2692;40,47181132;-3,582951759;11888,2
2693;40,46379504;-3,583878814;11387,04
2694;40,45447554;-3,59014599;10463,96
2695;40,4516371;-3,5829674;10908,39
2696;40,45873773;-3,585009843;11054,41
2697;40,45852421;-3,595394614;10252,91
2698;40,4717784;-3,584302237;11788,37
2699;40,45873773;-3,585009843;11054,41
2700;40,45342626;-3,589186806;10492,87
2701;40,47153825;-3,57844783;12201,76
2702;40,4717784;-3,584302237;11788,37
2703;40,4733999;-3,5756314;12511,52
2704;40,46155977;-3,579212343;11631,58
2705;40,47072449;-3,58519178;11663,56
2706;40,47087116;-3,587940814;11472,96
2707;40,46739881;-3,587470719;11310,7
2708;40,45236593;-3,590372969;10355
2709;40,47087116;-3,587940814;11472,96
2710;40,47347733;-3,579241556;12252,63
2711;40,4577966;-3,591578855;10506,96
2712;40,4737401;-3,576377357;12476,04
2713;40,4737863;-3,5763596;12479,93
2714;40,4737863;-3,5763596;12479,93
2715;40,47334397;-3,580544753;12150,45
2716;40,47334397;-3,580544753;12150,45
2717;40,46739881;-3,587470719;11310,7
2718;40,47238239;-3,57883878;12220,1
2719;40,4575814;-3,5879745;10772,78
2720;40,46644908;-3,589267038;11126,39
2721;40,47508998;-3,576181308;12566,82
2722;40,46229165;-3,585714989;11172,75
2723;40,47334397;-3,580544753;12150,45
2724;40,47334397;-3,580544753;12150,45
2725;40,47508998;-3,576181308;12566,82
2726;40,46789415;-3,590419214;11122,66
2727;40,47317863;-3,58413611;11881,51
2728;40,4508082;-3,5816335;10982,18
2729;40,4533512;-3,584808599;10832,43
2730;40,46522451;-3,587593407;11183,77
2731;40,46522451;-3,587593407;11183,77
2732;40,4662558;-3,593702;10790,9
2733;40,47058406;-3,579290224;12087,34
2734;40,4717784;-3,584302237;11788,37
2735;40,4706343;-3,5949286;10958,82
2736;40,47137515;-3,626106152;8919,33
2737;40,47284624;-3,582553204;11976,41
2738;40,47407548;-3,588649067;11612,73
2739;40,45852421;-3,595394614;10252,91
2740;40,47137515;-3,626106152;8919,33
2741;40,46739881;-3,587470719;11310,7
2742;40,47440265;-3,580687195;12201,29
2743;40,46575886;-3,587703821;11204,21
2744;40,4748333;-3,5939185;11289,9
2745;40,45814906;-3,591636801;10519,53
2746;40,45781142;-3,599145138;9934,16
2747;40,4575814;-3,5879745;10772,78
2748;40,4575814;-3,5879745;10772,78
2749;40,47137515;-3,626106152;8919,33
2750;40,4575814;-3,5879745;10772,78
2751;40,4575814;-3,5879745;10772,78
2752;40,47317863;-3,58413611;11881,51
2753;40,46789415;-3,590419214;11122,66
2754;40,46575886;-3,587703821;11204,21
2755;40,4336258;-3,6857059;2390,83
2756;40,4333241;-3,6841316;2452,04
2757;40,4333241;-3,6841316;2452,04
2758;40,4333241;-3,6841316;2452,04
2759;40,4333241;-3,6841316;2452,04
2760;40,42702676;-3,683968916;1999,38
2761;40,4333241;-3,6841316;2452,04
2762;40,43400136;-3,684497531;2488,32
2763;40,4333241;-3,6841316;2452,04
2764;40,4333241;-3,6841316;2452,04
2765;40,4361663;-3,6849151;2655,23
2766;40,4346731;-3,6802214;2788,83
2767;40,42702676;-3,683968916;1999,38
2768;40,4333241;-3,6841316;2452,04
2769;40,4333241;-3,6841316;2452,04
2770;40,4333241;-3,6841316;2452,04
2771;40,4333241;-3,6841316;2452,04
2772;40,4333241;-3,6841316;2452,04
2773;40,4333241;-3,6841316;2452,04
2774;40,4333241;-3,6841316;2452,04
2775;40,43667668;-3,679266218;3005,17
2776;40,4333241;-3,6841316;2452,04
2777;40,4283596;-3,6826412;2176,35
2778;40,4333241;-3,6841316;2452,04
2779;40,4333241;-3,6841316;2452,04
2780;40,4333241;-3,6841316;2452,04
2781;40,4333241;-3,6841316;2452,04
2782;40,4333241;-3,6841316;2452,04
2783;40,4333241;-3,6841316;2452,04
2784;40,4333241;-3,6841316;2452,04
2785;40,43388852;-3,682058369;2617,63
2786;40,4333241;-3,6841316;2452,04
2787;40,42792454;-3,687377781;1832,82
2788;40,43378746;-3,68146015;2645,06
2789;40,43312014;-3,680869699;2629,28
2790;40,43616567;-3,683426464;2731,81
2791;40,4333241;-3,6841316;2452,04
2792;40,4333241;-3,6841316;2452,04
2793;40,43312014;-3,680869699;2629,28
2794;40,42702676;-3,683968916;1999,38
2795;40,4333241;-3,6841316;2452,04
2796;40,4333241;-3,6841316;2452,04
2797;40,4333241;-3,6841316;2452,04
2798;40,43312014;-3,680869699;2629,28
2799;40,43525925;-3,683284266;2661,43
2800;40,4333241;-3,6841316;2452,04
2801;40,4333241;-3,6841316;2452,04
2802;40,4333241;-3,6841316;2452,04
2803;40,4333241;-3,6841316;2452,04
2804;40,4333241;-3,6841316;2452,04
2805;40,4333241;-3,6841316;2452,04
2806;40,43378746;-3,68146015;2645,06
2807;40,4355566;-3,6794568;2904,14
2808;40,4541789;-3,6893577;4310,55
2809;40,43378746;-3,68146015;2645,06
2810;40,43525925;-3,683284266;2661,43
2811;40,4333241;-3,6841316;2452,04
2812;40,4333241;-3,6841316;2452,04
2813;40,43312014;-3,680869699;2629,28
2814;40,4333241;-3,6841316;2452,04
2815;40,4333241;-3,6841316;2452,04
2816;40,43616567;-3,683426464;2731,81
2817;40,4333241;-3,6841316;2452,04
2818;40,43388852;-3,682058369;2617,63
2819;40,4333241;-3,6841316;2452,04
2820;40,42997938;-3,677177599;2659,92
2821;40,43312014;-3,680869699;2629,28
2822;40,4333241;-3,6841316;2452,04
2823;40,42997938;-3,677177599;2659,92
2824;40,43312014;-3,680869699;2629,28
2825;40,4333241;-3,6841316;2452,04
2826;40,43501607;-3,684840042;2557,33
2827;40,4333241;-3,6841316;2452,04
2828;40,44508288;-3,678398995;3783,27
2829;40,4333241;-3,6841316;2452,04
2830;40,4333241;-3,6841316;2452,04
2831;40,4333241;-3,6841316;2452,04
2832;40,43312014;-3,680869699;2629,28
2833;40,4333241;-3,6841316;2452,04
2834;40,43312014;-3,680869699;2629,28
2835;40,43312014;-3,680869699;2629,28
2836;40,42997938;-3,677177599;2659,92
2837;40,42997938;-3,677177599;2659,92
2838;40,4333241;-3,6841316;2452,04
2839;40,4333241;-3,6841316;2452,04
2840;40,4333241;-3,6841316;2452,04
2841;40,4333241;-3,6841316;2452,04
2842;40,4333241;-3,6841316;2452,04
2843;40,4333241;-3,6841316;2452,04
2844;40,43312014;-3,680869699;2629,28
2845;40,43400136;-3,684497531;2488,32
2846;40,43667668;-3,679266218;3005,17
2847;40,42702676;-3,683968916;1999,38
2848;40,43400136;-3,684497531;2488,32
2849;40,42785702;-3,686202008;1903,4
2850;40,4333387;-3,6852449;2391,21
2851;40,42997938;-3,677177599;2659,92
2852;40,42785702;-3,686202008;1903,4
2853;40,43288133;-3,683161659;2472,22
2854;40,43501607;-3,684840042;2557,33
2855;40,434535;-3,6835291;2586,72
2856;40,4333241;-3,6841316;2452,04
2857;40,43312014;-3,680869699;2629,28
2858;40,4333241;-3,6841316;2452,04
2859;40,43616567;-3,683426464;2731,81
2860;40,4333241;-3,6841316;2452,04
2861;40,42785702;-3,686202008;1903,4
2862;40,4333241;-3,6841316;2452,04
2863;40,43525925;-3,683284266;2661,43
2864;40,44508288;-3,678398995;3783,27
2865;40,42785702;-3,686202008;1903,4
2866;40,43312014;-3,680869699;2629,28
2867;40,43312014;-3,680869699;2629,28
2868;40,44508288;-3,678398995;3783,27
2869;40,4333241;-3,6841316;2452,04
2870;40,43312014;-3,680869699;2629,28
2871;40,43667668;-3,679266218;3005,17
2872;40,42785702;-3,686202008;1903,4
2873;40,43312014;-3,680869699;2629,28
2874;40,43378746;-3,68146015;2645,06
2875;40,44508288;-3,678398995;3783,27
2876;40,42702676;-3,683968916;1999,38
2877;40,4333241;-3,6841316;2452,04
2878;40,4355547;-3,6807495;2828,31
2879;40,43312014;-3,680869699;2629,28
2880;40,43400136;-3,684497531;2488,32
2881;40,43312014;-3,680869699;2629,28
2882;40,42702676;-3,683968916;1999,38
2883;40,4369122;-3,6804454;2957,49
2884;40,43312014;-3,680869699;2629,28
2885;40,4333241;-3,6841316;2452,04
2886;40,43378746;-3,68146015;2645,06
2887;40,4304776;-3,6845576;2200,6
2888;40,42792454;-3,687377781;1832,82
2889;40,4300585;-3,680192;2455,14
2890;40,43388852;-3,682058369;2617,63
2891;40,436986;-3,6833155;2809,46
2892;40,4333241;-3,6841316;2452,04
2893;40,4363551;-3,6804798;2909,32
2894;40,43312014;-3,680869699;2629,28
2895;40,4333241;-3,6841316;2452,04
2896;40,4333241;-3,6841316;2452,04
2897;40,42997938;-3,677177599;2659,92
2898;40,4333241;-3,6841316;2452,04
2899;40,4333241;-3,6841316;2452,04
2900;40,4333241;-3,6841316;2452,04
2901;40,43312014;-3,680869699;2629,28
2902;40,43378746;-3,68146015;2645,06
2903;40,43388852;-3,682058369;2617,63
2904;40,4345061;-3,6795568;2815,99
2905;40,44508288;-3,678398995;3783,27
2906;40,43312014;-3,680869699;2629,28
2907;40,43312014;-3,680869699;2629,28
2908;40,43388852;-3,682058369;2617,63
2909;40,4333241;-3,6841316;2452,04
2910;40,4345061;-3,6795568;2815,99
2911;40,4369122;-3,6804454;2957,49
2912;40,4319549;-3,6869592;2180,04
2913;40,42997938;-3,677177599;2659,92
2914;40,42785702;-3,686202008;1903,4
2915;40,43312014;-3,680869699;2629,28
2916;40,43776782;-3,684129027;2838,53
2917;40,4371443;-3,683303;2824,09
2918;40,4333241;-3,6841316;2452,04
2919;40,42785702;-3,686202008;1903,4
2920;40,4333241;-3,6841316;2452,04
2921;40,43388852;-3,682058369;2617,63
2922;40,4333241;-3,6841316;2452,04
2923;40,42785702;-3,686202008;1903,4
2924;40,44508288;-3,678398995;3783,27
2925;40,43312014;-3,680869699;2629,28
2926;40,43501607;-3,684840042;2557,33
2927;40,43312014;-3,680869699;2629,28
2928;40,4333241;-3,6841316;2452,04
2929;40,40436305;-3,614407485;7673,7
2930;40,4333241;-3,6841316;2452,04
2931;40,4333241;-3,6841316;2452,04
2932;40,4333241;-3,6841316;2452,04
2933;40,42785702;-3,686202008;1903,4
2934;40,4333241;-3,6841316;2452,04
2935;40,4333241;-3,6841316;2452,04
2936;40,4333241;-3,6841316;2452,04
2937;40,4371383;-3,6807213;2961,13
2938;40,431337;-3,6803613;2531,03
2939;40,4363551;-3,6804798;2909,32
2940;40,4333241;-3,6841316;2452,04
2941;40,4333241;-3,6841316;2452,04
2942;40,43312014;-3,680869699;2629,28
2943;40,43388852;-3,682058369;2617,63
2944;40,44508288;-3,678398995;3783,27
2945;40,43312014;-3,680869699;2629,28
2946;40,42746421;-3,689920249;1641,6
2947;40,4349888;-3,681349;2747,69
2948;40,43312014;-3,680869699;2629,28
2949;40,42997938;-3,677177599;2659,92
2950;40,43400136;-3,684497531;2488,32
2951;40,43278976;-3,686729846;2264,04
2952;40,44508288;-3,678398995;3783,27
2953;40,43400136;-3,684497531;2488,32
2954;40,4333241;-3,6841316;2452,04
2955;40,43312014;-3,680869699;2629,28
2956;40,43312014;-3,680869699;2629,28
2957;40,4333241;-3,6841316;2452,04
2958;40,43312014;-3,680869699;2629,28
2959;40,43388852;-3,682058369;2617,63
2960;40,43312014;-3,680869699;2629,28
2961;40,43529833;-3,685409046;2552,85
2962;40,43776782;-3,684129027;2838,53
2963;40,4351777;-3,6851682;2554,49
2964;40,42895484;-3,680551898;2359,13
2965;40,44508288;-3,678398995;3783,27
2966;40,4363551;-3,6804798;2909,32
2967;40,4369122;-3,6804454;2957,49
2968;40,4333241;-3,6841316;2452,04
2969;40,43288133;-3,683161659;2472,22
2970;40,43667668;-3,679266218;3005,17
2971;40,4333241;-3,6841316;2452,04
2972;40,42792454;-3,687377781;1832,82
2973;40,4333241;-3,6841316;2452,04
2974;40,43378746;-3,68146015;2645,06
2975;40,43312014;-3,680869699;2629,28
2976;40,4333241;-3,6841316;2452,04
2977;40,4333241;-3,6841316;2452,04
2978;40,4333241;-3,6841316;2452,04
2979;40,43378746;-3,68146015;2645,06
2980;40,4333241;-3,6841316;2452,04
2981;40,4333241;-3,6841316;2452,04
2982;40,4333241;-3,6841316;2452,04
2983;40,4333241;-3,6841316;2452,04
2984;40,42785702;-3,686202008;1903,4
2985;40,43582405;-3,679622939;2915,63
2986;40,4333241;-3,6841316;2452,04
2987;40,42792454;-3,687377781;1832,82
2988;40,43400136;-3,684497531;2488,32
2989;40,4333241;-3,6841316;2452,04
2990;40,43312014;-3,680869699;2629,28
2991;40,42702676;-3,683968916;1999,38
2992;40,4312177;-3,6856481;2192,99
2993;40,4369122;-3,6804454;2957,49
2994;40,4363551;-3,6804798;2909,32
2995;40,43378746;-3,68146015;2645,06
2996;40,4333241;-3,6841316;2452,04
2997;40,4333241;-3,6841316;2452,04
2998;40,40436305;-3,614407485;7673,7
2999;40,43525925;-3,683284266;2661,43
3000;40,4333241;-3,6841316;2452,04
3001;40,40436305;-3,614407485;7673,7
3002;40,42997938;-3,677177599;2659,92
3003;40,4333241;-3,6841316;2452,04
3004;40,43278976;-3,686729846;2264,04
3005;40,43400136;-3,684497531;2488,32
3006;40,4333241;-3,6841316;2452,04
3007;40,43501607;-3,684840042;2557,33
3008;40,44217876;-3,685908114;3177,64
3009;40,42997938;-3,677177599;2659,92
3010;40,43776782;-3,684129027;2838,53
3011;40,4333241;-3,6841316;2452,04
3012;40,4333241;-3,6841316;2452,04
3013;40,44508288;-3,678398995;3783,27
3014;40,4333241;-3,6841316;2452,04
3015;40,4333241;-3,6841316;2452,04
3016;40,4333241;-3,6841316;2452,04
3017;40,43312014;-3,680869699;2629,28
3018;40,43400136;-3,684497531;2488,32
3019;40,4333241;-3,6841316;2452,04
3020;40,4333241;-3,6841316;2452,04
3021;40,43312014;-3,680869699;2629,28
3022;40,44508288;-3,678398995;3783,27
3023;40,4333241;-3,6841316;2452,04
3024;40,43312014;-3,680869699;2629,28
3025;40,43781106;-3,688220576;2657,51
3026;40,42785702;-3,686202008;1903,4
3027;40,42997938;-3,677177599;2659,92
3028;40,4333241;-3,6841316;2452,04
3029;40,43388852;-3,682058369;2617,63
3030;40,4333241;-3,6841316;2452,04
3031;40,43388852;-3,682058369;2617,63
3032;40,4333241;-3,6841316;2452,04
3033;40,42792454;-3,687377781;1832,82
3034;40,43278976;-3,686729846;2264,04
3035;40,4333241;-3,6841316;2452,04
3036;40,4348285;-3,6780597;2932,8
3037;40,4371383;-3,6807213;2961,13
3038;40,4333241;-3,6841316;2452,04
3039;40,4333241;-3,6841316;2452,04
3040;40,4333241;-3,6841316;2452,04
3041;40,4333241;-3,6841316;2452,04
3042;40,4333241;-3,6841316;2452,04
3043;40,43388852;-3,682058369;2617,63
3044;40,43312014;-3,680869699;2629,28
3045;40,4343461;-3,6795784;2802,36
3046;40,4375173;-3,6880792;2634,96
3047;40,43312014;-3,680869699;2629,28
3048;40,42895484;-3,680551898;2359,13
3049;40,4333241;-3,6841316;2452,04
3050;40,44508288;-3,678398995;3783,27
3051;40,4333241;-3,6841316;2452,04
3052;40,4333241;-3,6841316;2452,04
3053;40,4333241;-3,6841316;2452,04
3054;40,43278976;-3,686729846;2264,04
3055;40,43525925;-3,683284266;2661,43
3056;40,42895484;-3,680551898;2359,13
3057;40,43312014;-3,680869699;2629,28
3058;40,43400136;-3,684497531;2488,32
3059;40,43312014;-3,680869699;2629,28
3060;40,4333241;-3,6841316;2452,04
3061;40,43312014;-3,680869699;2629,28
3062;40,4333241;-3,6841316;2452,04
3063;40,4359999;-3,6814171;2827,01
3064;40,4333241;-3,6841316;2452,04
3065;40,4333241;-3,6841316;2452,04
3066;40,4310244;-3,6834672;2309,59
3067;40,43388852;-3,682058369;2617,63
3068;40,43154105;-3,683238984;2362,91
3069;40,43525925;-3,683284266;2661,43
3070;40,43667668;-3,679266218;3005,17
3071;40,44508288;-3,678398995;3783,27
3072;40,43312014;-3,680869699;2629,28
3073;40,43525925;-3,683284266;2661,43
3074;40,42702676;-3,683968916;1999,38
3075;40,43312014;-3,680869699;2629,28
3076;40,43388852;-3,682058369;2617,63
3077;40,4372536;-3,6804304;2986,92
3078;40,43400136;-3,684497531;2488,32
3079;40,4333241;-3,6841316;2452,04
3080;40,4333241;-3,6841316;2452,04
3081;40,4333241;-3,6841316;2452,04
3082;40,4323807;-3,6833556;2421,02
3083;40,4333241;-3,6841316;2452,04
3084;40,4333241;-3,6841316;2452,04
3085;40,4333241;-3,6841316;2452,04
3086;40,4333241;-3,6841316;2452,04
3087;40,43388852;-3,682058369;2617,63
3088;40,43312014;-3,680869699;2629,28
3089;40,43400136;-3,684497531;2488,32
3090;40,42785702;-3,686202008;1903,4
3091;40,4333241;-3,6841316;2452,04
3092;40,4333241;-3,6841316;2452,04
3093;40,4333241;-3,6841316;2452,04
3094;40,4333241;-3,6841316;2452,04
3095;40,4333241;-3,6841316;2452,04
3096;40,43378746;-3,68146015;2645,06
3097;40,4348831;-3,686361;2467,81
3098;40,4333241;-3,6841316;2452,04
3099;40,43312014;-3,680869699;2629,28
3100;40,42702676;-3,683968916;1999,38
3101;40,43501607;-3,684840042;2557,33
3102;40,4333241;-3,6841316;2452,04
3103;40,43616567;-3,683426464;2731,81
3104;40,43501607;-3,684840042;2557,33
3105;40,42792454;-3,687377781;1832,82
3106;40,43776782;-3,684129027;2838,53
3107;40,4333241;-3,6841316;2452,04
3108;40,42702676;-3,683968916;1999,38
3109;40,43776782;-3,684129027;2838,53
3110;40,42997938;-3,677177599;2659,92
3111;40,43278976;-3,686729846;2264,04
3112;40,4333241;-3,6841316;2452,04
3113;40,43378746;-3,68146015;2645,06
3114;40,43388852;-3,682058369;2617,63
3115;40,4333241;-3,6841316;2452,04
3116;40,4333241;-3,6841316;2452,04
3117;40,40436305;-3,614407485;7673,7
3118;40,4333241;-3,6841316;2452,04
3119;40,4333241;-3,6841316;2452,04
3120;40,43501607;-3,684840042;2557,33
3121;40,43154105;-3,683238984;2362,91
3122;40,43388852;-3,682058369;2617,63
3123;40,4333241;-3,6841316;2452,04
3124;40,4333241;-3,6841316;2452,04
3125;40,4333241;-3,6841316;2452,04
3126;40,4333241;-3,6841316;2452,04
3127;40,4333241;-3,6841316;2452,04
3128;40,43312014;-3,680869699;2629,28
3129;40,42785702;-3,686202008;1903,4
3130;40,43312014;-3,680869699;2629,28
3131;40,43680242;-3,687704186;2582,56
3132;40,43388852;-3,682058369;2617,63
3133;40,43574334;-3,687921165;2472,76
3134;40,43574334;-3,687921165;2472,76
3135;40,4333241;-3,6841316;2452,04
3136;40,43312014;-3,680869699;2629,28
3137;40,43312014;-3,680869699;2629,28
3138;40,43616567;-3,683426464;2731,81
3139;40,42792454;-3,687377781;1832,82
3140;40,43400136;-3,684497531;2488,32
3141;40,4333241;-3,6841316;2452,04
3142;40,4333241;-3,6841316;2452,04
3143;40,4333241;-3,6841316;2452,04
3144;40,4333241;-3,6841316;2452,04
3145;40,43312014;-3,680869699;2629,28
3146;40,4333241;-3,6841316;2452,04
3147;40,43312014;-3,680869699;2629,28
3148;40,43501607;-3,684840042;2557,33
3149;40,4333241;-3,6841316;2452,04
3150;40,43312014;-3,680869699;2629,28
3151;40,43781106;-3,688220576;2657,51
3152;40,42997938;-3,677177599;2659,92
3153;40,42702676;-3,683968916;1999,38
3154;40,43388852;-3,682058369;2617,63
3155;40,42792454;-3,687377781;1832,82
3156;40,43501607;-3,684840042;2557,33
3157;40,42997938;-3,677177599;2659,92
3158;40,43278976;-3,686729846;2264,04
3159;40,4246953;-3,6667827;3227,52
3160;40,5662903;-4,2851497;51912,27
3161;40,424977;-3,6636998;3487,6
3162;40,42581813;-3,670831276;2938,21
3163;40,43643785;-3,685702785;2640,96
3164;40,42597015;-3,663456578;3537,22
3165;40,43643785;-3,685702785;2640,96
3166;40,4291359;-3,66446101;3573,85
3167;40,42279171;-3,665925336;3248,66
3168;40,424977;-3,6636998;3487,6
3169;40,41292276;-3,669775188;2891,95
3170;40,42629479;-3,683267648;2005,42
3171;40,42279171;-3,665925336;3248,66
3172;40,424977;-3,6636998;3487,6
3173;40,42279171;-3,665925336;3248,66
3174;40,42929641;-3,6662467;3441,56
3175;40,42717731;-3,661925112;3700,73
3176;40,424977;-3,6636998;3487,6
3177;40,424977;-3,6636998;3487,6
3178;40,424977;-3,6636998;3487,6
3179;40,5662396;-4,2859016;51970,73
3180;40,4219995;-3,665045148;3305,59
3181;40,4287328;-3,661889727;3760,3
3182;40,42629479;-3,683267648;2005,42
3183;40,4261467;-3,668183877;3161,83
3184;40,4246953;-3,6667827;3227,52
3185;40,424977;-3,6636998;3487,6
3186;40,42867015;-3,663162185;3657,04
3187;40,42629479;-3,683267648;2005,42
3188;40,41292276;-3,669775188;2891,95
3189;40,42629479;-3,683267648;2005,42
3190;40,42581813;-3,670831276;2938,21
3191;40,424977;-3,6636998;3487,6
3192;40,4246953;-3,6667827;3227,52
3193;40,44793582;-3,602061604;9253,32
3194;40,42717731;-3,661925112;3700,73
3195;40,423736;-3,664365962;3399,85
3196;40,42473305;-3,666198903;3276,27
3197;40,41292276;-3,669775188;2891,95
3198;40,43643785;-3,685702785;2640,96
3199;40,423736;-3,664365962;3399,85
3200;40,423736;-3,664365962;3399,85
3201;40,424977;-3,6636998;3487,6
3202;40,42629479;-3,683267648;2005,42
3203;40,424977;-3,6636998;3487,6
3204;40,5662396;-4,2859016;51970,73
3205;40,424977;-3,6636998;3487,6
3206;40,4256221;-3,663337394;3536,14
3207;40,4256221;-3,663337394;3536,14
3208;40,4277584;-3,6679512;3242,55
3209;40,424977;-3,6636998;3487,6
3210;40,424977;-3,6636998;3487,6
3211;40,424977;-3,6636998;3487,6
3212;40,42581813;-3,670831276;2938,21
3213;40,42581813;-3,670831276;2938,21
3214;40,424977;-3,6636998;3487,6
3215;40,41292276;-3,669775188;2891,95
3216;40,43643785;-3,685702785;2640,96
3217;40,4284438;-3,663956568;3585,25
3218;40,424977;-3,6636998;3487,6
3219;40,424977;-3,6636998;3487,6
3220;40,42581813;-3,670831276;2938,21
3221;40,42500628;-3,665428178;3347,24
3222;40,44793582;-3,602061604;9253,32
3223;40,4274148;-3,662157895;3690,23
3224;40,43643785;-3,685702785;2640,96
3225;40,4264621;-3,665427594;3394,21
3226;40,42575977;-3,662386932;3617,73
3227;40,42717731;-3,661925112;3700,73
3228;40,42710535;-3,665968774;3373,97
3229;40,4246953;-3,6667827;3227,52
3230;40,42546667;-3,666782265;3251,49
3231;40,4219995;-3,665045148;3305,59
3232;40,4219995;-3,665045148;3305,59
3233;40,42867015;-3,663162185;3657,04
3234;40,5662396;-4,2859016;51970,73
3235;40,41292276;-3,669775188;2891,95
3236;40,42738212;-3,666032853;3379,3
3237;40,42738212;-3,666032853;3379,3
3238;40,42738212;-3,666032853;3379,3
3239;40,424977;-3,6636998;3487,6
3240;40,40508589;-3,661938093;3759,65
3241;40,4263686;-3,667847354;3196,8
3242;40,424977;-3,6636998;3487,6
3243;40,424977;-3,6636998;3487,6
3244;40,424977;-3,6636998;3487,6
3245;40,424977;-3,6636998;3487,6
3246;40,42651281;-3,665854903;3361,64
3247;40,42581813;-3,670831276;2938,21
3248;40,424977;-3,6636998;3487,6
3249;40,424977;-3,6636998;3487,6
3250;40,42628491;-3,664054842;3498,91
3251;40,42500628;-3,665428178;3347,24
3252;40,42629479;-3,683267648;2005,42
3253;40,4259437;-3,665012856;3410,23
3254;40,424977;-3,6636998;3487,6
3255;40,424977;-3,6636998;3487,6
3256;40,424977;-3,6636998;3487,6
3257;40,424977;-3,6636998;3487,6
3258;40,424977;-3,6636998;3487,6
3259;40,43643785;-3,685702785;2640,96
3260;40,42738212;-3,666032853;3379,3
3261;40,44793582;-3,602061604;9253,32
3262;40,42473305;-3,666198903;3276,27
3263;40,4246501;-3,6668034;3224,49
3264;40,4233424;-3,6764961;2396,12
3265;40,4221107;-3,6773771;2286,84
3266;40,43235067;-3,678020393;2756,06
3267;40,42192795;-3,673053676;2638,35
3268;40,46097548;-3,679880146;5289,3
3269;40,4246991;-3,6762001;2468,61
3270;40,42629479;-3,683267648;2005,42
3271;40,46097548;-3,679880146;5289,3
3272;40,4246991;-3,6762001;2468,61
3273;40,4246991;-3,6762001;2468,61
3274;40,46097548;-3,679880146;5289,3
3275;40,4246991;-3,6762001;2468,61
3276;40,46097548;-3,679880146;5289,3
3277;40,42854646;-3,672296293;2941,53
3278;40,42256619;-3,678854399;2179,99
3279;40,4255577;-3,673355042;2727,62
3280;40,42772403;-3,684351056;2017,75
3281;40,4246991;-3,6762001;2468,61
3282;40,4246991;-3,6762001;2468,61
3283;40,4246991;-3,6762001;2468,61
3284;40,4246991;-3,6762001;2468,61
3285;40,46097548;-3,679880146;5289,3
3286;40,43643785;-3,685702785;2640,96
3287;40,43235067;-3,678020393;2756,06
3288;40,4246991;-3,6762001;2468,61
3289;40,4246991;-3,6762001;2468,61
3290;40,43643785;-3,685702785;2640,96
3291;40,4246991;-3,6762001;2468,61
3292;40,4246991;-3,6762001;2468,61
3293;40,46097548;-3,679880146;5289,3
3294;40,4246991;-3,6762001;2468,61
3295;40,4246991;-3,6762001;2468,61
3296;40,4246991;-3,6762001;2468,61
3297;40,4246991;-3,6762001;2468,61
3298;40,4246991;-3,6762001;2468,61
3299;40,42293063;-3,675871473;2433,75
3300;40,42629479;-3,683267648;2005,42
3301;40,4284608;-3,6719914;2960,61
3302;40,4246991;-3,6762001;2468,61
3303;40,42849953;-3,723720892;2138,76
3304;40,4246991;-3,6762001;2468,61
3305;40,4246991;-3,6762001;2468,61
3306;40,42629479;-3,683267648;2005,42
3307;40,4246991;-3,6762001;2468,61
3308;40,42772403;-3,684351056;2017,75
3309;40,44508288;-3,678398995;3783,27
3310;40,4246991;-3,6762001;2468,61
3311;40,4246991;-3,6762001;2468,61
3312;40,4246991;-3,6762001;2468,61
3313;40,4246991;-3,6762001;2468,61
3314;40,4246991;-3,6762001;2468,61
3315;40,42629479;-3,683267648;2005,42
3316;40,46097548;-3,679880146;5289,3
3317;40,42604684;-3,675603943;2571,17
3318;40,4246991;-3,6762001;2468,61
3319;40,4246991;-3,6762001;2468,61
3320;40,42718823;-3,673117749;2814,78
3321;40,46097548;-3,679880146;5289,3
3322;40,4246991;-3,6762001;2468,61
3323;40,42688569;-3,678489825;2390,25
3324;40,43235067;-3,678020393;2756,06
3325;40,43643785;-3,685702785;2640,96
3326;40,42279171;-3,665925336;3248,66
3327;40,4246991;-3,6762001;2468,61
3328;40,42849953;-3,723720892;2138,76
3329;40,4232491;-3,6695642;2959,12
3330;40,4246991;-3,6762001;2468,61
3331;40,42552262;-3,68854252;1586,99
3332;40,4246991;-3,6762001;2468,61
3333;40,42604684;-3,675603943;2571,17
3334;40,42849953;-3,723720892;2138,76
3335;40,43643785;-3,685702785;2640,96
3336;40,43235067;-3,678020393;2756,06
3337;40,4246991;-3,6762001;2468,61
3338;40,42772403;-3,684351056;2017,75
3339;40,43287902;-3,6765726;2888,73
3340;40,46097548;-3,679880146;5289,3
3341;40,4246991;-3,6762001;2468,61
3342;40,4246991;-3,6762001;2468,61
3343;40,44508288;-3,678398995;3783,27
3344;40,4233722;-3,6785433;2232,29
3345;40,4246991;-3,6762001;2468,61
3346;40,4229439;-3,6774834;2303,23
3347;40,42772403;-3,684351056;2017,75
3348;40,46097548;-3,679880146;5289,3
3349;40,4246991;-3,6762001;2468,61
3350;40,4246991;-3,6762001;2468,61
3351;40,4246991;-3,6762001;2468,61
3352;40,4246991;-3,6762001;2468,61
3353;40,43287902;-3,6765726;2888,73
3354;40,4246991;-3,6762001;2468,61
3355;40,4246991;-3,6762001;2468,61
3356;40,42629479;-3,683267648;2005,42
3357;40,42143148;-3,672788618;2649,35
3358;40,43235067;-3,678020393;2756,06
3359;40,4246991;-3,6762001;2468,61
3360;40,42091996;-3,683644633;1740,04
3361;40,43643785;-3,685702785;2640,96
3362;40,4246991;-3,6762001;2468,61
3363;40,46097548;-3,679880146;5289,3
3364;40,42375732;-3,669930077;2943,07
3365;40,4246991;-3,6762001;2468,61
3366;40,4246991;-3,6762001;2468,61
3367;40,4246991;-3,6762001;2468,61
3368;40,42091996;-3,683644633;1740,04
3369;40,42629479;-3,683267648;2005,42
3370;40,4246991;-3,6762001;2468,61
3371;40,428485;-3,6727538;2903,75
3372;40,42569645;-3,671086844;2913,3
3373;40,4246991;-3,6762001;2468,61
3374;40,4240564;-3,6733943;2670,42
3375;40,4246991;-3,6762001;2468,61
3376;40,46097548;-3,679880146;5289,3
3377;40,4246991;-3,6762001;2468,61
3378;40,4246991;-3,6762001;2468,61
3379;40,4246991;-3,6762001;2468,61
3380;40,4246991;-3,6762001;2468,61
3381;40,42629479;-3,683267648;2005,42
3382;40,4246991;-3,6762001;2468,61
3383;40,42629479;-3,683267648;2005,42
3384;40,42569645;-3,671086844;2913,3
3385;40,43287902;-3,6765726;2888,73
3386;40,42552262;-3,68854252;1586,99
3387;40,42854646;-3,672296293;2941,53
3388;40,4246991;-3,6762001;2468,61
3389;40,46097548;-3,679880146;5289,3
3390;40,42876532;-3,676850861;2612,71
3391;40,4246991;-3,6762001;2468,61
3392;40,46097548;-3,679880146;5289,3
3393;40,42772403;-3,684351056;2017,75
3394;40,4246991;-3,6762001;2468,61
3395;40,42227145;-3,671673154;2760,66
3396;40,42239745;-3,674318184;2545,72
3397;40,42239745;-3,674318184;2545,72
3398;40,4246991;-3,6762001;2468,61
3399;40,4246991;-3,6762001;2468,61
3400;40,42239745;-3,674318184;2545,72
3401;40,4279804;-3,676978916;2560,4
3402;40,42772403;-3,684351056;2017,75
3403;40,4246991;-3,6762001;2468,61
3404;40,42552262;-3,68854252;1586,99
3405;40,42375732;-3,669930077;2943,07
3406;40,42849953;-3,723720892;2138,76
3407;40,4246991;-3,6762001;2468,61
3408;40,42604684;-3,675603943;2571,17
3409;40,42279171;-3,665925336;3248,66
3410;40,42849953;-3,723720892;2138,76
3411;40,43287902;-3,6765726;2888,73
3412;40,424341;-3,677916028;2318,64
3413;40,44793582;-3,602061604;9253,32
3414;40,42849953;-3,723720892;2138,76
3415;40,4246991;-3,6762001;2468,61
3416;40,43287902;-3,6765726;2888,73
3417;40,4241477;-3,6786315;2254,39
3418;40,44793582;-3,602061604;9253,32
3419;40,4246991;-3,6762001;2468,61
3420;40,43235067;-3,678020393;2756,06
3421;40,42629479;-3,683267648;2005,42
3422;40,4246991;-3,6762001;2468,61
3423;40,43287902;-3,6765726;2888,73
3424;40,4246991;-3,6762001;2468,61
3425;40,42629479;-3,683267648;2005,42
3426;40,4246991;-3,6762001;2468,61
3427;40,4246991;-3,6762001;2468,61
3428;40,42822127;-3,679843888;2364,52
3429;40,43235067;-3,678020393;2756,06
3430;40,424663;-3,6703731;2934,69
3431;40,42279171;-3,665925336;3248,66
3432;40,42629479;-3,683267648;2005,42
3433;40,46097548;-3,679880146;5289,3
3434;40,44793582;-3,602061604;9253,32
3435;40,4240564;-3,6733943;2670,42
3436;40,4246991;-3,6762001;2468,61
3437;40,42876532;-3,676850861;2612,71
3438;40,42629479;-3,683267648;2005,42
3439;40,44793582;-3,602061604;9253,32
3440;40,4246991;-3,6762001;2468,61
3441;40,4246991;-3,6762001;2468,61
3442;40,42552262;-3,68854252;1586,99
3443;40,46097548;-3,679880146;5289,3
3444;40,46097548;-3,679880146;5289,3
3445;40,4231905;-3,6733911;2643,78
3446;40,4246991;-3,6762001;2468,61
3447;40,4246991;-3,6762001;2468,61
3448;40,42552262;-3,68854252;1586,99
3449;40,4246991;-3,6762001;2468,61
3450;40,42849953;-3,723720892;2138,76
3451;40,4279804;-3,676978916;2560,4
3452;40,42629479;-3,683267648;2005,42
3453;40,42772403;-3,684351056;2017,75
3454;40,42569645;-3,671086844;2913,3
3455;40,42799941;-3,672334092;2912,47
3456;40,42629479;-3,683267648;2005,42
3457;40,4260123;-3,6741666;2682
3458;40,46097548;-3,679880146;5289,3
3459;40,4246991;-3,6762001;2468,61
3460;40,4246991;-3,6762001;2468,61
3461;40,4282554;-3,6770405;2570,64
3462;40,4255975;-3,6692297;3058,45
3463;40,44793582;-3,602061604;9253,32
3464;40,4246991;-3,6762001;2468,61
3465;40,4246991;-3,6762001;2468,61
3466;40,4246991;-3,6762001;2468,61
3467;40,42772403;-3,684351056;2017,75
3468;40,46097548;-3,679880146;5289,3
3469;40,44793582;-3,602061604;9253,32
3470;40,42639932;-3,669763743;3045,18
3471;40,4246991;-3,6762001;2468,61
3472;40,4246991;-3,6762001;2468,61
3473;40,4266994;-3,6738522;2736,05
3474;40,4246991;-3,6762001;2468,61
3475;40,42239745;-3,674318184;2545,72
3476;40,42569645;-3,671086844;2913,3
3477;40,42629479;-3,683267648;2005,42
3478;40,42552262;-3,68854252;1586,99
3479;40,42772403;-3,684351056;2017,75
3480;40,41348336;-3,676989086;2279,15
3481;40,42552262;-3,68854252;1586,99
3482;40,41760898;-3,676296696;2306,19
3483;40,42772403;-3,684351056;2017,75
3484;40,42854646;-3,672296293;2941,53
3485;40,42569645;-3,671086844;2913,3
3486;40,42552262;-3,68854252;1586,99
3487;40,42569645;-3,671086844;2913,3
3488;40,4246991;-3,6762001;2468,61
3489;40,4246857;-3,6801463;2158,17
3490;40,4246991;-3,6762001;2468,61
3491;40,42091996;-3,683644633;1740,04
3492;40,42629479;-3,683267648;2005,42
3493;40,42849953;-3,723720892;2138,76
3494;40,42256619;-3,678854399;2179,99
3495;40,42629479;-3,683267648;2005,42
3496;40,4183416;-3,6746229;2451,63
3497;40,42569645;-3,671086844;2913,3
3498;40,42091996;-3,683644633;1740,04
3499;40,42552262;-3,68854252;1586,99
3500;40,42552262;-3,68854252;1586,99
3501;40,43235067;-3,678020393;2756,06
3502;40,0379808;-3,5989307;43064,05
3503;40,42629479;-3,683267648;2005,42
3504;40,42772403;-3,684351056;2017,75
3505;40,42279171;-3,665925336;3248,66
3506;40,44793582;-3,602061604;9253,32
3507;40,4280538;-3,6782923;2467,48
3508;40,42091996;-3,683644633;1740,04
3509;40,4266994;-3,6738522;2736,05
3510;40,42552262;-3,68854252;1586,99
3511;40,42227145;-3,671673154;2760,66
3512;40,4282554;-3,6770405;2570,64
3513;40,4256591;-3,6718794;2848,74
3514;40,42799941;-3,672334092;2912,47
3515;40,4280538;-3,6782923;2467,48
3516;40,42854646;-3,672296293;2941,53
3517;40,4246991;-3,6762001;2468,61
3518;40,42283033;-3,677405738;2305,91
3519;40,42279171;-3,665925336;3248,66
3520;40,42772403;-3,684351056;2017,75
3521;40,42279171;-3,665925336;3248,66
3522;40,422202;-3,6690629;2975,33
3523;40,42604684;-3,675603943;2571,17
3524;40,42629479;-3,683267648;2005,42
3525;40,4246991;-3,6762001;2468,61
3526;40,42876532;-3,676850861;2612,71
3527;40,46097548;-3,679880146;5289,3
3528;40,44793582;-3,602061604;9253,32
3529;40,42562965;-3,672735185;2779,58
3530;40,42562965;-3,672735185;2779,58
3531;40,42552262;-3,68854252;1586,99
3532;40,4246991;-3,6762001;2468,61
3533;40,42256619;-3,678854399;2179,99
3534;40,42569645;-3,671086844;2913,3
3535;40,4246991;-3,6762001;2468,61
3536;40,4287315;-3,6775111;2562,64
3537;40,4246991;-3,6762001;2468,61
3538;40,4248897;-3,669826708;2986,31
3539;40,4216103;-3,6742658;2530,65
3540;40,4822012;-3,8646344;15443,57
3541;40,42854646;-3,672296293;2941,53
3542;40,4246991;-3,6762001;2468,61
3543;40,4246991;-3,6762001;2468,61
3544;40,4246991;-3,6762001;2468,61
3545;40,4246991;-3,6762001;2468,61
3546;40,46097548;-3,679880146;5289,3
3547;40,4246991;-3,6762001;2468,61
3548;40,4246991;-3,6762001;2468,61
3549;40,4246991;-3,6762001;2468,61
3550;40,4246991;-3,6762001;2468,61
3551;40,42552262;-3,68854252;1586,99
3552;40,4246991;-3,6762001;2468,61
3553;40,4246991;-3,6762001;2468,61
3554;40,4269288;-3,6690886;3119,34
3555;40,42780492;-3,668510894;3200,55
3556;40,4257639;-3,6711864;2907,88
3557;40,4256591;-3,6718794;2848,74
3558;40,43235067;-3,678020393;2756,06
3559;40,43235067;-3,678020393;2756,06
3560;40,42283033;-3,677405738;2305,91
3561;40,4273743;-3,6698965;3073,87
3562;40,42279171;-3,665925336;3248,66
3563;40,4246991;-3,6762001;2468,61
3564;40,42227145;-3,671673154;2760,66
3565;40,371874;-3,5398983;14735,22
3566;40,46097548;-3,679880146;5289,3
3567;40,41760898;-3,676296696;2306,19
3568;40,42143148;-3,672788618;2649,35
3569;40,42629479;-3,683267648;2005,42
3570;40,42667006;-3,673194702;2785,97
3571;40,42799941;-3,672334092;2912,47
3572;40,4222373;-3,6744203;2533,13
3573;40,4260123;-3,6741666;2682
3574;40,42227145;-3,671673154;2760,66
3575;40,42854646;-3,672296293;2941,53
3576;40,43235067;-3,678020393;2756,06
3577;40,4284394;-3,6715244;2995,29
3578;40,4246991;-3,6762001;2468,61
3579;40,4246991;-3,6762001;2468,61
3580;40,4246991;-3,6762001;2468,61
3581;40,4262835;-3,6798822;2254,79
3582;40,4246991;-3,6762001;2468,61
3583;40,4249816;-3,670503;2934,77
3584;40,4249816;-3,670503;2934,77
3585;40,42143148;-3,672788618;2649,35
3586;40,4822012;-3,8646344;15443,57
3587;40,4246991;-3,6762001;2468,61
3588;40,42227145;-3,671673154;2760,66
3589;40,42091996;-3,683644633;1740,04
3590;40,4246991;-3,6762001;2468,61
3591;40,4246991;-3,6762001;2468,61
3592;40,46097548;-3,679880146;5289,3
3593;40,4279804;-3,676978916;2560,4
3594;40,43287902;-3,6765726;2888,73
3595;40,42256619;-3,678854399;2179,99
3596;40,4246991;-3,6762001;2468,61
3597;40,42384987;-3,670999902;2858,4
3598;40,42552262;-3,68854252;1586,99
3599;40,4246991;-3,6762001;2468,61
3600;40,4183416;-3,6746229;2451,63
3601;40,42279171;-3,665925336;3248,66
3602;40,42552262;-3,68854252;1586,99
3603;40,42091996;-3,683644633;1740,04
3604;40,42552262;-3,68854252;1586,99
3605;40,43235067;-3,678020393;2756,06
3606;40,4246991;-3,6762001;2468,61
3607;40,4246991;-3,6762001;2468,61
3608;40,4246991;-3,6762001;2468,61
3609;40,4246991;-3,6762001;2468,61
3610;40,42604684;-3,675603943;2571,17
3611;40,43235067;-3,678020393;2756,06
3612;40,46097548;-3,679880146;5289,3
3613;40,4246991;-3,6762001;2468,61
3614;40,4246991;-3,6762001;2468,61
3615;40,42375732;-3,669930077;2943,07
3616;40,42227145;-3,671673154;2760,66
3617;40,42718823;-3,673117749;2814,78
3618;40,46097548;-3,679880146;5289,3
3619;40,42227145;-3,671673154;2760,66
3620;40,4246991;-3,6762001;2468,61
3621;40,42876532;-3,676850861;2612,71
3622;40,42384987;-3,670999902;2858,4
3623;40,43287902;-3,6765726;2888,73
3624;40,42279171;-3,665925336;3248,66
3625;40,4246991;-3,6762001;2468,61
3626;40,46097548;-3,679880146;5289,3
3627;40,4246991;-3,6762001;2468,61
3628;40,4246991;-3,6762001;2468,61
3629;40,4251639;-3,6724745;2782,86
3630;40,4246991;-3,6762001;2468,61
3631;40,427364;-3,6747167;2699,9
3632;40,46097548;-3,679880146;5289,3
3633;40,46097548;-3,679880146;5289,3
3634;40,4246991;-3,6762001;2468,61
3635;40,4246991;-3,6762001;2468,61
3636;40,4246991;-3,6762001;2468,61
3637;40,42876532;-3,676850861;2612,71
3638;40,4269567;-3,6696296;3077,71
3639;40,42688569;-3,678489825;2390,25
3640;40,41760898;-3,676296696;2306,19
3641;40,4268851;-3,6716237;2917,95
3642;40,4257639;-3,6711864;2907,88
3643;40,4243633;-3,6795209;2193,08
3644;40,42552262;-3,68854252;1586,99
3645;40,4246991;-3,6762001;2468,61
3646;40,4246991;-3,6762001;2468,61
3647;40,43287902;-3,6765726;2888,73
3648;40,42279171;-3,665925336;3248,66
3649;40,4246991;-3,6762001;2468,61
3650;40,4283271;-3,6695507;3142,14
3651;40,4246991;-3,6762001;2468,61
3652;40,42544278;-3,672544875;2787,59
3653;40,4246991;-3,6762001;2468,61
3654;40,42279171;-3,665925336;3248,66
3655;40,42552262;-3,68854252;1586,99
3656;40,42552262;-3,68854252;1586,99
3657;40,4247478;-3,672139;2794,99
3658;40,428385;-3,6703639;3081,91
3659;40,4261846;-3,669217;3080,62
3660;40,42629479;-3,683267648;2005,42
3661;40,42604684;-3,675603943;2571,17
3662;40,42639932;-3,669763743;3045,18
3663;40,4246991;-3,6762001;2468,61
3664;40,42854646;-3,672296293;2941,53
3665;40,42279171;-3,665925336;3248,66
3666;40,42227145;-3,671673154;2760,66
3667;40,4246991;-3,6762001;2468,61
3668;40,4246991;-3,6762001;2468,61
3669;40,4246991;-3,6762001;2468,61
3670;40,42256619;-3,678854399;2179,99
3671;40,46097548;-3,679880146;5289,3
3672;40,44793582;-3,602061604;9253,32
3673;40,4246991;-3,6762001;2468,61
3674;40,42688569;-3,678489825;2390,25
3675;40,4255975;-3,6692297;3058,45
3676;40,42876532;-3,676850861;2612,71
3677;40,42772403;-3,684351056;2017,75
3678;40,42629479;-3,683267648;2005,42
3679;40,44508288;-3,678398995;3783,27
3680;40,4226702;-3,678329;2225,92
3681;40,4232991;-3,6801334;2102,47
3682;40,42799941;-3,672334092;2912,47
3683;40,43235067;-3,678020393;2756,06
3684;40,42629479;-3,683267648;2005,42
3685;40,42279171;-3,665925336;3248,66
3686;40,42604684;-3,675603943;2571,17
3687;40,42384987;-3,670999902;2858,4
3688;40,4272207;-3,6718006;2918,5
3689;40,44793582;-3,602061604;9253,32
3690;40,43287902;-3,6765726;2888,73
3691;40,43235067;-3,678020393;2756,06
3692;40,4246991;-3,6762001;2468,61
3693;40,4246991;-3,6762001;2468,61
3694;40,42629479;-3,683267648;2005,42
3695;40,43287902;-3,6765726;2888,73
3696;40,44793582;-3,602061604;9253,32
3697;40,42854646;-3,672296293;2941,53
3698;40,4246991;-3,6762001;2468,61
3699;40,44793582;-3,602061604;9253,32
3700;40,42239745;-3,674318184;2545,72
3701;40,42688569;-3,678489825;2390,25
3702;40,42552262;-3,68854252;1586,99
3703;40,4262576;-3,6724714;2825,37
3704;40,4246991;-3,6762001;2468,61
3705;40,4246991;-3,6762001;2468,61
3706;40,43643785;-3,685702785;2640,96
3707;40,4246991;-3,6762001;2468,61
3708;40,423326;-3,670505901;2883,83
3709;40,42384987;-3,670999902;2858,4
3710;40,4246991;-3,6762001;2468,61
3711;40,42780492;-3,668510894;3200,55
3712;40,42384987;-3,670999902;2858,4
3713;40,42772403;-3,684351056;2017,75
3714;40,42854646;-3,672296293;2941,53
3715;40,44793582;-3,602061604;9253,32
3716;40,4246991;-3,6762001;2468,61
3717;40,4246991;-3,6762001;2468,61
3718;40,4266994;-3,6738522;2736,05
3719;40,4291084;-3,6837975;2149,03
3720;40,4246991;-3,6762001;2468,61
3721;40,4248897;-3,669826708;2986,31
3722;40,42384987;-3,670999902;2858,4
3723;40,42091996;-3,683644633;1740,04
3724;40,42227145;-3,671673154;2760,66
3725;40,42279171;-3,665925336;3248,66
3726;40,42384987;-3,670999902;2858,4
3727;40,42849953;-3,723720892;2138,76
3728;40,4246991;-3,6762001;2468,61
3729;40,42091996;-3,683644633;1740,04
3730;40,4246991;-3,6762001;2468,61
3731;40,4246991;-3,6762001;2468,61
3732;40,42091996;-3,683644633;1740,04
3733;40,4246991;-3,6762001;2468,61
3734;40,4246991;-3,6762001;2468,61
3735;40,42629479;-3,683267648;2005,42
3736;40,42552262;-3,68854252;1586,99
3737;40,4246991;-3,6762001;2468,61
3738;40,42143148;-3,672788618;2649,35
3739;40,44793582;-3,602061604;9253,32
3740;40,41760898;-3,676296696;2306,19
3741;40,42629479;-3,683267648;2005,42
3742;40,42256619;-3,678854399;2179,99
3743;40,42279171;-3,665925336;3248,66
3744;40,4246991;-3,6762001;2468,61
3745;40,42227145;-3,671673154;2760,66
3746;40,42256619;-3,678854399;2179,99
3747;40,42091996;-3,683644633;1740,04
3748;40,42552262;-3,68854252;1586,99
3749;40,4262576;-3,6724714;2825,37
3750;40,42552262;-3,68854252;1586,99
3751;40,4262576;-3,6724714;2825,37
3752;40,4246991;-3,6762001;2468,61
3753;40,4244754;-3,67703736;2393,52
3754;40,42279171;-3,665925336;3248,66
3755;40,4246991;-3,6762001;2468,61
3756;40,4246991;-3,6762001;2468,61
3757;40,4246991;-3,6762001;2468,61
3758;40,46097548;-3,679880146;5289,3
3759;40,4246991;-3,6762001;2468,61
3760;40,4266994;-3,6738522;2736,05
3761;40,4246991;-3,6762001;2468,61
3762;40,4246991;-3,6762001;2468,61
3763;40,42629479;-3,683267648;2005,42
3764;40,42384987;-3,670999902;2858,4
3765;40,4246991;-3,6762001;2468,61
3766;40,4246991;-3,6762001;2468,61
3767;40,42552262;-3,68854252;1586,99
3768;40,42384987;-3,670999902;2858,4
3769;40,42384987;-3,670999902;2858,4
3770;40,4183416;-3,6746229;2451,63
3771;40,42256619;-3,678854399;2179,99
3772;40,44793582;-3,602061604;9253,32
3773;40,42091996;-3,683644633;1740,04
3774;40,42279171;-3,665925336;3248,66
3775;40,42854646;-3,672296293;2941,53
3776;40,42283033;-3,677405738;2305,91
3777;40,43235067;-3,678020393;2756,06
3778;40,42091996;-3,683644633;1740,04
3779;40,46097548;-3,679880146;5289,3
3780;40,4246991;-3,6762001;2468,61
3781;40,42091996;-3,683644633;1740,04
3782;40,4246991;-3,6762001;2468,61
3783;40,42772403;-3,684351056;2017,75
3784;40,42384987;-3,670999902;2858,4
3785;40,4246991;-3,6762001;2468,61
3786;40,42799941;-3,672334092;2912,47
3787;40,42544278;-3,672544875;2787,59
3788;40,44508288;-3,678398995;3783,27
3789;40,42091996;-3,683644633;1740,04
3790;40,43235067;-3,678020393;2756,06
3791;40,42227145;-3,671673154;2760,66
3792;40,42256619;-3,678854399;2179,99
3793;40,42604684;-3,675603943;2571,17
3794;40,4262576;-3,6724714;2825,37
3795;40,4280882;-3,6752728;2693,53
3796;40,4350836;-3,6746889;3166,45
3797;40,4353536;-3,6749772;3166,99
3798;40,436356;-3,6680189;3700,26
3799;40,436356;-3,6680189;3700,26
3800;40,4343963;-3,6691552;3497,14
3801;40,436356;-3,6680189;3700,26
3802;40,434474;-3,6747205;3121,62
3803;40,43703306;-3,674457459;3323,21
3804;40,4381648;-3,6656753;3978,96
3805;40,43633655;-3,676239565;3159,79
3806;40,43643785;-3,685702785;2640,96
3807;40,436356;-3,6680189;3700,26
3808;40,4331471;-3,6719708;3221,85
3809;40,43604986;-3,668647067;3637,22
3810;40,31113396;-3,867340307;18195
3811;40,43643785;-3,685702785;2640,96
3812;40,4337096;-3,6733065;3165,19
3813;40,436356;-3,6680189;3700,26
3814;40,43974794;-3,662236186;4317,82
3815;40,43526797;-3,66880867;3575,89
3816;40,436356;-3,6680189;3700,26
3817;40,4323521;-3,6678675;3470,7
3818;40,4368507;-3,6747604;3290,6
3819;40,4373028;-3,673032524;3433,17
3820;40,43108282;-3,665710836;3566,17
3821;40,43794196;-3,663585039;4108,63
3822;40,436356;-3,6680189;3700,26
3823;40,43682794;-3,670454368;3567,15
3824;40,4296661;-3,666567592;3433,39
3825;40,436356;-3,6680189;3700,26
3826;40,4378807;-3,66920395;3722,84
3827;40,4381366;-3,6790525;3137,57
3828;40,436356;-3,6680189;3700,26
3829;40,436356;-3,6680189;3700,26
3830;40,43794196;-3,663585039;4108,63
3831;40,43794196;-3,663585039;4108,63
3832;40,44793582;-3,602061604;9253,32
3833;40,43606389;-3,663629457;3990,5
3834;40,4378807;-3,66920395;3722,84
3835;40,43108282;-3,665710836;3566,17
3836;40,4370651;-3,6725453;3447,07
3837;40,43125484;-3,66745487;3443,07
3838;40,436356;-3,6680189;3700,26
3839;40,54965639;-3,629426115;16032,58
3840;40,54965639;-3,629426115;16032,58
3841;40,436356;-3,6680189;3700,26
3842;40,43546835;-3,6618661;4083,79
3843;40,43813792;-3,665782791;3969,87
3844;40,43813792;-3,665782791;3969,87
3845;40,43813792;-3,665782791;3969,87
3846;40,43813792;-3,665782791;3969,87
3847;40,43813792;-3,665782791;3969,87
3848;40,43813792;-3,665782791;3969,87
3849;40,43813792;-3,665782791;3969,87
3850;40,43522971;-3,673294376;3268,39
3851;40,44093953;-3,46062425;20732,14
3852;40,4358617;-3,66405507;3948,04
3853;40,436356;-3,6680189;3700,26
3854;40,4378807;-3,66920395;3722,84
3855;40,43974794;-3,662236186;4317,82
3856;40,4298003;-3,666125503;3473,64
3857;40,43125484;-3,66745487;3443,07
3858;40,44793582;-3,602061604;9253,32
3859;40,44793582;-3,602061604;9253,32
3860;40,44243265;-3,664091452;4378,74
3861;40,43682794;-3,670454368;3567,15
3862;40,43794196;-3,663585039;4108,63
3863;40,4373461;-3,6668536;3844,71
3864;40,4348902;-3,671448;3369,65
3865;40,44793582;-3,602061604;9253,32
3866;40,4328994;-3,6614631;3977,98
3867;40,436356;-3,6680189;3700,26
3868;40,4357722;-3,6714476;3428,66
3869;40,4381648;-3,6656753;3978,96
3870;40,43974794;-3,662236186;4317,82
3871;40,436356;-3,6680189;3700,26
3872;40,43407595;-3,665983535;3705,02
3873;40,43728102;-3,675408751;3282,97
3874;40,43794196;-3,663585039;4108,63
3875;40,436356;-3,6680189;3700,26
3876;40,4298972;-3,6668792;3420,11
3877;40,43974794;-3,662236186;4317,82
3878;40,43428897;-3,66531273;3765,91
3879;40,436356;-3,6680189;3700,26
3880;40,436356;-3,6680189;3700,26
3881;40,436356;-3,6680189;3700,26
3882;40,436356;-3,6680189;3700,26
3883;40,43643785;-3,685702785;2640,96
3884;40,436356;-3,6680189;3700,26
3885;40,4357722;-3,6714476;3428,66
3886;40,44093953;-3,46062425;20732,14
3887;40,43522971;-3,673294376;3268,39
3888;40,4393192;-3,6713863;3686,55
3889;40,4358493;-3,6640548;3947,32
3890;40,4339012;-3,6687341;3496,86
3891;40,436356;-3,6680189;3700,26
3892;40,436356;-3,6680189;3700,26
3893;40,43794196;-3,663585039;4108,63
3894;40,4339012;-3,6687341;3496,86
3895;40,4339012;-3,6687341;3496,86
3896;40,4339012;-3,6687341;3496,86
3897;40,436356;-3,6680189;3700,26
3898;40,4301666;-3,6777777;2629,06
3899;40,44508288;-3,678398995;3783,27
3900;40,42510547;-3,682235315;2017,81
3901;40,4305351;-3,6781049;2629,48
3902;40,43287902;-3,6765726;2888,73
3903;40,42510547;-3,682235315;2017,81
3904;40,42510547;-3,682235315;2017,81
3905;40,4326938;-3,6745087;3016,6
3906;40,43643785;-3,685702785;2640,96
3907;40,42510547;-3,682235315;2017,81
3908;40,435891;-3,6768482;3088,32
3909;40,43643785;-3,685702785;2640,96
3910;40,43643785;-3,685702785;2640,96
3911;40,43643785;-3,685702785;2640,96
3912;40,42510547;-3,682235315;2017,81
3913;40,43643785;-3,685702785;2640,96
3914;40,42510547;-3,682235315;2017,81
3915;40,43643785;-3,685702785;2640,96
3916;40,42510547;-3,682235315;2017,81
3917;40,42510547;-3,682235315;2017,81
3918;40,42510547;-3,682235315;2017,81
3919;40,42510547;-3,682235315;2017,81
3920;40,43378746;-3,68146015;2645,06
3921;40,43501607;-3,684840042;2557,33
3922;40,43288133;-3,683161659;2472,22
3923;40,43378746;-3,68146015;2645,06
3924;40,43643785;-3,685702785;2640,96
3925;40,42510547;-3,682235315;2017,81
3926;40,43643785;-3,685702785;2640,96
3927;40,43154105;-3,683238984;2362,91
3928;40,43287902;-3,6765726;2888,73
3929;40,42854646;-3,672296293;2941,53
3930;40,43154105;-3,683238984;2362,91
3931;40,42510547;-3,682235315;2017,81
3932;40,42849953;-3,723720892;2138,76
3933;40,43633655;-3,676239565;3159,79
3934;40,42854646;-3,672296293;2941,53
3935;40,43501607;-3,684840042;2557,33
3936;40,4354789;-3,6791324;2917,36
3937;40,43643785;-3,685702785;2640,96
3938;40,42934717;-3,675386196;2752,41
3939;40,43154105;-3,683238984;2362,91
3940;40,42997938;-3,677177599;2659,92
3941;40,42510547;-3,682235315;2017,81
3942;40,43378746;-3,68146015;2645,06
3943;40,43616567;-3,683426464;2731,81
3944;40,42934717;-3,675386196;2752,41
3945;40,43235067;-3,678020393;2756,06
3946;40,4822012;-3,8646344;15443,57
3947;40,4822012;-3,8646344;15443,57
3948;40,43501607;-3,684840042;2557,33
3949;40,42510547;-3,682235315;2017,81
3950;40,43643785;-3,685702785;2640,96
3951;40,42510547;-3,682235315;2017,81
3952;40,43235067;-3,678020393;2756,06
3953;40,43235067;-3,678020393;2756,06
3954;40,43501607;-3,684840042;2557,33
3955;40,43235067;-3,678020393;2756,06
3956;40,42510547;-3,682235315;2017,81
3957;40,43288133;-3,683161659;2472,22
3958;40,43154105;-3,683238984;2362,91
3959;40,42510547;-3,682235315;2017,81
3960;40,43287902;-3,6765726;2888,73
3961;40,42510547;-3,682235315;2017,81
3962;40,43154105;-3,683238984;2362,91
3963;40,42854646;-3,672296293;2941,53
3964;40,43235067;-3,678020393;2756,06
3965;40,43643785;-3,685702785;2640,96
3966;40,43633655;-3,676239565;3159,79
3967;40,4286553;-3,6729483;2897,45
3968;40,43287902;-3,6765726;2888,73
3969;40,42934717;-3,675386196;2752,41
3970;40,42510547;-3,682235315;2017,81
3971;40,42510547;-3,682235315;2017,81
3972;40,43643785;-3,685702785;2640,96
3973;40,43378746;-3,68146015;2645,06
3974;40,43235067;-3,678020393;2756,06
3975;40,42854646;-3,672296293;2941,53
3976;40,43501607;-3,684840042;2557,33
3977;40,43288133;-3,683161659;2472,22
3978;40,43235067;-3,678020393;2756,06
3979;40,43633655;-3,676239565;3159,79
3980;40,43154105;-3,683238984;2362,91
3981;40,43287902;-3,6765726;2888,73
3982;40,43288133;-3,683161659;2472,22
3983;40,43235067;-3,678020393;2756,06
3984;40,43288133;-3,683161659;2472,22
3985;40,43154105;-3,683238984;2362,91
3986;40,43501607;-3,684840042;2557,33
3987;40,4309117;-3,6717126;3108,67
3988;40,4321837;-3,6730962;3083,19
3989;40,42510547;-3,682235315;2017,81
3990;40,42510547;-3,682235315;2017,81
3991;40,43288133;-3,683161659;2472,22
3992;40,4295736;-3,6715439;3049,76
3993;40,43288133;-3,683161659;2472,22
3994;40,43235067;-3,678020393;2756,06
3995;40,43154105;-3,683238984;2362,91
3996;40,42510547;-3,682235315;2017,81
3997;40,43235067;-3,678020393;2756,06
3998;40,43154105;-3,683238984;2362,91
3999;40,43643785;-3,685702785;2640,96
4000;40,43154105;-3,683238984;2362,91
4001;40,43154105;-3,683238984;2362,91
4002;40,42510547;-3,682235315;2017,81
4003;40,42510547;-3,682235315;2017,81
4004;40,4371784;-3,6777098;3136,45
4005;40,43154105;-3,683238984;2362,91
4006;40,43643785;-3,685702785;2640,96
4007;40,43643785;-3,685702785;2640,96
4008;40,42510547;-3,682235315;2017,81
4009;40,43501607;-3,684840042;2557,33
4010;40,43633655;-3,676239565;3159,79
4011;40,43501607;-3,684840042;2557,33
4012;40,42849953;-3,723720892;2138,76
4013;40,43154105;-3,683238984;2362,91
4014;40,43501607;-3,684840042;2557,33
4015;40,42854646;-3,672296293;2941,53
4016;40,43154105;-3,683238984;2362,91
4017;40,42510547;-3,682235315;2017,81
4018;40,42997938;-3,677177599;2659,92
4019;40,43154105;-3,683238984;2362,91
4020;40,43154105;-3,683238984;2362,91
4021;40,42854646;-3,672296293;2941,53
4022;40,42510547;-3,682235315;2017,81
4023;40,42510547;-3,682235315;2017,81
4024;40,43288133;-3,683161659;2472,22
4025;40,42849953;-3,723720892;2138,76
4026;40,43154105;-3,683238984;2362,91
4027;40,43154105;-3,683238984;2362,91
4028;40,43154105;-3,683238984;2362,91
4029;40,42510547;-3,682235315;2017,81
4030;40,4344836;-3,6766834;2994,34
4031;40,42849953;-3,723720892;2138,76
4032;40,4822012;-3,8646344;15443,57
4033;40,43235067;-3,678020393;2756,06
4034;40,42510547;-3,682235315;2017,81
4035;40,42854646;-3,672296293;2941,53
4036;40,42997938;-3,677177599;2659,92
4037;40,42854646;-3,672296293;2941,53
4038;40,42854646;-3,672296293;2941,53
4039;40,42849953;-3,723720892;2138,76
4040;40,43154105;-3,683238984;2362,91
4041;40,43235067;-3,678020393;2756,06
4042;40,4309117;-3,6717126;3108,67
4043;40,4345684;-3,6784133;2891,2
4044;40,43643785;-3,685702785;2640,96
4045;40,42510547;-3,682235315;2017,81
4046;40,42510547;-3,682235315;2017,81
4047;40,43378746;-3,68146015;2645,06
4048;40,4345173;-3,6772763;2958,92
4049;40,42997938;-3,677177599;2659,92
4050;40,42604684;-3,675603943;2571,17
4051;40,42510547;-3,682235315;2017,81
4052;40,43154105;-3,683238984;2362,91
4053;40,4332316;-3,6782738;2801,59
4054;40,43501607;-3,684840042;2557,33
4055;40,42849953;-3,723720892;2138,76
4056;40,42854646;-3,672296293;2941,53
4057;40,43501607;-3,684840042;2557,33
4058;40,42510547;-3,682235315;2017,81
4059;40,42854646;-3,672296293;2941,53
4060;40,43154105;-3,683238984;2362,91
4061;40,43154105;-3,683238984;2362,91
4062;40,43235067;-3,678020393;2756,06
4063;40,43616567;-3,683426464;2731,81
4064;40,43235067;-3,678020393;2756,06
4065;40,43501607;-3,684840042;2557,33
4066;40,43287902;-3,6765726;2888,73
4067;40,43154105;-3,683238984;2362,91
4068;40,43235067;-3,678020393;2756,06
4069;40,43643785;-3,685702785;2640,96
4070;40,42934717;-3,675386196;2752,41
4071;40,43643785;-3,685702785;2640,96
4072;40,42934717;-3,675386196;2752,41
4073;40,42510547;-3,682235315;2017,81
4074;40,42510547;-3,682235315;2017,81
4075;40,43643785;-3,685702785;2640,96
4076;40,43288133;-3,683161659;2472,22
4077;40,43288133;-3,683161659;2472,22
4078;40,44508288;-3,678398995;3783,27
4079;40,4361021;-3,6776388;3056,05
4080;40,4332316;-3,6782738;2801,59
4081;40,4309117;-3,6717126;3108,67
4082;40,42510547;-3,682235315;2017,81
4083;40,4345684;-3,6784133;2891,2
4084;40,4344836;-3,6766834;2994,34
4085;40,43154105;-3,683238984;2362,91
4086;40,43235067;-3,678020393;2756,06
4087;40,42510547;-3,682235315;2017,81
4088;40,42510547;-3,682235315;2017,81
4089;40,43501607;-3,684840042;2557,33
4090;40,43154105;-3,683238984;2362,91
4091;40,43154105;-3,683238984;2362,91
4092;40,43235067;-3,678020393;2756,06
4093;40,43235067;-3,678020393;2756,06
4094;40,42510547;-3,682235315;2017,81
4095;40,43378746;-3,68146015;2645,06
4096;40,42510547;-3,682235315;2017,81
4097;40,43643785;-3,685702785;2640,96
4098;40,43154105;-3,683238984;2362,91
4099;40,43643785;-3,685702785;2640,96
4100;40,42604684;-3,675603943;2571,17
4101;40,43154105;-3,683238984;2362,91
4102;40,42997938;-3,677177599;2659,92
4103;40,43501607;-3,684840042;2557,33
4104;40,42510547;-3,682235315;2017,81
4105;40,43643785;-3,685702785;2640,96
4106;40,43501607;-3,684840042;2557,33
4107;40,43154105;-3,683238984;2362,91
4108;40,43235067;-3,678020393;2756,06
4109;40,4182721;-3,7050324;195,32
4110;40,42510547;-3,682235315;2017,81
4111;40,43378746;-3,68146015;2645,06
4112;40,42510547;-3,682235315;2017,81
4113;40,43776782;-3,684129027;2838,53
4114;40,4822012;-3,8646344;15443,57
4115;40,43288133;-3,683161659;2472,22
4116;40,42510547;-3,682235315;2017,81
4117;40,42510547;-3,682235315;2017,81
4118;40,4324804;-3,6736424;3063,15
4119;40,4315315;-3,684203;2303,55
4120;40,4269438;-3,678581;2386,41
4121;40,42510547;-3,682235315;2017,81
4122;40,42510547;-3,682235315;2017,81
4123;40,43643785;-3,685702785;2640,96
4124;40,43643785;-3,685702785;2640,96
4125;40,42510547;-3,682235315;2017,81
4126;40,4326938;-3,6745087;3016,6
4127;40,42849953;-3,723720892;2138,76
4128;40,42510547;-3,682235315;2017,81
4129;40,43288133;-3,683161659;2472,22
4130;40,428833;-3,669716;3152,5
4131;40,43633655;-3,676239565;3159,79
4132;40,42510547;-3,682235315;2017,81
4133;40,42934717;-3,675386196;2752,41
4134;40,43287902;-3,6765726;2888,73
4135;40,42997938;-3,677177599;2659,92
4136;40,43154105;-3,683238984;2362,91
4137;40,43643785;-3,685702785;2640,96
4138;40,42510547;-3,682235315;2017,81
4139;40,42604684;-3,675603943;2571,17
4140;40,43501607;-3,684840042;2557,33
4141;40,43235067;-3,678020393;2756,06
4142;40,42510547;-3,682235315;2017,81
4143;40,43154105;-3,683238984;2362,91
4144;40,42510547;-3,682235315;2017,81
4145;40,42997938;-3,677177599;2659,92
4146;40,42510547;-3,682235315;2017,81
4147;40,4346759;-3,6751972;3104,42
4148;40,427797;-3,676903;2556,35
4149;40,43288133;-3,683161659;2472,22
4150;40,4297267;-3,6746989;2823,91
4151;40,42510547;-3,682235315;2017,81
4152;40,43154105;-3,683238984;2362,91
4153;40,43287902;-3,6765726;2888,73
4154;40,42997938;-3,677177599;2659,92
4155;40,43643785;-3,685702785;2640,96
4156;40,42510547;-3,682235315;2017,81
4157;40,4265999;-3,6783933;2383,01
4158;40,42510547;-3,682235315;2017,81
4159;40,43643785;-3,685702785;2640,96
4160;40,43235067;-3,678020393;2756,06
4161;40,43616567;-3,683426464;2731,81
4162;40,42510547;-3,682235315;2017,81
4163;40,43643785;-3,685702785;2640,96
4164;40,42997938;-3,677177599;2659,92
4165;40,43154105;-3,683238984;2362,91
4166;40,43501607;-3,684840042;2557,33
4167;40,43501607;-3,684840042;2557,33
4168;40,43501607;-3,684840042;2557,33
4169;40,43633655;-3,676239565;3159,79
4170;40,43643785;-3,685702785;2640,96
4171;40,43154105;-3,683238984;2362,91
4172;40,42510547;-3,682235315;2017,81
4173;40,43378746;-3,68146015;2645,06
4174;40,42849953;-3,723720892;2138,76
4175;40,42510547;-3,682235315;2017,81
4176;40,42849953;-3,723720892;2138,76
4177;40,43378746;-3,68146015;2645,06
4178;40,43038914;-3,679495197;2524,43
4179;40,42604684;-3,675603943;2571,17
4180;40,44508288;-3,678398995;3783,27
4181;40,43630778;-3,676313201;3153,05
4182;40,42510547;-3,682235315;2017,81
4183;40,43235067;-3,678020393;2756,06
4184;40,42510547;-3,682235315;2017,81
4185;40,4361021;-3,6776388;3056,05
4186;40,43235067;-3,678020393;2756,06
4187;40,42997938;-3,677177599;2659,92
4188;40,43235067;-3,678020393;2756,06
4189;40,43287902;-3,6765726;2888,73
4190;40,43160082;-3,672873564;3064
4191;40,43501607;-3,684840042;2557,33
4192;40,43154105;-3,683238984;2362,91
4193;40,43154105;-3,683238984;2362,91
4194;40,43235067;-3,678020393;2756,06
4195;40,43235067;-3,678020393;2756,06
4196;40,43501607;-3,684840042;2557,33
4197;40,43643785;-3,685702785;2640,96
4198;40,43643785;-3,685702785;2640,96
4199;40,42510547;-3,682235315;2017,81
4200;40,42510547;-3,682235315;2017,81
4201;40,43643785;-3,685702785;2640,96
4202;40,43154105;-3,683238984;2362,91
4203;40,43287902;-3,6765726;2888,73
4204;40,4822012;-3,8646344;15443,57
4205;40,43616567;-3,683426464;2731,81
4206;40,42934717;-3,675386196;2752,41
4207;40,43378746;-3,68146015;2645,06
4208;40,42510547;-3,682235315;2017,81
4209;40,43501607;-3,684840042;2557,33
4210;40,42510547;-3,682235315;2017,81
4211;40,43501607;-3,684840042;2557,33
4212;40,42997938;-3,677177599;2659,92
4213;40,4310423;-3,6744681;2916,74
4214;40,43643785;-3,685702785;2640,96
4215;40,43235067;-3,678020393;2756,06
4216;40,42997938;-3,677177599;2659,92
4217;40,44508288;-3,678398995;3783,27
4218;40,43378746;-3,68146015;2645,06
4219;40,43776782;-3,684129027;2838,53
4220;40,42849953;-3,723720892;2138,76
4221;40,43585551;-3,677536897;3043,23
4222;40,44508288;-3,678398995;3783,27
4223;40,43287902;-3,6765726;2888,73
4224;40,43643785;-3,685702785;2640,96
4225;40,43288133;-3,683161659;2472,22
4226;40,42997938;-3,677177599;2659,92
4227;40,43643785;-3,685702785;2640,96
4228;40,43643785;-3,685702785;2640,96
4229;40,42997938;-3,677177599;2659,92
4230;40,43154105;-3,683238984;2362,91
4231;40,42849953;-3,723720892;2138,76
4232;40,4319056;-3,6779816;2728,18
4233;40,43643785;-3,685702785;2640,96
4234;40,43643785;-3,685702785;2640,96
4235;40,4243637;-3,6857429;1716,57
4236;40,4243637;-3,6857429;1716,57
4237;40,43643785;-3,685702785;2640,96
4238;40,4243637;-3,6857429;1716,57
4239;40,43643785;-3,685702785;2640,96
4240;40,4243637;-3,6857429;1716,57
4241;40,43643785;-3,685702785;2640,96
4242;40,42632406;-3,681414389;2142,69
4243;40,42702676;-3,683968916;1999,38
4244;40,42792454;-3,687377781;1832,82
4245;40,4243637;-3,6857429;1716,57
4246;40,4243637;-3,6857429;1716,57
4247;40,42785702;-3,686202008;1903,4
4248;40,43388852;-3,682058369;2617,63
4249;40,4243637;-3,6857429;1716,57
4250;40,4243637;-3,6857429;1716,57
4251;40,42702676;-3,683968916;1999,38
4252;40,4243637;-3,6857429;1716,57
4253;40,4243637;-3,6857429;1716,57
4254;40,4243637;-3,6857429;1716,57
4255;40,43643785;-3,685702785;2640,96
4256;40,4243637;-3,6857429;1716,57
4257;40,42200465;-3,690419865;1243,95
4258;40,43643785;-3,685702785;2640,96
4259;40,42244759;-3,686379403;1575,16
4260;40,4243637;-3,6857429;1716,57
4261;40,4243637;-3,6857429;1716,57
4262;40,4243637;-3,6857429;1716,57
4263;40,42200465;-3,690419865;1243,95
4264;40,4243637;-3,6857429;1716,57
4265;40,4243637;-3,6857429;1716,57
4266;40,4243637;-3,6857429;1716,57
4267;40,4243637;-3,6857429;1716,57
4268;40,43643785;-3,685702785;2640,96
4269;40,43400136;-3,684497531;2488,32
4270;40,43643785;-3,685702785;2640,96
4271;40,42780078;-3,685081811;1973,55
4272;40,4243637;-3,6857429;1716,57
4273;40,4243637;-3,6857429;1716,57
4274;40,4243637;-3,6857429;1716,57
4275;40,4243637;-3,6857429;1716,57
4276;40,43643785;-3,685702785;2640,96
4277;40,4243637;-3,6857429;1716,57
4278;40,4243637;-3,6857429;1716,57
4279;40,4243637;-3,6857429;1716,57
4280;40,4243637;-3,6857429;1716,57
4281;40,4243637;-3,6857429;1716,57
4282;40,43643785;-3,685702785;2640,96
4283;40,43643785;-3,685702785;2640,96
4284;40,4243637;-3,6857429;1716,57
4285;40,4243637;-3,6857429;1716,57
4286;40,43643785;-3,685702785;2640,96
4287;40,43643785;-3,685702785;2640,96
4288;40,4243637;-3,6857429;1716,57
4289;40,42071883;-3,68577139;1560,41
4290;40,4243637;-3,6857429;1716,57
4291;40,43388852;-3,682058369;2617,63
4292;40,4243637;-3,6857429;1716,57
4293;40,43400136;-3,684497531;2488,32
4294;40,43643785;-3,685702785;2640,96
4295;40,4243637;-3,6857429;1716,57
4296;40,42767785;-3,682569583;2138,06
4297;40,4243637;-3,6857429;1716,57
4298;40,42792454;-3,687377781;1832,82
4299;40,4243637;-3,6857429;1716,57
4300;40,4243637;-3,6857429;1716,57
4301;40,4243637;-3,6857429;1716,57
4302;40,4243637;-3,6857429;1716,57
4303;40,4243637;-3,6857429;1716,57
4304;40,42772403;-3,684351056;2017,75
4305;40,43388852;-3,682058369;2617,63
4306;40,4243637;-3,6857429;1716,57
4307;40,4243637;-3,6857429;1716,57
4308;40,4243637;-3,6857429;1716,57
4309;40,42792454;-3,687377781;1832,82
4310;40,4243637;-3,6857429;1716,57
4311;40,42629479;-3,683267648;2005,42
4312;40,42772403;-3,684351056;2017,75
4313;40,4243637;-3,6857429;1716,57
4314;40,42772403;-3,684351056;2017,75
4315;40,4243637;-3,6857429;1716,57
4316;40,4243637;-3,6857429;1716,57
4317;40,42629479;-3,683267648;2005,42
4318;40,42792454;-3,687377781;1832,82
4319;40,43643785;-3,685702785;2640,96
4320;40,42746421;-3,689920249;1641,6
4321;40,4243637;-3,6857429;1716,57
4322;40,42767785;-3,682569583;2138,06
4323;40,43400136;-3,684497531;2488,32
4324;40,43388852;-3,682058369;2617,63
4325;40,42767785;-3,682569583;2138,06
4326;40,42792454;-3,687377781;1832,82
4327;40,42552262;-3,68854252;1586,99
4328;40,42200465;-3,690419865;1243,95
4329;40,4243637;-3,6857429;1716,57
4330;40,42200465;-3,690419865;1243,95
4331;40,43643785;-3,685702785;2640,96
4332;40,42767785;-3,682569583;2138,06
4333;40,42785702;-3,686202008;1903,4
4334;40,42114707;-3,687193081;1459,4
4335;40,4243637;-3,6857429;1716,57
4336;40,43643785;-3,685702785;2640,96
4337;40,4243637;-3,6857429;1716,57
4338;40,4243637;-3,6857429;1716,57
4339;40,4243637;-3,6857429;1716,57
4340;40,4243637;-3,6857429;1716,57
4341;40,42772403;-3,684351056;2017,75
4342;40,4243637;-3,6857429;1716,57
4343;40,43643785;-3,685702785;2640,96
4344;40,4243637;-3,6857429;1716,57
4345;40,42785702;-3,686202008;1903,4
4346;40,4243637;-3,6857429;1716,57
4347;40,42200465;-3,690419865;1243,95
4348;40,42702676;-3,683968916;1999,38
4349;40,42200465;-3,690419865;1243,95
4350;40,42244759;-3,686379403;1575,16
4351;40,43388852;-3,682058369;2617,63
4352;40,42767785;-3,682569583;2138,06
4353;40,4243637;-3,6857429;1716,57
4354;40,4243637;-3,6857429;1716,57
4355;40,4243637;-3,6857429;1716,57
4356;40,4243637;-3,6857429;1716,57
4357;40,4243637;-3,6857429;1716,57
4358;40,4243637;-3,6857429;1716,57
4359;40,4243637;-3,6857429;1716,57
4360;40,42772403;-3,684351056;2017,75
4361;40,4243637;-3,6857429;1716,57
4362;40,42702676;-3,683968916;1999,38
4363;40,43388852;-3,682058369;2617,63
4364;40,42702676;-3,683968916;1999,38
4365;40,44508288;-3,678398995;3783,27
4366;40,42822779;-3,679956171;2356,86
4367;40,42822779;-3,679956171;2356,86
4368;40,44508288;-3,678398995;3783,27
4369;40,42552262;-3,68854252;1586,99
4370;40,42767785;-3,682569583;2138,06
4371;40,4243637;-3,6857429;1716,57
4372;40,42767785;-3,682569583;2138,06
4373;40,4243637;-3,6857429;1716,57
4374;40,4243637;-3,6857429;1716,57
4375;40,4243637;-3,6857429;1716,57
4376;40,4243637;-3,6857429;1716,57
4377;40,4243637;-3,6857429;1716,57
4378;40,4243637;-3,6857429;1716,57
4379;40,43388852;-3,682058369;2617,63
4380;40,42244759;-3,686379403;1575,16
4381;40,4243637;-3,6857429;1716,57
4382;40,4243637;-3,6857429;1716,57
4383;40,4243637;-3,6857429;1716,57
4384;40,4273473;-3,6801457;2292,37
4385;40,44508288;-3,678398995;3783,27
4386;40,43312014;-3,680869699;2629,28
4387;40,44508288;-3,678398995;3783,27
4388;40,43388852;-3,682058369;2617,63
4389;40,43388852;-3,682058369;2617,63
4390;40,42552262;-3,68854252;1586,99
4391;40,43388852;-3,682058369;2617,63
4392;40,43388852;-3,682058369;2617,63
4393;40,42854646;-3,672296293;2941,53
4394;40,4243637;-3,6857429;1716,57
4395;40,43643785;-3,685702785;2640,96
4396;40,42702676;-3,683968916;1999,38
4397;40,4243637;-3,6857429;1716,57
4398;40,4273473;-3,6801457;2292,37
4399;40,4243637;-3,6857429;1716,57
4400;40,43388852;-3,682058369;2617,63
4401;40,4243637;-3,6857429;1716,57
4402;40,4243637;-3,6857429;1716,57
4403;40,4243637;-3,6857429;1716,57
4404;40,4243637;-3,6857429;1716,57
4405;40,4243637;-3,6857429;1716,57
4406;40,4273473;-3,6801457;2292,37
4407;40,4243637;-3,6857429;1716,57
4408;40,43388852;-3,682058369;2617,63
4409;40,4243637;-3,6857429;1716,57
4410;40,42200465;-3,690419865;1243,95
4411;40,43643785;-3,685702785;2640,96
4412;40,4243637;-3,6857429;1716,57
4413;40,42792454;-3,687377781;1832,82
4414;40,42702676;-3,683968916;1999,38
4415;40,43643785;-3,685702785;2640,96
4416;40,42629479;-3,683267648;2005,42
4417;40,42702676;-3,683968916;1999,38
4418;40,42114707;-3,687193081;1459,4
4419;40,42767785;-3,682569583;2138,06
4420;40,421727;-3,686439175;1541,05
4421;40,42772403;-3,684351056;2017,75
4422;40,4243637;-3,6857429;1716,57
4423;40,4207658;-3,6858037;1559,19
4424;40,42279171;-3,665925336;3248,66
4425;40,42279171;-3,665925336;3248,66
4426;40,4267711;-3,682372701;2097,67
4427;40,43643785;-3,685702785;2640,96
4428;40,4273473;-3,6801457;2292,37
4429;40,43312014;-3,680869699;2629,28
4430;40,42632406;-3,681414389;2142,69
4431;40,42279171;-3,665925336;3248,66
4432;40,42702676;-3,683968916;1999,38
4433;40,42386601;-3,686181281;1657,71
4434;40,42767785;-3,682569583;2138,06
4435;40,42071883;-3,68577139;1560,41
4436;40,42785702;-3,686202008;1903,4
4437;40,43643785;-3,685702785;2640,96
4438;40,42785702;-3,686202008;1903,4
4439;40,44508288;-3,678398995;3783,27
4440;40,42632406;-3,681414389;2142,69
4441;40,4243637;-3,6857429;1716,57
4442;40,42200465;-3,690419865;1243,95
4443;40,43643785;-3,685702785;2640,96
4444;40,43312014;-3,680869699;2629,28
4445;40,42386601;-3,686181281;1657,71
4446;40,42785702;-3,686202008;1903,4
4447;40,43400136;-3,684497531;2488,32
4448;40,42785702;-3,686202008;1903,4
4449;40,43388852;-3,682058369;2617,63
4450;40,42792454;-3,687377781;1832,82
4451;40,42279171;-3,665925336;3248,66
4452;40,4243637;-3,6857429;1716,57
4453;40,4243637;-3,6857429;1716,57
4454;40,4243637;-3,6857429;1716,57
4455;40,4243637;-3,6857429;1716,57
4456;40,42552262;-3,68854252;1586,99
4457;40,371874;-3,5398983;14735,22
4458;40,44508288;-3,678398995;3783,27
4459;40,42767785;-3,682569583;2138,06
4460;40,43312014;-3,680869699;2629,28
4461;40,44508288;-3,678398995;3783,27
4462;40,42702676;-3,683968916;1999,38
4463;40,4243637;-3,6857429;1716,57
4464;40,42702676;-3,683968916;1999,38
4465;40,42629479;-3,683267648;2005,42
4466;40,43388852;-3,682058369;2617,63
4467;40,4243637;-3,6857429;1716,57
4468;40,42767785;-3,682569583;2138,06
4469;40,42552262;-3,68854252;1586,99
4470;40,42552262;-3,68854252;1586,99
4471;40,42552262;-3,68854252;1586,99
4472;40,42767785;-3,682569583;2138,06
4473;40,4243637;-3,6857429;1716,57
4474;40,4243637;-3,6857429;1716,57
4475;40,4273473;-3,6801457;2292,37
4476;40,4243637;-3,6857429;1716,57
4477;40,43643785;-3,685702785;2640,96
4478;40,42552262;-3,68854252;1586,99
4479;40,4243637;-3,6857429;1716,57
4480;40,4270779;-3,6841869;1987,35
4481;40,4243637;-3,6857429;1716,57
4482;40,44508288;-3,678398995;3783,27
4483;40,4243637;-3,6857429;1716,57
4484;40,42772403;-3,684351056;2017,75
4485;40,42244759;-3,686379403;1575,16
4486;40,4243637;-3,6857429;1716,57
4487;40,44508288;-3,678398995;3783,27
4488;40,42552262;-3,68854252;1586,99
4489;40,42785702;-3,686202008;1903,4
4490;40,4270779;-3,6841869;1987,35
4491;40,4267711;-3,682372701;2097,67
4492;40,4243637;-3,6857429;1716,57
4493;40,42200465;-3,690419865;1243,95
4494;40,42200465;-3,690419865;1243,95
4495;40,43643785;-3,685702785;2640,96
4496;40,43643785;-3,685702785;2640,96
4497;40,43643785;-3,685702785;2640,96
4498;40,42200465;-3,690419865;1243,95
4499;40,42200465;-3,690419865;1243,95
4500;40,42767785;-3,682569583;2138,06
4501;40,42552262;-3,68854252;1586,99
4502;40,42552262;-3,68854252;1586,99
4503;40,43643785;-3,685702785;2640,96
4504;40,4243637;-3,6857429;1716,57
4505;40,42279171;-3,665925336;3248,66
4506;40,43388852;-3,682058369;2617,63
4507;40,42200465;-3,690419865;1243,95
4508;40,4267711;-3,682372701;2097,67
4509;40,43643785;-3,685702785;2640,96
4510;40,42792454;-3,687377781;1832,82
4511;40,42629479;-3,683267648;2005,42
4512;40,42200465;-3,690419865;1243,95
4513;40,43388852;-3,682058369;2617,63
4514;40,42912447;-3,684170803;2125,71
4515;40,4243637;-3,6857429;1716,57
4516;40,4235365;-3,6854416;1697,27
4517;40,44508288;-3,678398995;3783,27
4518;40,4243637;-3,6857429;1716,57
4519;40,4243637;-3,6857429;1716,57
4520;40,4243637;-3,6857429;1716,57
4521;40,4243637;-3,6857429;1716,57
4522;40,4243637;-3,6857429;1716,57
4523;40,42767785;-3,682569583;2138,06
4524;40,42200465;-3,690419865;1243,95
4525;40,4243637;-3,6857429;1716,57
4526;40,4243637;-3,6857429;1716,57
4527;40,426082;-3,6805001;2198,05
4528;40,426082;-3,6805001;2198,05
4529;40,4243637;-3,6857429;1716,57
4530;40,42854646;-3,672296293;2941,53
4531;40,4243637;-3,6857429;1716,57
4532;40,43643785;-3,685702785;2640,96
4533;40,4243637;-3,6857429;1716,57
4534;40,43312014;-3,680869699;2629,28
4535;40,4243637;-3,6857429;1716,57
4536;40,42200465;-3,690419865;1243,95
4537;40,42552262;-3,68854252;1586,99
4538;40,4243637;-3,6857429;1716,57
4539;40,42632406;-3,681414389;2142,69
4540;40,4238593;-3,6866377;1623,24
4541;40,43643785;-3,685702785;2640,96
4542;40,43388852;-3,682058369;2617,63
4543;40,4243637;-3,6857429;1716,57
4544;40,43400136;-3,684497531;2488,32
4545;40,42200465;-3,690419865;1243,95
4546;40,42785702;-3,686202008;1903,4
4547;40,43400136;-3,684497531;2488,32
4548;40,4243637;-3,6857429;1716,57
4549;40,4243637;-3,6857429;1716,57
4550;40,4243637;-3,6857429;1716,57
4551;40,4243637;-3,6857429;1716,57
4552;40,43643785;-3,685702785;2640,96
4553;40,4207658;-3,6858037;1559,19
4554;40,42632406;-3,681414389;2142,69
4555;40,43643785;-3,685702785;2640,96
4556;40,42702676;-3,683968916;1999,38
4557;40,4243637;-3,6857429;1716,57
4558;40,44508288;-3,678398995;3783,27
4559;40,42200465;-3,690419865;1243,95
4560;40,42629479;-3,683267648;2005,42
4561;40,4243637;-3,6857429;1716,57
4562;40,4243637;-3,6857429;1716,57
4563;40,4243637;-3,6857429;1716,57
4564;40,43643785;-3,685702785;2640,96
4565;40,42200465;-3,690419865;1243,95
4566;40,4243637;-3,6857429;1716,57
4567;40,42772403;-3,684351056;2017,75
4568;40,43388852;-3,682058369;2617,63
4569;40,4229568;-3,690626;1280,38
4570;40,4243637;-3,6857429;1716,57
4571;40,43643785;-3,685702785;2640,96
4572;40,4243637;-3,6857429;1716,57
4573;40,43400136;-3,684497531;2488,32
4574;40,4229568;-3,690626;1280,38
4575;40,4243637;-3,6857429;1716,57
4576;40,4243637;-3,6857429;1716,57
4577;40,4243637;-3,6857429;1716,57
4578;40,4243637;-3,6857429;1716,57
4579;40,42632406;-3,681414389;2142,69
4580;40,42552262;-3,68854252;1586,99
4581;40,42108829;-3,689881239;1243,53
4582;40,43388852;-3,682058369;2617,63
4583;40,42702676;-3,683968916;1999,38
4584;40,43643785;-3,685702785;2640,96
4585;40,4243637;-3,6857429;1716,57
4586;40,44508288;-3,678398995;3783,27
4587;40,4243637;-3,6857429;1716,57
4588;40,4243637;-3,6857429;1716,57
4589;40,42702676;-3,683968916;1999,38
4590;40,44508288;-3,678398995;3783,27
4591;40,44508288;-3,678398995;3783,27
4592;40,43388852;-3,682058369;2617,63
4593;40,42629479;-3,683267648;2005,42
4594;40,42552262;-3,68854252;1586,99
4595;40,42552262;-3,68854252;1586,99
4596;40,43388852;-3,682058369;2617,63
4597;40,4243637;-3,6857429;1716,57
4598;40,42071883;-3,68577139;1560,41
4599;40,42772403;-3,684351056;2017,75
4600;40,42767785;-3,682569583;2138,06
4601;40,42854646;-3,672296293;2941,53
4602;40,42767785;-3,682569583;2138,06
4603;40,42552262;-3,68854252;1586,99
4604;40,42200465;-3,690419865;1243,95
4605;40,42279171;-3,665925336;3248,66
4606;40,42200465;-3,690419865;1243,95
4607;40,4243637;-3,6857429;1716,57
4608;40,42200465;-3,690419865;1243,95
4609;40,4289365;-3,6816919;2279,04
4610;40,43388852;-3,682058369;2617,63
4611;40,42200465;-3,690419865;1243,95
4612;40,4243637;-3,6857429;1716,57
4613;40,42746421;-3,689920249;1641,6
4614;40,43388852;-3,682058369;2617,63
4615;40,44793582;-3,602061604;9253,32
4616;40,4243637;-3,6857429;1716,57
4617;40,43643785;-3,685702785;2640,96
4618;40,4243637;-3,6857429;1716,57
4619;40,4243637;-3,6857429;1716,57
4620;40,4243637;-3,6857429;1716,57
4621;40,42780078;-3,685081811;1973,55
4622;40,42200465;-3,690419865;1243,95
4623;40,42200465;-3,690419865;1243,95
4624;40,4243637;-3,6857429;1716,57
4625;40,4243637;-3,6857429;1716,57
4626;40,4243637;-3,6857429;1716,57
4627;40,44508288;-3,678398995;3783,27
4628;40,44793582;-3,602061604;9253,32
4629;40,42200465;-3,690419865;1243,95
4630;40,42785702;-3,686202008;1903,4
4631;40,4289365;-3,6816919;2279,04
4632;40,4243637;-3,6857429;1716,57
4633;40,4243637;-3,6857429;1716,57
4634;40,4213684;-3,6897208;1267,91
4635;40,42244759;-3,686379403;1575,16
4636;40,42632406;-3,681414389;2142,69
4637;40,43312014;-3,680869699;2629,28
4638;40,43400136;-3,684497531;2488,32
4639;40,42552262;-3,68854252;1586,99
4640;40,4243637;-3,6857429;1716,57
4641;40,4243637;-3,6857429;1716,57
4642;40,4243637;-3,6857429;1716,57
4643;40,4235365;-3,6854416;1697,27
4644;40,43643785;-3,685702785;2640,96
4645;40,4243637;-3,6857429;1716,57
4646;40,42702676;-3,683968916;1999,38
4647;40,42629479;-3,683267648;2005,42
4648;40,42767785;-3,682569583;2138,06
4649;40,4243637;-3,6857429;1716,57
4650;40,42200465;-3,690419865;1243,95
4651;40,4243637;-3,6857429;1716,57
4652;40,4243637;-3,6857429;1716,57
4653;40,4243637;-3,6857429;1716,57
4654;40,43388852;-3,682058369;2617,63
4655;40,42244759;-3,686379403;1575,16
4656;40,42772403;-3,684351056;2017,75
4657;40,42244759;-3,686379403;1575,16
4658;40,43400136;-3,684497531;2488,32
4659;40,421727;-3,686439175;1541,05
4660;40,4243637;-3,6857429;1716,57
4661;40,43643785;-3,685702785;2640,96
4662;40,4243637;-3,6857429;1716,57
4663;40,4243637;-3,6857429;1716,57
4664;40,43400136;-3,684497531;2488,32
4665;40,4243637;-3,6857429;1716,57
4666;40,4243637;-3,6857429;1716,57
4667;40,4243637;-3,6857429;1716,57
4668;40,4243637;-3,6857429;1716,57
4669;40,4243637;-3,6857429;1716,57
4670;40,4243637;-3,6857429;1716,57
4671;40,42629479;-3,683267648;2005,42
4672;40,42702676;-3,683968916;1999,38
4673;40,42632406;-3,681414389;2142,69
4674;40,42552262;-3,68854252;1586,99
4675;40,4243637;-3,6857429;1716,57
4676;40,4243637;-3,6857429;1716,57
4677;40,42702676;-3,683968916;1999,38
4678;40,421727;-3,686439175;1541,05
4679;40,42767785;-3,682569583;2138,06
4680;40,44508288;-3,678398995;3783,27
4681;40,4243637;-3,6857429;1716,57
4682;40,4266311;-3,6884284;1671,38
4683;40,420179;-3,6896947;1224,79
4684;40,4212985;-3,6846685;1668,08
4685;40,4217567;-3,6870813;1491,33
4686;40,42244759;-3,686379403;1575,16
4687;40,42780078;-3,685081811;1973,55
4688;40,4243637;-3,6857429;1716,57
4689;40,42702676;-3,683968916;1999,38
4690;40,4214345;-3,6856808;1590,95
4691;40,42744365;-3,682360051;2138,47
4692;40,4277067;-3,6820748;2174,7
4693;40,4254638;-3,6868271;1701,63
4694;40,42279171;-3,665925336;3248,66
4695;40,42785702;-3,686202008;1903,4
4696;40,42767785;-3,682569583;2138,06
4697;40,419678;-3,6890182;1265,11
4698;40,42200465;-3,690419865;1243,95
4699;40,42785702;-3,686202008;1903,4
4700;40,42702676;-3,683968916;1999,38
4701;40,43400136;-3,684497531;2488,32
4702;40,4254062;-3,6856375;1782,77
4703;40,4288394;-3,6825902;2211,35
4704;40,43400136;-3,684497531;2488,32
4705;40,42116435;-3,689494119;1277,1
4706;40,42912447;-3,684170803;2125,71
4707;40,42065862;-3,690495981;1177,75
4708;40,4265339;-3,681309;2161,9
4709;40,42780078;-3,685081811;1973,55
4710;40,4254638;-3,6868271;1701,63
4711;40,4229568;-3,690626;1280,38
4712;40,4229415;-3,690418;1294,55
4713;40,4213684;-3,6897208;1267,91
4714;40,427694;-3,6818374;2190,73
4715;40,4246051;-3,683082683;1928,8
4716;40,422908;-3,6828219;1873,85
4717;40,4270695;-3,6841486;1989,49
4718;40,422061;-3,680463727;2033,43
4719;40,48803806;-3,362792486;29894,56
4720;40,4213684;-3,6897208;1267,91
4721;40,44508288;-3,678398995;3783,27
4722;40,4243637;-3,6857429;1716,57
4723;40,42200465;-3,690419865;1243,95
4724;40,42552262;-3,68854252;1586,99
4725;40,42472215;-3,680789054;2110,04
4726;40,3856546;-3,7316995;4218,57
4727;40,38773556;-3,719829893;3529,02
4728;40,38224836;-3,74041644;4964,14
4729;40,37965458;-3,747847504;5592,79
4730;40,38860493;-3,723929653;3593,68
4731;40,37597392;-3,73909504;5461,39
4732;40,38555115;-3,742414907;4798,89
4733;40,3901755;-3,7274665;3601,25
4734;40,3742112;-3,744676;5892,54
4735;40,3742602;-3,7434327;5826,45
4736;40,3813279;-3,7397504;5009,37
4737;40,3742112;-3,744676;5892,54
4738;40,37295548;-3,750619336;6311,11
4739;40,3977866;-3,7347221;3393,37
4740;40,3982737;-3,7328423;3235,98
4741;40,3856546;-3,7316995;4218,57
4742;40,3830951;-3,7317284;4457,53
4743;40,3776835;-3,7325788;5011,07
4744;40,3937574;-3,7116516;2668,38
4745;40,37807654;-3,74278634;5452,7
4746;40,3742112;-3,744676;5892,54
4747;40,38418458;-3,744765269;5046,19
4748;40,3717986;-3,752274584;6499,47
4749;40,3903949;-3,7221926;3348,6
4750;40,3927805;-3,7413505;4180,55
4751;40,37532283;-3,744003083;5759,21
4752;40,3742112;-3,744676;5892,54
4753;40,3942952;-3,7218783;2959,24
4754;40,3958961;-3,7341237;3491,39
4755;40,3931071;-3,7260124;3263,51
4756;40,3818314;-3,7283097;4432,62
4757;40,3964812;-3,7349504;3501,01
4758;40,3659822;-3,7535657;7076,08
4759;40,39002034;-3,721686309;3365,57
4760;40,37965458;-3,747847504;5592,79
4761;40,3813279;-3,7397504;5009,37
4762;40,3941446;-3,7249935;3119,48
4763;40,3886836;-3,7161829;3320,08
4764;40,38748036;-3,734823112;4213,88
4765;40,39078577;-3,713826163;3036,54
4766;40,38011788;-3,728911581;4624,81
4767;40,37517199;-3,730331536;5169,82
4768;40,3970503;-3,7293542;3110,62
4769;40,5084574;-3,6881117;10259,14
4770;40,38570501;-3,725684689;3947,97
4771;40,3847894;-3,7442254;4966,01
4772;40,3902776;-3,7316518;3803,16
4773;40,37082256;-3,770881509;7670,65
4774;40,37430823;-3,741290818;5718,72
4775;40,38628201;-3,734305463;4291,54
4776;40,37684303;-3,73578689;5229,37
4777;40,3238004;-3,7797126;12203,54
4778;40,3861716;-3,743485643;4812,25
4779;40,3665828;-3,7556553;7130,89
4780;40,3813279;-3,7397504;5009,37
4781;40,2177755;-3,8513134;25445,32
4782;40,3742112;-3,744676;5892,54
4783;40,3813279;-3,7397504;5009,37
4784;40,385503;-3,7273272;4035,39
4785;40,2177755;-3,8513134;25445,32
4786;40,3941446;-3,7249935;3119,48
4787;40,3937574;-3,7116516;2668,38
4788;40,3742112;-3,744676;5892,54
4789;40,3970503;-3,7293542;3110,62
4790;40,3903949;-3,7221926;3348,6
4791;40,3902776;-3,7316518;3803,16
4792;40,39529038;-3,729049105;3235,39
4793;40,5677711;-4,2519984;49319,63
4794;40,3802844;-3,732577;4761,14
4795;40,3903898;-3,7374055;4116,82
4796;40,3742112;-3,744676;5892,54
4797;40,38570501;-3,725684689;3947,97
4798;40,38202139;-3,74267609;5105,9
4799;40,39769731;-3,734677631;3396,69
4800;40,36699598;-3,758407354;7242,19
4801;40,39363255;-3,713117489;2716,3
4802;40,38801208;-3,741133455;4526,66
4803;40,38190717;-3,728712631;4441,48
4804;40,39918693;-3,721906021;2514,06
4805;40,3742112;-3,744676;5892,54
4806;40,3813279;-3,7397504;5009,37
4807;40,37597392;-3,73909504;5461,39
4808;40,37597392;-3,73909504;5461,39
4809;40,398012;-3,7328582;3255,76
4810;40,3858934;-3,730184686;4125,12
4811;40,3797426;-3,7296737;4691,91
4812;40,37597392;-3,73909504;5461,39
4813;40,38304175;-3,72369421;4138,53
4814;40,38190717;-3,728712631;4441,48
4815;40,3742112;-3,744676;5892,54
4816;40,3903949;-3,7221926;3348,6
4817;40,3717986;-3,752274584;6499,47
4818;40,30464645;-3,726041498;12631,71
4819;40,3717986;-3,752274584;6499,47
4820;40,3712253;-3,749431218;6399,77
4821;40,3903949;-3,7221926;3348,6
4822;40,38073671;-3,748319707;5531,5
4823;40,38088438;-3,731445339;4654,74
4824;40,38088438;-3,731445339;4654,74
4825;40,3917508;-3,712095734;2893,73
4826;40,3813534;-3,7289415;4504,82
4827;40,38801208;-3,741133455;4526,66
4828;40,3971195;-3,7159503;2442,49
4829;40,3756297;-3,742049157;5634,43
4830;40,4099611;-3,7080603;866,14
4831;40,3813279;-3,7397504;5009,37
4832;40,3885016;-3,729395;3847,14
4833;40,38202139;-3,74267609;5105,9
4834;40,3717986;-3,752274584;6499,47
4835;40,36936189;-3,755454514;6879,94
4836;40,3742112;-3,744676;5892,54
4837;40,38717671;-3,721420808;3640,28
4838;40,3813279;-3,7397504;5009,37
4839;40,39557165;-3,717320049;2647,96
4840;40,39491244;-3,711406364;2538,97
4841;40,40454872;-3,724013573;2215,57
4842;40,3779432;-3,735183742;5098,4
4843;40,38121368;-3,729443516;4538,88
4844;40,3966781;-3,7131819;2397,13
4845;40,39774852;-3,715787807;2373,51
4846;40,3813323;-3,745786663;5337,34
4847;40,38659579;-3,721268286;3693,84
4848;40,38178405;-3,741079521;5039,62
4849;40,3881371;-3,7308304;3950,42
4850;40,37840035;-3,751115511;5882,99
4851;40,3643952;-3,761507091;7632,52
4852;40,37798391;-3,741993728;5420,26
4853;40,38011788;-3,728911581;4624,81
4854;40,37658558;-3,747251566;5818,08
4855;40,391733;-3,7128651;2912,66
4856;40,40172108;-3,723552653;2395,93
4857;40,36838987;-3,755970176;6991,08
4858;40,3717986;-3,752274584;6499,47
4859;40,48720067;-3,350143461;30904,53
4860;40,3913925;-3,7222787;3254,77
4861;40,38233503;-3,7282824;4382,26
4862;40,3902776;-3,7316518;3803,16
4863;40,37420025;-3,755920998;6502,13
4864;40,3970503;-3,7293542;3110,62
4865;40,3903949;-3,7221926;3348,6
4866;40,3742112;-3,744676;5892,54
4867;40,3902776;-3,7316518;3803,16
4868;40,38283999;-3,728054887;4323,75
4869;40,38628201;-3,734305463;4291,54
4870;40,39595968;-3,717934905;2633,02
4871;40,37517199;-3,730331536;5169,82
4872;40,37656233;-3,74558284;5731,2
4873;40,3813279;-3,7397504;5009,37
4874;40,5677711;-4,2519984;49319,63
4875;40,3913264;-3,7256964;3411,49
4876;40,38912928;-3,738608137;4288,4
4877;40,3890789;-3,7152475;3253,48
4878;40,81268644;-3,760903194;44270,4
4879;40,38593994;-3,735669259;4392,44
4880;40,38593994;-3,735669259;4392,44
4881;40,3816004;-3,7483638;5464,58
4882;40,38486544;-3,7269837;4082,73
4883;40,5084574;-3,6881117;10259,14
4884;40,38429815;-3,746052427;5113,25
4885;40,06724916;-3,24082218;55265,96
4886;40,38711313;-3,745880205;4885,23
4887;40,38597361;-3,736951267;4457,63
4888;40,37070625;-3,737650759;5897,91
4889;40,38593994;-3,735669259;4392,44
4890;40,38073671;-3,748319707;5531,5
4891;40,37858665;-3,73256195;4923,11
4892;40,38873034;-3,722528387;3525,75
4893;40,39352256;-3,711589425;2692,28
4894;40,39211658;-3,730315781;3573,1
4895;40,3766096;-3,732133334;5097,41
4896;40,38912928;-3,738608137;4288,4
4897;40,5677711;-4,2519984;49319,63
4898;40,39500464;-3,737415939;3766,41
4899;40,39371691;-3,734277913;3667,52
4900;40,3662659;-3,7535609;7050,59
4901;40,3927805;-3,7413505;4180,55
4902;40,36699598;-3,758407354;7242,19
4903;40,3843947;-3,730985;4301,84
4904;40,47900905;-3,360275816;29853,91
4905;40,38873034;-3,722528387;3525,75
4906;40,39235491;-3,734498996;3788,65
4907;40,3717986;-3,752274584;6499,47
4908;40,39488031;-3,71420206;2614,55
4909;40,3917508;-3,712095734;2893,73
4910;40,37807654;-3,74278634;5452,7
4911;40,37707622;-3,746540131;5737,66
4912;40,38678497;-3,735246234;4296,59
4913;40,30464645;-3,726041498;12631,71
4914;40,38570501;-3,725684689;3947,97
4915;40,3669697;-3,7440978;6533,37
4916;40,38073671;-3,748319707;5531,5
4917;40,39637313;-3,735013845;3512,9
4918;40,3931943;-3,7083727;2672,45
4919;40,39488031;-3,71420206;2614,55
4920;40,39548196;-3,736373795;3664,84
4921;40,38593994;-3,735669259;4392,44
4922;40,39766275;-3,732781943;3276,12
4923;40,3716902;-3,752835106;6539
4924;40,3903949;-3,7221926;3348,6
4925;40,37059232;-3,759416108;6997,69
4926;40,37516159;-3,750517095;6117,27
4927;40,3903949;-3,7221926;3348,6
4928;40,38136074;-3,732466168;4654,12
4929;40,3924673;-3,7222929;3151,59
4930;40,38454687;-3,721231221;3901,87
4931;40,38542194;-3,740360629;4691,96
4932;40,39744364;-3,733156124;3316,02
4933;40,37856802;-3,734912409;5027,24
4934;40,3931943;-3,7083727;2672,45
4935;40,47112939;-3,766107222;8021,95
4936;40,394465;-3,721399975;2922
4937;40,38156958;-3,730069293;4530,34
4938;40,39687447;-3,719267838;2599,35
4939;40,3790945;-3,7421491;5330,13
4940;40,3937574;-3,7116516;2668,38
4941;40,38723568;-3,73145753;4062,81
4942;40,39769855;-3,718622095;2492,64
4943;40,2177755;-3,8513134;25445,32
4944;40,37597392;-3,73909504;5461,39
4945;40,38580019;-3,729043659;4081,84
4946;40,3742112;-3,744676;5892,54
4947;40,38224836;-3,74041644;4964,14
4948;40,38593994;-3,735669259;4392,44
4949;40,36700378;-3,764231196;7567,56
4950;40,38505074;-3,741034014;4760,73
4951;40,37059232;-3,759416108;6997,69
4952;40,37656233;-3,74558284;5731,2
4953;40,3976747;-3,7320692;3229,85
4954;40,3729634;-3,741364;5846,69
4955;40,37597392;-3,73909504;5461,39
4956;40,368559;-3,7802505;8436,03
4957;40,3742112;-3,744676;5892,54
4958;40,3888034;-3,7400577;4400,03
4959;40,38341478;-3,756094796;5806,57
4960;40,3843947;-3,730985;4301,84
4961;40,3813323;-3,745786663;5337,34
4962;40,39482672;-3,70788228;2486,74
4963;40,36801457;-3,756361736;7044,38
4964;40,38088438;-3,731445339;4654,74
4965;40,38428488;-3,731610605;4340,91
4966;40,39263072;-3,733924429;3732,87
4967;40,38597361;-3,736951267;4457,63
4968;40,3742112;-3,744676;5892,54
4969;40,36934173;-3,762372576;7270,06
4970;40,38202139;-3,74267609;5105,9
4971;40,38436852;-3,743116807;4935,58
4972;40,55067475;-3,6820246;14981,06
4973;40,38011788;-3,728911581;4624,81
4974;40,37453799;-3,744728903;5865,94
4975;40,387635;-3,7270818;3820,93
4976;40,39002034;-3,721686309;3365,57
4977;40,37517199;-3,730331536;5169,82
4978;40,39013484;-3,718076985;3225,58
4979;40,81268644;-3,760903194;44270,4
4980;40,38202139;-3,74267609;5105,9
4981;40,3717986;-3,752274584;6499,47
4982;40,3011437;-3,44652745;25297,64
4983;40,3777764;-3,742648476;5472,11
4984;40,3859174;-3,741176435;4697,55
4985;40,38410535;-3,745743893;5110,18
4986;40,37516159;-3,750517095;6117,27
4987;40,37774517;-3,746407739;5673,19
4988;40,3813279;-3,7397504;5009,37
4989;40,37430823;-3,741290818;5718,72
4990;40,39011734;-3,74216259;4427,36
4991;40,39352256;-3,711589425;2692,28
4992;40,37933568;-3,745810844;5505,43
4993;40,3600938;-3,7628196;8073,37
4994;40,3011437;-3,44652745;25297,64
4995;40,3813279;-3,7397504;5009,37
4996;40,39557165;-3,717320049;2647,96
4997;40,37453799;-3,744728903;5865,94
4998;40,3966287;-3,7346542;3471,29
4999;40,38865235;-3,74015422;4417,72
5000;40,38362533;-3,727080708;4207,63
5001;40,3927925;-3,7340389;3726,57
5002;40,38011788;-3,728911581;4624,81
5003;40,38486544;-3,7269837;4082,73
5004;40,38088438;-3,731445339;4654,74
5005;40,3946714;-3,7118526;2574,93
5006;40,3872979;-3,7321373;4091,01
5007;40,3627581;-3,7577525;7575,92
5008;40,39249088;-3,711556394;2802,72
5009;40,38341478;-3,756094796;5806,57
5010;40,3729634;-3,741364;5846,69
5011;40,37353135;-3,754969061;6502,43
5012;40,37353135;-3,754969061;6502,43
5013;40,37353135;-3,754969061;6502,43
5014;40,3927805;-3,7413505;4180,55
5015;40,39352256;-3,711589425;2692,28
5016;40,3891528;-3,7217418;3453,76
5017;40,38933931;-3,721456718;3424,44
5018;40,38860493;-3,723929653;3593,68
5019;40,36934173;-3,762372576;7270,06
5020;40,39482672;-3,70788228;2486,74
5021;40,39238874;-3,723068732;3192,69
5022;40,38593994;-3,735669259;4392,44
5023;40,39619128;-3,72882237;3148,45
5024;40,37430823;-3,741290818;5718,72
5025;40,39121642;-3,737705202;4069,4
5026;40,38933931;-3,721456718;3424,44
5027;40,3726481;-3,7707517;7528,07
5028;40,37070625;-3,737650759;5897,91
5029;40,3687899;-3,758882365;7116,77
5030;40,39286675;-3,70737695;2696,95
5031;40,3885337;-3,7192454;3428
5032;40,39488775;-3,733491846;3528,87
5033;40,3966287;-3,7346542;3471,29
5034;40,38073671;-3,748319707;5531,5
5035;40,3742112;-3,744676;5892,54
5036;40,39173489;-3,737188367;3997,76
5037;40,36700378;-3,764231196;7567,56
5038;40,3742112;-3,744676;5892,54
5039;40,36700378;-3,764231196;7567,56
5040;40,38551365;-3,74225898;4792,88
5041;40,38490117;-3,730748138;4243,63
5042;40,37548365;-3,748501617;5979,98
5043;40,37548365;-3,748501617;5979,98
5044;40,3969258;-3,7343232;3428,51
5045;40,3966287;-3,7346542;3471,29
5046;40,37597392;-3,73909504;5461,39
5047;40,3941446;-3,7249935;3119,48
5048;40,3902776;-3,7316518;3803,16
5049;40,37565912;-3,742385317;5648,3
5050;40,39607965;-3,718372709;2638,67
5051;40,388787;-3,7309875;3899,97
5052;40,398144;-3,7174664;2400,65
5053;40,38487247;-3,744483485;4974,57
5054;40,24644239;-3,316759084;37871,26
5055;40,3883567;-3,7192858;3447,47
5056;40,38650188;-3,725794587;3874,75
5057;40,39362734;-3,710845356;2665,66
5058;40,36838987;-3,755970176;6991,08
5059;40,36838987;-3,755970176;6991,08
5060;40,36838987;-3,755970176;6991,08
5061;40,36838987;-3,755970176;6991,08
5062;40,39577148;-3,733092536;3436,57
5063;40,36838987;-3,755970176;6991,08
5064;40,3970503;-3,7293542;3110,62
5065;40,36838987;-3,755970176;6991,08
5066;40,36838987;-3,755970176;6991,08
5067;40,3923839;-3,7338545;3748,73
5068;40,36838987;-3,755970176;6991,08
5069;40,38912928;-3,738608137;4288,4
5070;40,37856802;-3,734912409;5027,24
5071;40,37548365;-3,748501617;5979,98
5072;40,39539531;-3,737100034;3717,92
5073;40,37281992;-3,748491766;6210,72
5074;40,37281992;-3,748491766;6210,72
5075;40,37281992;-3,748491766;6210,72
5076;40,37281992;-3,748491766;6210,72
5077;40,37281992;-3,748491766;6210,72
5078;40,38088438;-3,731445339;4654,74
5079;40,37281992;-3,748491766;6210,72
5080;40,39539531;-3,737100034;3717,92
5081;40,39539531;-3,737100034;3717,92
5082;40,38860493;-3,723929653;3593,68
5083;40,36936189;-3,755454514;6879,94
5084;40,36936189;-3,755454514;6879,94
5085;40,36936189;-3,755454514;6879,94
5086;40,36936189;-3,755454514;6879,94
5087;40,36936189;-3,755454514;6879,94
5088;40,36936189;-3,755454514;6879,94
5089;40,37548365;-3,748501617;5979,98
5090;40,3970503;-3,7293542;3110,62
5091;40,3926786;-3,713032;2815,62
5092;40,37548365;-3,748501617;5979,98
5093;40,3926786;-3,713032;2815,62
5094;40,3926786;-3,713032;2815,62
5095;40,3926786;-3,713032;2815,62
5096;40,3926786;-3,713032;2815,62
5097;40,39577148;-3,733092536;3436,57
5098;40,39539531;-3,737100034;3717,92
5099;40,39577148;-3,733092536;3436,57
5100;40,39577148;-3,733092536;3436,57
5101;40,3712253;-3,749431218;6399,77
5102;40,3712253;-3,749431218;6399,77
5103;40,3712253;-3,749431218;6399,77
5104;40,3717986;-3,752274584;6499,47
5105;40,3712253;-3,749431218;6399,77
5106;40,3712253;-3,749431218;6399,77
5107;40,3712253;-3,749431218;6399,77
5108;40,3712253;-3,749431218;6399,77
5109;40,3712253;-3,749431218;6399,77
5110;40,3712253;-3,749431218;6399,77
5111;40,3712253;-3,749431218;6399,77
5112;40,3712253;-3,749431218;6399,77
5113;40,3712253;-3,749431218;6399,77
5114;40,3712253;-3,749431218;6399,77
5115;40,3712253;-3,749431218;6399,77
5116;40,3936826;-3,7107723;2658,25
5117;40,3909081;-3,7300429;3663,71
5118;40,3936826;-3,7107723;2658,25
5119;40,3936826;-3,7107723;2658,25
5120;40,3926786;-3,713032;2815,62
5121;40,3926786;-3,713032;2815,62
5122;40,3931009;-3,7318439;3574,69
5123;40,38420915;-3,72721955;4156,25
5124;40,39109125;-3,730228414;3657,33
5125;40,39352256;-3,711589425;2692,28
5126;40,38418458;-3,744765269;5046,19
5127;40,39121642;-3,737705202;4069,4
5128;40,38011788;-3,728911581;4624,81
5129;40,39109125;-3,730228414;3657,33
5130;40,36934173;-3,762372576;7270,06
5131;40,39109125;-3,730228414;3657,33
5132;40,38784529;-3,742425367;4617,25
5133;40,38088438;-3,731445339;4654,74
5134;40,36934173;-3,762372576;7270,06
5135;40,388682;-3,7228717;3543,88
5136;40,39354062;-3,720208565;2960,96
5137;40,3888034;-3,7400577;4400,03
5138;40,38773556;-3,719829893;3529,02
5139;40,3813279;-3,7397504;5009,37
5140;40,3888034;-3,7400577;4400,03
5141;40,37856802;-3,734912409;5027,24
5142;40,3903949;-3,7221926;3348,6
5143;40,5677711;-4,2519984;49319,63
5144;40,3742112;-3,744676;5892,54
5145;40,3712253;-3,749431218;6399,77
5146;40,3813279;-3,7397504;5009,37
5147;40,3813279;-3,7397504;5009,37
5148;40,3902776;-3,7316518;3803,16
5149;40,3926957;-3,735248747;3805,93
5150;40,38860493;-3,723929653;3593,68
5151;40,38865235;-3,74015422;4417,72
5152;40,38540931;-3,727481299;4050,93
5153;40,38975347;-3,729092948;3718,59
5154;40,3742112;-3,744676;5892,54
5155;40,37597392;-3,73909504;5461,39
5156;40,3618824;-3,7679045;8198,45
5157;40,37074612;-3,753637853;6663,23
5158;40,39002034;-3,721686309;3365,57
5159;40,4551346;-3,8025183;9393,08
5160;40,38323124;-3,727919831;4280,11
5161;40,3834162;-3,743851667;5055,64
5162;40,37965458;-3,747847504;5592,79
5163;40,3621987;-3,749413;7222,14
5164;40,3909226;-3,7278606;3552,14
5165;40,3828113;-3,74956101;5440,71
5166;40,38593994;-3,735669259;4392,44
5167;40,3886438;-3,729684053;3848,19
5168;40,3970503;-3,7293542;3110,62
5169;40,38088438;-3,731445339;4654,74
5170;40,39673917;-3,714783244;2440,46
5171;40,3893576;-3,71900085;3335,57
5172;40,39002034;-3,721686309;3365,57
5173;40,3810551;-3,7313125;4632,68
5174;40,3906125;-3,7401282;4263,63
5175;40,3758554;-3,7409099;5558,47
5176;40,39629717;-3,732610736;3366,84
5177;40,36934173;-3,762372576;7270,06
5178;40,38088438;-3,731445339;4654,74
5179;40,3813279;-3,7397504;5009,37
5180;40,3903949;-3,7221926;3348,6
5181;40,38073671;-3,748319707;5531,5
5182;40,3886438;-3,729684053;3848,19
5183;40,39584477;-3,737933527;3740,61
5184;40,38860493;-3,723929653;3593,68
5185;40,39121642;-3,737705202;4069,4
5186;40,38933931;-3,721456718;3424,44
5187;40,37430823;-3,741290818;5718,72
5188;40,39619128;-3,72882237;3148,45
5189;40,39468813;-3,737831267;3816,01
5190;40,3886438;-3,729684053;3848,19
5191;40,38912928;-3,738608137;4288,4
5192;40,3742112;-3,744676;5892,54
5193;40,39454776;-3,726563593;3163,36
5194;40,38860493;-3,723929653;3593,68
5195;40,38283999;-3,728054887;4323,75
5196;40,36934173;-3,762372576;7270,06
5197;40,3742112;-3,744676;5892,54
5198;40,39652389;-3,734174045;3448,18
5199;40,39687447;-3,719267838;2599,35
5200;40,36122286;-3,761262912;7893,07
5201;40,38860493;-3,723929653;3593,68
5202;40,39454776;-3,726563593;3163,36
5203;40,36838987;-3,755970176;6991,08
5204;40,38813523;-3,735662299;4203,16
5205;40,39058983;-3,733953915;3902,03
5206;40,39548575;-3,7246324;2981,1
5207;40,38912928;-3,738608137;4288,4
5208;40,38418458;-3,744765269;5046,19
5209;40,38907711;-3,736782403;4187,09
5210;40,39584477;-3,737933527;3740,61
5211;40,38418458;-3,744765269;5046,19
5212;40,38593994;-3,735669259;4392,44
5213;40,38551365;-3,74225898;4792,88
5214;40,3662659;-3,7535609;7050,59
5215;40,37833394;-3,740733652;5325,37
5216;40,38073671;-3,748319707;5531,5
5217;40,38593994;-3,735669259;4392,44
5218;40,38011788;-3,728911581;4624,81
5219;40,38073671;-3,748319707;5531,5
5220;40,39619128;-3,72882237;3148,45
5221;40,3765556;-3,7363042;5279,55
5222;40,3808892;-3,7296673;4579,63
5223;40,3011437;-3,44652745;25297,64
5224;40,37997452;-3,784873425;8022,02
5225;40,39352256;-3,711589425;2692,28
5226;40,38593994;-3,735669259;4392,44
5227;40,38593994;-3,735669259;4392,44
5228;40,39002034;-3,721686309;3365,57
5229;40,38011788;-3,728911581;4624,81
5230;40,3963071;-3,710658;2372,77
5231;40,3742112;-3,744676;5892,54
5232;40,3964812;-3,7349504;3501,01
5233;40,3011437;-3,44652745;25297,64
5234;40,36838987;-3,755970176;6991,08
5235;40,36838987;-3,755970176;6991,08
5236;40,36838987;-3,755970176;6991,08
5237;40,38597361;-3,736951267;4457,63
5238;40,38935729;-3,740800148;4401,3
5239;40,37957737;-3,784475066;8015,89
5240;40,03054204;-3,583789992;44151,98
5241;40,3927805;-3,7413505;4180,55
5242;40,38551365;-3,74225898;4792,88
5243;40,3643952;-3,761507091;7632,52
5244;40,37833394;-3,740733652;5325,37
5245;40,38865235;-3,74015422;4417,72
5246;40,38073671;-3,748319707;5531,5
5247;40,30464645;-3,726041498;12631,71
5248;40,36934173;-3,762372576;7270,06
5249;40,36934173;-3,762372576;7270,06
5250;40,36700378;-3,764231196;7567,56
5251;40,39015986;-3,730419892;3749,11
5252;40,38606524;-3,733478465;4268,74
5253;40,398089;-3,7328723;3251,14
5254;40,38570501;-3,725684689;3947,97
5255;40,38697674;-3,737241612;4387,98
5256;40,39011734;-3,74216259;4427,36
5257;40,3964812;-3,7349504;3501,01
5258;40,37611176;-3,747782395;5887,33
5259;40,3909081;-3,7300429;3663,71
5260;40,39011734;-3,74216259;4427,36
5261;40,39528525;-3,706925632;2425,38
5262;40,4218831;-3,700964217;590,52
5263;40,4176527;-3,707954696;383,3
5264;40,4200037;-3,708605488;548,53
5265;40,41859555;-3,702305962;210,72
5266;40,4105908;-3,708327451;815,03
5267;40,4213997;-3,706207306;545,15
5268;40,42461369;-3,710275873;1026,75
5269;40,472888;-3,5136033;17233,54
5270;40,4057319;-3,7005902;1271,11
5271;40,4085263;-3,7009288;961,33
5272;40,42764295;-3,703957906;1190,36
5273;40,41557129;-3,701762061;213,34
5274;40,4227415;-3,6993271;736,18
5275;40,4133584;-3,706511;472,03
5276;40,41568365;-3,703927092;144,12
5277;40,40691301;-3,702922591;1116,44
5278;40,40361259;-3,701348859;1493,66
5279;40,4227415;-3,6993271;736,18
5280;40,4225893;-3,7037174;628,06
5281;40,42841495;-3,703800584;1275,85
5282;40,40925108;-3,70465314;860,62
5283;40,4096286;-3,7049479;822,2
5284;40,42207053;-3,702565476;575,91
5285;40,37608123;-3,682332742;4885,17
5286;40,40991578;-3,699180617;863,59
5287;40,42758417;-3,710375265;1317,74
5288;40,4085263;-3,7009288;961,33
5289;40,42510378;-3,707020999;954,51
5290;40,42555981;-3,704996823;966,23
5291;40,41175826;-3,706315187;623,05
5292;40,41161872;-3,692687449;1091,88
5293;40,41630102;-3,697870061;483,95
5294;40,4218831;-3,700964217;590,52
5295;40,4104509;-3,6994738;799,18
5296;40,41924818;-3,699577851;421,09
5297;40,41545379;-3,710871454;643,68
5298;40,42052524;-3,699019127;551,47
5299;40,4267079;-3,7042311;1087,46
5300;40,41859555;-3,702305962;210,72
5301;40,4092874;-3,712209;1124,85
5302;40,41456271;-3,711108355;694,49
5303;40,4267079;-3,7042311;1087,46
5304;40,41561648;-3,699595792;363,8
5305;40,4176527;-3,707954696;383,3
5306;40,56677298;-4,287070563;52083,17
5307;40,4267079;-3,7042311;1087,46
5308;40,41630102;-3,697870061;483,95
5309;40,4176527;-3,707954696;383,3
5310;40,4226017;-3,7092044;791,93
5311;40,4227415;-3,6993271;736,18
5312;40,40872715;-3,716634148;1437,55
5313;40,4220738;-3,7078877;679,68
5314;40,42239665;-3,6970489;817,45
5315;40,56677298;-4,287070563;52083,17
5316;40,42870417;-3,704075405;1308,62
5317;40,41352788;-3,701705858;409,75
5318;40,41924818;-3,699577851;421,09
5319;40,42159422;-3,703501699;517,2
5320;40,4171616;-3,7111874;649,21
5321;40,4176527;-3,707954696;383,3
5322;40,4085263;-3,7009288;961,33
5323;40,42101155;-3,70250935;460,49
5324;40,36071798;-3,910555327;18615,39
5325;40,42191581;-3,698463718;699,48
5326;40,4129083;-3,707679983;570,14
5327;40,41912588;-3,710792546;661,47
5328;40,4092569;-3,7074885;918,19
5329;40,4133699;-3,712934;890,22
5330;40,4126462;-3,725649;1933,08
5331;40,41396339;-3,707890523;496,4
5332;40,42233467;-3,70255271;605,15
5333;40,42451367;-3,702651425;845,06
5334;40,45026548;-3,686899909;3963,45
5335;40,42159422;-3,703501699;517,2
5336;40,4222665;-3,6982236;742,8
5337;40,4229515;-3,7006505;711,03
5338;40,42312412;-3,702928254;689,17
5339;40,06268747;-3,599572869;40367,5
5340;40,4188142;-3,6997099;384,13
5341;40,30012635;-4,446599755;64287,51
5342;40,4279958;-3,7038267;1229,29
5343;40,41158229;-3,695263582;918,91
5344;40,4108782;-3,7016673;692,45
5345;40,41330795;-3,709564215;651,81
5346;40,42362837;-3,703319669;743,59
5347;40,41539485;-3,706997416;340,73
5348;40,41352788;-3,701705858;409,75
5349;40,42833421;-3,707881281;1319,26
5350;40,4172026;-3,7085972;430,45
5351;40,4101477;-3,711471685;1011,76
5352;40,42346755;-3,70660495;770,96
5353;40,42052524;-3,699019127;551,47
5354;40,42876445;-3,706808325;1343,57
5355;40,4176527;-3,707954696;383,3
5356;40,41154838;-3,700340239;657,63
5357;40,4227415;-3,6993271;736,18
5358;40,42243295;-3,70489285;621,36
5359;40,41567768;-3,698925144;413,98
5360;40,40925108;-3,70465314;860,62
5361;40,42587469;-3,695900852;1184,41
5362;40,41074822;-3,70070002;729,13
5363;40,41161872;-3,692687449;1091,88
5364;40,4213738;-3,7092363;690,35
5365;40,4085263;-3,7009288;961,33
5366;40,40979089;-3,712239571;1084,85
5367;40,56677298;-4,287070563;52083,17
5368;40,42190773;-3,701795115;571,14
5369;40,42190773;-3,701795115;571,14
5370;40,3661611;-3,589875225;11159,02
5371;40,40925611;-3,711339455;1080,92
5372;40,41366841;-3,695407548;777,65
5373;40,4114331;-3,6975248;795,82
5374;40,41748;-3,7111588;649,09
5375;40,41733143;-3,711312202;660,74
5376;40,41924818;-3,699577851;421,09
5377;40,4265009;-3,7056663;1078,16
5378;40,42870417;-3,704075405;1308,62
5379;40,4250896;-3,7050959;915,59
5380;40,42841495;-3,703800584;1275,85
5381;40,3661611;-3,589875225;11159,02
5382;40,40925611;-3,711339455;1080,92
5383;40,4055184;-3,700816;1290,87
5384;40,4085263;-3,7009288;961,33
5385;40,4153295;-3,7147092;963,76
5386;40,41759943;-3,697257538;535,51
5387;40,4129629;-3,6974186;680,47
5388;40,4264788;-3,70103;1081,16
5389;40,41924818;-3,699577851;421,09
5390;40,472888;-3,5136033;17233,54
5391;40,42271305;-3,697609088;813,88
5392;40,4085263;-3,7009288;961,33
5393;40,4069456;-3,707244;1155,4
5394;40,40960067;-3,698381646;925,25
5395;40,4176527;-3,707954696;383,3
5396;40,41630102;-3,697870061;483,95
5397;40,4176527;-3,707954696;383,3
5398;40,42870417;-3,704075405;1308,62
5399;40,42312412;-3,702928254;689,17
5400;40,33876036;-3,678691566;8944,37
5401;40,4265009;-3,7056663;1078,16
5402;40,41630102;-3,697870061;483,95
5403;40,40991578;-3,699180617;863,59
5404;40,40925611;-3,711339455;1080,92
5405;40,41073556;-3,699562992;767,38
5406;40,4215606;-3,7000761;590,63
5407;40,40655587;-3,701840469;1163,75
5408;40,41859555;-3,702305962;210,72
5409;40,40914516;-3,702671531;870,07
5410;40,4176527;-3,707954696;383,3
5411;40,4219694;-3,6998068;641,42
5412;40,41019658;-3,700274265;799,02
5413;40,4292388;-3,70393449;1367,68
5414;40,42191581;-3,698463718;699,48
5415;40,42533884;-3,699781375;985,88
5416;40,41304322;-3,704914653;449,32
5417;40,41859555;-3,702305962;210,72
5418;40,42393664;-3,703952468;778,51
5419;40,41161872;-3,692687449;1091,88
5420;40,42228709;-3,706654468;650,66
5421;40,4090893;-3,7050939;883,34
5422;40,4173065;-3,704352302;80,94
5423;40,4255113;-3,7018334;963,45
5424;40,41630102;-3,697870061;483,95
5425;40,40914516;-3,702671531;870,07
5426;40,41290236;-3,69470363;871,49
5427;40,42768269;-3,700191542;1227,08
5428;40,4307333;-3,705392874;1541,56
5429;40,42303132;-3,693636096;1076,57
5430;40,4069456;-3,707244;1155,4
5431;40,41859555;-3,702305962;210,72
5432;40,42173849;-3,695657198;853,15
5433;40,41630102;-3,697870061;483,95
5434;40,4131597;-3,702168353;436,05
5435;40,42146309;-3,709188413;694,67
5436;40,4125327;-3,6976178;700,37
5437;40,41680305;-3,696387034;604,41
5438;40,413661;-3,707585434;501,4
5439;40,4060814;-3,7015608;1219,13
5440;40,4267079;-3,7042311;1087,46
5441;40,4159439;-3,7031652;115,17
5442;40,41392685;-3,698057849;571,52
5443;40,41630102;-3,697870061;483,95
5444;40,42312412;-3,702928254;689,17
5445;40,4229515;-3,7006505;711,03
5446;40,42494254;-3,710707877;1077,53
5447;40,4171485;-3,7028239;63,53
5448;40,4176527;-3,707954696;383,3
5449;40,4227415;-3,6993271;736,18
5450;40,4170782;-3,698420807;432,29
5451;40,4170782;-3,698420807;432,29
5452;40,40863148;-3,714767633;1326,75
5453;40,4224787;-3,6952165;934,61
5454;40,4218831;-3,700964217;590,52
5455;40,41074822;-3,70070002;729,13
5456;40,41491995;-3,704771986;248,52
5457;40,56677298;-4,287070563;52083,17
5458;40,41733143;-3,711312202;660,74
5459;40,42346755;-3,70660495;770,96
5460;40,42564939;-3,694635581;1226,13
5461;40,4186756;-3,7051114;234,9
5462;40,4176527;-3,707954696;383,3
5463;40,42833421;-3,707881281;1319,26
5464;40,41001864;-3,711154533;1005,06
5465;40,3661611;-3,589875225;11159,02
5466;40,42870417;-3,704075405;1308,62
5467;40,4232894;-3,6990128;802,41
5468;40,41287439;-3,69836933;628,58
5469;40,6217653;-3,9155984;28983,87
5470;40,40988814;-3,699843081;844,09
5471;40,4201246;-3,7039871;355,95
5472;40,4176665;-3,7034359;80,8
5473;40,42052524;-3,699019127;551,47
5474;40,4218831;-3,700964217;590,52
5475;40,40685424;-3,699947943;1161,95
5476;40,4154111;-3,701289322;254,57
5477;40,42814995;-3,70441435;1248,44
5478;40,4153295;-3,7147092;963,76
5479;40,4307333;-3,705392874;1541,56
5480;40,42312412;-3,702928254;689,17
5481;40,41130203;-3,713413087;1046,12
5482;40,41630348;-3,701246097;205,54
5483;40,42277385;-3,713273363;1049,54
5484;40,42342042;-3,699802146;786,17
5485;40,4107542;-3,7074989;766,03
5486;40,4330671;-3,7126238;1951,39
5487;40,4107542;-3,7074989;766,03
5488;40,42870417;-3,704075405;1308,62
5489;40,413343;-3,70312;401,75
5490;40,42294331;-3,69915217;762,99
5491;40,41161872;-3,692687449;1091,88
5492;40,41563573;-3,703233273;147,42
5493;40,37608123;-3,682332742;4885,17
5494;40,4275301;-3,699471292;1226,21
5495;40,4155619;-3,700312317;312,27
5496;40,42450441;-3,699920652;894,42
5497;40,42190773;-3,701795115;571,14
5498;40,41017952;-3,696111825;979,49
5499;40,41684674;-3,71238487;750,21
5500;40,42294331;-3,69915217;762,99
5501;40,41545379;-3,710871454;643,68
5502;40,41236609;-3,69708851;745,55
5503;40,4223495;-3,7041213;603,31
5504;40,42233467;-3,70255271;605,15
5505;40,4143183;-3,701873666;323,57
5506;40,4227415;-3,6993271;736,18
5507;40,4203807;-3,7023188;395,65
5508;40,4173065;-3,704352302;80,94
5509;40,4176527;-3,707954696;383,3
5510;40,42092706;-3,70342873;443,09
5511;40,40826959;-3,708584265;1055,3
5512;40,42211693;-3,697528459;767,21
5513;40,40873286;-3,709570384;1046,64
5514;40,41630102;-3,697870061;483,95
5515;40,4871473;-3,8794236;16806,49
5516;40,42146309;-3,709188413;694,67
5517;40,42622235;-3,7057222;1048,47
5518;40,42146309;-3,709188413;694,67
5519;40,4091956;-3,7026673;864,51
5520;40,33876036;-3,678691566;8944,37
5521;40,42626984;-3,695582383;1235,94
5522;40,42314595;-3,7058788;717,97
5523;40,41073556;-3,699562992;767,38
5524;40,41553437;-3,702319845;186,88
5525;40,40960067;-3,698381646;925,25
5526;40,42764295;-3,703957906;1190,36
5527;40,40960067;-3,698381646;925,25
5528;40,4086325;-3,7063272;954,06
5529;40,40925108;-3,70465314;860,62
5530;40,4176527;-3,707954696;383,3
5531;40,42146309;-3,709188413;694,67
5532;40,42089272;-3,699069823;578,86
5533;40,42294331;-3,69915217;762,99
5534;40,4162901;-3,7073817;334,55
5535;40,41154838;-3,700340239;657,63
5536;40,4245701;-3,7103083;1024,26
5537;40,41721916;-3,710415432;584,21
5538;40,40794773;-3,708427103;1082,94
5539;40,4176527;-3,707954696;383,3
5540;40,41563573;-3,703233273;147,42
5541;40,42191581;-3,698463718;699,48
5542;40,4095856;-3,7029851;819,37
5543;40,4227415;-3,6993271;736,18
5544;40,4282103;-3,705150908;1260,42
5545;40,42191581;-3,698463718;699,48
5546;40,41003426;-3,712498254;1080,46
5547;40,4096286;-3,7049479;822,2
5548;40,31494355;-3,78431146;13247,02
5549;40,40979089;-3,712239571;1084,85
5550;40,41732905;-3,706877575;287,13
5551;40,41545379;-3,710871454;643,68
5552;40,4225504;-3,7112011;900,63
5553;40,4210309;-3,7024573;463,45
5554;40,42146309;-3,709188413;694,67
5555;40,4214687;-3,702659497;508,54
5556;40,42577565;-3,703992599;982,96
5557;40,4217167;-3,6986221;673,78
5558;40,4101576;-3,7000192;810,75
5559;40,41270146;-3,709801158;710,52
5560;40,42303132;-3,693636096;1076,57
5561;40,42366576;-3,697273365;915,87
5562;40,4107717;-3,7057225;711
5563;40,42570565;-3,712659739;1243,98
5564;40,41005426;-3,705273528;780,17
5565;40,40655587;-3,701840469;1163,75
5566;40,4230116;-3,7104405;893,41
5567;40,4265125;-3,706082;1085,9
5568;40,4238082;-3,70106885;791,17
5569;40,41136495;-3,702903329;622,46
5570;40,41294935;-3,697370006;684,57
5571;40,42000293;-3,699013948;511,42
5572;40,413299;-3,7071188;506,75
5573;40,4227415;-3,6993271;736,18
5574;40,47129293;-3,87147693;15444,3
5575;40,41366841;-3,695407548;777,65
5576;40,42622235;-3,7057222;1048,47
5577;40,4124373;-3,7125775;915,68
5578;40,41097149;-3,703287374;664,29
5579;40,40960067;-3,698381646;925,25
5580;40,40960067;-3,698381646;925,25
5581;40,41370413;-3,706409826;435,18
5582;40,4223526;-3,6966371;837,7
5583;40,56677298;-4,287070563;52083,17
5584;40,428051;-3,7075547;1281,42
5585;40,4107052;-3,6933616;1105,14
5586;40,41563573;-3,703233273;147,42
5587;40,42870417;-3,704075405;1308,62
5588;40,4201246;-3,7039871;355,95
5589;40,42191581;-3,698463718;699,48
5590;40,4207109;-3,6974311;664,53
5591;40,42146309;-3,709188413;694,67
5592;40,4142891;-3,698729515;501,84
5593;40,4243721;-3,7019608;836,62
5594;40,4218831;-3,700964217;590,52
5595;40,4071358;-3,6986957;1164,6
5596;40,4122364;-3,7096108;734,46
5597;40,4176527;-3,707954696;383,3
5598;40,4255086;-3,695700976;1160,07
5599;40,42052524;-3,699019127;551,47
5600;40,42764295;-3,703957906;1190,36
5601;40,4129083;-3,707679983;570,14
5602;40,409398;-3,6985705;937,94
5603;40,6064313;-4,0510363;36152,8
5604;40,4228432;-3,7068116;712,67
5605;40,40685424;-3,699947943;1161,95
5606;40,42555981;-3,704996823;966,23
5607;40,4167315;-3,7070542;299,78
5608;40,41893507;-3,700813398;318,95
5609;40,0839926;-3,8758915;39807,57
5610;40,4105998;-3,7038472;705,85
5611;40,4215871;-3,7003663;581,5
5612;40,42407274;-3,709681616;948,81
5613;40,42841495;-3,703800584;1275,85
5614;40,42632695;-3,703955866;1044,1
5615;40,42632695;-3,703955866;1044,1
5616;40,4191939;-3,70993726;597,84
5617;40,4176527;-3,707954696;383,3
5618;40,47129293;-3,87147693;15444,3
5619;40,4307333;-3,705392874;1541,56
5620;40,4267079;-3,7042311;1087,46
5621;40,4104456;-3,7008238;757,78
5622;40,4136985;-3,7089584;584,65
5623;40,41096785;-3,707933661;762,1
5624;40,4115035;-3,6972373;805,68
5625;40,42312005;-3,704150634;688,91
5626;40,56677298;-4,287070563;52083,17
5627;40,4291231;-3,7048413;1358,96
5628;40,4069456;-3,707244;1155,4
5629;40,40979089;-3,712239571;1084,85
5630;40,4109643;-3,693829;1056,25
5631;40,4267079;-3,7042311;1087,46
5632;40,419108;-3,7021476;267,47
5633;40,4218831;-3,700964217;590,52
5634;40,41905173;-3,706239801;328,39
5635;40,42146309;-3,709188413;694,67
5636;40,41567768;-3,698925144;413,98
5637;40,41630102;-3,697870061;483,95
5638;40,41567768;-3,698925144;413,98
5639;40,41859555;-3,702305962;210,72
5640;40,41567768;-3,698925144;413,98
5641;40,413343;-3,70312;401,75
5642;40,4133563;-3,7030204;401,09
5643;40,42632695;-3,703955866;1044,1
5644;40,41136495;-3,702903329;622,46
5645;40,30012635;-4,446599755;64287,51
5646;40,41136495;-3,702903329;622,46
5647;40,4218831;-3,700964217;590,52
5648;40,4241682;-3,701923184;814,76
5649;40,42678245;-3,702660905;1096,54
5650;40,4307333;-3,705392874;1541,56
5651;40,42833421;-3,707881281;1319,26
5652;40,42764295;-3,703957906;1190,36
5653;40,4218831;-3,700964217;590,52
5654;40,41352788;-3,701705858;409,75
5655;40,42312412;-3,702928254;689,17
5656;40,42841495;-3,703800584;1275,85
5657;40,41352788;-3,701705858;409,75
5658;40,4219814;-3,7045263;566,64
5659;40,42663645;-3,702869868;1079,29
5660;40,413227;-3,697314024;668,68
5661;40,42312412;-3,702928254;689,17
5662;40,4292388;-3,70393449;1367,68
5663;40,56677298;-4,287070563;52083,17
5664;40,416863;-3,703876222;31,11
5665;40,42447337;-3,704211676;839,37
5666;40,4264788;-3,70103;1081,16
5667;40,413661;-3,707585434;501,4
5668;40,4157168;-3,7014788;220,38
5669;40,42632695;-3,703955866;1044,1
5670;40,42106735;-3,710424309;742,66
5671;40,40925611;-3,711339455;1080,92
5672;40,42307653;-3,694854687;1001,88
5673;40,4153295;-3,7147092;963,76
5674;40,42870417;-3,704075405;1308,62
5675;40,41907232;-3,699699084;401,15
5676;40,4122947;-3,7036998;517,07
5677;40,4176527;-3,707954696;383,3
5678;40,41859555;-3,702305962;210,72
5679;40,4267079;-3,7042311;1087,46
5680;40,4150212;-3,706209704;312,02
5681;40,37608123;-3,682332742;4885,17
5682;40,4173065;-3,704352302;80,94
5683;40,4109643;-3,693829;1056,25
5684;40,41748;-3,7111588;649,09
5685;40,4218831;-3,700964217;590,52
5686;40,41321242;-3,712210696;844,33
5687;40,4218831;-3,700964217;590,52
5688;40,40872715;-3,716634148;1437,55
5689;40,42148187;-3,711462551;840,45
5690;40,4238082;-3,70106885;791,17
5691;40,40655587;-3,701840469;1163,75
5692;40,42339129;-3,698055616;853,48
5693;40,4218831;-3,700964217;590,52
5694;40,426208;-3,7080137;1098,1
5695;40,4227415;-3,6993271;736,18
5696;40,4227415;-3,6993271;736,18
5697;40,4206008;-3,707832;546,29
5698;40,46492679;-3,685501918;5549,27
5699;40,41630102;-3,697870061;483,95
5700;40,4285438;-3,7030637;1290,55
5701;40,4166197;-3,7013019;191,53
5702;40,41859555;-3,702305962;210,72
5703;40,41158229;-3,695263582;918,91
5704;40,42228854;-3,705997477;630,21
5705;40,4233601;-3,7023183;720,82
5706;40,41912588;-3,710792546;661,47
5707;40,41279867;-3,705783481;498,94
5708;40,4125936;-3,7045819;491,84
5709;40,4267079;-3,7042311;1087,46
5710;40,4267079;-3,7042311;1087,46
5711;40,41196968;-3,696671166;801,51
5712;40,56677298;-4,287070563;52083,17
5713;40,42126308;-3,698086853;665,31
5714;40,33876036;-3,678691566;8944,37
5715;40,42228709;-3,706654468;650,66
5716;40,40728373;-3,70548153;1086,76
5717;40,4227415;-3,6993271;736,18
5718;40,41366841;-3,695407548;777,65
5719;40,41366841;-3,695407548;777,65
5720;40,56677298;-4,287070563;52083,17
5721;40,33876036;-3,678691566;8944,37
5722;40,06268747;-3,599572869;40367,5
5723;40,472888;-3,5136033;17233,54
5724;40,41834737;-3,701094662;258,24
5725;40,4871473;-3,8794236;16806,49
5726;40,40883878;-3,711744669;1138,61
5727;40,4153295;-3,7147092;963,76
5728;40,4153295;-3,7147092;963,76
5729;40,4153295;-3,7147092;963,76
5730;40,4227415;-3,6993271;736,18
5731;40,4267079;-3,7042311;1087,46
5732;40,4227995;-3,6956487;931,97
5733;40,41732905;-3,706877575;287,13
5734;40,56677298;-4,287070563;52083,17
5735;40,4227415;-3,6993271;736,18
5736;40,41321242;-3,712210696;844,33
5737;40,4153295;-3,7147092;963,76
5738;40,41236609;-3,69708851;745,55
5739;40,24757534;-3,310904012;38239,26
5740;40,41561648;-3,699595792;363,8
5741;40,42101155;-3,70250935;460,49
5742;40,56677298;-4,287070563;52083,17
5743;40,41144622;-3,702669638;615,47
5744;40,42577565;-3,703992599;982,96
5745;40,4089872;-3,7036181;884,67
5746;40,24757534;-3,310904012;38239,26
5747;40,33876036;-3,678691566;8944,37
5748;40,33876036;-3,678691566;8944,37
5749;40,33876036;-3,678691566;8944,37
5750;40,41924818;-3,699577851;421,09
5751;40,33876036;-3,678691566;8944,37
5752;40,33876036;-3,678691566;8944,37
5753;40,4176527;-3,707954696;383,3
5754;40,42570565;-3,712659739;1243,98
5755;40,33876036;-3,678691566;8944,37
5756;40,41571508;-3,708956011;479,7
5757;40,4123025;-3,703993047;517,52
5758;40,33876036;-3,678691566;8944,37
5759;40,33876036;-3,678691566;8944,37
5760;40,41617335;-3,699765492;329,5
5761;40,4227415;-3,6993271;736,18
5762;40,45026548;-3,686899909;3963,45
5763;40,33876036;-3,678691566;8944,37
5764;40,4211706;-3,7082023;614,68
5765;40,42632695;-3,703955866;1044,1
5766;40,3661611;-3,589875225;11159,02
5767;40,4178642;-3,69561503;677,35
5768;40,4227415;-3,6993271;736,18
5769;40,4871473;-3,8794236;16806,49
5770;40,472888;-3,5136033;17233,54
5771;40,42191349;-3,694027749;975,58
5772;40,33876036;-3,678691566;8944,37
5773;40,4176527;-3,707954696;383,3
5774;40,4267079;-3,7042311;1087,46
5775;40,56677298;-4,287070563;52083,17
5776;40,56677298;-4,287070563;52083,17
5777;40,41630102;-3,697870061;483,95
5778;40,42626984;-3,695582383;1235,94
5779;40,4215529;-3,70665541;577,09
5780;40,42764206;-3,700977499;1209,06
5781;40,41136495;-3,702903329;622,46
5782;40,4153295;-3,7147092;963,76
5783;40,4238082;-3,70106885;791,17
5784;40,42228854;-3,705997477;630,21
5785;40,41630102;-3,697870061;483,95
5786;40,6217653;-3,9155984;28983,87
5787;40,4109917;-3,6983124;795,36
5788;40,4267079;-3,7042311;1087,46
5789;40,56677298;-4,287070563;52083,17
5790;40,33876036;-3,678691566;8944,37
5791;40,4129629;-3,6974186;680,47
5792;40,4178272;-3,70222209;147,71
5793;40,4176527;-3,707954696;383,3
5794;40,4267079;-3,7042311;1087,46
5795;40,4267079;-3,7042311;1087,46
5796;40,42870417;-3,704075405;1308,62
5797;40,4121032;-3,695458353;869,42
5798;40,42913487;-3,711016344;1496,7
5799;40,33876036;-3,678691566;8944,37
5800;40,4121032;-3,695458353;869,42
5801;40,4121032;-3,695458353;869,42
5802;40,4121032;-3,695458353;869,42
5803;40,56677298;-4,287070563;52083,17
5804;40,4176527;-3,707954696;383,3
5805;40,4227415;-3,6993271;736,18
5806;40,33876036;-3,678691566;8944,37
5807;40,4153295;-3,7147092;963,76
5808;40,33876036;-3,678691566;8944,37
5809;40,4227415;-3,6993271;736,18
5810;40,4156646;-3,697600613;521,23
5811;40,472888;-3,5136033;17233,54
5812;40,4102757;-3,693034811;1156,82
5813;40,4116129;-3,6860882;1590,68
5814;40,2069869;-3,5737668;25808,59
5815;40,4156646;-3,697600613;521,23
5816;40,4176527;-3,707954696;383,3
5817;40,41545379;-3,710871454;643,68
5818;40,42052524;-3,699019127;551,47
5819;40,40655587;-3,701840469;1163,75
5820;40,41567768;-3,698925144;413,98
5821;40,41419278;-3,704142286;310,25
5822;40,3661611;-3,589875225;11159,02
5823;40,41630102;-3,697870061;483,95
5824;40,33876036;-3,678691566;8944,37
5825;40,4085263;-3,7009288;961,33
5826;40,41115917;-3,71759266;1353,61
5827;40,41630102;-3,697870061;483,95
5828;40,4176527;-3,707954696;383,3
5829;40,2069869;-3,5737668;25808,59
5830;40,4252019;-3,662216;3615,42
5831;40,41567768;-3,698925144;413,98
5832;40,4267079;-3,7042311;1087,46
5833;40,4176527;-3,707954696;383,3
5834;40,4102132;-3,6997426;813,92
5835;40,4292041;-3,7091078;1442,99
5836;40,42233467;-3,70255271;605,15
5837;40,4124041;-3,698104721;682,07
5838;40,4176527;-3,707954696;383,3
5839;40,4124041;-3,698104721;682,07
5840;40,4124041;-3,698104721;682,07
5841;40,42461878;-3,70463687;858,7
5842;40,40728373;-3,70548153;1086,76
5843;40,33876036;-3,678691566;8944,37
5844;40,42000293;-3,699013948;511,42
5845;40,4186817;-3,7074887;387,34
5846;40,40794773;-3,708427103;1082,94
5847;40,4121032;-3,695458353;869,42
5848;40,4109643;-3,693829;1056,25
5849;40,4121032;-3,695458353;869,42
5850;40,4176527;-3,707954696;383,3
5851;40,42800335;-3,704036629;1230,63
5852;40,4226017;-3,7092044;791,93
5853;40,4085263;-3,7009288;961,33
5854;40,4176527;-3,707954696;383,3
5855;40,4193507;-3,700238;386,1
5856;40,4267079;-3,7042311;1087,46
5857;40,41370413;-3,706409826;435,18
5858;40,41352788;-3,701705858;409,75
5859;40,3661611;-3,589875225;11159,02
5860;40,42870417;-3,704075405;1308,62
5861;40,45026548;-3,686899909;3963,45
5862;40,56677298;-4,287070563;52083,17
5863;40,42312412;-3,702928254;689,17
5864;40,41563573;-3,703233273;147,42
5865;40,56677298;-4,287070563;52083,17
5866;40,42393664;-3,703952468;778,51
5867;40,4123636;-3,709246492;702,84
5868;40,41545379;-3,710871454;643,68
5869;40,4105224;-3,7026597;717,67
5870;40,41545379;-3,710871454;643,68
5871;40,4265167;-3,7014825;1078,49
5872;40,42397203;-3,708232931;877,38
5873;40,4089543;-3,6993889;954,79
5874;40,4121032;-3,695458353;869,42
5875;40,42450441;-3,699920652;894,42
5876;40,416863;-3,703876222;31,11
5877;40,4277246;-3,7046879;1202,91
5878;40,33876036;-3,678691566;8944,37
5879;40,41113525;-3,693175446;1088,41
5880;40,425831;-3,7041699;989,82
5881;40,45026548;-3,686899909;3963,45
5882;40,42764295;-3,703957906;1190,36
5883;40,41834737;-3,701094662;258,24
5884;40,4218831;-3,700964217;590,52
5885;40,41290236;-3,69470363;871,49
5886;40,4233907;-3,7048002;725,05
5887;40,42870417;-3,704075405;1308,62
5888;40,41557129;-3,701762061;213,34
5889;40,41718964;-3,696682783;579,82
5890;40,4096458;-3,71089635;1023,69
5891;40,4176527;-3,707954696;383,3
5892;40,42833421;-3,707881281;1319,26
5893;40,40284783;-3,71332125;1773,27
5894;40,33876036;-3,678691566;8944,37
5895;40,4176527;-3,707954696;383,3
5896;40,4176527;-3,707954696;383,3
5897;40,4176527;-3,707954696;383,3
5898;40,4176527;-3,707954696;383,3
5899;40,4269317;-3,704089606;1111,73
5900;40,41462358;-3,712390419;793,69
5901;40,41376835;-3,708277026;535,27
5902;40,33876036;-3,678691566;8944,37
5903;40,4227415;-3,6993271;736,18
5904;40,56677298;-4,287070563;52083,17
5905;40,4176527;-3,707954696;383,3
5906;40,4176527;-3,707954696;383,3
5907;40,4176527;-3,707954696;383,3
5908;40,33876036;-3,678691566;8944,37
5909;40,42870417;-3,704075405;1308,62
5910;40,33876036;-3,678691566;8944,37
5911;40,41154838;-3,700340239;657,63
5912;40,4178272;-3,70222209;147,71
5913;40,46184177;-3,670231105;5732,71
5914;40,42191581;-3,698463718;699,48
5915;40,41684674;-3,71238487;750,21
5916;40,4085263;-3,7009288;961,33
5917;40,4085263;-3,7009288;961,33
5918;40,4262259;-3,7026058;1035,14
5919;40,4153819;-3,700577252;303,92
5920;40,41096715;-3,712253051;993,81
5921;40,42543584;-3,705127485;954,07
5922;40,40443749;-3,706677521;1415,94
5923;40,4227415;-3,6993271;736,18
5924;40,4225851;-3,6978402;790,65
5925;40,4245501;-3,7014272;864,3
5926;40,41549565;-3,698763064;434
5927;40,4154111;-3,701289322;254,57
5928;40,42556435;-3,702707939;961,15
5929;40,4150212;-3,706209704;312,02
5930;40,487325;-4,1718408;40391,34
5931;40,42870417;-3,704075405;1308,62
5932;40,4245511;-3,7116462;1090,16
5933;40,4073434;-3,705706;1083,28
5934;40,4176527;-3,707954696;383,3
5935;40,40873286;-3,709570384;1046,64
5936;40,4227415;-3,6993271;736,18
5937;40,4176527;-3,707954696;383,3
5938;40,4153295;-3,7147092;963,76
5939;40,3661611;-3,589875225;11159,02
5940;40,4245612;-3,7055484;864,27
5941;40,4280212;-3,7034173;1231,88
5942;40,41980981;-3,704887322;339,03
5943;40,4267079;-3,7042311;1087,46
5944;40,4176527;-3,707954696;383,3
5945;40,4176527;-3,707954696;383,3
5946;40,4108906;-3,6990615;771,78
5947;40,4109288;-3,709240385;825,48
5948;40,4232539;-3,7047773;709,72
5949;40,4153295;-3,7147092;963,76
5950;40,4227415;-3,6993271;736,18
5951;40,4227415;-3,6993271;736,18
5952;40,4153295;-3,7147092;963,76
5953;40,4176527;-3,707954696;383,3
5954;40,4227282;-3,7052102;658,94
5955;40,4176527;-3,707954696;383,3
5956;40,4158361;-3,7027941;137,72
5957;40,4195624;-3,706364;377,68
5958;40,4176527;-3,707954696;383,3
5959;40,41586144;-3,705177135;184,51
5960;40,40809253;-3,70182013;994,64
5961;40,40873286;-3,709570384;1046,64
5962;40,4153295;-3,7147092;963,76
5963;40,42239665;-3,6970489;817,45
5964;40,4176527;-3,707954696;383,3
5965;40,4075504;-3,6994837;1098,99
5966;40,3661611;-3,589875225;11159,02
5967;40,4153295;-3,7147092;963,76
5968;40,4176527;-3,707954696;383,3
5969;40,56677298;-4,287070563;52083,17
5970;40,4116129;-3,6860882;1590,68
5971;40,4176527;-3,707954696;383,3
5972;40,42507897;-3,711902803;1149,58
5973;40,4162559;-3,7064992;263,2
5974;40,4064558;-3,708654602;1244,39
5975;40,42507897;-3,711902803;1149,58
5976;40,40960067;-3,698381646;925,25
5977;40,4227415;-3,6993271;736,18
5978;40,41545379;-3,710871454;643,68
5979;40,33876036;-3,678691566;8944,37
5980;40,33876036;-3,678691566;8944,37
5981;40,41369687;-3,712067883;808,37
5982;40,4136215;-3,7058505;418,56
5983;40,4086938;-3,6994508;979,94
5984;40,4085263;-3,7009288;961,33
5985;40,4176665;-3,7034359;80,8
5986;40,4066906;-3,700705;1164,72
5987;40,4107694;-3,6992102;777,57
5988;40,4227415;-3,6993271;736,18
5989;40,4219588;-3,7033688;557,9
5990;40,4295024;-3,7076566;1439,7
5991;40,40940195;-3,698055815;957,83
5992;40,4151258;-3,7012927;276,61
5993;40,4129629;-3,6974186;680,47
5994;40,41833635;-3,712948534;812,75
5995;40,42249207;-3,693875873;1023,64
5996;40,33876036;-3,678691566;8944,37
5997;40,42870417;-3,704075405;1308,62
5998;40,45026548;-3,686899909;3963,45
5999;40,4176527;-3,707954696;383,3
6000;40,41581216;-3,702777839;140,71
6001;40,41290236;-3,69470363;871,49
6002;40,41733143;-3,711312202;660,74
6003;40,3661611;-3,589875225;11159,02
6004;40,3661611;-3,589875225;11159,02
6005;40,3661611;-3,589875225;11159,02
6006;40,41184865;-3,707433085;656,04
6007;40,4227415;-3,6993271;736,18
6008;40,413899;-3,7052905;370,03
6009;40,4227415;-3,6993271;736,18
6010;40,4077628;-3,701486;1035,26
6011;40,4176527;-3,707954696;383,3
6012;40,3661611;-3,589875225;11159,02
6013;40,4198757;-3,7106373;684,81
6014;40,4176527;-3,707954696;383,3
6015;40,4077628;-3,701486;1035,26
6016;40,4227415;-3,6993271;736,18
6017;40,41924818;-3,699577851;421,09
6018;40,41322142;-3,711669754;804,24
6019;40,42632695;-3,703955866;1044,1
6020;40,41354875;-3,696421485;709,94
6021;40,4266156;-3,70939071;1184,67
6022;40,422879;-3,6970857;856,01
6023;40,56677298;-4,287070563;52083,17
6024;40,4237865;-3,6968732;946,61
6025;40,41557129;-3,701762061;213,34
6026;40,41058425;-3,70732094;776,69
6027;40,33876036;-3,678691566;8944,37
6028;40,425629;-3,7019348;975,17
6029;40,40979089;-3,712239571;1084,85
6030;40,40794773;-3,708427103;1082,94
6031;40,409945;-3,7107419;989,4
6032;40,4250479;-3,7029391;902,59
6033;40,4176527;-3,707954696;383,3
6034;40,33876036;-3,678691566;8944,37
6035;40,40284783;-3,71332125;1773,27
6036;40,4177167;-3,7107594;618,54
6037;40,40925611;-3,711339455;1080,92
6038;40,39960395;-3,645882834;5247,44
6039;40,42870417;-3,704075405;1308,62
6040;40,42461369;-3,710275873;1026,75
6041;40,41195596;-3,712288826;926,34
6042;40,4307333;-3,705392874;1541,56
6043;40,42505292;-3,705254496;913,61
6044;40,42362837;-3,703319669;743,59
6045;40,42126308;-3,698086853;665,31
6046;40,42577565;-3,703992599;982,96
6047;40,56677298;-4,287070563;52083,17
6048;40,4114753;-3,7050612;621,74
6049;40,416651;-3,7087203;441,1
6050;40,4178642;-3,69561503;677,35
6051;40,42377778;-3,70541254;776,63
6052;40,4065139;-3,70591455;1177,18
6053;40,42865395;-3,700696723;1324,02
6054;40,40960067;-3,698381646;925,25
6055;40,4277246;-3,7046879;1202,91
6056;40,4085263;-3,7009288;961,33
6057;40,42239665;-3,6970489;817,45
6058;40,41207835;-3,709410253;735,47
6059;40,56677298;-4,287070563;52083,17
6060;40,41859555;-3,702305962;210,72
6061;40,42870417;-3,704075405;1308,62
6062;40,422442;-3,6935958;1039,37
6063;40,41545379;-3,710871454;643,68
6064;40,4176527;-3,707954696;383,3
6065;40,41893507;-3,700813398;318,95
6066;40,4085263;-3,7009288;961,33
6067;40,4085263;-3,7009288;961,33
6068;40,41266727;-3,713264672;951,88
6069;40,40991578;-3,699180617;863,59
6070;40,4360975;-3,6720498;3410,9
6071;40,4227415;-3,6993271;736,18
6072;40,4267079;-3,7042311;1087,46
6073;40,4218831;-3,700964217;590,52
6074;40,40893486;-3,699698692;947,52
6075;40,42497195;-3,695923584;1100,47
6076;40,4243072;-3,7005919;855,66
6077;40,42243295;-3,70489285;621,36
6078;40,42106735;-3,710424309;742,66
6079;40,47129293;-3,87147693;15444,3
6080;40,41058425;-3,70732094;776,69
6081;40,41352788;-3,701705858;409,75
6082;40,4267079;-3,7042311;1087,46
6083;40,41240292;-3,702408057;513,59
6084;40,42398882;-3,703433711;783,51
6085;40,41117008;-3,706133115;678,85
6086;40,56677298;-4,287070563;52083,17
6087;40,56677298;-4,287070563;52083,17
6088;40,56677298;-4,287070563;52083,17
6089;40,41030875;-3,713046742;1092,77
6090;40,4267079;-3,7042311;1087,46
6091;40,4267079;-3,7042311;1087,46
6092;40,42339895;-3,70087255;752,15
6093;40,4178272;-3,70222209;147,71
6094;40,41151445;-3,708430908;732,75
6095;40,4201246;-3,7039871;355,95
6096;40,4201246;-3,7039871;355,95
6097;40,4095986;-3,7003953;858,54
6098;40,422951;-3,7060632;701,8
6099;40,4176527;-3,707954696;383,3
6100;40,41945882;-3,704378646;288,96
6101;40,4148516;-3,7091192;527,68
6102;40,41684674;-3,71238487;750,21
6103;40,41207835;-3,709410253;735,47
6104;40,4238082;-3,70106885;791,17
6105;40,41581216;-3,702777839;140,71
6106;40,42288403;-3,697230555;848,69
6107;40,41859555;-3,702305962;210,72
6108;40,40914516;-3,702671531;870,07
6109;40,41207835;-3,709410253;735,47
6110;40,4085263;-3,7009288;961,33
6111;40,40925611;-3,711339455;1080,92
6112;40,42870417;-3,704075405;1308,62
6113;40,47129293;-3,87147693;15444,3
6114;40,41279867;-3,705783481;498,94
6115;40,41207835;-3,709410253;735,47
6116;40,41195596;-3,712288826;926,34
6117;40,42216295;-3,71147465;888,77
6118;40,33876036;-3,678691566;8944,37
6119;40,30012635;-4,446599755;64287,51
6120;40,42243295;-3,70489285;621,36
6121;40,40728373;-3,70548153;1086,76
6122;40,4114753;-3,7050612;621,74
6123;40,4227415;-3,6993271;736,18
6124;40,4259905;-3,710243127;1155,7
6125;40,40979089;-3,712239571;1084,85
6126;40,40925108;-3,70465314;860,62
6127;40,33876036;-3,678691566;8944,37
6128;40,4176527;-3,707954696;383,3
6129;40,4267079;-3,7042311;1087,46
6130;40,4100827;-3,708234612;860,78
6131;40,42870417;-3,704075405;1308,62
6132;40,3661611;-3,589875225;11159,02
6133;40,4141449;-3,698925803;498,34
6134;40,4227415;-3,6993271;736,18
6135;40,42870417;-3,704075405;1308,62
6136;40,41945882;-3,704378646;288,96
6137;40,4193507;-3,700238;386,1
6138;40,41290236;-3,69470363;871,49
6139;40,42577565;-3,703992599;982,96
6140;40,4245701;-3,7103083;1024,26
6141;40,41568365;-3,703927092;144,12
6142;40,42543584;-3,705127485;954,07
6143;40,42663924;-3,710456682;1227,55
6144;40,4238082;-3,70106885;791,17
6145;40,41240292;-3,702408057;513,59
6146;40,428743;-3,7049514;1317,66
6147;40,41240292;-3,702408057;513,59
6148;40,41733143;-3,711312202;660,74
6149;40,47129293;-3,87147693;15444,3
6150;40,4106084;-3,7094844;866,47
6151;40,42080488;-3,710273691;714,77
6152;40,4105435;-3,7029302;713,36
6153;40,4231999;-3,7080802;795,5
6154;40,4065139;-3,70591455;1177,18
6155;40,41279867;-3,705783481;498,94
6156;40,4218831;-3,700964217;590,52
6157;40,42564939;-3,694635581;1226,13
6158;40,4155619;-3,700312317;312,27
6159;40,42681156;-3,708244989;1167,85
6160;40,40925108;-3,70465314;860,62
6161;40,40999414;-3,708888603;896,26
6162;40,42675593;-3,699838496;1134,88
6163;40,44793582;-3,602061604;9253,32
6164;40,4191822;-3,706767993;370,69
6165;40,40284783;-3,71332125;1773,27
6166;40,41096785;-3,707933661;762,1
6167;40,41545379;-3,710871454;643,68
6168;40,40284783;-3,71332125;1773,27
6169;40,4085263;-3,7009288;961,33
6170;40,42768269;-3,700191542;1227,08
6171;40,41574861;-3,708503275;441,96
6172;40,4186682;-3,7045667;211,17
6173;40,4085263;-3,7009288;961,33
6174;40,42393664;-3,703952468;778,51
6175;40,40979089;-3,712239571;1084,85
6176;40,40979089;-3,712239571;1084,85
6177;40,42841495;-3,703800584;1275,85
6178;40,4173065;-3,704352302;80,94
6179;40,42678245;-3,702660905;1096,54
6180;40,33876036;-3,678691566;8944,37
6181;40,4268293;-3,7017149;1109,93
6182;40,422284;-3,7009527;632,54
6183;40,42348062;-3,708012185;820,26
6184;40,4201246;-3,7039871;355,95
6185;40,4227415;-3,6993271;736,18
6186;40,56677298;-4,287070563;52083,17
6187;40,41545379;-3,710871454;643,68
6188;40,42870417;-3,704075405;1308,62
6189;40,42870417;-3,704075405;1308,62
6190;40,42294331;-3,69915217;762,99
6191;40,4176527;-3,707954696;383,3
6192;40,56677298;-4,287070563;52083,17
6193;40,42294331;-3,69915217;762,99
6194;40,41154838;-3,700340239;657,63
6195;40,45664485;-3,594381894;10237,76
6196;40,4267079;-3,7042311;1087,46
6197;40,33876036;-3,678691566;8944,37
6198;40,40994224;-3,708206992;873,59
6199;40,41207835;-3,709410253;735,47
6200;40,4218831;-3,700964217;590,52
6201;40,41567768;-3,698925144;413,98
6202;40,41196968;-3,696671166;801,51
6203;40,42814995;-3,70441435;1248,44
6204;40,4201246;-3,7039871;355,95
6205;40,4267079;-3,7042311;1087,46
6206;40,4085263;-3,7009288;961,33
6207;40,42564939;-3,694635581;1226,13
6208;40,42626984;-3,695582383;1235,94
6209;40,42570565;-3,712659739;1243,98
6210;40,40960067;-3,698381646;925,25
6211;40,40979089;-3,712239571;1084,85
6212;40,40925611;-3,711339455;1080,92
6213;40,4085263;-3,7009288;961,33
6214;40,4085263;-3,7009288;961,33
6215;40,4176527;-3,707954696;383,3
6216;40,41434721;-3,706803297;400,47
6217;40,41630102;-3,697870061;483,95
6218;40,42632695;-3,703955866;1044,1
6219;40,41545379;-3,710871454;643,68
6220;40,41924818;-3,699577851;421,09
6221;40,4153295;-3,7147092;963,76
6222;40,4176527;-3,707954696;383,3
6223;40,42486565;-3,69996005;931,2
6224;40,42190773;-3,701795115;571,14
6225;40,6003734;-4,1338759;41710,1
6226;40,42505292;-3,705254496;913,61
6227;40,42393664;-3,703952468;778,51
6228;40,4170481;-3,7055309;170,29
6229;40,42870417;-3,704075405;1308,62
6230;40,4153818;-3,7117251;715,66
6231;40,4140476;-3,711811201;771,93
6232;40,3661611;-3,589875225;11159,02
6233;40,41208411;-3,713247186;984,63
6234;40,41058425;-3,70732094;776,69
6235;40,40747079;-3,705000423;1060,64
6236;40,41587872;-3,712053037;731,68
6237;40,42233467;-3,70255271;605,15
6238;40,4218831;-3,700964217;590,52
6239;40,4227415;-3,6993271;736,18
6240;40,4223526;-3,6966371;837,7
6241;40,40704054;-3,701073333;1120,47
6242;40,41571508;-3,708956011;479,7
6243;40,42447337;-3,704211676;839,37
6244;40,41073556;-3,699562992;767,38
6245;40,4176527;-3,707954696;383,3
6246;40,42019884;-3,706431375;437,78
6247;40,41545379;-3,710871454;643,68
6248;40,42377778;-3,70541254;776,63
6249;40,4189099;-3,7085237;476,42
6250;40,41630102;-3,697870061;483,95
6251;40,42632695;-3,703955866;1044,1
6252;40,4153295;-3,7147092;963,76
6253;40,41485063;-3,694419994;805,09
6254;40,4178272;-3,70222209;147,71
6255;40,4173065;-3,704352302;80,94
6256;40,40991578;-3,699180617;863,59
6257;40,4073895;-3,701975;1070,36
6258;40,42233467;-3,70255271;605,15
6259;40,42913487;-3,711016344;1496,7
6260;40,42207053;-3,702565476;575,91
6261;40,42233467;-3,70255271;605,15
6262;40,42870417;-3,704075405;1308,62
6263;40,42814995;-3,70441435;1248,44
6264;40,41352788;-3,701705858;409,75
6265;40,4090539;-3,7068521;921,36
6266;40,40925611;-3,711339455;1080,92
6267;40,33876036;-3,678691566;8944,37
6268;40,40655587;-3,701840469;1163,75
6269;40,4078199;-3,7088002;1108,43
6270;40,40977416;-3,698927407;887,05
6271;40,4218831;-3,700964217;590,52
6272;40,42377778;-3,70541254;776,63
6273;40,41567768;-3,698925144;413,98
6274;40,42233467;-3,70255271;605,15
6275;40,4123636;-3,709246492;702,84
6276;40,33876036;-3,678691566;8944,37
6277;40,4123636;-3,709246492;702,84
6278;40,41074822;-3,70070002;729,13
6279;40,41859555;-3,702305962;210,72
6280;40,4176527;-3,707954696;383,3
6281;40,42346755;-3,70660495;770,96
6282;40,33876036;-3,678691566;8944,37
6283;40,4227415;-3,6993271;736,18
6284;40,3661611;-3,589875225;11159,02
6285;40,42870417;-3,704075405;1308,62
6286;40,4218831;-3,700964217;590,52
6287;40,4218831;-3,700964217;590,52
6288;40,4267079;-3,7042311;1087,46
6289;40,4267079;-3,7042311;1087,46
6290;40,41500697;-3,698255436;495,27
6291;40,42514;-3,7118533;1152,36
6292;40,062706;-3,5996874;40363,36
6293;40,33876036;-3,678691566;8944,37
6294;40,507932;-3,8781526;17906,02
6295;40,4227415;-3,6993271;736,18
6296;40,4116129;-3,6860882;1590,68
6297;40,4085263;-3,7009288;961,33
6298;40,4176527;-3,707954696;383,3
6299;40,41074822;-3,70070002;729,13
6300;40,4154179;-3,7085104;454,92
6301;40,40961073;-3,700423697;856,51
6302;40,41055006;-3,696516039;925,92
6303;40,4114439;-3,6975604;792,97
6304;40,42080488;-3,710273691;714,77
6305;40,42159422;-3,703501699;517,2
6306;40,412754;-3,699493332;577,41
6307;40,56677298;-4,287070563;52083,17
6308;40,4126967;-3,7056698;505,9
6309;40,4183032;-3,7075513;372,98
6310;40,4176527;-3,707954696;383,3
6311;40,4257748;-3,7125606;1244,83
6312;40,4218831;-3,700964217;590,52
6313;40,42833421;-3,707881281;1319,26
6314;40,42190773;-3,701795115;571,14
6315;40,42751294;-3,707516795;1222,96
6316;40,4176527;-3,707954696;383,3
6317;40,40685424;-3,699947943;1161,95
6318;40,4166197;-3,7013019;191,53
6319;40,4233784;-3,7065697;760,62
6320;40,4213738;-3,7092363;690,35
6321;40,42288403;-3,697230555;848,69
6322;40,4111158;-3,7063636;691,1
6323;40,4207173;-3,6998122;524,29
6324;40,3661611;-3,589875225;11159,02
6325;40,42570565;-3,712659739;1243,98
6326;40,4307333;-3,705392874;1541,56
6327;40,422746;-3,7060991;681,1
6328;40,4176527;-3,707954696;383,3
6329;40,4085263;-3,7009288;961,33
6330;40,4221588;-3,6983043;729,13
6331;40,4203166;-3,6984401;570,93
6332;40,42870417;-3,704075405;1308,62
6333;40,41859555;-3,702305962;210,72
6334;40,41136495;-3,702903329;622,46
6335;40,40882775;-3,701144118;924,59
6336;40,41453885;-3,699121476;458,67
6337;40,4176527;-3,707954696;383,3
6338;40,4090606;-3,7035844;876,49
6339;40,42533884;-3,699781375;985,88
6340;40,42870417;-3,704075405;1308,62
6341;40,40960067;-3,698381646;925,25
6342;40,4227415;-3,6993271;736,18
6343;40,42764295;-3,703957906;1190,36
6344;40,41179855;-3,7047136;580,82
6345;40,4227415;-3,6993271;736,18
6346;40,4227415;-3,6993271;736,18
6347;40,41859555;-3,702305962;210,72
6348;40,4176527;-3,707954696;383,3
6349;40,4173065;-3,704352302;80,94
6350;40,41212259;-3,707361061;626,75
6351;40,42841495;-3,703800584;1275,85
6352;40,4173065;-3,704352302;80,94
6353;40,45026548;-3,686899909;3963,45
6354;40,4871473;-3,8794236;16806,49
6355;40,41859555;-3,702305962;210,72
6356;40,4089543;-3,6993889;954,79
6357;40,41630102;-3,697870061;483,95
6358;40,41055006;-3,696516039;925,92
6359;40,42146309;-3,709188413;694,67
6360;40,41876194;-3,708256158;448,77
6361;40,40994224;-3,708206992;873,59
6362;40,42377778;-3,70541254;776,63
6363;40,40977416;-3,698927407;887,05
6364;40,41714565;-3,7081398;391,41
6365;40,41944296;-3,702819241;284,32
6366;40,40909445;-3,716667139;1414,14
6367;40,47129293;-3,87147693;15444,3
6368;40,41255357;-3,710696386;779,05
6369;40,4176527;-3,707954696;383,3
6370;40,42398882;-3,703433711;783,51
6371;40,4191822;-3,706767993;370,69
6372;40,42464866;-3,692478964;1268,23
6373;40,41161872;-3,692687449;1091,88
6374;40,4153295;-3,7147092;963,76
6375;40,4227415;-3,6993271;736,18
6376;40,40940195;-3,698055815;957,83
6377;40,4075585;-3,7041279;1044,75
6378;40,41074822;-3,70070002;729,13
6379;40,41630102;-3,697870061;483,95
6380;40,4227415;-3,6993271;736,18
6381;40,41423974;-3,712295963;801,15
6382;40,4191939;-3,70993726;597,84
6383;40,33876036;-3,678691566;8944,37
6384;40,4227415;-3,6993271;736,18
6385;40,41097149;-3,703287374;664,29
6386;40,42870417;-3,704075405;1308,62
6387;40,4226921;-3,706178;677,61
6388;40,3661611;-3,589875225;11159,02
6389;40,4153295;-3,7147092;963,76
6390;40,33876036;-3,678691566;8944,37
6391;40,41567768;-3,698925144;413,98
6392;40,56677298;-4,287070563;52083,17
6393;40,42146309;-3,709188413;694,67
6394;40,4227415;-3,6993271;736,18
6395;40,56677298;-4,287070563;52083,17
6396;40,4227415;-3,6993271;736,18
6397;40,42052524;-3,699019127;551,47
6398;40,42841495;-3,703800584;1275,85
6399;40,41545379;-3,710871454;643,68
6400;40,4176527;-3,707954696;383,3
6401;40,41207835;-3,709410253;735,47
6402;40,56677298;-4,287070563;52083,17
6403;40,42288403;-3,697230555;848,69
6404;40,40960067;-3,698381646;925,25
6405;40,56677298;-4,287070563;52083,17
6406;40,42092706;-3,70342873;443,09
6407;40,41859555;-3,702305962;210,72
6408;40,33876036;-3,678691566;8944,37
6409;40,40284783;-3,71332125;1773,27
6410;40,56677298;-4,287070563;52083,17
6411;40,41207835;-3,709410253;735,47
6412;40,4153295;-3,7147092;963,76
6413;40,42228854;-3,705997477;630,21
6414;40,41366841;-3,695407548;777,65
6415;40,42146309;-3,709188413;694,67
6416;40,42228854;-3,705997477;630,21
6417;40,33876036;-3,678691566;8944,37
6418;40,41055006;-3,696516039;925,92
6419;40,42678245;-3,702660905;1096,54
6420;40,42243295;-3,70489285;621,36
6421;40,4153295;-3,7147092;963,76
6422;40,41144622;-3,702669638;615,47
6423;40,47129293;-3,87147693;15444,3
6424;40,4307333;-3,705392874;1541,56
6425;40,4176527;-3,707954696;383,3
6426;40,4196682;-3,711187687;716,06
6427;40,4218831;-3,700964217;590,52
6428;40,42764295;-3,703957906;1190,36
6429;40,4108009;-3,7076291;766,3
6430;40,40551917;-3,700641175;1293,5
6431;40,41568365;-3,703927092;144,12
6432;40,4158203;-3,7025533;149,46
6433;40,4218831;-3,700964217;590,52
6434;40,41176773;-3,703624242;575,52
6435;40,41630102;-3,697870061;483,95
6436;40,42146309;-3,709188413;694,67
6437;40,56677298;-4,287070563;52083,17
6438;40,4227415;-3,6993271;736,18
6439;40,4209693;-3,7004327;518,59
6440;40,41630102;-3,697870061;483,95
6441;40,41195596;-3,712288826;926,34
6442;40,4123882;-3,7031391;507,51
6443;40,41545379;-3,710871454;643,68
6444;40,41563573;-3,703233273;147,42
6445;40,4227415;-3,6993271;736,18
6446;40,42751294;-3,707516795;1222,96
6447;40,414787;-3,697042286;598,82
6448;40,42146309;-3,709188413;694,67
6449;40,41630102;-3,697870061;483,95
6450;40,41630102;-3,697870061;483,95
6451;40,41680305;-3,696387034;604,41
6452;40,41748;-3,7111588;649,09
6453;40,42146309;-3,709188413;694,67
6454;40,42159422;-3,703501699;517,2
6455;40,42870417;-3,704075405;1308,62
6456;40,42159422;-3,703501699;517,2
6457;40,33876036;-3,678691566;8944,37
6458;40,42870417;-3,704075405;1308,62
6459;40,41352788;-3,701705858;409,75
6460;40,41074822;-3,70070002;729,13
6461;40,4298146;-3,707558961;1471,45
6462;40,4166151;-3,7012234;198,15
6463;40,42865395;-3,700696723;1324,02
6464;40,42865395;-3,700696723;1324,02
6465;40,40961073;-3,700423697;856,51
6466;40,42312005;-3,704150634;688,91
6467;40,4085263;-3,7009288;961,33
6468;40,42146309;-3,709188413;694,67
6469;40,41859555;-3,702305962;210,72
6470;40,40914516;-3,702671531;870,07
6471;40,4217202;-3,7108338;815,54
6472;40,4191822;-3,706767993;370,69
6473;40,42393664;-3,703952468;778,51
6474;40,4176527;-3,707954696;383,3
6475;40,42587469;-3,695900852;1184,41
6476;40,42543584;-3,705127485;954,07
6477;40,41144622;-3,702669638;615,47
6478;40,4213738;-3,7092363;690,35
6479;40,41321242;-3,712210696;844,33
6480;40,41733143;-3,711312202;660,74
6481;40,4176527;-3,707954696;383,3
6482;40,4292388;-3,70393449;1367,68
6483;40,42173849;-3,695657198;853,15
6484;40,42126308;-3,698086853;665,31
6485;40,42833421;-3,707881281;1319,26
6486;40,41130203;-3,713413087;1046,12
6487;40,42397744;-3,710393751;974,7
6488;40,41352788;-3,701705858;409,75
6489;40,41074822;-3,70070002;729,13
6490;40,4085263;-3,7009288;961,33
6491;40,42510378;-3,707020999;954,51
6492;40,41130203;-3,713413087;1046,12
6493;40,4227415;-3,6993271;736,18
6494;40,40914516;-3,702671531;870,07
6495;40,40960067;-3,698381646;925,25
6496;40,4239539;-3,7084474;884
6497;40,41419278;-3,704142286;310,25
6498;40,42564939;-3,694635581;1226,13
6499;40,42239665;-3,6970489;817,45
6500;40,4262259;-3,7026058;1035,14
6501;40,42632695;-3,703955866;1044,1
6502;40,4249653;-3,701995006;901,39
6503;40,4154342;-3,709338848;520,07
6504;40,40704054;-3,701073333;1120,47
6505;40,4085263;-3,7009288;961,33
6506;40,41535897;-3,706117229;281,45
6507;40,4273167;-3,700476256;1182,01
6508;40,4089418;-3,6992745;959,68
6509;40,41733143;-3,711312202;660,74
6510;40,56677298;-4,287070563;52083,17
6511;40,45026548;-3,686899909;3963,45
6512;40,4176527;-3,707954696;383,3
6513;40,41038618;-3,701713191;745,02
6514;40,42577565;-3,703992599;982,96
6515;40,4267079;-3,7042311;1087,46
6516;40,42092706;-3,70342873;443,09
6517;40,4155619;-3,700312317;312,27
6518;40,4186756;-3,7051114;234,9
6519;40,42159422;-3,703501699;517,2
6520;40,4242772;-3,7012686;837,59
6521;40,41561648;-3,699595792;363,8
6522;40,41321242;-3,712210696;844,33
6523;40,41195596;-3,712288826;926,34
6524;40,4085263;-3,7009288;961,33
6525;40,41117008;-3,706133115;678,85
6526;40,4176527;-3,707954696;383,3
6527;40,42870417;-3,704075405;1308,62
6528;40,4176527;-3,707954696;383,3
6529;40,40655587;-3,701840469;1163,75
6530;40,4176527;-3,707954696;383,3
6531;40,41076777;-3,699458194;768,1
6532;40,41073556;-3,699562992;767,38
6533;40,42564939;-3,694635581;1226,13
6534;40,4220543;-3,7110311;852,58
6535;40,56677298;-4,287070563;52083,17
6536;40,4267079;-3,7042311;1087,46
6537;40,41144622;-3,702669638;615,47
6538;40,56677298;-4,287070563;52083,17
6539;40,42211693;-3,697528459;767,21
6540;40,30012635;-4,446599755;64287,51
6541;40,4176527;-3,707954696;383,3
6542;40,40655587;-3,701840469;1163,75
6543;40,42211693;-3,697528459;767,21
6544;40,40809253;-3,70182013;994,64
6545;40,41732905;-3,706877575;287,13
6546;40,4155679;-3,7025627;173,21
6547;40,41545379;-3,710871454;643,68
6548;40,4871473;-3,8794236;16806,49
6549;40,4123636;-3,709246492;702,84
6550;40,4123636;-3,709246492;702,84
6551;40,4086738;-3,7063503;950,11
6552;40,41842085;-3,713156601;831,85
6553;40,4191822;-3,706767993;370,69
6554;40,4153295;-3,7147092;963,76
6555;40,41240292;-3,702408057;513,59
6556;40,42505292;-3,705254496;913,61
6557;40,4123636;-3,709246492;702,84
6558;40,3661611;-3,589875225;11159,02
6559;40,40794773;-3,708427103;1082,94
6560;40,41019658;-3,700274265;799,02
6561;40,4176527;-3,707954696;383,3
6562;40,41366841;-3,695407548;777,65
6563;40,4176527;-3,707954696;383,3
6564;40,4089543;-3,6993889;954,79
6565;40,42348062;-3,708012185;820,26
6566;40,423777;-3,6967295;953,05
6567;40,42243295;-3,70489285;621,36
6568;40,423777;-3,6967295;953,05
6569;40,33876036;-3,678691566;8944,37
6570;40,41630102;-3,697870061;483,95
6571;40,4201246;-3,7039871;355,95
6572;40,4085263;-3,7009288;961,33
6573;40,45026548;-3,686899909;3963,45
6574;40,3661611;-3,589875225;11159,02
6575;40,37608123;-3,682332742;4885,17
6576;40,41352788;-3,701705858;409,75
6577;40,4155619;-3,700312317;312,27
6578;40,40914516;-3,702671531;870,07
6579;40,40655587;-3,701840469;1163,75
6580;40,41669837;-3,707503391;337,98
6581;40,41182135;-3,717465191;1310,48
6582;40,41630102;-3,697870061;483,95
6583;40,4166151;-3,7012234;198,15
6584;40,40655587;-3,701840469;1163,75
6585;40,4176527;-3,707954696;383,3
6586;40,40809253;-3,70182013;994,64
6587;40,4298146;-3,707558961;1471,45
6588;40,41352788;-3,701705858;409,75
6589;40,4176527;-3,707954696;383,3
6590;40,4176527;-3,707954696;383,3
6591;40,42294331;-3,69915217;762,99
6592;40,42833421;-3,707881281;1319,26
6593;40,42126308;-3,698086853;665,31
6594;40,4227415;-3,6993271;736,18
6595;40,41859555;-3,702305962;210,72
6596;40,42632695;-3,703955866;1044,1
6597;40,4153295;-3,7147092;963,76
6598;40,40284783;-3,71332125;1773,27
6599;40,41842085;-3,713156601;831,85
6600;40,4207235;-3,7026445;426,93
6601;40,4157746;-3,708236;419,52
6602;40,42294331;-3,69915217;762,99
6603;40,4085263;-3,7009288;961,33
6604;40,42126308;-3,698086853;665,31
6605;40,41041976;-3,693832673;1095,14
6606;40,4201246;-3,7039871;355,95
6607;40,4093252;-3,7071312;900,42
6608;40,4085263;-3,7009288;961,33
6609;40,42159422;-3,703501699;517,2
6610;40,4255086;-3,695700976;1160,07
6611;40,42652088;-3,707255853;1110,88
6612;40,4267079;-3,7042311;1087,46
6613;40,40794773;-3,708427103;1082,94
6614;40,4267079;-3,7042311;1087,46
6615;40,42052524;-3,699019127;551,47
6616;40,4259905;-3,710243127;1155,7
6617;40,4123636;-3,709246492;702,84
6618;40,41322142;-3,711669754;804,24
6619;40,41630102;-3,697870061;483,95
6620;40,42294331;-3,69915217;762,99
6621;40,41587872;-3,712053037;731,68
6622;40,56677298;-4,287070563;52083,17
6623;40,4176527;-3,707954696;383,3
6624;40,4267079;-3,7042311;1087,46
6625;40,4176527;-3,707954696;383,3
6626;40,4307333;-3,705392874;1541,56
6627;40,40797496;-3,705393847;1009,68
6628;40,42464866;-3,692478964;1268,23
6629;40,4201246;-3,7039871;355,95
6630;40,41479195;-3,71075845;657,5
6631;40,4189109;-3,7011048;299,72
6632;40,41500697;-3,698255436;495,27
6633;40,42312412;-3,702928254;689,17
6634;40,413343;-3,70312;401,75
6635;40,4176527;-3,707954696;383,3
6636;40,40925108;-3,70465314;860,62
6637;40,4267079;-3,7042311;1087,46
6638;40,4227415;-3,6993271;736,18
6639;40,4227415;-3,6993271;736,18
6640;40,4218831;-3,700964217;590,52
6641;40,4176527;-3,707954696;383,3
6642;40,42173849;-3,695657198;853,15
6643;40,40893486;-3,699698692;947,52
6644;40,41352788;-3,701705858;409,75
6645;40,42695095;-3,702249925;1118,06
6646;40,42564939;-3,694635581;1226,13
6647;40,41842085;-3,713156601;831,85
6648;40,42514162;-3,697940011;1026,92
6649;40,42935122;-3,613762914;7722,54
6650;40,426208;-3,7080137;1098,1
6651;40,6251315;-3,6674934;23348,99
6652;40,428062;-3,7094676;1334,83
6653;40,3376941;-3,7016721;8813,46
6654;40,33876036;-3,678691566;8944,37
6655;40,41041976;-3,693832673;1095,14
6656;40,42533884;-3,699781375;985,88
6657;40,41279867;-3,705783481;498,94
6658;40,41859555;-3,702305962;210,72
6659;40,41352788;-3,701705858;409,75
6660;40,33876036;-3,678691566;8944,37
6661;40,42870417;-3,704075405;1308,62
6662;40,41545379;-3,710871454;643,68
6663;40,41279867;-3,705783481;498,94
6664;40,42159422;-3,703501699;517,2
6665;40,41042249;-3,710945595;959,41
6666;40,33876036;-3,678691566;8944,37
6667;40,4096358;-3,7110286;1031,43
6668;40,42216295;-3,71147465;888,77
6669;40,4211706;-3,7082023;614,68
6670;40,42514162;-3,697940011;1026,92
6671;40,33876036;-3,678691566;8944,37
6672;40,42913487;-3,711016344;1496,7
6673;40,4153295;-3,7147092;963,76
6674;40,40825653;-3,709913911;1107,06
6675;40,4218831;-3,700964217;590,52
6676;40,41182095;-3,6951908;906,7
6677;40,41545379;-3,710871454;643,68
6678;40,42678245;-3,702660905;1096,54
6679;40,33876036;-3,678691566;8944,37
6680;40,40940195;-3,698055815;957,83
6681;40,42145346;-3,701531945;529,14
6682;40,4218831;-3,700964217;590,52
6683;40,41370047;-3,711200781;743,22
6684;40,4227415;-3,6993271;736,18
6685;40,30012635;-4,446599755;64287,51
6686;40,41279867;-3,705783481;498,94
6687;40,4176527;-3,707954696;383,3
6688;40,42407274;-3,709681616;948,81
6689;40,41074822;-3,70070002;729,13
6690;40,4070181;-3,6958671;1279,91
6691;40,4085263;-3,7009288;961,33
6692;40,4267079;-3,7042311;1087,46
6693;40,4176527;-3,707954696;383,3
6694;40,42027867;-3,71154258;773,54
6695;40,42286094;-3,694139279;1031,6
6696;40,42681156;-3,708244989;1167,85
6697;40,41586144;-3,705177135;184,51
6698;40,4225394;-3,6978673;785,22
6699;40,41940972;-3,703223315;275,48
6700;40,42346755;-3,70660495;770,96
6701;40,4197209;-3,7081026;495,63
6702;40,42216295;-3,71147465;888,77
6703;40,42764295;-3,703957906;1190,36
6704;40,4176527;-3,707954696;383,3
6705;40,4218831;-3,700964217;590,52
6706;40,41290675;-3,696769289;726,95
6707;40,507932;-3,8781526;17906,02
6708;40,41557129;-3,701762061;213,34
6709;40,41370413;-3,706409826;435,18
6710;40,0827272;-3,4961913;41118,21
6711;40,41545379;-3,710871454;643,68
6712;40,41370047;-3,711200781;743,22
6713;40,41074024;-3,70574526;714,88
6714;40,42419154;-3,696344947;1009,45
6715;40,41074822;-3,70070002;729,13
6716;40,41137253;-3,709643538;807,5
6717;40,42339129;-3,698055616;853,48
6718;40,4267079;-3,7042311;1087,46
6719;40,42339129;-3,698055616;853,48
6720;40,42092706;-3,70342873;443,09
6721;40,42570565;-3,712659739;1243,98
6722;40,56677298;-4,287070563;52083,17
6723;40,41545379;-3,710871454;643,68
6724;40,4176527;-3,707954696;383,3
6725;40,4155619;-3,700312317;312,27
6726;40,42407274;-3,709681616;948,81
6727;40,40825653;-3,709913911;1107,06
6728;40,41581216;-3,702777839;140,71
6729;40,3661611;-3,589875225;11159,02
6730;40,42228854;-3,705997477;630,21
6731;40,42870417;-3,704075405;1308,62
6732;40,41412303;-3,708121558;499,81
6733;40,4267079;-3,7042311;1087,46
6734;40,33876036;-3,678691566;8944,37
6735;40,40284783;-3,71332125;1773,27
6736;40,42407274;-3,709681616;948,81
6737;40,42870417;-3,704075405;1308,62
6738;40,4176527;-3,707954696;383,3
6739;40,4148333;-3,709481269;556,22
6740;40,41236609;-3,69708851;745,55
6741;40,56677298;-4,287070563;52083,17
6742;40,507932;-3,8781526;17906,02
6743;40,4153295;-3,7147092;963,76
6744;40,4218831;-3,700964217;590,52
6745;40,33876036;-3,678691566;8944,37
6746;40,33876036;-3,678691566;8944,37
6747;40,40655587;-3,701840469;1163,75
6748;40,42870417;-3,704075405;1308,62
6749;40,3661611;-3,589875225;11159,02
6750;40,42239665;-3,6970489;817,45
6751;40,41563573;-3,703233273;147,42
6752;40,41419278;-3,704142286;310,25
6753;40,40925108;-3,70465314;860,62
6754;40,4267079;-3,7042311;1087,46
6755;40,41545379;-3,710871454;643,68
6756;40,4267079;-3,7042311;1087,46
6757;40,42362837;-3,703319669;743,59
6758;40,42146309;-3,709188413;694,67
6759;40,42764295;-3,703957906;1190,36
6760;40,4176527;-3,707954696;383,3
6761;40,41733143;-3,711312202;660,74
6762;40,41480405;-3,700791306;331,8
6763;40,41352788;-3,701705858;409,75
6764;40,41500697;-3,698255436;495,27
6765;40,41630102;-3,697870061;483,95
6766;40,4243608;-3,7088097;938,38
6767;40,42159773;-3,707225635;605,06
6768;40,41240292;-3,702408057;513,59
6769;40,41097149;-3,703287374;664,29
6770;40,6217653;-3,9155984;28983,87
6771;40,41196968;-3,696671166;801,51
6772;40,56677298;-4,287070563;52083,17
6773;40,6217653;-3,9155984;28983,87
6774;40,42564939;-3,694635581;1226,13
6775;40,4121032;-3,695458353;869,42
6776;40,41514982;-3,699626388;385,54
6777;40,41567768;-3,698925144;413,98
6778;40,42632695;-3,703955866;1044,1
6779;40,4121032;-3,695458353;869,42
6780;40,41290236;-3,69470363;871,49
6781;40,4121032;-3,695458353;869,42
6782;40,41568365;-3,703927092;144,12
6783;40,3661611;-3,589875225;11159,02
6784;40,4267079;-3,7042311;1087,46
6785;40,40794773;-3,708427103;1082,94
6786;40,4252019;-3,662216;3615,42
6787;40,4176527;-3,707954696;383,3
6788;40,4218831;-3,700964217;590,52
6789;40,4140476;-3,711811201;771,93
6790;40,4227415;-3,6993271;736,18
6791;40,40551917;-3,700641175;1293,5
6792;40,42146309;-3,709188413;694,67
6793;40,4218831;-3,700964217;590,52
6794;40,41630102;-3,697870061;483,95
6795;40,4176527;-3,707954696;383,3
6796;40,56677298;-4,287070563;52083,17
6797;40,4069456;-3,707244;1155,4
6798;40,4176527;-3,707954696;383,3
6799;40,41710978;-3,710836968;619,37
6800;40,42243295;-3,70489285;621,36
6801;40,42632695;-3,703955866;1044,1
6802;40,4267079;-3,7042311;1087,46
6803;40,42841495;-3,703800584;1275,85
6804;40,41896;-3,70779515;425,49
6805;40,42312412;-3,702928254;689,17
6806;40,6217653;-3,9155984;28983,87
6807;40,42764295;-3,703957906;1190,36
6808;40,41586144;-3,705177135;184,51
6809;40,4267079;-3,7042311;1087,46
6810;40,42870417;-3,704075405;1308,62
6811;40,42092706;-3,70342873;443,09
6812;40,33876036;-3,678691566;8944,37
6813;40,416759;-3,707012;295,99
6814;40,4227415;-3,6993271;736,18
6815;40,40965738;-3,711437391;1051,25
6816;40,46236147;-3,704036679;5050,5
6817;40,41136495;-3,702903329;622,46
6818;40,4227415;-3,6993271;736,18
6819;40,4188142;-3,6997099;384,13
6820;40,4201246;-3,7039871;355,95
6821;40,41457529;-3,696920635;617,93
6822;40,4209971;-3,704093;453,37
6823;40,422312;-3,706137;636,67
6824;40,42555981;-3,704996823;966,23
6825;40,4189301;-3,7077862;423,1
6826;40,42346755;-3,70660495;770,96
6827;40,4267079;-3,7042311;1087,46
6828;40,56677298;-4,287070563;52083,17
6829;40,41136495;-3,702903329;622,46
6830;40,41136495;-3,702903329;622,46
6831;40,41240292;-3,702408057;513,59
6832;40,41842085;-3,713156601;831,85
6833;40,40960067;-3,698381646;925,25
6834;40,42190773;-3,701795115;571,14
6835;40,41161872;-3,692687449;1091,88
6836;40,3661611;-3,589875225;11159,02
6837;40,4176527;-3,707954696;383,3
6838;40,41240292;-3,702408057;513,59
6839;40,42764295;-3,703957906;1190,36
6840;40,41581216;-3,702777839;140,71
6841;40,40794773;-3,708427103;1082,94
6842;40,4223526;-3,6966371;837,7
6843;40,4123636;-3,709246492;702,84
6844;40,4116129;-3,6860882;1590,68
6845;40,42870417;-3,704075405;1308,62
6846;40,4227415;-3,6993271;736,18
6847;40,4176527;-3,707954696;383,3
6848;40,33876036;-3,678691566;8944,37
6849;40,56677298;-4,287070563;52083,17
6850;40,42870417;-3,704075405;1308,62
6851;40,4123025;-3,703993047;517,52
6852;40,42312412;-3,702928254;689,17
6853;40,4176527;-3,707954696;383,3
6854;40,42764206;-3,700977499;1209,06
6855;40,33876036;-3,678691566;8944,37
6856;40,4085263;-3,7009288;961,33
6857;40,42870417;-3,704075405;1308,62
6858;40,42017966;-3,699489314;496,19
6859;40,4227415;-3,6993271;736,18
6860;40,4176527;-3,707954696;383,3
6861;40,33876036;-3,678691566;8944,37
6862;40,4176527;-3,707954696;383,3
6863;40,45026548;-3,686899909;3963,45
6864;40,4176527;-3,707954696;383,3
6865;40,4176527;-3,707954696;383,3
6866;40,42870417;-3,704075405;1308,62
6867;40,4176527;-3,707954696;383,3
6868;40,4176527;-3,707954696;383,3
6869;40,4267079;-3,7042311;1087,46
6870;40,4176527;-3,707954696;383,3
6871;40,4267079;-3,7042311;1087,46
6872;40,3661611;-3,589875225;11159,02
6873;40,40655587;-3,701840469;1163,75
6874;40,40914516;-3,702671531;870,07
6875;40,41073556;-3,699562992;767,38
6876;40,4176527;-3,707954696;383,3
6877;40,4201246;-3,7039871;355,95
6878;40,4218831;-3,700964217;590,52
6879;40,40794773;-3,708427103;1082,94
6880;40,41907232;-3,699699084;401,15
6881;40,41538213;-3,702580398;191,06
6882;40,42663924;-3,710456682;1227,55
6883;40,41480405;-3,700791306;331,8
6884;40,4191939;-3,70993726;597,84
6885;40,4218831;-3,700964217;590,52
6886;40,4142891;-3,698729515;501,84
6887;40,41571222;-3,704710877;169,77
6888;40,4227415;-3,6993271;736,18
6889;40,41195596;-3,712288826;926,34
6890;40,41945882;-3,704378646;288,96
6891;40,41568365;-3,703927092;144,12
6892;40,41278785;-3,69563055;812,43
6893;40,42243295;-3,70489285;621,36
6894;40,42294331;-3,69915217;762,99
6895;40,02990718;-3,604770074;43845,51
6896;40,42735504;-3,699241294;1213,21
6897;40,42294331;-3,69915217;762,99
6898;40,41321242;-3,712210696;844,33
6899;40,42294331;-3,69915217;762,99
6900;40,42294331;-3,69915217;762,99
6901;40,4176527;-3,707954696;383,3
6902;40,41545379;-3,710871454;643,68
6903;40,42626984;-3,695582383;1235,94
6904;40,4267079;-3,7042311;1087,46
6905;40,41545379;-3,710871454;643,68
6906;40,40865273;-3,693228323;1268,69
6907;40,41545379;-3,710871454;643,68
6908;40,42913487;-3,711016344;1496,7
6909;40,428339;-3,7019869;1273,85
6910;40,42239665;-3,6970489;817,45
6911;40,4176527;-3,707954696;383,3
6912;40,41581216;-3,702777839;140,71
6913;40,42346755;-3,70660495;770,96
6914;40,4178642;-3,69561503;677,35
6915;40,42870417;-3,704075405;1308,62
6916;40,56677298;-4,287070563;52083,17
6917;40,42555981;-3,704996823;966,23
6918;40,56677298;-4,287070563;52083,17
6919;40,4273167;-3,700476256;1182,01
6920;40,41684674;-3,71238487;750,21
6921;40,41635857;-3,71021346;570,03
6922;40,42764295;-3,703957906;1190,36
6923;40,4218831;-3,700964217;590,52
6924;40,4218831;-3,700964217;590,52
6925;40,41630102;-3,697870061;483,95
6926;40,42729108;-3,703606624;1150,68
6927;40,4089543;-3,6993889;954,79
6928;40,41684674;-3,71238487;750,21
6929;40,42764295;-3,703957906;1190,36
6930;40,4739539;-3,6827087;6579,5
6931;40,4739539;-3,6827087;6579,5
6932;40,4554716;-3,6813791;4676,21
6933;40,4739539;-3,6827087;6579,5
6934;40,4739539;-3,6827087;6579,5
6935;40,4739539;-3,6827087;6579,5
6936;40,4487115;-3,6738706;4333,33
6937;40,4487115;-3,6738706;4333,33
6938;40,42702676;-3,683968916;1999,38
6939;40,4739539;-3,6827087;6579,5
6940;40,44057449;-3,684377423;3087,28
6941;40,47372477;-3,684337048;6519,28
6942;40,45125632;-3,687716459;4043,25
6943;40,4739539;-3,6827087;6579,5
6944;40,4476279;-3,6724499;4308,03
6945;40,29213655;-3,747416413;14367,58
6946;40,4556286;-3,6816967;4681,54
6947;40,4800912;-3,67470593;7433,15
6948;40,4749841;-3,6755568;6874,12
6949;40,4739539;-3,6827087;6579,5
6950;40,4739539;-3,6827087;6579,5
6951;40,42746421;-3,689920249;1641,6
6952;40,4684721;-3,686372726;5910,76
6953;40,4487115;-3,6738706;4333,33
6954;40,4739539;-3,6827087;6579,5
6955;40,4739539;-3,6827087;6579,5
6956;40,4739539;-3,6827087;6579,5
6957;40,4448882;-3,6847127;3491,54
6958;40,4511303;-3,679572433;4308,2
6959;40,45675731;-3,679558242;4869,67
6960;40,44220767;-3,673687934;3777,54
6961;40,4473153;-3,6754393;4129,92
6962;40,4400518;-3,6720937;3698,7
6963;40,46704335;-3,683408995;5825,19
6964;40,4739539;-3,6827087;6579,5
6965;40,4511303;-3,679572433;4308,2
6966;40,4739539;-3,6827087;6579,5
6967;40,4739539;-3,6827087;6579,5
6968;40,44319665;-3,669058503;4127,03
6969;40,4596091;-3,6769238;5251,28
6970;40,4739539;-3,6827087;6579,5
6971;40,4739539;-3,6827087;6579,5
6972;40,44620455;-3,674768636;4063,31
6973;40,447411;-3,6735153;4234,26
6974;40,45027974;-3,689010986;3905,1
6975;40,4529025;-3,672550749;4781,23
6976;40,42746421;-3,689920249;1641,6
6977;40,46704335;-3,683408995;5825,19
6978;40,4530225;-3,687421959;4237,02
6979;40,4531259;-3,686647127;4269,4
6980;40,4428755;-3,67196;3930,98
6981;40,44508288;-3,678398995;3783,27
6982;40,45125632;-3,687716459;4043,25
6983;40,42746421;-3,689920249;1641,6
6984;40,44216736;-3,679801973;3449,45
6985;40,42746421;-3,689920249;1641,6
6986;40,4739539;-3,6827087;6579,5
6987;40,42746421;-3,689920249;1641,6
6988;40,4739539;-3,6827087;6579,5
6989;40,4739539;-3,6827087;6579,5
6990;40,45524679;-3,68238409;4619,72
6991;40,4401394;-3,677057328;3416,37
6992;40,44508288;-3,678398995;3783,27
6993;40,43682794;-3,670454368;3567,15
6994;40,4739539;-3,6827087;6579,5
6995;40,4502098;-3,689249999;3891,39
6996;40,44323524;-3,674186382;3835,81
6997;40,4656658;-3,675545;5912,56
6998;40,4739539;-3,6827087;6579,5
6999;40,4771195;-3,675242151;7106,43
7000;40,43682794;-3,670454368;3567,15
7001;40,46054168;-3,686587793;5055,41
7002;40,45127583;-3,671651691;4674,53
7003;40,4517805;-3,6724996;4679,83
7004;40,42746421;-3,689920249;1641,6
7005;40,45524679;-3,68238409;4619,72
7006;40,4739539;-3,6827087;6579,5
7007;40,4739539;-3,6827087;6579,5
7008;40,4739539;-3,6827087;6579,5
7009;40,4739539;-3,6827087;6579,5
7010;40,45089534;-3,683910733;4124,17
7011;40,4659958;-3,6770377;5897,03
7012;40,4739539;-3,6827087;6579,5
7013;40,4398067;-3,6728153;3635,91
7014;40,4381366;-3,6790525;3137,57
7015;40,45954162;-3,666742721;5668,04
7016;40,47766185;-3,675665478;7151,35
7017;40,4739539;-3,6827087;6579,5
7018;40,4582459;-3,6726854;5282,47
7019;40,44508288;-3,678398995;3783,27
7020;40,45027974;-3,689010986;3905,1
7021;40,4739539;-3,6827087;6579,5
7022;40,4739539;-3,6827087;6579,5
7023;40,45027974;-3,689010986;3905,1
7024;40,4684446;-3,685413532;5928,26
7025;40,443946;-3,6701659;4121,6
7026;40,4739539;-3,6827087;6579,5
7027;40,45199502;-3,687933152;4114,93
7028;40,46358979;-3,673806788;5764,44
7029;40,4739539;-3,6827087;6579,5
7030;40,59023979;-4,157071496;42916,18
7031;40,46325613;-3,686448801;5348,7
7032;40,45098642;-3,672865929;4589,41
7033;40,4511303;-3,679572433;4308,2
7034;40,443946;-3,6701659;4121,6
7035;40,4511303;-3,679572433;4308,2
7036;40,4739539;-3,6827087;6579,5
7037;40,4448882;-3,6847127;3491,54
7038;40,4487115;-3,6738706;4333,33
7039;40,45027974;-3,689010986;3905,1
7040;40,4739539;-3,6827087;6579,5
7041;40,4580496;-3,6770982;5088,67
7042;40,42792454;-3,687377781;1832,82
7043;40,4739539;-3,6827087;6579,5
7044;40,42746421;-3,689920249;1641,6
7045;40,4739539;-3,6827087;6579,5
7046;40,4460348;-3,676200025;3976,55
7047;40,4418013;-3,67521693;3658,02
7048;40,4739539;-3,6827087;6579,5
7049;40,4502098;-3,689249999;3891,39
7050;40,47139216;-3,675984899;6487,51
7051;40,44763045;-3,671859341;4338,95
7052;40,4739539;-3,6827087;6579,5
7053;40,4460936;-3,6730311;4143,41
7054;40,4381366;-3,6790525;3137,57
7055;40,4739539;-3,6827087;6579,5
7056;40,4739539;-3,6827087;6579,5
7057;40,45762971;-3,672424002;5234,11
7058;40,44481062;-3,670873558;4152,04
7059;40,42792454;-3,687377781;1832,82
7060;40,4448882;-3,6847127;3491,54
7061;40,44027627;-3,67342292;3636,38
7062;40,4539726;-3,6656612;5217,55
7063;40,4739539;-3,6827087;6579,5
7064;40,4488376;-3,6880606;3780,32
7065;40,44216736;-3,679801973;3449,45
7066;40,4739539;-3,6827087;6579,5
7067;40,4739539;-3,6827087;6579,5
7068;40,4539726;-3,6656612;5217,55
7069;40,4415708;-3,6754604;3625,16
7070;40,443065;-3,6679438;4184,08
7071;40,442278;-3,6896314;3052,7
7072;40,45559814;-3,678445115;4793,76
7073;40,4565843;-3,6767944;4954,53
7074;40,4542377;-3,67872;4648,06
7075;40,4730524;-3,7290324;6601,95
7076;40,4519629;-3,6873198;4128,5
7077;40,4677312;-3,673897;6178,94
7078;40,4645256;-3,683678;5551,13
7079;40,4501436;-3,6710069;4604,71
7080;40,4407874;-3,6757078;3545,88
7081;40,4447189;-3,6751023;3914,87
7082;40,4403218;-3,67332;3646,1
7083;40,4739539;-3,6827087;6579,5
7084;40,8246221;-3,627918;45778,78
7085;40,4551874;-3,6824601;4611,14
7086;40,4529726;-3,6639833;5220,15
7087;40,4739539;-3,6827087;6579,5
7088;40,45027974;-3,689010986;3905,1
7089;40,4618808;-3,6865924;5198,26
7090;40,4549451;-3,6639871;5390,08
7091;40,4418013;-3,67521693;3658,02
7092;40,42746421;-3,689920249;1641,6
7093;40,4739539;-3,6827087;6579,5
7094;40,4516233;-3,6691397;4831,14
7095;40,4739539;-3,6827087;6579,5
7096;40,4739539;-3,6827087;6579,5
7097;40,4739539;-3,6827087;6579,5
7098;40,4511303;-3,679572433;4308,2
7099;40,4511303;-3,679572433;4308,2
7100;40,4739539;-3,6827087;6579,5
7101;40,4652326;-3,6710132;6033,41
7102;40,4423766;-3,6705737;3971,97
7103;40,4539726;-3,6656612;5217,55
7104;40,4390634;-3,6890248;2748,87
7105;40,44154482;-3,678392291;3465,34
7106;40,4739539;-3,6827087;6579,5
7107;40,4465065;-3,6821322;3752,96
7108;40,46390144;-3,68611472;5425,43
7109;40,4425761;-3,6811011;3424,35
7110;40,440032;-3,6727368;3658,2
7111;40,4555968;-3,6759733;4889,86
7112;40,42792454;-3,687377781;1832,82
7113;40,47183584;-3,67421739;6588,41
7114;40,4739539;-3,6827087;6579,5
7115;40,4739539;-3,6827087;6579,5
7116;40,4487115;-3,6738706;4333,33
7117;40,4739539;-3,6827087;6579,5
7118;40,4739539;-3,6827087;6579,5
7119;40,4586446;-3,6777596;5124,11
7120;40,45524679;-3,68238409;4619,72
7121;40,42746421;-3,689920249;1641,6
7122;40,4739539;-3,6827087;6579,5
7123;40,46136015;-3,679307205;5347,31
7124;40,4739539;-3,6827087;6579,5
7125;40,45524679;-3,68238409;4619,72
7126;40,4511303;-3,679572433;4308,2
7127;40,455131;-3,674141321;4920,9
7128;40,4619142;-3,6702317;5739,7
7129;40,45298011;-3,672749328;4779,26
7130;40,4551874;-3,6824601;4611,14
7131;40,4551874;-3,6824601;4611,14
7132;40,4494623;-3,5808292;10996,13
7133;40,462044;-3,4829544;19328,63
7134;40,4724938;-3,6864384;6343,93
7135;40,4497425;-3,6850692;3967,55
7136;40,44601453;-3,671259904;4231,69
7137;40,4549451;-3,6639871;5390,08
7138;40,4739539;-3,6827087;6579,5
7139;40,4517271;-3,6871699;4108,03
7140;40,4549451;-3,6639871;5390,08
7141;40,4549517;-3,6682418;5174,84
7142;40,4739539;-3,6827087;6579,5
7143;40,442316;-3,6725332;3852,38
7144;40,4739539;-3,6827087;6579,5
7145;40,47183584;-3,67421739;6588,41
7146;40,44508288;-3,678398995;3783,27
7147;40,4488284;-3,6696386;4560,26
7148;40,4408681;-3,6758518;3544,53
7149;40,4712273;-3,6846594;6243,68
7150;40,4497425;-3,6850692;3967,55
7151;40,4487115;-3,6738706;4333,33
7152;40,443946;-3,6701659;4121,6
7153;40,47372477;-3,684337048;6519,28
7154;40,44918131;-3,670336695;4554,16
7155;40,44469164;-3,669253049;4234,92
7156;40,42746421;-3,689920249;1641,6
7157;40,4381366;-3,6790525;3137,57
7158;40,4390634;-3,6890248;2748,87
7159;40,4545919;-3,6694749;5082,33
7160;40,45092609;-3,688451767;3988,27
7161;40,45524679;-3,68238409;4619,72
7162;40,4375554;-3,6785828;3116,13
7163;40,4730524;-3,7290324;6601,95
7164;40,4739539;-3,6827087;6579,5
7165;40,4739539;-3,6827087;6579,5
7166;40,4564426;-3,68014811;4817,17
7167;40,4512058;-3,6867592;4065,51
7168;40,42746421;-3,689920249;1641,6
7169;40,4739539;-3,6827087;6579,5
7170;40,4739539;-3,6827087;6579,5
7171;40,4461112;-3,6821355;3714,39
7172;40,4390634;-3,6890248;2748,87
7173;40,4730524;-3,7290324;6601,95
7174;40,4403218;-3,67332;3646,1
7175;40,44639281;-3,680696532;3802,18
7176;40,45443606;-3,666265475;5227,29
7177;40,44508288;-3,678398995;3783,27
7178;40,46168567;-3,673009941;5605,45
7179;40,44027627;-3,67342292;3636,38
7180;40,4507262;-3,6727472;4571,3
7181;40,45359533;-3,661659499;5400,42
7182;40,46918512;-3,685271733;6010,91
7183;40,4564426;-3,68014811;4817,17
7184;40,46136015;-3,679307205;5347,31
7185;40,4739539;-3,6827087;6579,5
7186;40,44601453;-3,671259904;4231,69
7187;40,4448882;-3,6847127;3491,54
7188;40,472545;-3,6768691;6581,28
7189;40,4418013;-3,67521693;3658,02
7190;40,4739539;-3,6827087;6579,5
7191;40,45199502;-3,687933152;4114,93
7192;40,4395684;-3,6721376;3658,87
7193;40,47372477;-3,684337048;6519,28
7194;40,455131;-3,674141321;4920,9
7195;40,4739539;-3,6827087;6579,5
7196;40,4739539;-3,6827087;6579,5
7197;40,4739539;-3,6827087;6579,5
7198;40,4549451;-3,6639871;5390,08
7199;40,4739539;-3,6827087;6579,5
7200;40,4448882;-3,6847127;3491,54
7201;40,4531259;-3,686647127;4269,4
7202;40,4739539;-3,6827087;6579,5
7203;40,4684446;-3,685413532;5928,26
7204;40,4739539;-3,6827087;6579,5
7205;40,4739539;-3,6827087;6579,5
7206;40,4739539;-3,6827087;6579,5
7207;40,4484208;-3,681501;3965,57
7208;40,4487115;-3,6738706;4333,33
7209;40,45718536;-3,670064408;5295,51
7210;40,42746421;-3,689920249;1641,6
7211;40,42746421;-3,689920249;1641,6
7212;40,42746421;-3,689920249;1641,6
7213;40,42746421;-3,689920249;1641,6
7214;40,47868658;-3,683811213;7065,32
7215;40,4739539;-3,6827087;6579,5
7216;40,47257795;-3,682476677;6437,62
7217;40,443687;-3,67068927;4070,3
7218;40,4730524;-3,7290324;6601,95
7219;40,46322074;-3,667770761;5969,51
7220;40,48513644;-3,674802184;7962,71
7221;40,4466911;-3,6636376;4726,41
7222;40,4511303;-3,679572433;4308,2
7223;40,4739539;-3,6827087;6579,5
7224;40,4739539;-3,6827087;6579,5
7225;40,4448882;-3,6847127;3491,54
7226;40,4531259;-3,686647127;4269,4
7227;40,4739539;-3,6827087;6579,5
7228;40,4739539;-3,6827087;6579,5
7229;40,4444617;-3,6770432;3793,02
7230;40,4625939;-3,6787346;5492,6
7231;40,4444617;-3,6770432;3793,02
7232;40,4739539;-3,6827087;6579,5
7233;40,4444617;-3,6770432;3793,02
7234;40,4418013;-3,67521693;3658,02
7235;40,4444617;-3,6770432;3793,02
7236;40,4444617;-3,6770432;3793,02
7237;40,4739539;-3,6827087;6579,5
7238;40,4739539;-3,6827087;6579,5
7239;40,4425541;-3,6816992;3394,5
7240;40,4425541;-3,6816992;3394,5
7241;40,4425541;-3,6816992;3394,5
7242;40,4425541;-3,6816992;3394,5
7243;40,46381938;-3,668993744;5975,69
7244;40,4739539;-3,6827087;6579,5
7245;40,4448882;-3,6847127;3491,54
7246;40,4739539;-3,6827087;6579,5
7247;40,4739539;-3,6827087;6579,5
7248;40,4739539;-3,6827087;6579,5
7249;40,4314166;-3,3773703;27655,37
7250;40,4739539;-3,6827087;6579,5
7251;40,4511303;-3,679572433;4308,2
7252;40,4739539;-3,6827087;6579,5
7253;40,4448882;-3,6847127;3491,54
7254;40,42746421;-3,689920249;1641,6
7255;40,4723474;-3,687738421;6303,86
7256;40,4723474;-3,687738421;6303,86
7257;40,4723474;-3,687738421;6303,86
7258;40,47873872;-3,685407521;7040,31
7259;40,47873872;-3,685407521;7040,31
7260;40,4739539;-3,6827087;6579,5
7261;40,4723474;-3,687738421;6303,86
7262;40,4723474;-3,687738421;6303,86
7263;40,4723474;-3,687738421;6303,86
7264;40,457354;-3,6771759;5016,38
7265;40,4723474;-3,687738421;6303,86
7266;40,4723474;-3,687738421;6303,86
7267;40,4638344;-3,6432504;7294,22
7268;40,4739539;-3,6827087;6579,5
7269;40,4739539;-3,6827087;6579,5
7270;40,4448882;-3,6847127;3491,54
7271;40,4739539;-3,6827087;6579,5
7272;40,4511303;-3,679572433;4308,2
7273;40,4511303;-3,679572433;4308,2
7274;40,4739539;-3,6827087;6579,5
7275;40,4448882;-3,6847127;3491,54
7276;40,4739539;-3,6827087;6579,5
7277;40,4511303;-3,679572433;4308,2
7278;40,4739539;-3,6827087;6579,5
7279;40,4739539;-3,6827087;6579,5
7280;40,4488284;-3,6696386;4560,26
7281;40,44508288;-3,678398995;3783,27
7282;40,4739539;-3,6827087;6579,5
7283;40,4739539;-3,6827087;6579,5
7284;40,4739539;-3,6827087;6579,5
7285;40,4739539;-3,6827087;6579,5
7286;40,4739539;-3,6827087;6579,5
7287;40,4625939;-3,6787346;5492,6
7288;40,45155618;-3,672010863;4682,64
7289;40,3518999;-4,0248859;28163,43
7290;40,4449812;-3,684653179;3503,04
7291;40,4739539;-3,6827087;6579,5
7292;40,44849055;-3,67053625;4483,42
7293;40,44849055;-3,67053625;4483,42
7294;40,44849055;-3,67053625;4483,42
7295;40,44849055;-3,67053625;4483,42
7296;40,44849055;-3,67053625;4483,42
7297;40,42746421;-3,689920249;1641,6
7298;40,45451427;-3,669245875;5086,25
7299;40,44323524;-3,674186382;3835,81
7300;40,4439306;-3,684150694;3419,69
7301;40,4739539;-3,6827087;6579,5
7302;40,4739539;-3,6827087;6579,5
7303;40,4456817;-3,6680465;4385,07
7304;40,4739539;-3,6827087;6579,5
7305;40,4395684;-3,6721376;3658,87
7306;40,47546915;-3,675869603;6915,78
7307;40,46829855;-3,677761041;6112,53
7308;40,47868658;-3,683811213;7065,32
7309;40,4739539;-3,6827087;6579,5
7310;40,4739539;-3,6827087;6579,5
7311;40,4739539;-3,6827087;6579,5
7312;40,4739539;-3,6827087;6579,5
7313;40,4739539;-3,6827087;6579,5
7314;40,4625939;-3,6787346;5492,6
7315;40,4739539;-3,6827087;6579,5
7316;40,46054168;-3,686587793;5055,41
7317;40,45155618;-3,672010863;4682,64
7318;40,44601453;-3,671259904;4231,69
7319;40,4739539;-3,6827087;6579,5
7320;40,45422;-3,688544819;4334,56
7321;40,4739539;-3,6827087;6579,5
7322;40,4739539;-3,6827087;6579,5
7323;40,4739539;-3,6827087;6579,5
7324;40,4448882;-3,6847127;3491,54
7325;40,44765707;-3,686888051;3694,13
7326;40,42792454;-3,687377781;1832,82
7327;40,45027974;-3,689010986;3905,1
7328;40,45383882;-3,67905353;4595,75
7329;40,4739539;-3,6827087;6579,5
7330;40,45172929;-3,669758751;4809,24
7331;40,4739539;-3,6827087;6579,5
7332;40,4590673;-3,679196348;5116,55
7333;40,45524679;-3,68238409;4619,72
7334;40,45274028;-3,67103016;4838,13
7335;40,4739539;-3,6827087;6579,5
7336;40,443687;-3,67068927;4070,3
7337;40,42746421;-3,689920249;1641,6
7338;40,4739539;-3,6827087;6579,5
7339;40,45027974;-3,689010986;3905,1
7340;40,44655298;-3,668898627;4407,87
7341;40,4739539;-3,6827087;6579,5
7342;40,4739539;-3,6827087;6579,5
7343;40,4739539;-3,6827087;6579,5
7344;40,44601453;-3,671259904;4231,69
7345;40,4644075;-3,6806477;5621,69
7346;40,4448882;-3,6847127;3491,54
7347;40,4422594;-3,681456286;3378,39
7348;40,44976475;-3,678336014;4226,64
7349;40,44267003;-3,679539986;3507,83
7350;40,44280064;-3,67294309;3868,72
7351;40,47372477;-3,684337048;6519,28
7352;40,46168567;-3,673009941;5605,45
7353;40,4581112;-3,6765942;5113,69
7354;40,4413142;-3,6721204;3795,96
7355;40,46136015;-3,679307205;5347,31
7356;40,46471374;-3,682622001;5598,66
7357;40,4417813;-3,6775704;3529,01
7358;40,4390634;-3,6890248;2748,87
7359;40,4739539;-3,6827087;6579,5
7360;40,4487115;-3,6738706;4333,33
7361;40,42746421;-3,689920249;1641,6
7362;40,4625939;-3,6787346;5492,6
7363;40,43682794;-3,670454368;3567,15
7364;40,45155618;-3,672010863;4682,64
7365;40,44154482;-3,678392291;3465,34
7366;40,45155618;-3,672010863;4682,64
7367;40,4739539;-3,6827087;6579,5
7368;40,6491439;-3,7910629;26858,54
7369;40,4627413;-3,6775843;5545,56
7370;40,46054168;-3,686587793;5055,41
7371;40,44800407;-3,674587002;4234,09
7372;40,4739539;-3,6827087;6579,5
7373;40,43906383;-3,689028231;2748,78
7374;40,44994851;-3,666837137;4807,37
7375;40,46606227;-3,682704452;5738,97
7376;40,45199502;-3,687933152;4114,93
7377;40,4559668;-3,6773116;4873,47
7378;40,4381366;-3,6790525;3137,57
7379;40,455131;-3,674141321;4920,9
7380;40,45199502;-3,687933152;4114,93
7381;40,48436481;-3,682921287;7697
7382;40,4739539;-3,6827087;6579,5
7383;40,4600699;-3,676313;5319,79
7384;40,44323524;-3,674186382;3835,81
7385;40,442316;-3,6725332;3852,38
7386;40,46017;-3,6762096;5333,61
7387;40,45711999;-3,677934737;4964,74
7388;40,45359533;-3,661659499;5400,42
7389;40,47372477;-3,684337048;6519,28
7390;40,4448882;-3,6847127;3491,54
7391;40,4739539;-3,6827087;6579,5
7392;40,4739539;-3,6827087;6579,5
7393;40,45954162;-3,666742721;5668,04
7394;40,45359533;-3,661659499;5400,42
7395;40,44508288;-3,678398995;3783,27
7396;40,4381366;-3,6790525;3137,57
7397;40,45524679;-3,68238409;4619,72
7398;40,45478112;-3,668197378;5161,54
7399;40,4693619;-3,6808332;6136,88
7400;40,45199502;-3,687933152;4114,93
7401;40,44508288;-3,678398995;3783,27
7402;40,4512058;-3,6867592;4065,51
7403;40,44796545;-3,678299674;4056,77
7404;40,45614397;-3,675991619;4942,69
7405;40,46606227;-3,682704452;5738,97
7406;40,4381366;-3,6790525;3137,57
7407;40,43906383;-3,689028231;2748,78
7408;40,47372477;-3,684337048;6519,28
7409;40,44508288;-3,678398995;3783,27
7410;40,4511303;-3,679572433;4308,2
7411;40,4739539;-3,6827087;6579,5
7412;40,4739539;-3,6827087;6579,5
7413;40,4730524;-3,7290324;6601,95
7414;40,44601453;-3,671259904;4231,69
7415;40,47372477;-3,684337048;6519,28
7416;40,4739539;-3,6827087;6579,5
7417;40,4525977;-3,6661994;5069,27
7418;40,4739539;-3,6827087;6579,5
7419;40,45306512;-3,705621433;4020,53
7420;40,45359533;-3,661659499;5400,42
7421;40,4739539;-3,6827087;6579,5
7422;40,4739539;-3,6827087;6579,5
7423;40,45524679;-3,68238409;4619,72
7424;40,45127583;-3,671651691;4674,53
7425;40,4739539;-3,6827087;6579,5
7426;40,4577785;-3,668556116;5419,98
7427;40,47157804;-3,677548978;6460,58
7428;40,4739539;-3,6827087;6579,5
7429;40,4475867;-3,672252933;4314,61
7430;40,4475867;-3,672252933;4314,61
7431;40,44672888;-3,671875635;4259,7
7432;40,44749571;-3,680551358;3914,38
7433;40,47139216;-3,675984899;6487,51
7434;40,45359533;-3,661659499;5400,42
7435;40,44247369;-3,671056995;3951,1
7436;40,4739539;-3,6827087;6579,5
7437;40,4400793;-3,6784607;3334,53
7438;40,4763551;-3,6800358;6898,85
7439;40,4730524;-3,7290324;6601,95
7440;40,4739539;-3,6827087;6579,5
7441;40,4448882;-3,6847127;3491,54
7442;40,4511303;-3,679572433;4308,2
7443;40,4739539;-3,6827087;6579,5
7444;40,4439306;-3,684150694;3419,69
7445;40,4587936;-3,6765057;5185,02
7446;40,44873256;-3,680941916;4018,49
7447;40,4587936;-3,6765057;5185,02
7448;40,4739539;-3,6827087;6579,5
7449;40,4586446;-3,6777596;5124,11
7450;40,4424289;-3,6810722;3412,11
7451;40,4739539;-3,6827087;6579,5
7452;40,4739539;-3,6827087;6579,5
7453;40,4684446;-3,685413532;5928,26
7454;40,44645964;-3,674885381;4080,18
7455;40,4684446;-3,685413532;5928,26
7456;40,45524679;-3,68238409;4619,72
7457;40,47183584;-3,67421739;6588,41
7458;40,44601453;-3,671259904;4231,69
7459;40,4511303;-3,679572433;4308,2
7460;40,4403218;-3,67332;3646,1
7461;40,46296242;-3,676823852;5593,83
7462;40,44601453;-3,671259904;4231,69
7463;40,43682794;-3,670454368;3567,15
7464;40,4739539;-3,6827087;6579,5
7465;40,4739539;-3,6827087;6579,5
7466;40,43847104;-3,681681156;3024,69
7467;40,44994851;-3,666837137;4807,37
7468;40,4511303;-3,679572433;4308,2
7469;40,447411;-3,6735153;4234,26
7470;40,45588569;-3,67987905;4770,28
7471;40,4459551;-3,662521;4738,29
7472;40,4739539;-3,6827087;6579,5
7473;40,4739539;-3,6827087;6579,5
7474;40,4625939;-3,6787346;5492,6
7475;40,4544607;-3,6656696;5260,04
7476;40,4625939;-3,6787346;5492,6
7477;40,4730524;-3,7290324;6601,95
7478;40,4739539;-3,6827087;6579,5
7479;40,4492963;-3,6880555;3828,36
7480;40,45374407;-3,680183175;4543,97
7481;40,4739539;-3,6827087;6579,5
7482;40,4739539;-3,6827087;6579,5
7483;40,4739539;-3,6827087;6579,5
7484;40,4739539;-3,6827087;6579,5
7485;40,4739539;-3,6827087;6579,5
7486;40,4739539;-3,6827087;6579,5
7487;40,4739539;-3,6827087;6579,5
7488;40,4739539;-3,6827087;6579,5
7489;40,4739539;-3,6827087;6579,5
7490;40,4511303;-3,679572433;4308,2
7491;40,4739539;-3,6827087;6579,5
7492;40,4739539;-3,6827087;6579,5
7493;40,4739539;-3,6827087;6579,5
7494;40,4730524;-3,7290324;6601,95
7495;40,45127583;-3,671651691;4674,53
7496;40,44302074;-3,670221319;4044,01
7497;40,4739539;-3,6827087;6579,5
7498;40,4739539;-3,6827087;6579,5
7499;40,4739539;-3,6827087;6579,5
7500;40,4739539;-3,6827087;6579,5
7501;40,4739539;-3,6827087;6579,5
7502;40,4739539;-3,6827087;6579,5
7503;40,44601453;-3,671259904;4231,69
7504;40,47139216;-3,675984899;6487,51
7505;40,45298011;-3,672749328;4779,26
7506;40,4739539;-3,6827087;6579,5
7507;40,44347768;-3,689570739;3178,12
7508;40,4381366;-3,6790525;3137,57
7509;40,45027974;-3,689010986;3905,1
7510;40,4739539;-3,6827087;6579,5
7511;40,4739539;-3,6827087;6579,5
7512;40,4448882;-3,6847127;3491,54
7513;40,4739539;-3,6827087;6579,5
7514;40,4539877;-3,669336776;5033,85
7515;40,46390144;-3,68611472;5425,43
7516;40,4487115;-3,6738706;4333,33
7517;40,4739539;-3,6827087;6579,5
7518;40,4730524;-3,7290324;6601,95
7519;40,4739539;-3,6827087;6579,5
7520;40,4625939;-3,6787346;5492,6
7521;40,4739539;-3,6827087;6579,5
7522;40,4511303;-3,679572433;4308,2
7523;40,4403218;-3,67332;3646,1
7524;40,4587936;-3,6765057;5185,02
7525;40,4460666;-3,6754558;4016,36
7526;40,4684446;-3,685413532;5928,26
7527;40,45089534;-3,683910733;4124,17
7528;40,4739539;-3,6827087;6579,5
7529;40,45524679;-3,68238409;4619,72
7530;40,4739539;-3,6827087;6579,5
7531;40,4739539;-3,6827087;6579,5
7532;40,45199502;-3,687933152;4114,93
7533;40,4418013;-3,67521693;3658,02
7534;40,44323524;-3,674186382;3835,81
7535;40,45027974;-3,689010986;3905,1
7536;40,42746421;-3,689920249;1641,6
7537;40,46325613;-3,686448801;5348,7
7538;40,44849055;-3,67053625;4483,42
7539;40,44849055;-3,67053625;4483,42
7540;40,45443606;-3,666265475;5227,29
7541;40,4739539;-3,6827087;6579,5
7542;40,4539877;-3,669336776;5033,85
7543;40,42746421;-3,689920249;1641,6
7544;40,4545005;-3,6799117;4629,73
7545;40,4625939;-3,6787346;5492,6
7546;40,4739539;-3,6827087;6579,5
7547;40,45199502;-3,687933152;4114,93
7548;40,47868658;-3,683811213;7065,32
7549;40,4614719;-3,6804308;5323,15
7550;40,4475867;-3,672252933;4314,61
7551;40,4739539;-3,6827087;6579,5
7552;40,4487115;-3,6738706;4333,33
7553;40,4739539;-3,6827087;6579,5
7554;40,4739539;-3,6827087;6579,5
7555;40,4739539;-3,6827087;6579,5
7556;40,44247369;-3,671056995;3951,1
7557;40,46390144;-3,68611472;5425,43
7558;40,4390634;-3,6890248;2748,87
7559;40,45524679;-3,68238409;4619,72
7560;40,4487115;-3,6738706;4333,33
7561;40,4739539;-3,6827087;6579,5
7562;40,4739539;-3,6827087;6579,5
7563;40,4739539;-3,6827087;6579,5
7564;40,4739539;-3,6827087;6579,5
7565;40,4739539;-3,6827087;6579,5
7566;40,4739539;-3,6827087;6579,5
7567;40,4730524;-3,7290324;6601,95
7568;40,45027974;-3,689010986;3905,1
7569;40,4739539;-3,6827087;6579,5
7570;40,46390144;-3,68611472;5425,43
7571;40,4739539;-3,6827087;6579,5
7572;40,4518101;-3,6862363;4143,96
7573;40,4439306;-3,684150694;3419,69
7574;40,4739539;-3,6827087;6579,5
7575;40,4381366;-3,6790525;3137,57
7576;40,45524679;-3,68238409;4619,72
7577;40,4739539;-3,6827087;6579,5
7578;40,4511303;-3,679572433;4308,2
7579;40,4763551;-3,6800358;6898,85
7580;40,4739539;-3,6827087;6579,5
7581;40,46136015;-3,679307205;5347,31
7582;40,4739539;-3,6827087;6579,5
7583;40,4625939;-3,6787346;5492,6
7584;40,45155618;-3,672010863;4682,64
7585;40,45859552;-3,67892527;5077,93
7586;40,45954162;-3,666742721;5668,04
7587;40,45395499;-3,665149552;5242,72
7588;40,4739539;-3,6827087;6579,5
7589;40,45524679;-3,68238409;4619,72
7590;40,42746421;-3,689920249;1641,6
7591;40,42746421;-3,689920249;1641,6
7592;40,42746421;-3,689920249;1641,6
7593;40,45638236;-3,688313956;4570,49
7594;40,45524679;-3,68238409;4619,72
7595;40,4739539;-3,6827087;6579,5
7596;40,44347768;-3,689570739;3178,12
7597;40,46471374;-3,682622001;5598,66
7598;40,47139216;-3,675984899;6487,51
7599;40,4739539;-3,6827087;6579,5
7600;40,45524679;-3,68238409;4619,72
7601;40,4739539;-3,6827087;6579,5
7602;40,4625939;-3,6787346;5492,6
7603;40,4739539;-3,6827087;6579,5
7604;40,4739539;-3,6827087;6579,5
7605;40,4403218;-3,67332;3646,1
7606;40,4739539;-3,6827087;6579,5
7607;40,4448882;-3,6847127;3491,54
7608;40,4511303;-3,679572433;4308,2
7609;40,4511303;-3,679572433;4308,2
7610;40,4739539;-3,6827087;6579,5
7611;40,4511303;-3,679572433;4308,2
7612;40,42746421;-3,689920249;1641,6
7613;40,45524679;-3,68238409;4619,72
7614;40,45524679;-3,68238409;4619,72
7615;40,4739539;-3,6827087;6579,5
7616;40,4739539;-3,6827087;6579,5
7617;40,4739539;-3,6827087;6579,5
7618;40,4625939;-3,6787346;5492,6
7619;40,4739539;-3,6827087;6579,5
7620;40,46136015;-3,679307205;5347,31
7621;40,44145399;-3,669937275;3938,31
7622;40,45859552;-3,67892527;5077,93
7623;40,4448882;-3,6847127;3491,54
7624;40,4739539;-3,6827087;6579,5
7625;40,4730524;-3,7290324;6601,95
7626;40,4739539;-3,6827087;6579,5
7627;40,4739539;-3,6827087;6579,5
7628;40,45524679;-3,68238409;4619,72
7629;40,44038895;-3,647387535;5419,81
7630;40,480627;-3,6651746;7789,47
7631;40,4305576;-3,647480977;4979,71
7632;40,4411249;-3,644329393;5686,33
7633;40,4350329;-3,644171;5411,75
7634;40,4326959;-3,642345066;5466,9
7635;40,42787637;-3,641247296;5410,16
7636;40,43480088;-3,657735987;4354,88
7637;40,43480088;-3,657735987;4354,88
7638;40,4580463;-3,6602556;5856,52
7639;40,44447442;-3,644877781;5831,96
7640;40,48306947;-3,668975178;7912,77
7641;40,43073;-3,641127727;5499,79
7642;40,4393397;-3,648576454;5275,77
7643;40,4177575;-3,622581935;6852,95
7644;40,4323034;-3,6505189;4800,9
7645;40,4342284;-3,640800884;5646,53
7646;40,4506953;-3,6563079;5482,29
7647;40,4506953;-3,6563079;5482,29
7648;40,4350329;-3,644171;5411,75
7649;40,42498307;-3,642659399;5229,36
7650;40,4382057;-3,6495784;5142,01
7651;40,4242549;-3,653833483;4284,33
7652;40,44301493;-3,650246285;5361
7653;40,42407805;-3,656083953;4093,59
7654;40,4760473;-3,6685122;7209,05
7655;40,4326959;-3,642345066;5466,9
7656;40,4310642;-3,6635419;3730,96
7657;40,4638018;-3,66515317;6139,52
7658;40,4593911;-3,662131;5877,98
7659;40,4235608;-3,6545006;4214,76
7660;40,44447442;-3,644877781;5831,96
7661;40,4342284;-3,640800884;5646,53
7662;40,42292159;-3,651442228;4458,78
7663;40,48096729;-3,663333485;7889,77
7664;40,43730253;-3,643524975;5560,36
7665;40,43408025;-3,638414801;5831,45
7666;40,4317362;-3,641773675;5479,8
7667;40,4760473;-3,6685122;7209,05
7668;40,44483338;-3,65312708;5273,84
7669;40,44483338;-3,65312708;5273,84
7670;40,438964;-3,641437824;5797,69
7671;40,4580463;-3,6602556;5856,52
7672;40,4220402;-3,6517069;4423,03
7673;40,4350329;-3,644171;5411,75
7674;40,42355968;-3,651768901;4442,62
7675;40,43199075;-3,636692668;5899,44
7676;40,4350329;-3,644171;5411,75
7677;40,42692208;-3,652691586;4443,82
7678;40,43672428;-3,652569376;4841,58
7679;40,44104867;-3,644141322;5696,37
7680;40,4298318;-3,6460385;5072,8
7681;40,4249392;-3,656027691;4117,85
7682;40,44540217;-3,641738071;6112,49
7683;40,43517135;-3,639479404;5787,68
7684;40,4329085;-3,6490771;4938,91
7685;40,43017502;-3,647891685;4933,76
7686;40,43937883;-3,642465238;5738,87
7687;40,4742529;-3,666625;7096,45
7688;40,4326959;-3,642345066;5466,9
7689;40,5531712;-3,707034;15150,8
7690;40,4382057;-3,6495784;5142,01
7691;40,43323615;-3,641288099;5570,95
7692;40,4350329;-3,644171;5411,75
7693;40,4362982;-3,643441706;5522,36
7694;40,4310642;-3,6635419;3730,96
7695;40,43480088;-3,657735987;4354,88
7696;40,4350329;-3,644171;5411,75
7697;40,42863323;-3,735075477;2970,38
7698;40,4580463;-3,6602556;5856,52
7699;40,42355968;-3,651768901;4442,62
7700;40,4439772;-3,6496392;5462,41
7701;40,43480088;-3,657735987;4354,88
7702;40,44104867;-3,644141322;5696,37
7703;40,4506953;-3,6563079;5482,29
7704;40,4760473;-3,6685122;7209,05
7705;40,43793208;-3,645186429;5461,74
7706;40,43510055;-3,645611697;5301,59
7707;40,43172091;-3,640234905;5603,69
7708;40,4315847;-3,6540742;4491,34
7709;40,43124862;-3,633966008;6099,11
7710;40,4242549;-3,653833483;4284,33
7711;40,41883916;-3,625734096;6588,82
7712;40,45441392;-3,662475962;5424,91
7713;40,431354;-3,641491267;5490,07
7714;40,43317716;-3,639212318;5735,33
7715;40,43317716;-3,639212318;5735,33
7716;40,4354561;-3,6464732;5249,6
7717;40,4399694;-3,641417638;5847,29
7718;40,43730253;-3,643524975;5560,36
7719;40,4350329;-3,644171;5411,75
7720;40,41992295;-3,651958781;4377,87
7721;40,4733891;-3,6672839;6985,67
7722;40,44165575;-3,643164093;5801,14
7723;40,44104867;-3,644141322;5696,37
7724;40,4345986;-3,6480974;5085,88
7725;40,43803205;-3,652484614;4915,62
7726;40,4382057;-3,6495784;5142,01
7727;40,46902719;-3,668934732;6489,19
7728;40,45009845;-3,66151966;5121,61
7729;40,4506953;-3,6563079;5482,29
7730;40,4382057;-3,6495784;5142,01
7731;40,44382802;-3,646044404;5710,22
7732;40,43916113;-3,64372569;5632,33
7733;40,43793208;-3,645186429;5461,74
7734;40,4345986;-3,6480974;5085,88
7735;40,4426834;-3,6534541;5114
7736;40,42787637;-3,641247296;5410,16
7737;40,4342284;-3,640800884;5646,53
7738;40,4350329;-3,644171;5411,75
7739;40,42616707;-3,657002406;4069,53
7740;40,42678037;-3,638999808;5570,55
7741;40,43172091;-3,640234905;5603,69
7742;40,4329085;-3,6490771;4938,91
7743;40,43793208;-3,645186429;5461,74
7744;40,4484305;-3,650495;5692,4
7745;40,42787637;-3,641247296;5410,16
7746;40,43730253;-3,643524975;5560,36
7747;40,42192162;-3,627734237;6439,81
7748;40,43317716;-3,639212318;5735,33
7749;40,4331142;-3,6481458;5020,7
7750;40,4296028;-3,650154307;4731,99
7751;40,42960544;-3,635042632;5965,49
7752;40,42605761;-3,653951342;4317,09
7753;40,42355968;-3,651768901;4442,62
7754;40,42722381;-3,640358243;5467,92
7755;40,4336834;-3,658618225;4232,48
7756;40,464389;-3,6651106;6196,92
7757;40,43460243;-3,641039504;5641,87
7758;40,4760473;-3,6685122;7209,05
7759;40,43062915;-3,648594989;4892,42
7760;40,44104867;-3,644141322;5696,37
7761;40,43017502;-3,647891685;4933,76
7762;40,43120253;-3,657476736;4208,02
7763;40,44071303;-3,653723658;4975,38
7764;40,44989641;-3,657817807;5328,39
7765;40,4350329;-3,644171;5411,75
7766;40,42292159;-3,651442228;4458,78
7767;40,44907279;-3,658699969;5211,24
7768;40,42603574;-3,658008705;3983,43
7769;40,43748151;-3,644683364;5479,21
7770;40,41456214;-3,624611735;6685,91
7771;40,48306947;-3,668975178;7912,77
7772;40,42367895;-3,636244782;5744,48
7773;40,42868073;-3,652220532;4534,76
7774;40,4580463;-3,6602556;5856,52
7775;40,44111866;-3,653020916;5049,73
7776;40,43124862;-3,633966008;6099,11
7777;40,43357705;-3,65027125;4872,44
7778;40,43919841;-3,653397583;4911,86
7779;40,4593404;-3,66114212;5923,75
7780;40,44104867;-3,644141322;5696,37
7781;40,43817455;-3,640350415;5845,28
7782;40,43006096;-3,655020939;4357,19
7783;40,44793582;-3,602061604;9253,32
7784;40,4344825;-3,641286873;5617,6
7785;40,44483338;-3,65312708;5273,84
7786;40,42857555;-3,643895543;5210,69
7787;40,42961231;-3,647796653;4923,19
7788;40,440966;-3,645905259;5560,65
7789;40,43199075;-3,636692668;5899,44
7790;40,4339358;-3,6425073;5499,68
7791;40,4623324;-3,6619641;6151,72
7792;40,43091846;-3,652907939;4557,72
7793;40,4317651;-3,6587487;4133,01
7794;40,48306947;-3,668975178;7912,77
7795;40,44793582;-3,602061604;9253,32
7796;40,44483338;-3,65312708;5273,84
7797;40,4373157;-3,638616248;5942,83
7798;40,4256536;-3,654732634;4242,36
7799;40,42482555;-3,658026171;3950,01
7800;40,4360671;-3,641420919;5670,6
7801;40,4428186;-3,6419906;5950,2
7802;40,43987709;-3,646576831;5453,24
7803;40,4555146;-3,6599632;5655,72
7804;40,43591632;-3,656485887;4506,01
7805;40,5531712;-3,707034;15150,8
7806;40,43397455;-3,6392367;5761,87
7807;40,42355968;-3,651768901;4442,62
7808;40,4345986;-3,6480974;5085,88
7809;40,4484305;-3,650495;5692,4
7810;40,45287255;-3,654478928;5761,25
7811;40,44601453;-3,671259904;4231,69
7812;40,43305825;-3,644708421;5291,28
7813;40,42407805;-3,656083953;4093,59
7814;40,4484305;-3,650495;5692,4
7815;40,4282234;-3,6332237;6081,74
7816;40,4588121;-3,6623573;5814,92
7817;40,4338309;-3,645104398;5289,62
7818;40,42760782;-3,640940776;5428,86
7819;40,44301493;-3,650246285;5361
7820;40,42533867;-3,653061618;4372,6
7821;40,42499298;-3,654960613;4207,36
7822;40,4484305;-3,650495;5692,4
7823;40,4315377;-3,6515555;4688,87
7824;40,44177237;-3,643662636;5770,2
7825;40,4331142;-3,6481458;5020,7
7826;40,44144102;-3,651409951;5184,41
7827;40,43918944;-3,657061856;4646,04
7828;40,42734926;-3,656282297;4163,12
7829;40,42850765;-3,6519563;4550,71
7830;40,42722381;-3,640358243;5467,92
7831;40,42367895;-3,636244782;5744,48
7832;40,45009845;-3,66151966;5121,61
7833;40,42722381;-3,640358243;5467,92
7834;40,44447442;-3,644877781;5831,96
7835;40,44104867;-3,644141322;5696,37
7836;40,45359533;-3,661659499;5400,42
7837;40,43730253;-3,643524975;5560,36
7838;40,4344825;-3,641286873;5617,6
7839;40,4310642;-3,6635419;3730,96
7840;40,42192162;-3,627734237;6439,81
7841;40,4484305;-3,650495;5692,4
7842;40,47997395;-3,665549114;7710,26
7843;40,4434591;-3,640876;6067,22
7844;40,42141791;-3,628233773;6393,1
7845;40,44554201;-3,649275658;5585,29
7846;40,46902719;-3,668934732;6489,19
7847;40,44177237;-3,643662636;5770,2
7848;40,44144102;-3,651409951;5184,41
7849;40,44483338;-3,65312708;5273,84
7850;40,44177237;-3,643662636;5770,2
7851;40,442884;-3,6557157;4969,43
7852;40,42367895;-3,636244782;5744,48
7853;40,4310642;-3,6635419;3730,96
7854;40,43480088;-3,657735987;4354,88
7855;40,4283645;-3,6585656;4012,08
7856;40,4433505;-3,652747884;5205,11
7857;40,44382802;-3,646044404;5710,22
7858;40,43065438;-3,65376159;4479,79
7859;40,43065438;-3,65376159;4479,79
7860;40,44183259;-3,646010626;5599,8
7861;40,43065438;-3,65376159;4479,79
7862;40,44144102;-3,651409951;5184,41
7863;40,43817455;-3,640350415;5845,28
7864;40,4310845;-3,646642864;5065,2
7865;40,4329085;-3,6490771;4938,91
7866;40,4484305;-3,650495;5692,4
7867;40,43898403;-3,641173417;5818,93
7868;40,41927563;-3,627788478;6416,75
7869;40,4382057;-3,6495784;5142,01
7870;40,43017502;-3,647891685;4933,76
7871;40,43361778;-3,636914272;5935,39
7872;40,4473009;-3,6456509;5948,83
7873;40,42499298;-3,654960613;4207,36
7874;40,4679951;-3,6665582;6481,63
7875;40,44447442;-3,644877781;5831,96
7876;40,4580463;-3,6602556;5856,52
7877;40,42141791;-3,628233773;6393,1
7878;40,4256536;-3,654732634;4242,36
7879;40,42846516;-3,637762024;5712,34
7880;40,44021774;-3,643999795;5664,16
7881;40,4426834;-3,6534541;5114
7882;40,37718273;-3,546488626;14013,88
7883;40,4339358;-3,6425073;5499,68
7884;40,45074597;-3,657487721;5413,84
7885;40,48306947;-3,668975178;7912,77
7886;40,4310642;-3,6635419;3730,96
7887;40,428254;-3,637805796;5703,51
7888;40,45922295;-3,662933386;5822,66
7889;40,481338;-3,6722214;7634,61
7890;40,45922295;-3,662933386;5822,66
7891;40,45922295;-3,662933386;5822,66
7892;40,45922295;-3,662933386;5822,66
7893;40,45922295;-3,662933386;5822,66
7894;40,45922295;-3,662933386;5822,66
7895;40,45922295;-3,662933386;5822,66
7896;40,45840281;-3,653456727;6261,62
7897;40,43883895;-3,652275079;4974,49
7898;40,4470787;-3,6505348;5598,54
7899;40,4470787;-3,6505348;5598,54
7900;40,4470787;-3,6505348;5598,54
7901;40,4470787;-3,6505348;5598,54
7902;40,4470787;-3,6505348;5598,54
7903;40,4470787;-3,6505348;5598,54
7904;40,45840281;-3,653456727;6261,62
7905;40,4757755;-3,671372573;7085,08
7906;40,45785711;-3,656550913;6041,66
7907;40,430473;-3,6520411;4610,38
7908;40,45215173;-3,654809122;5685,67
7909;40,46902719;-3,668934732;6489,19
7910;40,46902719;-3,668934732;6489,19
7911;40,44483437;-3,632719953;6747,84
7912;40,46902719;-3,668934732;6489,19
7913;40,42176508;-3,631863971;6090,03
7914;40,4382057;-3,6495784;5142,01
7915;40,42176508;-3,631863971;6090,03
7916;40,42176508;-3,631863971;6090,03
7917;40,4348316;-3,64942315;4992,81
7918;40,42176508;-3,631863971;6090,03
7919;40,42176508;-3,631863971;6090,03
7920;40,42176508;-3,631863971;6090,03
7921;40,4350329;-3,644171;5411,75
7922;40,4760473;-3,6685122;7209,05
7923;40,4760473;-3,6685122;7209,05
7924;40,464389;-3,6651106;6196,92
7925;40,4426834;-3,6534541;5114
7926;40,4580463;-3,6602556;5856,52
7927;40,44383103;-3,641133523;6068,43
7928;40,4559927;-3,657177542;5851,48
7929;40,4559927;-3,657177542;5851,48
7930;40,4350329;-3,644171;5411,75
7931;40,48044185;-3,394971006;27046,99
7932;40,44382802;-3,646044404;5710,22
7933;40,4372936;-3,6539398;4768,23
7934;40,46373369;-3,663753242;6196,64
7935;40,76565322;-3,779397994;39300,52
7936;40,76565322;-3,779397994;39300,52
7937;40,76565322;-3,779397994;39300,52
7938;40,76565322;-3,779397994;39300,52
7939;40,76565322;-3,779397994;39300,52
7940;40,43605115;-3,639489505;5821,83
7941;40,42788947;-3,644245816;5163,48
7942;40,4542495;-3,6589778;5605,57
7943;40,4542495;-3,6589778;5605,57
7944;40,4624409;-3,6641389;6058,45
7945;40,464389;-3,6651106;6196,92
7946;40,43605115;-3,639489505;5821,83
7947;40,43605115;-3,639489505;5821,83
7948;40,43793208;-3,645186429;5461,74
7949;40,44382802;-3,646044404;5710,22
7950;40,43317706;-3,652233644;4701,94
7951;40,4438947;-3,6410439;6078,52
7952;40,44382802;-3,646044404;5710,22
7953;40,44382802;-3,646044404;5710,22
7954;40,44382802;-3,646044404;5710,22
7955;40,44382802;-3,646044404;5710,22
7956;40,44382802;-3,646044404;5710,22
7957;40,45161946;-3,657819583;5461,77
7958;40,4760473;-3,6685122;7209,05
7959;40,45433105;-3,652810039;5975,47
7960;40,44702386;-3,660475177;4946,1
7961;40,42755625;-3,640800597;5439,19
7962;40,44301493;-3,650246285;5361
7963;40,44104867;-3,644141322;5696,37
7964;40,48339325;-3,668515362;7960,63
7965;40,48339325;-3,668515362;7960,63
7966;40,47997395;-3,665549114;7710,26
7967;40,44447442;-3,644877781;5831,96
7968;40,4484305;-3,650495;5692,4
7969;40,42125605;-3,6528138;4319,6
7970;40,43774685;-3,64389363;5552,26
7971;40,4428467;-3,644371941;5776,15
7972;40,43065;-3,643476168;5306,61
7973;40,4220402;-3,6517069;4423,03
7974;40,4310642;-3,6635419;3730,96
7975;40,4350329;-3,644171;5411,75
7976;40,4439495;-3,650539315;5397,25
7977;40,4324267;-3,647318727;5059,63
7978;40,46902719;-3,668934732;6489,19
7979;40,4350329;-3,644171;5411,75
7980;40,42481245;-3,657503293;3992,86
7981;40,4270537;-3,6531323;4411,41
7982;40,43525275;-3,64903618;5041,58
7983;40,43365166;-3,652522795;4699,94
7984;40,4382057;-3,6495784;5142,01
7985;40,42012625;-3,62730062;6462,47
7986;40,4318798;-3,648115967;4975,61
7987;40,4344825;-3,641286873;5617,6
7988;40,42499298;-3,654960613;4207,36
7989;40,4329085;-3,6490771;4938,91
7990;40,42720917;-3,651491441;4550,16
7991;40,4331142;-3,6481458;5020,7
7992;40,46902719;-3,668934732;6489,19
7993;40,4382057;-3,6495784;5142,01
7994;40,4274598;-3,63927286;5563,25
7995;40,4326959;-3,642345066;5466,9
7996;40,4399694;-3,641417638;5847,29
7997;40,4344825;-3,641286873;5617,6
7998;40,43510055;-3,645611697;5301,59
7999;40,4314757;-3,6574526;4221,44
8000;40,4350329;-3,644171;5411,75
8001;40,44793582;-3,602061604;9253,32
8002;40,4329085;-3,6490771;4938,91
8003;40,42367895;-3,636244782;5744,48
8004;40,4362982;-3,643441706;5522,36
8005;40,46048867;-3,659325816;6118,59
8006;40,42905896;-3,634793947;5971,97
8007;40,42192162;-3,627734237;6439,81
8008;40,42488198;-3,635665969;5811,82
8009;40,4362982;-3,643441706;5522,36
8010;40,4350329;-3,644171;5411,75
8011;40,4484305;-3,650495;5692,4
8012;40,43209464;-3,634527256;6078,62
8013;40,4271715;-3,630391;6294,43
8014;40,44104867;-3,644141322;5696,37
8015;40,43199075;-3,636692668;5899,44
8016;40,4247973;-3,651892918;4457,14
8017;40,46776108;-3,662315481;6640,18
8018;40,4271715;-3,630391;6294,43
8019;40,43480088;-3,657735987;4354,88
8020;40,481338;-3,6722214;7634,61
8021;40,42868035;-3,643749628;5225,55
8022;40,4264261;-3,641798378;5330,54
8023;40,32543718;-3,766675879;11495,73
8024;40,4332734;-3,655652059;4440,51
8025;40,4256536;-3,654732634;4242,36
8026;40,44911383;-3,660305876;5116,33
8027;40,43485245;-3,641488615;5616,03
8028;40,44750207;-3,649877075;5671,31
8029;40,4798904;-3,66983644;7557,65
8030;40,48312536;-3,67085969;7861,07
8031;40,43172091;-3,640234905;5603,69
8032;40,37718273;-3,546488626;14013,88
8033;40,43860888;-3,647047941;5353,13
8034;40,44480685;-3,65021567;5473,41
8035;40,4319496;-3,648141011;4976,21
8036;40,48306947;-3,668975178;7912,77
8037;40,44793582;-3,602061604;9253,32
8038;40,45424517;-3,657008766;5718,64
8039;40,4274598;-3,63927286;5563,25
8040;40,43172091;-3,640234905;5603,69
8041;40,43116257;-3,65206526;4634,03
8042;40,44104867;-3,644141322;5696,37
8043;40,4326959;-3,642345066;5466,9
8044;40,42960544;-3,635042632;5965,49
8045;40,45060441;-3,650481311;5845,03
8046;40,4438947;-3,6410439;6078,52
8047;40,42771275;-3,639691495;5534,61
8048;40,44205126;-3,644731954;5705,99
8049;40,42355968;-3,651768901;4442,62
8050;40,4298032;-3,6503504;4722,83
8051;40,4261203;-3,655486039;4192,61
8052;40,44305349;-3,651470362;5276,5
8053;40,44483338;-3,65312708;5273,84
8054;40,45718296;-3,655839241;6025,6
8055;40,4506953;-3,6563079;5482,29
8056;40,4340026;-3,641565329;5577,15
8057;40,46902719;-3,668934732;6489,19
8058;40,46902719;-3,668934732;6489,19
8059;40,46902719;-3,668934732;6489,19
8060;40,43450462;-3,648014537;5088,34
8061;40,43730253;-3,643524975;5560,36
8062;40,4580463;-3,6602556;5856,52
8063;40,43730253;-3,643524975;5560,36
8064;40,44793582;-3,602061604;9253,32
8065;40,43163469;-3,654886728;4429,36
8066;40,4760473;-3,6685122;7209,05
8067;40,4559927;-3,657177542;5851,48
8068;40,4559927;-3,657177542;5851,48
8069;40,4559927;-3,657177542;5851,48
8070;40,42689597;-3,639939075;5495,18
8071;40,4382472;-3,6511431;5026,93
8072;40,4326959;-3,642345066;5466,9
8073;40,4542495;-3,6589778;5605,57
8074;40,4542495;-3,6589778;5605,57
8075;40,4542495;-3,6589778;5605,57
8076;40,43581445;-3,644223177;5440,55
8077;40,43581445;-3,644223177;5440,55
8078;40,43703978;-3,656405332;4571,75
8079;40,45424517;-3,657008766;5718,64
8080;40,4620508;-3,6619017;6129,09
8081;40,4484305;-3,650495;5692,4
8082;40,46902719;-3,668934732;6489,19
8083;40,42846516;-3,637762024;5712,34
8084;40,43803205;-3,652484614;4915,62
8085;40,43065438;-3,65376159;4479,79
8086;40,4473009;-3,6456509;5948,83
8087;40,43937883;-3,642465238;5738,87
8088;40,43730253;-3,643524975;5560,36
8089;40,43480088;-3,657735987;4354,88
8090;40,4362982;-3,643441706;5522,36
8091;40,44447442;-3,644877781;5831,96
8092;40,44808334;-3,648803029;5782,8
8093;40,4382057;-3,6495784;5142,01
8094;40,42884281;-3,641407125;5422,16
8095;40,44600042;-3,645643989;5868,51
8096;40,43062915;-3,648594989;4892,42
8097;40,42960544;-3,635042632;5965,49
8098;40,44447442;-3,644877781;5831,96
8099;40,48306947;-3,668975178;7912,77
8100;40,44902178;-3,646475863;6003,11
8101;40,42999768;-3,652367221;4567,24
8102;40,4362982;-3,643441706;5522,36
8103;40,4438947;-3,6410439;6078,52
8104;40,43857455;-3,644794443;5522,47
8105;40,4506953;-3,6563079;5482,29
8106;40,4760473;-3,6685122;7209,05
8107;40,4329085;-3,6490771;4938,91
8108;40,43803205;-3,652484614;4915,62
8109;40,42960544;-3,635042632;5965,49
8110;40,4362982;-3,643441706;5522,36
8111;40,43883895;-3,652275079;4974,49
8112;40,42355968;-3,651768901;4442,62
8113;40,43365166;-3,652522795;4699,94
8114;40,4624409;-3,6641389;6058,45
8115;40,4542495;-3,6589778;5605,57
8116;40,4542495;-3,6589778;5605,57
8117;40,4624409;-3,6641389;6058,45
8118;40,4624409;-3,6641389;6058,45
8119;40,4329085;-3,6490771;4938,91
8120;40,44382802;-3,646044404;5710,22
8121;40,44382802;-3,646044404;5710,22
8122;40,44382802;-3,646044404;5710,22
8123;40,4242549;-3,653833483;4284,33
8124;40,43199075;-3,636692668;5899,44
8125;40,4382057;-3,6495784;5142,01
8126;40,44447442;-3,644877781;5831,96
8127;40,425957;-3,652444954;4438,61
8128;40,4580463;-3,6602556;5856,52
8129;40,4375402;-3,6529458;4855,32
8130;40,43703978;-3,656405332;4571,75
8131;40,4305576;-3,647480977;4979,71
8132;40,4375402;-3,6529458;4855,32
8133;40,4426834;-3,6534541;5114
8134;40,4484305;-3,650495;5692,4
8135;40,4760473;-3,6685122;7209,05
8136;40,4331142;-3,6481458;5020,7
8137;40,4331142;-3,6481458;5020,7
8138;40,464389;-3,6651106;6196,92
8139;40,464389;-3,6651106;6196,92
8140;40,44702386;-3,660475177;4946,1
8141;40,4506953;-3,6563079;5482,29
8142;40,4760473;-3,6685122;7209,05
8143;40,44447442;-3,644877781;5831,96
8144;40,4484305;-3,650495;5692,4
8145;40,494952;-3,6855071;8807,14
8146;40,5359663;-3,7028123;13234,93
8147;40,5035623;-3,6694212;10054,5
8148;40,51021256;-3,671865712;10711,35
8149;40,4746818;-3,734948609;6949,19
8150;40,4746818;-3,734948609;6949,19
8151;40,50887938;-3,365685365;30354,38
8152;40,4812105;-3,6966318;7169,99
8153;40,426213;-3,7009931;1052,82
8154;40,5115607;-3,6951536;10544,82
8155;40,4981841;-3,675528015;9338,98
8156;40,5038389;-3,7091769;9674,22
8157;40,426213;-3,7009931;1052,82
8158;40,49589651;-3,689329503;8861
8159;40,4865986;-3,705374989;7746,94
8160;40,4784006;-3,7059276;6836,81
8161;40,48313768;-3,693816608;7406,21
8162;40,48231088;-3,701128218;7271,41
8163;40,47701768;-3,710817206;6708,46
8164;40,47701768;-3,710817206;6708,46
8165;40,47534455;-3,733942267;6985,5
8166;40,5306909;-3,780747151;14235,31
8167;40,4906361;-3,7161379;8263,52
8168;40,4976428;-3,711877908;9001,21
8169;40,50095855;-3,694624279;9372,41
8170;40,25537462;-3,827255427;20802,58
8171;40,426213;-3,7009931;1052,82
8172;40,4759519;-3,7160518;6646,59
8173;40,426213;-3,7009931;1052,82
8174;40,5205538;-3,7780738;13134,07
8175;40,49351668;-3,688805216;8605,21
8176;40,47804732;-3,737192982;7367,65
8177;40,48542123;-3,713039395;7656,89
8178;40,50887938;-3,365685365;30354,38
8179;40,426213;-3,7009931;1052,82
8180;40,34495517;-3,809835458;12048,37
8181;40,47632999;-3,701116264;6606,68
8182;40,4834401;-3,7209461;7539,67
8183;40,4906361;-3,7161379;8263,52
8184;40,426213;-3,7009931;1052,82
8185;40,47698589;-3,70482354;6677,38
8186;40,4953673;-3,6859469;8846,3
8187;40,4759519;-3,7160518;6646,59
8188;40,426213;-3,7009931;1052,82
8189;40,48439059;-3,692046295;7562,46
8190;40,493629;-3,7160017;8592,21
8191;40,47381356;-3,734191505;6835,52
8192;40,4832623;-3,7199067;7503,54
8193;40,5083428;-3,6694346;10564,47
8194;40,48542101;-3,686367335;7751,57
8195;40,4727497;-3,708386727;6219,06
8196;40,4868558;-3,6903519;7853,45
8197;40,5077321;-3,6962908;10113,83
8198;40,4860998;-3,6899545;7775,14
8199;40,4770471;-3,7035391;6683,28
8200;40,47630957;-3,703027809;6601,4
8201;40,426213;-3,7009931;1052,82
8202;40,49532208;-3,687689671;8817,74
8203;40,50467573;-3,711230732;9777,21
8204;40,49139076;-3,697184175;8295,58
8205;40,426213;-3,7009931;1052,82
8206;40,48147855;-3,702755;7176,33
8207;40,49963978;-3,716475302;9260,53
8208;40,49321705;-3,692551933;8531,95
8209;40,426213;-3,7009931;1052,82
8210;40,4754856;-3,717430249;6615,16
8211;40,4754856;-3,717430249;6615,16
8212;40,426213;-3,7009931;1052,82
8213;40,47520455;-3,712282297;6520,65
8214;40,51930472;-3,777041709;12970,34
8215;40,47630957;-3,703027809;6601,4
8216;40,49621125;-3,705630691;8816,04
8217;40,4851113;-3,7231023;7758,89
8218;40,47584714;-3,710190676;6574,1
8219;40,4739958;-3,7186274;6471,45
8220;40,49909262;-3,67146847;9528,74
8221;40,47398014;-3,714051271;6404,51
8222;40,47455825;-3,7360688;6973,39
8223;40,4759519;-3,7160518;6646,59
8224;40,4813647;-3,7214409;7322,05
8225;40,47534455;-3,733942267;6985,5
8226;40,5040541;-3,7027616;9686,54
8227;40,47520455;-3,712282297;6520,65
8228;40,4739958;-3,7186274;6471,45
8229;40,4856164;-3,6855933;7785,41
8230;40,47546299;-3,745232818;7402,68
8231;40,48587187;-3,686486966;7798,94
8232;40,4774958;-3,7426018;7501,35
8233;40,4759519;-3,7160518;6646,59
8234;40,48837798;-3,700072629;7948,58
8235;40,4812105;-3,6966318;7169,99
8236;40,48471722;-3,686067882;7679,54
8237;40,49106175;-3,70796476;8250,2
8238;40,426213;-3,7009931;1052,82
8239;40,48608438;-3,706055402;7691,16
8240;40,47188096;-3,71696148;6213,76
8241;40,50023364;-3,671826789;9641,96
8242;40,50336769;-3,671452747;9985,7
8243;40,49791144;-3,706653121;9007,18
8244;40,48950308;-3,720388602;8193,53
8245;40,426213;-3,7009931;1052,82
8246;40,04462638;-3,560235027;43149,72
8247;40,48147855;-3,702755;7176,33
8248;40,48409561;-3,731358001;7829,66
8249;40,493142;-3,685207233;8613,52
8250;40,5205538;-3,7780738;13134,07
8251;40,426213;-3,7009931;1052,82
8252;40,49791144;-3,706653121;9007,18
8253;40,47534455;-3,733942267;6985,5
8254;40,48608438;-3,706055402;7691,16
8255;40,50607751;-3,669693293;10316,3
8256;40,47546299;-3,745232818;7402,68
8257;40,4906361;-3,7161379;8263,52
8258;40,34495517;-3,809835458;12048,37
8259;40,47632999;-3,701116264;6606,68
8260;40,47381356;-3,734191505;6835,52
8261;40,4759519;-3,7160518;6646,59
8262;40,50607751;-3,669693293;10316,3
8263;40,49351668;-3,688805216;8605,21
8264;40,4746818;-3,734948609;6949,19
8265;40,4906361;-3,7161379;8263,52
8266;40,48439059;-3,692046295;7562,46
8267;40,47455825;-3,7360688;6973,39
8268;40,50607994;-3,675044758;10200,23
8269;40,507959;-3,704354356;10120,77
8270;40,426213;-3,7009931;1052,82
8271;40,46987587;-3,726290745;6193,17
8272;40,4837561;-3,703322423;7429,31
8273;40,493142;-3,685207233;8613,52
8274;40,46987587;-3,726290745;6193,17
8275;40,47698589;-3,70482354;6677,38
8276;40,50336769;-3,671452747;9985,7
8277;40,5083428;-3,6694346;10564,47
8278;40,47605052;-3,728012846;6891,41
8279;40,4867655;-3,7314925;8116,58
8280;40,47701768;-3,710817206;6708,46
8281;40,47630957;-3,703027809;6601,4
8282;40,4759519;-3,7160518;6646,59
8283;40,4746818;-3,734948609;6949,19
8284;40,47455825;-3,7360688;6973,39
8285;40,47455825;-3,7360688;6973,39
8286;40,5064056;-3,6936919;9982,51
8287;40,49545296;-3,686278687;8851,02
8288;40,47891295;-3,719791582;7026,9
8289;40,426213;-3,7009931;1052,82
8290;40,49290155;-3,713736808;8490,3
8291;40,426213;-3,7009931;1052,82
8292;40,4944289;-3,701797944;8617,29
8293;40,3752005;-3,7413301;5638,62
8294;40,47864739;-3,712438029;6902,56
8295;40,47929631;-3,693955855;6980,49
8296;40,51413575;-3,67581964;11058,56
8297;40,4259442;-3,527622369;14924,07
8298;40,50524679;-3,675897019;10093,3
8299;40,47722905;-3,70113275;6706,57
8300;40,49416319;-3,69100715;8651,57
8301;40,49589651;-3,689329503;8861
8302;40,48313768;-3,693816608;7406,21
8303;40,4906361;-3,7161379;8263,52
8304;40,50524679;-3,675897019;10093,3
8305;40,47864739;-3,712438029;6902,56
8306;40,48313768;-3,693816608;7406,21
8307;40,47929631;-3,693955855;6980,49
8308;40,49532208;-3,687689671;8817,74
8309;40,47864739;-3,712438029;6902,56
8310;40,46987587;-3,726290745;6193,17
8311;40,46987587;-3,726290745;6193,17
8312;40,48199686;-3,726892761;7499,07
8313;40,47534455;-3,733942267;6985,5
8314;40,50607751;-3,669693293;10316,3
8315;40,48157614;-3,727232949;7461,64
8316;40,51675052;-3,773576546;12581,19
8317;40,47584714;-3,710190676;6574,1
8318;40,48587187;-3,686486966;7798,94
8319;40,46987587;-3,726290745;6193,17
8320;40,4842166;-3,686866268;7612,13
8321;40,49791144;-3,706653121;9007,18
8322;40,4842166;-3,686866268;7612,13
8323;40,4746818;-3,734948609;6949,19
8324;40,34495517;-3,809835458;12048,37
8325;40,4746818;-3,734948609;6949,19
8326;40,47262808;-3,713416022;6248,23
8327;40,4746818;-3,734948609;6949,19
8328;40,49621125;-3,705630691;8816,04
8329;40,47264414;-3,706513903;6198,86
8330;40,51484;-3,7759527;12491,6
8331;40,46987587;-3,726290745;6193,17
8332;40,4770471;-3,7035391;6683,28
8333;40,4855128;-3,7240101;7819,18
8334;40,47534455;-3,733942267;6985,5
8335;40,48015399;-3,727387157;7313,05
8336;40,50336769;-3,671452747;9985,7
8337;40,47534455;-3,733942267;6985,5
8338;40,47534455;-3,733942267;6985,5
8339;40,47546299;-3,745232818;7402,68
8340;40,4895829;-3,730294636;8388,79
8341;40,4759519;-3,7160518;6646,59
8342;40,48015399;-3,727387157;7313,05
8343;40,48015399;-3,727387157;7313,05
8344;40,5083428;-3,6694346;10564,47
8345;40,49791144;-3,706653121;9007,18
8346;40,4759519;-3,7160518;6646,59
8347;40,4759519;-3,7160518;6646,59
8348;40,4759519;-3,7160518;6646,59
8349;40,50023364;-3,671826789;9641,96
8350;40,29784871;-3,438496895;26070,31
8351;40,48488016;-3,708354468;7565,33
8352;40,4759519;-3,7160518;6646,59
8353;40,47667044;-3,709147155;6658,42
8354;40,47578116;-3,736704575;7119,55
8355;40,50959325;-3,695237324;10326,07
8356;40,4944289;-3,701797944;8617,29
8357;40,4944289;-3,701797944;8617,29
8358;40,48587187;-3,686486966;7798,94
8359;40,4759519;-3,7160518;6646,59
8360;40,47455825;-3,7360688;6973,39
8361;40,48907913;-3,682521912;8215,67
8362;40,4746818;-3,734948609;6949,19
8363;40,47891295;-3,719791582;7026,9
8364;40,4774958;-3,7426018;7501,35
8365;40,47324173;-3,723345752;6480,97
8366;40,49290155;-3,713736808;8490,3
8367;40,4774958;-3,7426018;7501,35
8368;40,47578116;-3,736704575;7119,55
8369;40,47578116;-3,736704575;7119,55
8370;40,47578116;-3,736704575;7119,55
8371;40,5062773;-3,659673673;10603,67
8372;40,47578116;-3,736704575;7119,55
8373;40,47578116;-3,736704575;7119,55
8374;40,47578116;-3,736704575;7119,55
8375;40,47578116;-3,736704575;7119,55
8376;40,47435892;-3,737473543;7000,96
8377;40,4774958;-3,7426018;7501,35
8378;40,4906361;-3,7161379;8263,52
8379;40,48199686;-3,726892761;7499,07
8380;40,47324173;-3,723345752;6480,97
8381;40,47324173;-3,723345752;6480,97
8382;40,48231088;-3,701128218;7271,41
8383;40,47324173;-3,723345752;6480,97
8384;40,49791144;-3,706653121;9007,18
8385;40,4759519;-3,7160518;6646,59
8386;40,4759519;-3,7160518;6646,59
8387;40,4759519;-3,7160518;6646,59
8388;40,50659673;-3,704493802;9969,39
8389;40,48231088;-3,701128218;7271,41
8390;40,48313768;-3,693816608;7406,21
8391;40,47572248;-3,730253334;6916,29
8392;40,48608438;-3,706055402;7691,16
8393;40,4759519;-3,7160518;6646,59
8394;40,4906361;-3,7161379;8263,52
8395;40,4884762;-3,7269466;8197,32
8396;40,47448461;-3,715478488;6477,82
8397;40,426213;-3,7009931;1052,82
8398;40,47188096;-3,71696148;6213,76
8399;40,4739958;-3,7186274;6471,45
8400;40,47007247;-3,715766336;5997,89
8401;40,4921784;-3,69418535;8403,04
8402;40,426213;-3,7009931;1052,82
8403;40,48305825;-3,727799696;7633,26
8404;40,4748724;-3,7410672;7182,3
8405;40,4906361;-3,7161379;8263,52
8406;40,47579665;-3,711969291;6583,14
8407;40,426213;-3,7009931;1052,82
8408;40,47418857;-3,708298753;6378,24
8409;40,50812995;-3,693981832;10171,62
8410;40,426213;-3,7009931;1052,82
8411;40,5097471;-3,694885;10345,2
8412;40,4752454;-3,715383279;6560,15
8413;40,4934096;-3,690933568;8569,18
8414;40,47805115;-3,703273729;6794,96
8415;40,49791144;-3,706653121;9007,18
8416;40,51889405;-3,778100083;12973,6
8417;40,4837027;-3,72529203;7648,45
8418;40,51120455;-3,676620419;10725,68
8419;40,426213;-3,7009931;1052,82
8420;40,4845493;-3,695435503;7548,58
8421;40,426213;-3,7009931;1052,82
8422;40,426213;-3,7009931;1052,82
8423;40,48120272;-3,736813674;7680,56
8424;40,49944085;-3,690161613;9242,75
8425;40,51413575;-3,67581964;11058,56
8426;40,426213;-3,7009931;1052,82
8427;40,48313768;-3,693816608;7406,21
8428;40,5083428;-3,6694346;10564,47
8429;40,47534455;-3,733942267;6985,5
8430;40,49095911;-3,695571845;8257,68
8431;40,48654416;-3,715402222;7804,29
8432;40,426213;-3,7009931;1052,82
8433;40,4759519;-3,7160518;6646,59
8434;40,426213;-3,7009931;1052,82
8435;40,426213;-3,7009931;1052,82
8436;40,5061054;-3,6712;10284,65
8437;40,51021256;-3,671865712;10711,35
8438;40,5077321;-3,6962908;10113,83
8439;40,4837919;-3,686322;7574,44
8440;40,4859783;-3,705528193;7678,26
8441;40,4756846;-3,700939445;6535,44
8442;40,47772276;-3,709710776;6778,66
8443;40,50336769;-3,671452747;9985,7
8444;40,47630957;-3,703027809;6601,4
8445;40,50876488;-3,665099131;10715,14
8446;40,50524679;-3,675897019;10093,3
8447;40,48587187;-3,686486966;7798,94
8448;40,4770471;-3,7035391;6683,28
8449;40,4921784;-3,69418535;8403,04
8450;40,4739958;-3,7186274;6471,45
8451;40,47770814;-3,719164594;6885,19
8452;40,4754856;-3,717430249;6615,16
8453;40,5078476;-3,6749724;10392,74
8454;40,47891295;-3,719791582;7026,9
8455;40,48627744;-3,721339988;7855,64
8456;40,47605052;-3,728012846;6891,41
8457;40,4875549;-3,6882455;7957,41
8458;40,47455825;-3,7360688;6973,39
8459;40,50621609;-3,670041705;10322,98
8460;40,47554758;-3,731330758;6928,35
8461;40,4818791;-3,709292;7237,05
8462;40,49253406;-3,726316389;8623,74
8463;40,47534455;-3,733942267;6985,5
8464;40,47534455;-3,733942267;6985,5
8465;40,50887716;-3,674081796;10521,7
8466;40,4875795;-3,6900085;7937,25
8467;40,50524679;-3,675897019;10093,3
8468;40,426213;-3,7009931;1052,82
8469;40,48550848;-3,688503377;7729,35
8470;40,46987587;-3,726290745;6193,17
8471;40,47435892;-3,737473543;7000,96
8472;40,426213;-3,7009931;1052,82
8473;40,47534455;-3,733942267;6985,5
8474;40,47520455;-3,712282297;6520,65
8475;40,4759519;-3,7160518;6646,59
8476;40,49180309;-3,729942681;8618,97
8477;40,49180309;-3,729942681;8618,97
8478;40,49180309;-3,729942681;8618,97
8479;40,48834975;-3,722640774;8103,16
8480;40,4934096;-3,690933568;8569,18
8481;40,34495517;-3,809835458;12048,37
8482;40,4906361;-3,7161379;8263,52
8483;40,48253337;-3,697622251;7310,4
8484;40,47455825;-3,7360688;6973,39
8485;40,49963978;-3,716475302;9260,53
8486;40,4759519;-3,7160518;6646,59
8487;40,4754856;-3,717430249;6615,16
8488;40,4798345;-3,7213849;7154,68
8489;40,49290155;-3,713736808;8490,3
8490;40,47770814;-3,719164594;6885,19
8491;40,4759519;-3,7160518;6646,59
8492;40,426213;-3,7009931;1052,82
8493;40,47667044;-3,709147155;6658,42
8494;40,50139973;-3,689576665;9465,01
8495;40,48850085;-3,726930587;8199,65
8496;40,426213;-3,7009931;1052,82
8497;40,426213;-3,7009931;1052,82
8498;40,50887938;-3,365685365;30354,38
8499;40,47929631;-3,693955855;6980,49
8500;40,4906361;-3,7161379;8263,52
8501;40,426213;-3,7009931;1052,82
8502;40,5083428;-3,6694346;10564,47
8503;40,36985985;-3,529074557;15673,91
8504;40,4759519;-3,7160518;6646,59
8505;40,4759519;-3,7160518;6646,59
8506;40,4763479;-3,7463215;7533,17
8507;40,4823375;-3,7201037;7405,64
8508;40,4811906;-3,7185665;7256,52
8509;40,47324173;-3,723345752;6480,97
8510;40,47324173;-3,723345752;6480,97
8511;40,4759519;-3,7160518;6646,59
8512;40,4759519;-3,7160518;6646,59
8513;40,4759519;-3,7160518;6646,59
8514;40,426213;-3,7009931;1052,82
8515;40,5083428;-3,6694346;10564,47
8516;40,47578116;-3,736704575;7119,55
8517;40,47578116;-3,736704575;7119,55
8518;40,47578116;-3,736704575;7119,55
8519;40,47324173;-3,723345752;6480,97
8520;40,34495517;-3,809835458;12048,37
8521;40,4803943;-3,7198363;7189,22
8522;40,50524679;-3,675897019;10093,3
8523;40,4895829;-3,730294636;8388,79
8524;40,4759519;-3,7160518;6646,59
8525;40,4774958;-3,7426018;7501,35
8526;40,426213;-3,7009931;1052,82
8527;40,4906361;-3,7161379;8263,52
8528;40,4759519;-3,7160518;6646,59
8529;40,4759519;-3,7160518;6646,59
8530;40,4759519;-3,7160518;6646,59
8531;40,5205538;-3,7780738;13134,07
8532;40,4759519;-3,7160518;6646,59
8533;40,426213;-3,7009931;1052,82
8534;40,47007247;-3,715766336;5997,89
8535;40,4759519;-3,7160518;6646,59
8536;40,4759519;-3,7160518;6646,59
8537;40,4759519;-3,7160518;6646,59
8538;40,426213;-3,7009931;1052,82
8539;40,47973365;-3,742820985;7733,41
8540;40,47824091;-3,743114003;7594,81
8541;40,426213;-3,7009931;1052,82
8542;40,4906361;-3,7161379;8263,52
8543;40,4759519;-3,7160518;6646,59
8544;40,47929631;-3,693955855;6980,49
8545;40,47824091;-3,743114003;7594,81
8546;40,426213;-3,7009931;1052,82
8547;40,4906361;-3,7161379;8263,52
8548;40,426213;-3,7009931;1052,82
8549;40,426213;-3,7009931;1052,82
8550;40,50524679;-3,675897019;10093,3
8551;40,47264414;-3,706513903;6198,86
8552;40,48439059;-3,692046295;7562,46
8553;40,48439059;-3,692046295;7562,46
8554;40,426213;-3,7009931;1052,82
8555;40,4759519;-3,7160518;6646,59
8556;40,35889287;-3,700850076;6458,84
8557;40,4021568;-3,7511015;4350,86
8558;40,39275845;-3,765306361;5882,02
8559;40,39227022;-3,743170559;4335,45
8560;40,3958933;-3,7437976;4136,01
8561;40,4093544;-3,7337422;2693,91
8562;40,4123198;-3,728817441;2202,2
8563;40,40287519;-3,751605069;4361,06
8564;40,37978805;-3,7904755;8443,03
8565;40,4021568;-3,7511015;4350,86
8566;40,4021568;-3,7511015;4350,86
8567;40,4093544;-3,7337422;2693,91
8568;40,3958933;-3,7437976;4136,01
8569;40,3941145;-3,7398193;3985,98
8570;40,39514951;-3,739568815;3897,04
8571;40,4021568;-3,7511015;4350,86
8572;40,40991802;-3,735947623;2854,03
8573;40,40794075;-3,751091705;4149,78
8574;40,40794075;-3,751091705;4149,78
8575;40,37743305;-3,779590425;7797,05
8576;40,3985422;-3,759940845;5196,53
8577;40,39503689;-3,770705125;6187,92
8578;40,39817449;-3,739595202;3699,07
8579;40,39104479;-3,744636929;4517,92
8580;40,39259701;-3,743022369;4302,78
8581;40,4088423;-3,741056122;3302,77
8582;40,4047241;-3,7395646;3340,2
8583;40,37890229;-3,783818461;8007,81
8584;40,3981343;-3,7721426;6174,88
8585;40,392356;-3,7571096;5297,28
8586;40,4104745;-3,732117145;2525,34
8587;40,4093544;-3,7337422;2693,91
8588;40,392356;-3,7571096;5297,28
8589;40,39549327;-3,748670348;4505,65
8590;40,392356;-3,7571096;5297,28
8591;40,392356;-3,7571096;5297,28
8592;40,40423856;-3,756362578;4691,36
8593;40,4093544;-3,7337422;2693,91
8594;40,41152388;-3,732142349;2496,66
8595;40,39104479;-3,744636929;4517,92
8596;40,40711613;-3,732192728;2661,82
8597;40,4093544;-3,7337422;2693,91
8598;40,4093544;-3,7337422;2693,91
8599;40,4055102;-3,753340731;4405,15
8600;40,40374866;-3,746093294;3891,34
8601;40,38505051;-3,779179367;7322,37
8602;40,4093544;-3,7337422;2693,91
8603;40,39503689;-3,770705125;6187,92
8604;40,3958933;-3,7437976;4136,01
8605;40,392356;-3,7571096;5297,28
8606;40,4021568;-3,7511015;4350,86
8607;40,4021568;-3,7511015;4350,86
8608;40,392356;-3,7571096;5297,28
8609;40,39259701;-3,743022369;4302,78
8610;40,40776901;-3,740278378;3274,69
8611;40,39469146;-3,763193676;5625,66
8612;40,37566126;-3,765624278;6980,46
8613;40,40699141;-3,733185802;2744,27
8614;40,3959279;-3,7789909;6803,73
8615;40,37978805;-3,7904755;8443,03
8616;40,4093544;-3,7337422;2693,91
8617;40,4021568;-3,7511015;4350,86
8618;40,39817449;-3,739595202;3699,07
8619;40,41404849;-3,728965078;2177,74
8620;40,40657006;-3,739543971;3260,43
8621;40,4115698;-3,7296267;2289,22
8622;40,38740589;-3,759186972;5744,79
8623;40,38791764;-3,7561887;5504,82
8624;40,392356;-3,7571096;5297,28
8625;40,40611014;-3,739610828;3284,15
8626;40,39549327;-3,748670348;4505,65
8627;40,39903207;-3,729542765;2969,78
8628;40,37978805;-3,7904755;8443,03
8629;40,4093544;-3,7337422;2693,91
8630;40,392356;-3,7571096;5297,28
8631;40,4049248;-3,7293327;2561,35
8632;40,4134278;-3,728235;2128,23
8633;40,4115698;-3,7296267;2289,22
8634;40,40699141;-3,733185802;2744,27
8635;40,39549327;-3,748670348;4505,65
8636;40,3882968;-3,7574187;5565,28
8637;40,40287519;-3,751605069;4361,06
8638;40,37566126;-3,765624278;6980,46
8639;40,3927805;-3,7413505;4180,55
8640;40,39503689;-3,770705125;6187,92
8641;40,40699141;-3,733185802;2744,27
8642;40,40287519;-3,751605069;4361,06
8643;40,39817408;-3,74420734;4027,54
8644;40,41125076;-3,728488517;2206,26
8645;40,40823201;-3,733663629;2729,37
8646;40,38740589;-3,759186972;5744,79
8647;40,38740589;-3,759186972;5744,79
8648;40,38740589;-3,759186972;5744,79
8649;40,4049248;-3,7293327;2561,35
8650;40,3949368;-3,7559679;5070,09
8651;40,38791764;-3,7561887;5504,82
8652;40,3951784;-3,7603162;5383,33
8653;40,39549327;-3,748670348;4505,65
8654;40,40332868;-3,744688575;3799,82
8655;40,3971612;-3,7416012;3902,89
8656;40,40198263;-3,735078936;3147,23
8657;40,39626234;-3,748028553;4414,48
8658;40,41163075;-3,727445964;2109,64
8659;40,39275845;-3,765306361;5882,02
8660;40,39613816;-3,762612994;5512,07
8661;40,40864605;-3,7385349;3104,38
8662;40,40287519;-3,751605069;4361,06
8663;40,39469146;-3,763193676;5625,66
8664;40,4060182;-3,7369081;3076,44
8665;40,38791764;-3,7561887;5504,82
8666;40,4055102;-3,753340731;4405,15
8667;40,40613416;-3,734173278;2859,73
8668;40,40629775;-3,752043823;4275,04
8669;40,40332868;-3,744688575;3799,82
8670;40,40110506;-3,746598466;4049,96
8671;40,40326448;-3,742873931;3662,38
8672;40,39903207;-3,729542765;2969,78
8673;40,3941145;-3,7398193;3985,98
8674;40,39817449;-3,739595202;3699,07
8675;40,39817449;-3,739595202;3699,07
8676;40,4021568;-3,7511015;4350,86
8677;40,3868539;-3,7557702;5546,72
8678;40,39526254;-3,774474117;6473,11
8679;40,40936766;-3,727240565;2177,43
8680;40,392356;-3,7571096;5297,28
8681;40,40326448;-3,742873931;3662,38
8682;40,39469146;-3,763193676;5625,66
8683;40,40823201;-3,733663629;2729,37
8684;40,41514733;-3,725988967;1912,31
8685;40,4049978;-3,7538261;4461,16
8686;40,39008506;-3,761180513;5723,05
8687;40,37377688;-3,776703529;7838,61
8688;40,38505051;-3,779179367;7322,37
8689;40,39275845;-3,765306361;5882,02
8690;40,3927779;-3,751733946;4887,07
8691;40,38033236;-3,779302524;7599,34
8692;40,39817449;-3,739595202;3699,07
8693;40,413339;-3,724903547;1853,82
8694;40,4054183;-3,745927847;3811,97
8695;40,3800183;-3,763301364;6517,8
8696;40,40617622;-3,73440329;2875,46
8697;40,41020954;-3,727364777;2152,8
8698;40,37784776;-3,773964381;7381,05
8699;40,38791764;-3,7561887;5504,82
8700;40,40611014;-3,739610828;3284,15
8701;40,40332868;-3,744688575;3799,82
8702;40,413339;-3,724903547;1853,82
8703;40,40332868;-3,744688575;3799,82
8704;40,40657006;-3,739543971;3260,43
8705;40,40636242;-3,73152409;2646,49
8706;40,40668395;-3,7337012;2798,02
8707;40,40402104;-3,741536143;3524,51
8708;40,37609066;-3,777731192;7754,04
8709;40,37593941;-3,776619278;7687,89
8710;40,39307906;-3,773448435;6488,14
8711;40,39227022;-3,743170559;4335,45
8712;40,40287519;-3,751605069;4361,06
8713;40,39817449;-3,739595202;3699,07
8714;40,40454872;-3,724013573;2215,57
8715;40,4095861;-3,73282769;2612,3
8716;40,39769415;-3,748366525;4358,55
8717;40,37335773;-3,766876239;7229,89
8718;40,37985621;-3,790688109;8455,03
8719;40,40970352;-3,732914787;2615,26
8720;40,40970352;-3,732914787;2615,26
8721;40,41163075;-3,727445964;2109,64
8722;40,3927779;-3,751733946;4887,07
8723;40,4121001;-3,7274336;2094,6
8724;40,40613416;-3,734173278;2859,73
8725;40,29982005;-3,811802896;15930,61
8726;40,37978805;-3,7904755;8443,03
8727;40,39817449;-3,739595202;3699,07
8728;40,39526254;-3,774474117;6473,11
8729;40,4055102;-3,753340731;4405,15
8730;40,40657006;-3,739543971;3260,43
8731;40,39817449;-3,739595202;3699,07
8732;40,39626234;-3,748028553;4414,48
8733;40,38648552;-3,755165414;5530,96
8734;40,39275845;-3,765306361;5882,02
8735;40,38648552;-3,755165414;5530,96
8736;40,40571791;-3,746657306;3859,28
8737;40,40571791;-3,746657306;3859,28
8738;40,40571791;-3,746657306;3859,28
8739;40,40571791;-3,746657306;3859,28
8740;40,40571791;-3,746657306;3859,28
8741;40,37981064;-3,787897313;8252,06
8742;40,39817449;-3,739595202;3699,07
8743;40,37981064;-3,787897313;8252,06
8744;40,37981064;-3,787897313;8252,06
8745;40,37981064;-3,787897313;8252,06
8746;40,39469146;-3,763193676;5625,66
8747;40,40287519;-3,751605069;4361,06
8748;40,40864605;-3,7385349;3104,38
8749;40,3961538;-3,7407268;3907,19
8750;40,4126768;-3,730008559;2291,82
8751;40,41083865;-3,731030909;2425,68
8752;40,41083865;-3,731030909;2425,68
8753;40,41083865;-3,731030909;2425,68
8754;40,37981064;-3,787897313;8252,06
8755;40,37981064;-3,787897313;8252,06
8756;40,37981064;-3,787897313;8252,06
8757;40,37981064;-3,787897313;8252,06
8758;40,39876821;-3,774440066;6335,38
8759;40,39769415;-3,748366525;4358,55
8760;40,4087968;-3,74499853;3626,3
8761;40,38740589;-3,759186972;5744,79
8762;40,3925627;-3,756144;5215,43
8763;40,39549327;-3,748670348;4505,65
8764;40,4093544;-3,7337422;2693,91
8765;40,3842968;-3,754258356;5624,41
8766;40,392356;-3,7571096;5297,28
8767;40,40323696;-3,73892973;3362,84
8768;40,38948505;-3,762019177;5818,5
8769;40,401207;-3,745721;3978,19
8770;40,3958933;-3,7437976;4136,01
8771;40,4093544;-3,7337422;2693,91
8772;40,4088423;-3,741056122;3302,77
8773;40,39011734;-3,74216259;4427,36
8774;40,37916608;-3,776871043;7498,22
8775;40,3951784;-3,7603162;5383,33
8776;40,38315373;-3,770521684;6804,61
8777;40,392356;-3,7571096;5297,28
8778;40,39275845;-3,765306361;5882,02
8779;40,3872562;-3,7563238;5557,48
8780;40,3966257;-3,7769977;6618,57
8781;40,37244094;-3,773992592;7752,41
8782;40,37957737;-3,784475066;8015,89
8783;40,41020954;-3,727364777;2152,8
8784;40,3927779;-3,751733946;4887,07
8785;40,4093544;-3,7337422;2693,91
8786;40,40703735;-3,749968944;4083,56
8787;40,40636242;-3,73152409;2646,49
8788;40,4081617;-3,7225812;1885,89
8789;40,4048042;-3,75113407;4250,91
8790;40,41030351;-3,728148969;2211,65
8791;40,37244094;-3,773992592;7752,41
8792;40,40073155;-3,745781187;4006,28
8793;40,40210402;-3,741087173;3582,91
8794;40,3927039;-3,750379;4796,28
8795;40,4021568;-3,7511015;4350,86
8796;40,37978805;-3,7904755;8443,03
8797;40,40764591;-3,733987212;2778,59
8798;40,37978805;-3,7904755;8443,03
8799;40,37978805;-3,7904755;8443,03
8800;40,33275793;-3,774258284;11114,44
8801;40,40235145;-3,745189744;3882,94
8802;40,40936766;-3,727240565;2177,43
8803;40,41152388;-3,732142349;2496,66
8804;40,39817449;-3,739595202;3699,07
8805;40,38505051;-3,779179367;7322,37
8806;40,4121001;-3,7274336;2094,6
8807;40,40250426;-3,729335104;2711,71
8808;40,3876779;-3,7572171;5591,08
8809;40,40764591;-3,733987212;2778,59
8810;40,39626234;-3,748028553;4414,48
8811;40,41181427;-3,727973948;2147,07
8812;40,40198263;-3,735078936;3147,23
8813;40,39528525;-3,706925632;2425,38
8814;40,3917346;-3,7528519;5030,15
8815;40,3868368;-3,7565844;5603
8816;40,40764591;-3,733987212;2778,59
8817;40,4021568;-3,7511015;4350,86
8818;40,39619502;-3,772058018;6244,63
8819;40,3968048;-3,76922046;5996,35
8820;40,41269669;-3,728824973;2193,41
8821;40,39121642;-3,737705202;4069,4
8822;40,40083821;-3,748481291;4206,64
8823;40,4092285;-3,736979651;2959,48
8824;40,413339;-3,724903547;1853,82
8825;40,40768484;-3,732185253;2635,9
8826;40,40530689;-3,743622459;3633,14
8827;40,37377688;-3,776703529;7838,61
8828;40,37957737;-3,784475066;8015,89
8829;40,3927779;-3,751733946;4887,07
8830;40,3845368;-3,75178418;5448,36
8831;40,40853896;-3,731712733;2562,97
8832;40,40636242;-3,73152409;2646,49
8833;40,4068115;-3,734896839;2885,18
8834;40,37978805;-3,7904755;8443,03
8835;40,4068115;-3,734896839;2885,18
8836;40,4068115;-3,734896839;2885,18
8837;40,3961538;-3,7407268;3907,19
8838;40,4049978;-3,7538261;4461,16
8839;40,37784776;-3,773964381;7381,05
8840;40,40636242;-3,73152409;2646,49
8841;40,38648552;-3,755165414;5530,96
8842;40,40235145;-3,745189744;3882,94
8843;40,38740589;-3,759186972;5744,79
8844;40,3853744;-3,7574862;5762,05
8845;40,37978805;-3,7904755;8443,03
8846;40,3853744;-3,7574862;5762,05
8847;40,3853744;-3,7574862;5762,05
8848;40,40768484;-3,732185253;2635,9
8849;40,38740589;-3,759186972;5744,79
8850;40,3927779;-3,751733946;4887,07
8851;40,3927805;-3,7413505;4180,55
8852;40,39008506;-3,761180513;5723,05
8853;40,37985621;-3,790688109;8455,03
8854;40,38740589;-3,759186972;5744,79
8855;40,3802166;-3,794699;8734,28
8856;40,33031944;-3,860827182;16442,21
8857;40,37978805;-3,7904755;8443,03
8858;40,39626234;-3,748028553;4414,48
8859;40,39817449;-3,739595202;3699,07
8860;40,37978805;-3,7904755;8443,03
8861;40,41181427;-3,727973948;2147,07
8862;40,4068115;-3,734896839;2885,18
8863;40,39373786;-3,780562914;7014,86
8864;40,37784776;-3,773964381;7381,05
8865;40,40326448;-3,742873931;3662,38
8866;40,4055102;-3,753340731;4405,15
8867;40,37978805;-3,7904755;8443,03
8868;40,40764591;-3,733987212;2778,59
8869;40,41055074;-3,732288016;2536,82
8870;40,40235145;-3,745189744;3882,94
8871;40,457749;-3,7827941;8099,15
8872;40,42108832;-3,714520224;1038,76
8873;40,4767654;-3,65907378;7641,77
8874;40,4350196;-3,719236;2410,19
8875;40,46080715;-3,778702503;8016,83
8876;40,4722862;-3,828990487;12271,86
8877;40,4601462;-3,7966;9226,41
8878;40,457749;-3,7827941;8099,15
8879;40,4335363;-3,72282823;2464,65
8880;40,45908809;-3,794168093;8989,49
8881;40,4296433;-3,7221178;2114,64
8882;40,4656604;-3,7775539;8282,2
8883;40,46249571;-3,726172599;5415,76
8884;40,4350196;-3,719236;2410,19
8885;40,46694;-3,78715495;8999,8
8886;40,42861597;-3,717238651;1741,42
8887;40,4307266;-3,7161715;1869,56
8888;40,46694;-3,78715495;8999,8
8889;40,46694;-3,78715495;8999,8
8890;40,4350196;-3,719236;2410,19
8891;40,4710073;-3,8119061;10966,33
8892;40,4259466;-3,7148806;1388
8893;40,4710073;-3,8119061;10966,33
8894;40,4712927;-3,749590906;7191,66
8895;40,46694;-3,78715495;8999,8
8896;40,4601462;-3,7966;9226,41
8897;40,4707391;-3,8147577;11152,93
8898;40,4601462;-3,7966;9226,41
8899;40,42999989;-3,718367403;1920,07
8900;40,46694;-3,78715495;8999,8
8901;40,4457616;-3,785989;7680,27
8902;40,4722857;-3,7343675;6684,47
8903;40,443792;-3,726423;3559,45
8904;40,457749;-3,7827941;8099,15
8905;40,457749;-3,7827941;8099,15
8906;40,4686163;-3,7298022;6161,14
8907;40,45467924;-3,782992233;7927,32
8908;40,4221054;-3,7150141;1129,44
8909;40,4350196;-3,719236;2410,19
8910;40,443792;-3,726423;3559,45
8911;40,44600117;-3,713494044;3339,5
8912;40,46694;-3,78715495;8999,8
8913;40,4246501;-3,7129961;1173,62
8914;40,443792;-3,726423;3559,45
8915;40,4340772;-3,7182329;2275,99
8916;40,42619952;-3,716045242;1477,47
8917;40,4664887;-3,7231616;5754,43
8918;40,42715044;-3,720013093;1799,05
8919;40,457749;-3,7827941;8099,15
8920;40,4307266;-3,7161715;1869,56
8921;40,45872581;-3,781371786;8061,79
8922;40,4307266;-3,7161715;1869,56
8923;40,4307266;-3,7161715;1869,56
8924;40,4730433;-3,827954226;12238,71
8925;40,46957882;-3,72065675;6029,75
8926;40,457749;-3,7827941;8099,15
8927;40,46694;-3,78715495;8999,8
8928;40,46694;-3,78715495;8999,8
8929;40,4649188;-3,7165189;5446,85
8930;40,42824141;-3,718087357;1760,16
8931;40,4350196;-3,719236;2410,19
8932;40,4297998;-3,714811607;1719,53
8933;40,4241907;-3,75585802;4502,95
8934;40,4722862;-3,828990487;12271,86
8935;40,42137955;-3,717405601;1274,49
8936;40,4297998;-3,714811607;1719,53
8937;40,42137955;-3,717405601;1274,49
8938;40,43119664;-3,720189663;2121,83
8939;40,4211289;-3,71624925;1173,51
8940;40,4241907;-3,75585802;4502,95
8941;40,4722862;-3,828990487;12271,86
8942;40,46728691;-3,784650791;8858,44
8943;40,4730433;-3,827954226;12238,71
8944;40,4619795;-3,72270465;5264,35
8945;40,443792;-3,726423;3559,45
8946;40,4350196;-3,719236;2410,19
8947;40,4730433;-3,827954226;12238,71
8948;40,45464652;-3,796201401;8893,8
8949;40,457749;-3,7827941;8099,15
8950;40,46403893;-3,806489235;10166,32
8951;40,47196996;-3,828623103;12227,36
8952;40,4307266;-3,7161715;1869,56
8953;40,4649188;-3,7165189;5446,85
8954;40,4663724;-3,7915868;9260,05
8955;40,4350196;-3,719236;2410,19
8956;40,4283434;-3,7176358;1741,84
8957;40,46694;-3,78715495;8999,8
8958;40,4776058;-3,8350562;13014,68
8959;40,46987587;-3,726290745;6193,17
8960;40,46694;-3,78715495;8999,8
8961;40,46145149;-3,710640713;4985,64
8962;40,443792;-3,726423;3559,45
8963;40,4748333;-3,8221998;11928,47
8964;40,42250226;-3,717892666;1364,43
8965;40,4350196;-3,719236;2410,19
8966;40,43029039;-3,721324543;2115
8967;40,4748333;-3,8221998;11928,47
8968;40,4496391;-3,7813084;7520,63
8969;40,45052724;-3,713717235;3832,76
8970;40,46013235;-3,762697425;6938,47
8971;40,43119664;-3,720189663;2121,83
8972;40,44716245;-3,740554;4595,04
8973;40,40666773;-3,575301841;10915,81
8974;40,6387703;-3,5112904;29536,2
8975;40,443792;-3,726423;3559,45
8976;40,42715044;-3,720013093;1799,05
8977;40,45646214;-3,78640069;8276,94
8978;40,4350196;-3,719236;2410,19
8979;40,47398314;-3,748815752;7410,65
8980;40,4307266;-3,7161715;1869,56
8981;40,4350196;-3,719236;2410,19
8982;40,468519;-3,7954961;9667,88
8983;40,42715044;-3,720013093;1799,05
8984;40,424191;-3,7123333;1098,03
8985;40,4483981;-3,7276234;4048,96
8986;40,4259466;-3,7148806;1388
8987;40,4761801;-3,830561029;12607,46
8988;40,453778;-3,7167614;4246,33
8989;40,4722862;-3,828990487;12271,86
8990;40,42824141;-3,718087357;1760,16
8991;40,4727929;-3,832407;12550,58
8992;40,47253145;-3,747329104;7207,49
8993;40,42570565;-3,712659739;1243,98
8994;40,43029039;-3,721324543;2115
8995;40,4465094;-3,7880008;7869,67
8996;40,3663414;-3,600018;10416,33
8997;40,4283434;-3,7176358;1741,84
8998;40,47021222;-3,779759587;8758,17
8999;40,4350196;-3,719236;2410,19
9000;40,457749;-3,7827941;8099,15
9001;40,4307266;-3,7161715;1869,56
9002;40,46006;-3,7984565;9356
9003;40,4350196;-3,719236;2410,19
9004;40,421045;-3,717301106;1252,32
9005;40,2813665;-3,9101873;23108,06
9006;40,46987587;-3,726290745;6193,17
9007;40,44828508;-3,712605553;3568,84
9008;40,4480648;-3,7152011;3598,96
9009;40,443792;-3,726423;3559,45
9010;40,4544886;-3,7165643;4318,3
9011;40,4246501;-3,7129961;1173,62
9012;40,46993814;-3,727498075;6232,26
9013;40,443792;-3,726423;3559,45
9014;40,457749;-3,7827941;8099,15
9015;40,4350196;-3,719236;2410,19
9016;40,4350196;-3,719236;2410,19
9017;40,4748333;-3,8221998;11928,47
9018;40,46649465;-3,726456957;5841,7
9019;40,46987587;-3,726290745;6193,17
9020;40,4350196;-3,719236;2410,19
9021;40,4307266;-3,7161715;1869,56
9022;40,42669174;-3,729886306;2480,96
9023;40,46987587;-3,726290745;6193,17
9024;40,4350196;-3,719236;2410,19
9025;40,4649188;-3,7165189;5446,85
9026;40,4216839;-3,7145107;1069,09
9027;40,42999989;-3,718367403;1920,07
9028;40,457749;-3,7827941;8099,15
9029;40,42999989;-3,718367403;1920,07
9030;40,44716245;-3,740554;4595,04
9031;40,46694;-3,78715495;8999,8
9032;40,4693736;-3,719056761;5976,37
9033;40,42250226;-3,717892666;1364,43
9034;40,45908809;-3,794168093;8989,49
9035;40,42715044;-3,720013093;1799,05
9036;40,4702414;-3,789081199;9356,51
9037;40,457749;-3,7827941;8099,15
9038;40,4350196;-3,719236;2410,19
9039;40,42882019;-3,731183228;2688,16
9040;40,4350196;-3,719236;2410,19
9041;40,45700263;-3,791235298;8657,16
9042;40,4307266;-3,7161715;1869,56
9043;40,4601462;-3,7966;9226,41
9044;40,4350196;-3,719236;2410,19
9045;40,4730137;-3,8194859;11626,15
9046;40,4221054;-3,7150141;1129,44
9047;40,4689274;-3,727737785;6132,86
9048;40,4689274;-3,727737785;6132,86
9049;40,45437914;-3,791796827;8552,35
9050;40,4767654;-3,65907378;7641,77
9051;40,46892306;-3,731361266;6241,56
9052;40,6367484;-4,0198393;36223,2
9053;40,443792;-3,726423;3559,45
9054;40,4468414;-3,7113239;3389,47
9055;40,42999989;-3,718367403;1920,07
9056;40,4293141;-3,7166375;1767,63
9057;40,44654331;-3,714618223;3422,74
9058;40,42918885;-3,71833507;1850,97
9059;40,46694;-3,78715495;8999,8
9060;40,4686163;-3,7298022;6161,14
9061;40,42669174;-3,729886306;2480,96
9062;40,4577868;-3,7118442;4595,9
9063;40,4213813;-3,716315044;1189,99
9064;40,45606037;-3,717063582;4498,07
9065;40,42120524;-3,716979864;1233,77
9066;40,460064;-3,7828553;8250,24
9067;40,42861597;-3,717238651;1741,42
9068;40,44719486;-3,778493045;7181,8
9069;40,46993814;-3,727498075;6232,26
9070;40,4221054;-3,7150141;1129,44
9071;40,47398314;-3,748815752;7410,65
9072;40,4624855;-3,720541641;5264,91
9073;40,46694;-3,78715495;8999,8
9074;40,46168982;-3,796719099;9325,38
9075;40,45837944;-3,781236132;8030,26
9076;40,46145149;-3,710640713;4985,64
9077;40,4720437;-3,7872492;9366,84
9078;40,43029039;-3,721324543;2115
9079;40,42715044;-3,720013093;1799,05
9080;40,4350196;-3,719236;2410,19
9081;40,421778;-3,7141642;1048,99
9082;40,40666773;-3,575301841;10915,81
9083;40,42108832;-3,714520224;1038,76
9084;40,46694;-3,78715495;8999,8
9085;40,421778;-3,7141642;1048,99
9086;40,4320892;-3,7199543;2184,21
9087;40,46987587;-3,726290745;6193,17
9088;40,4601462;-3,7966;9226,41
9089;40,43029039;-3,721324543;2115
9090;40,4655969;-3,7111767;5448,7
9091;40,47021222;-3,779759587;8758,17
9092;40,45908809;-3,794168093;8989,49
9093;40,4241907;-3,75585802;4502,95
9094;40,42120524;-3,716979864;1233,77
9095;40,42220115;-3,722440263;1704,74
9096;40,46188405;-3,774431594;7809,15
9097;40,4679161;-3,7194852;5826,68
9098;40,46188405;-3,774431594;7809,15
9099;40,443792;-3,726423;3559,45
9100;40,45700263;-3,791235298;8657,16
9101;40,42567794;-3,713606769;1293,02
9102;40,4350196;-3,719236;2410,19
9103;40,4722862;-3,828990487;12271,86
9104;40,47112939;-3,766107222;8021,95
9105;40,46694;-3,78715495;8999,8
9106;40,457749;-3,7827941;8099,15
9107;40,42120524;-3,716979864;1233,77
9108;40,42824141;-3,718087357;1760,16
9109;40,457749;-3,7827941;8099,15
9110;40,457749;-3,7827941;8099,15
9111;40,4307266;-3,7161715;1869,56
9112;40,47029316;-3,820284663;11524,83
9113;40,4722862;-3,828990487;12271,86
9114;40,47029316;-3,820284663;11524,83
9115;40,47029316;-3,820284663;11524,83
9116;40,45765319;-3,781016839;7968,95
9117;40,4219711;-3,716067968;1200,1
9118;40,4702414;-3,789081199;9356,51
9119;40,460611;-3,7803395;8114,15
9120;40,460611;-3,7803395;8114,15
9121;40,44772195;-3,716614867;3597,35
9122;40,47029316;-3,820284663;11524,83
9123;40,45908809;-3,794168093;8989,49
9124;40,2863209;-3,79390155;16419,96
9125;40,47327955;-3,830120735;12410,02
9126;40,4649188;-3,7165189;5446,85
9127;40,46943556;-3,72240861;6051,74
9128;40,4307266;-3,7161715;1869,56
9129;40,42741227;-3,728256914;2395,55
9130;40,46943556;-3,72240861;6051,74
9131;40,46145149;-3,710640713;4985,64
9132;40,46145149;-3,710640713;4985,64
9133;40,46943556;-3,72240861;6051,74
9134;40,46188405;-3,774431594;7809,15
9135;40,46188405;-3,774431594;7809,15
9136;40,4307266;-3,7161715;1869,56
9137;40,4307266;-3,7161715;1869,56
9138;40,4748333;-3,8221998;11928,47
9139;40,4350196;-3,719236;2410,19
9140;40,457749;-3,7827941;8099,15
9141;40,035927;-3,591249834;43426,02
9142;40,4634248;-3,7709701;7700,23
9143;40,457749;-3,7827941;8099,15
9144;40,46188405;-3,774431594;7809,15
9145;40,46188405;-3,774431594;7809,15
9146;40,46943556;-3,72240861;6051,74
9147;40,460611;-3,7803395;8114,15
9148;40,460611;-3,7803395;8114,15
9149;40,460611;-3,7803395;8114,15
9150;40,460611;-3,7803395;8114,15
9151;40,45839658;-3,793263144;8884,12
9152;40,457749;-3,7827941;8099,15
9153;40,45839658;-3,793263144;8884,12
9154;40,4767654;-3,65907378;7641,77
9155;40,46694;-3,78715495;8999,8
9156;40,4686163;-3,7298022;6161,14
9157;40,4307266;-3,7161715;1869,56
9158;40,47021222;-3,779759587;8758,17
9159;40,4599187;-3,7999086;9453,79
9160;40,45536937;-3,716106112;4403,52
9161;40,46252438;-3,723857609;5352,58
9162;40,4267826;-3,7177694;1628,27
9163;40,4633596;-3,7732911;7842,17
9164;40,4631617;-3,771625;7721,91
9165;40,4631617;-3,771625;7721,91
9166;40,4767389;-3,8292742;12547,52
9167;40,4350196;-3,719236;2410,19
9168;40,46364877;-3,776764003;8086,37
9169;40,4631617;-3,771625;7721,91
9170;40,4633596;-3,7732911;7842,17
9171;40,4631617;-3,771625;7721,91
9172;40,4668213;-3,7674423;7747,24
9173;40,4668213;-3,7674423;7747,24
9174;40,4668213;-3,7674423;7747,24
9175;40,4668213;-3,7674423;7747,24
9176;40,4668213;-3,7674423;7747,24
9177;40,4668213;-3,7674423;7747,24
9178;40,4221054;-3,7150141;1129,44
9179;40,4722862;-3,828990487;12271,86
9180;40,42108832;-3,714520224;1038,76
9181;40,43029039;-3,721324543;2115
9182;40,43157445;-3,723433041;2342,46
9183;40,46987587;-3,726290745;6193,17
9184;40,4350196;-3,719236;2410,19
9185;40,4350196;-3,719236;2410,19
9186;40,4722862;-3,828990487;12271,86
9187;40,42535572;-3,712538121;1207,21
9188;40,43157445;-3,723433041;2342,46
9189;40,4710073;-3,8119061;10966,33
9190;40,4521528;-3,7656396;6554,89
9191;40,4221054;-3,7150141;1129,44
9192;40,4221054;-3,7150141;1129,44
9193;40,42479582;-3,728805749;2311,45
9194;40,42861597;-3,717238651;1741,42
9195;40,4722862;-3,828990487;12271,86
9196;40,4690163;-3,8109511;10778,41
9197;40,43253791;-3,719145175;2180,71
9198;40,42120524;-3,716979864;1233,77
9199;40,4722862;-3,828990487;12271,86
9200;40,4350196;-3,719236;2410,19
9201;40,45606037;-3,717063582;4498,07
9202;40,46694;-3,78715495;8999,8
9203;40,4350196;-3,719236;2410,19
9204;40,44535224;-3,785708624;7639,79
9205;40,4350196;-3,719236;2410,19
9206;40,45837944;-3,781236132;8030,26
9207;40,4350196;-3,719236;2410,19
9208;40,42525385;-3,714636988;1318,71
9209;40,4509877;-3,712973192;3869,16
9210;40,4722862;-3,828990487;12271,86
9211;40,4654947;-3,7662935;7573,87
9212;40,36634135;-3,600018038;10416,33
9213;40,42824141;-3,718087357;1760,16
9214;40,4283434;-3,7176358;1741,84
9215;40,457749;-3,7827941;8099,15
9216;40,4307266;-3,7161715;1869,56
9217;40,4283434;-3,7176358;1741,84
9218;40,4307266;-3,7161715;1869,56
9219;40,39960655;-3,765135337;5561,34
9220;40,46694;-3,78715495;8999,8
9221;40,46162376;-3,721600037;5198,46
9222;40,4722862;-3,828990487;12271,86
9223;40,44828508;-3,712605553;3568,84
9224;40,46366476;-3,711232764;5236,03
9225;40,42120524;-3,716979864;1233,77
9226;40,4462854;-3,7135045;3370,31
9227;40,42824141;-3,718087357;1760,16
9228;40,42220115;-3,722440263;1704,74
9229;40,4221054;-3,7150141;1129,44
9230;40,4642232;-3,7665333;7488,22
9231;40,4307266;-3,7161715;1869,56
9232;40,42055465;-3,716719791;1187,09
9233;40,43056029;-3,719657225;2039,06
9234;40,4457616;-3,785989;7680,27
9235;40,4730433;-3,827954226;12238,71
9236;40,42120524;-3,716979864;1233,77
9237;40,457749;-3,7827941;8099,15
9238;40,46694;-3,78715495;8999,8
9239;40,47021222;-3,779759587;8758,17
9240;40,4718826;-3,728344781;6460,01
9241;40,46694;-3,78715495;8999,8
9242;40,4350196;-3,719236;2410,19
9243;40,4468792;-3,784794;7641,72
9244;40,4655937;-3,792433287;9267,03
9245;40,4276393;-3,729103158;2470,45
9246;40,4612682;-3,801557174;9650,13
9247;40,42385875;-3,713801081;1161,14
9248;40,4649188;-3,7165189;5446,85
9249;40,457749;-3,7827941;8099,15
9250;40,42824141;-3,718087357;1760,16
9251;40,4642513;-3,7224288;5498,36
9252;40,4722862;-3,828990487;12271,86
9253;40,44763882;-3,710246731;3460,33
9254;40,42813136;-3,733460443;2823,05
9255;40,42861597;-3,717238651;1741,42
9256;40,4664658;-3,7643398;7537,34
9257;40,4307266;-3,7161715;1869,56
9258;40,36634135;-3,600018038;10416,33
9259;40,42277385;-3,713273363;1049,54
9260;40,42120524;-3,716979864;1233,77
9261;40,4221054;-3,7150141;1129,44
9262;40,4711015;-3,7222422;6226,99
9263;40,42108832;-3,714520224;1038,76
9264;40,45464652;-3,796201401;8893,8
9265;40,4259466;-3,7148806;1388
9266;40,46364877;-3,776764003;8086,37
9267;40,46364877;-3,776764003;8086,37
9268;40,4761652;-3,8305458;12605,5
9269;40,42120524;-3,716979864;1233,77
9270;40,46364877;-3,776764003;8086,37
9271;40,471568;-3,7892184;9459,48
9272;40,45440668;-3,76953861;6969,17
9273;40,46364877;-3,776764003;8086,37
9274;40,46987587;-3,726290745;6193,17
9275;40,42220115;-3,722440263;1704,74
9276;40,4730433;-3,827954226;12238,71
9277;40,46513942;-3,729069731;5778,82
9278;40,4259466;-3,7148806;1388
9279;40,4350196;-3,719236;2410,19
9280;40,45606037;-3,717063582;4498,07
9281;40,443792;-3,726423;3559,45
9282;40,46694;-3,78715495;8999,8
9283;40,42669174;-3,729886306;2480,96
9284;40,4771993;-3,8302697;12646,06
9285;40,4259466;-3,7148806;1388
9286;40,460611;-3,7803395;8114,15
9287;40,4244413;-3,712847265;1148,08
9288;40,42570565;-3,712659739;1243,98
9289;40,44772195;-3,716614867;3597,35
9290;40,4216561;-3,715976677;1177,26
9291;40,44763882;-3,710246731;3460,33
9292;40,46029598;-3,768855084;7335,42
9293;40,42120524;-3,716979864;1233,77
9294;40,45765512;-3,780029054;7900,41
9295;40,42999989;-3,718367403;1920,07
9296;40,45908809;-3,794168093;8989,49
9297;40,460611;-3,7803395;8114,15
9298;40,457749;-3,7827941;8099,15
9299;40,4307266;-3,7161715;1869,56
9300;40,4642646;-3,717729;5397,5
9301;40,44600117;-3,713494044;3339,5
9302;40,46331336;-3,789730525;8933,69
9303;40,4307266;-3,7161715;1869,56
9304;40,469153;-3,7263489;6118,39
9305;40,42479582;-3,728805749;2311,45
9306;40,44719486;-3,778493045;7181,8
9307;40,44763882;-3,710246731;3460,33
9308;40,46571674;-3,721576809;5634,48
9309;40,4350196;-3,719236;2410,19
9310;40,4730433;-3,827954226;12238,71
9311;40,42120524;-3,716979864;1233,77
9312;40,47021222;-3,779759587;8758,17
9313;40,42570565;-3,712659739;1243,98
9314;40,42120524;-3,716979864;1233,77
9315;40,46649465;-3,726456957;5841,7
9316;40,4722862;-3,828990487;12271,86
9317;40,4722862;-3,828990487;12271,86
9318;40,42083545;-3,715779245;1124,13
9319;40,4259466;-3,7148806;1388
9320;40,4350196;-3,719236;2410,19
9321;40,42108832;-3,714520224;1038,76
9322;40,4722862;-3,828990487;12271,86
9323;40,4350196;-3,719236;2410,19
9324;40,4350196;-3,719236;2410,19
9325;40,4350196;-3,719236;2410,19
9326;40,4720437;-3,7872492;9366,84
9327;40,46694;-3,78715495;8999,8
9328;40,4722862;-3,828990487;12271,86
9329;40,46618235;-3,730124483;5919,88
9330;40,46694;-3,78715495;8999,8
9331;40,4350196;-3,719236;2410,19
9332;40,4722862;-3,828990487;12271,86
9333;40,4748333;-3,8221998;11928,47
9334;40,42120524;-3,716979864;1233,77
9335;40,43029039;-3,721324543;2115
9336;40,46876965;-3,795619996;9692,86
9337;40,4642232;-3,7665333;7488,22
9338;40,4679161;-3,7194852;5826,68
9339;40,4748333;-3,8221998;11928,47
9340;40,4776058;-3,8350562;13014,68
9341;40,42450544;-3,721952424;1772,23
9342;40,42120524;-3,716979864;1233,77
9343;40,46694;-3,78715495;8999,8
9344;40,45859977;-3,765705967;7010,72
9345;40,4631617;-3,771625;7721,91
9346;40,4631617;-3,771625;7721,91
9347;40,4631617;-3,771625;7721,91
9348;40,47421914;-3,820008314;11735,61
9349;40,4656604;-3,7775539;8282,2
9350;40,4689274;-3,727737785;6132,86
9351;40,4350196;-3,719236;2410,19
9352;40,474233;-3,7468742;7351,09
9353;40,42120524;-3,716979864;1233,77
9354;40,47398314;-3,748815752;7410,65
9355;40,43157445;-3,723433041;2342,46
9356;40,4569699;-3,785706839;8257,51
9357;40,45440668;-3,76953861;6969,17
9358;40,457749;-3,7827941;8099,15
9359;40,46694;-3,78715495;8999,8
9360;40,45606037;-3,717063582;4498,07
9361;40,42535572;-3,712538121;1207,21
9362;40,42894593;-3,717493144;1783,15
9363;40,4722862;-3,828990487;12271,86
9364;40,4722862;-3,828990487;12271,86
9365;40,4687237;-3,8064666;10442,35
9366;40,4722862;-3,828990487;12271,86
9367;40,457749;-3,7827941;8099,15
9368;40,47417295;-3,82349927;11982,08
9369;40,443792;-3,726423;3559,45
9370;40,42450544;-3,721952424;1772,23
9371;40,45440668;-3,76953861;6969,17
9372;40,4722862;-3,828990487;12271,86
9373;40,42715044;-3,720013093;1799,05
9374;40,4722862;-3,828990487;12271,86
9375;40,4350196;-3,719236;2410,19
9376;40,4350196;-3,719236;2410,19
9377;40,44719486;-3,778493045;7181,8
9378;40,46280599;-3,793010928;9130,19
9379;40,46882571;-3,735313002;6365,49
9380;40,4771791;-3,830158171;12636,87
9381;40,45440668;-3,76953861;6969,17
9382;40,45437914;-3,791796827;8552,35
9383;40,47398314;-3,748815752;7410,65
9384;40,4688299;-3,767317;7901,37
9385;40,4686163;-3,7298022;6161,14
9386;40,4707391;-3,8147577;11152,93
9387;40,469738;-3,727879;6221,83
9388;40,4707391;-3,8147577;11152,93
9389;40,469738;-3,727879;6221,83
9390;40,46694;-3,78715495;8999,8
9391;40,44828508;-3,712605553;3568,84
9392;40,4350196;-3,719236;2410,19
9393;40,4729613;-3,7495597;7346,84
9394;40,468519;-3,7954961;9667,88
9395;40,2863209;-3,79390155;16419,96
9396;40,457749;-3,7827941;8099,15
9397;40,47398314;-3,748815752;7410,65
9398;40,469738;-3,727879;6221,83
9399;40,4049138;-3,6367075;5813,04
9400;40,4074288;-3,649456;4698,27
9401;40,4051965;-3,6415467;5407,45
9402;40,4119951;-3,6575338;3932,26
9403;40,4005425;-3,6352111;6064,62
9404;40,399161;-3,6462064;5240,37
9405;40,410464;-3,648496801;4714,09
9406;40,41429215;-3,658962811;3784,03
9407;40,40838595;-3,643906479;5136,32
9408;40,41530395;-3,657871715;3869,17
9409;40,4025815;-3,642808054;5382,97
9410;40,4051315;-3,6417327;5393,93
9411;40,39936366;-3,640892801;5651,72
9412;40,40591775;-3,648037412;4855,1
9413;40,40786865;-3,650208094;4625,32
9414;40,4119951;-3,6575338;3932,26
9415;40,4075081;-3,6436362;5177,73
9416;40,4075081;-3,6436362;5177,73
9417;40,4038221;-3,647318676;4977,33
9418;40,39936366;-3,640892801;5651,72
9419;40,40424174;-3,637179369;5791,96
9420;40,41146744;-3,655991327;4069,98
9421;40,40808698;-3,654778785;4242,8
9422;40,41105665;-3,645398106;4964,37
9423;40,4076165;-3,64179813;5327,85
9424;40,4002971;-3,646511787;5169,84
9425;40,41050696;-3,651318512;4477,39
9426;40,41025745;-3,634705146;5873,59
9427;40,39936366;-3,640892801;5651,72
9428;40,4038221;-3,647318676;4977,33
9429;40,41050696;-3,651318512;4477,39
9430;40,39817011;-3,6330593;6320,86
9431;40,4002971;-3,646511787;5169,84
9432;40,40675629;-3,651761638;4526,45
9433;40,40942518;-3,631656051;6141,69
9434;40,4119951;-3,6575338;3932,26
9435;40,399161;-3,6462064;5240,37
9436;40,40342458;-3,626802257;6667,41
9437;40,40495185;-3,63073645;6305,19
9438;40,40353797;-3,648502759;4891,11
9439;40,3998878;-3,643401011;5432,32
9440;40,4038221;-3,647318676;4977,33
9441;40,41993892;-3,657570045;3904,52
9442;40,4051965;-3,6415467;5407,45
9443;40,3976861;-3,6427738;5571,62
9444;40,41672285;-3,657951665;3858,15
9445;40,3976861;-3,6427738;5571,62
9446;40,3976861;-3,6427738;5571,62
9447;40,3976861;-3,6427738;5571,62
9448;40,4067996;-3,648433915;4798,6
9449;40,39936366;-3,640892801;5651,72
9450;40,40769449;-3,639854454;5487,72
9451;40,41079784;-3,647340007;4805,47
9452;40,4076165;-3,64179813;5327,85
9453;40,41124971;-3,652088383;4400,4
9454;40,41079784;-3,647340007;4805,47
9455;40,40556791;-3,651090517;4615,96
9456;40,39936366;-3,640892801;5651,72
9457;40,40516929;-3,644565797;5160,54
9458;40,4038221;-3,647318676;4977,33
9459;40,40922725;-3,643265939;5173,26
9460;40,4038221;-3,647318676;4977,33
9461;40,40591775;-3,648037412;4855,1
9462;40,41127508;-3,643718891;5102,27
9463;40,3976861;-3,6427738;5571,62
9464;40,40808698;-3,654778785;4242,8
9465;40,399161;-3,6462064;5240,37
9466;40,4119951;-3,6575338;3932,26
9467;40,40863685;-3,642315758;5263,75
9468;40,4025624;-3,648401839;4933,37
9469;40,40275225;-3,648399702;4926,73
9470;40,40811835;-3,644557076;5087,87
9471;40,39936366;-3,640892801;5651,72
9472;40,41133105;-3,637130723;5655,49
9473;40,39876675;-3,640680677;5691,83
9474;40,3985743;-3,640494918;5714,15
9475;40,40769449;-3,639854454;5487,72
9476;40,40424174;-3,637179369;5791,96
9477;40,40742827;-3,649457335;4698,17
9478;40,40965932;-3,654490869;4229,54
9479;40,40965932;-3,654490869;4229,54
9480;40,40887745;-3,660915879;3717,15
9481;40,4076165;-3,64179813;5327,85
9482;40,40241745;-3,647324298;5024,92
9483;40,40424174;-3,637179369;5791,96
9484;40,40556791;-3,651090517;4615,96
9485;40,41993892;-3,657570045;3904,52
9486;40,4067996;-3,648433915;4798,6
9487;40,39936366;-3,640892801;5651,72
9488;40,39936366;-3,640892801;5651,72
9489;40,4075081;-3,6436362;5177,73
9490;40,39770934;-3,640212478;5771,47
9491;40,3976861;-3,6427738;5571,62
9492;40,4038221;-3,647318676;4977,33
9493;40,38094395;-3,671127652;4852,75
9494;40,3847811;-3,6521531;5631,33
9495;40,3854556;-3,671715659;4417,39
9496;40,3855174;-3,6720329;4395,6
9497;40,39163105;-3,664316752;4352,36
9498;40,38446835;-3,672078821;4486,59
9499;40,3784298;-3,666448353;5310,08
9500;40,38298268;-3,67153806;4647,15
9501;40,3705309;-3,65952364;6365,43
9502;40,42164306;-3,881709776;15093,34
9503;40,3843873;-3,6710302;4547,03
9504;40,29624494;-3,455077725;24965,99
9505;40,3974962;-3,6631316;4046,3
9506;40,29624494;-3,455077725;24965,99
9507;40,3833946;-3,671088564;4632,47
9508;40,3711957;-3,6593191;6315,89
9509;40,39635016;-3,663697975;4076,07
9510;40,37118625;-3,6577715;6395,28
9511;40,39635016;-3,663697975;4076,07
9512;40,42164306;-3,881709776;15093,34
9513;40,38350365;-3,672993238;4528,74
9514;40,40508589;-3,661938093;3759,65
9515;40,29624494;-3,455077725;24965,99
9516;40,38369505;-3,673023068;4509,83
9517;40,3753784;-3,6676157;5532,41
9518;40,39305688;-3,668383686;3988,43
9519;40,3790449;-3,6717573;4999,48
9520;40,38298268;-3,67153806;4647,15
9521;40,139117;-3,6547366;31168,84
9522;40,40220354;-3,658073567;4182,65
9523;40,3868601;-3,6591803;5028,78
9524;40,3995283;-3,6596765;4187,19
9525;40,42164306;-3,881709776;15093,34
9526;40,3890309;-3,6573217;4993,81
9527;40,39365905;-3,670601559;3804,48
9528;40,3867006;-3,652543289;5472,11
9529;40,3857453;-3,6520135;5573,08
9530;40,3918991;-3,668708488;4055,28
9531;40,3882119;-3,669768301;4286,76
9532;40,3882267;-3,667325447;4426,18
9533;40,3777403;-3,663649026;5514,01
9534;40,3995283;-3,6596765;4187,19
9535;40,3851845;-3,6525089;5579,59
9536;40,3922796;-3,6674239;4106,64
9537;40,3918668;-3,636100431;6353,55
9538;40,3868601;-3,6591803;5028,78
9539;40,39046735;-3,666471546;4302,34
9540;40,3995283;-3,6596765;4187,19
9541;40,40099898;-3,663683231;3810,76
9542;40,38169791;-3,645106277;6311,11
9543;40,3922796;-3,6674239;4106,64
9544;40,3992045;-3,664729;3831,45
9545;40,384139;-3,6680301;4726,38
9546;40,38868502;-3,667760201;4363,92
9547;40,3868601;-3,6591803;5028,78
9548;40,3868601;-3,6591803;5028,78
9549;40,3922796;-3,6674239;4106,64
9550;40,3975547;-3,6660911;3833,17
9551;40,39072652;-3,668880063;4135,6
9552;40,39607711;-3,658977153;4428,31
9553;40,39344015;-3,667751686;4000,54
9554;40,3868601;-3,6591803;5028,78
9555;40,39606851;-3,670197185;3653,81
9556;40,3868601;-3,6591803;5028,78
9557;40,38568368;-3,668070624;4592,86
9558;40,39706367;-3,664019145;4009,31
9559;40,3922796;-3,6674239;4106,64
9560;40,3804236;-3,6688721;5010,02
9561;40,4831669;-3,362716816;29763,12
9562;40,3927067;-3,6647635;4246,66
9563;40,3954389;-3,6704033;3685,39
9564;40,3868601;-3,6591803;5028,78
9565;40,40154178;-3,663580049;3790,84
9566;40,39293715;-3,67129805;3817,19
9567;40,390509;-3,6689479;4148,63
9568;40,3910377;-3,6649391;4355,65
9569;40,3917726;-3,6666871;4190,74
9570;40,39257065;-3,670065233;3920,56
9571;40,38974077;-3,670860593;4098,61
9572;40,5545091;-3,32971335;35119,9
9573;40,37669768;-3,666271342;5475,24
9574;40,3992045;-3,664729;3831,45
9575;40,3804236;-3,6688721;5010,02
9576;40,39997864;-3,666990674;3623,03
9577;40,38466499;-3,639036954;6534,58
9578;40,40099898;-3,663683231;3810,76
9579;40,3868601;-3,6591803;5028,78
9580;40,29624494;-3,455077725;24965,99
9581;40,3918668;-3,636100431;6353,55
9582;40,3868601;-3,6591803;5028,78
9583;40,3868601;-3,6591803;5028,78
9584;40,3868601;-3,6591803;5028,78
9585;40,3790449;-3,6717573;4999,48
9586;40,3922796;-3,6674239;4106,64
9587;40,3868601;-3,6591803;5028,78
9588;40,3868601;-3,6591803;5028,78
9589;40,3868601;-3,6591803;5028,78
9590;40,38760305;-3,656242643;5164,54
9591;40,39628735;-3,667799352;3798,02
9592;40,38842309;-3,666040827;4486,72
9593;40,3868601;-3,6591803;5028,78
9594;40,38429786;-3,640411337;6460,5
9595;40,40322826;-3,656868664;4234,3
9596;40,709368;-4,0758511;45238,38
9597;40,3839984;-3,668701081;4702,63
9598;40,38787025;-3,665215673;4579,61
9599;40,3868601;-3,6591803;5028,78
9600;40,3868601;-3,6591803;5028,78
9601;40,3868601;-3,6591803;5028,78
9602;40,3868601;-3,6591803;5028,78
9603;40,3848792;-3,652493;5602,18
9604;40,3827392;-3,6711107;4690,26
9605;40,40099898;-3,663683231;3810,76
9606;40,3799176;-3,6686632;5066,02
9607;40,37907416;-3,675417003;4836,95
9608;40,3829847;-3,6715416;4646,79
9609;40,3868601;-3,6591803;5028,78
9610;40,3739638;-3,6704247;5540,43
9611;40,3868601;-3,6591803;5028,78
9612;40,3868601;-3,6591803;5028,78
9613;40,3995283;-3,6596765;4187,19
9614;40,3981626;-3,661049011;4158,68
9615;40,3885149;-3,6481018;5658,25
9616;40,3738488;-3,6614648;5970,61
9617;40,39607711;-3,658977153;4428,31
9618;40,3829023;-3,6643453;5033,29
9619;40,391914;-3,6393995;6101,38
9620;40,3821307;-3,6661249;5001,38
9621;40,3922796;-3,6674239;4106,64
9622;40,3809257;-3,6750617;4674,25
9623;40,3868601;-3,6591803;5028,78
9624;40,3964798;-3,6636152;4073,8
9625;40,3864959;-3,654427313;5361,5
9626;40,4043967;-3,6601023;3932,14
9627;40,3929037;-3,6681113;4016,99
9628;40,3790816;-3,665461;5302,2
9629;40,3830391;-3,666138;4922,89
9630;40,3911067;-3,6686157;4121,93
9631;40,38942835;-3,670701884;4133,34
9632;40,3967776;-3,662963425;4101,49
9633;40,3868601;-3,6591803;5028,78
9634;40,3948825;-3,668128223;3872,91
9635;40,3922796;-3,6674239;4106,64
9636;40,3868601;-3,6591803;5028,78
9637;40,40286923;-3,657279733;4216,52
9638;40,3993657;-3,664381;3847,6
9639;40,3867085;-3,6388382;6426,85
9640;40,3957896;-3,645719501;5430,24
9641;40,3778188;-3,6616495;5612,53
9642;40,3858964;-3,6671681;4625,49
9643;40,383033;-3,646899597;6099,9
9644;40,3863961;-3,670586332;4395,02
9645;40,39191938;-3,645049585;5679,53
9646;40,3831504;-3,6721482;4601,98
9647;40,3855151;-3,6387491;6503,65
9648;40,3965654;-3,6697503;3648,53
9649;40,39688389;-3,657586818;4483,68
9650;40,378749;-3,6698993;5113,17
9651;40,3778188;-3,6616495;5612,53
9652;40,4483662;-3,5957495;9768,15
9653;40,4022033;-3,6541784;4487,94
9654;40,38760305;-3,656242643;5164,54
9655;40,3910131;-3,6631256;4473,75
9656;40,376125;-3,6685776;5418,32
9657;40,3920767;-3,6714295;3876,9
9658;40,39968657;-3,664112587;3849,27
9659;40,39893645;-3,667856485;3623,4
9660;40,384139;-3,6680301;4726,38
9661;40,3866389;-3,6578546;5129,27
9662;40,3868601;-3,6591803;5028,78
9663;40,3925989;-3,664023;4302,83
9664;40,3886373;-3,6704425;4213,45
9665;40,3868601;-3,6591803;5028,78
9666;40,3868601;-3,6591803;5028,78
9667;40,3868601;-3,6591803;5028,78
9668;40,3846191;-3,6676996;4703,3
9669;40,3945449;-3,6442975;5599,23
9670;40,40381265;-3,661046249;3881,49
9671;40,4022542;-3,6651282;3638,11
9672;40,3886373;-3,6704425;4213,45
9673;40,3834025;-3,6632399;5054,29
9674;40,4043967;-3,6601023;3932,14
9675;40,38394641;-3,64609643;6091,77
9676;40,391914;-3,6393995;6101,38
9677;40,3917125;-3,6642689;4349,6
9678;40,5545091;-3,32971335;35119,9
9679;40,3857527;-3,6524245;5545,37
9680;40,3861742;-3,6329556;6885,68
9681;40,39688389;-3,657586818;4483,68
9682;40,39603889;-3,645032309;5470,9
9683;40,3839984;-3,668701081;4702,63
9684;40,3877868;-3,6540601;5296,56
9685;40,3993657;-3,664381;3847,6
9686;40,3995283;-3,6596765;4187,19
9687;40,3868601;-3,6591803;5028,78
9688;40,3944673;-3,6693235;3825,14
9689;40,384139;-3,6680301;4726,38
9690;40,3868601;-3,6591803;5028,78
9691;40,39569446;-3,660478023;4343,59
9692;40,3947476;-3,6686926;3845,66
9693;40,38604;-3,6403474;6358,17
9694;40,3899494;-3,651816;5308,43
9695;40,38568368;-3,668070624;4592,86
9696;40,3975547;-3,6660911;3833,17
9697;40,3904174;-3,8499637;12745,68
9698;40,3810309;-3,6317406;7272,96
9699;40,3982863;-3,6522487;4811,65
9700;40,39191938;-3,645049585;5679,53
9701;40,3867085;-3,6388382;6426,85
9702;40,3982863;-3,6522487;4811,65
9703;40,3922381;-3,6649773;4266,06
9704;40,3790816;-3,665461;5302,2
9705;40,3790816;-3,665461;5302,2
9706;40,39109141;-3,640512483;6060,54
9707;40,4004266;-3,65859074;4224,51
9708;40,3858964;-3,6671681;4625,49
9709;40,3784373;-3,666437;5309,97
9710;40,396583;-3,6498899;5074,27
9711;40,3939003;-3,6501282;5196,71
9712;40,3932925;-3,6697386;3885,81
9713;40,3918786;-3,66196785;4488,75
9714;40,3867085;-3,6388382;6426,85
9715;40,39688389;-3,657586818;4483,68
9716;40,3897082;-3,6480999;5585,31
9717;40,3738488;-3,6614648;5970,61
9718;40,3874867;-3,6626328;4766,26
9719;40,39072652;-3,668880063;4135,6
9720;40,3925285;-3,6700813;3922,82
9721;40,3812548;-3,658977;5475,19
9722;40,39144719;-3,636674392;6330,69
9723;40,3875826;-3,6451971;5920,41
9724;40,3867085;-3,6388382;6426,85
9725;40,3866788;-3,665738;4643,51
9726;40,3882488;-3,6504326;5512,74
9727;40,40154178;-3,663580049;3790,84
9728;40,3790195;-3,6600461;5598,01
9729;40,380461;-3,6703095;4936,29
9730;40,3876566;-3,663549;4697,08
9731;40,3910131;-3,6631256;4473,75
9732;40,3868601;-3,6591803;5028,78
9733;40,3874867;-3,6626328;4766,26
9734;40,3875826;-3,6451971;5920,41
9735;40,39867761;-3,665929655;3775,86
9736;40,3873299;-3,6515944;5493,47
9737;40,3868601;-3,6591803;5028,78
9738;40,3790195;-3,6600461;5598,01
9739;40,380748;-3,6562544;5676,33
9740;40,3856462;-3,6567261;5273,89
9741;40,3825193;-3,6669315;4924,75
9742;40,3917125;-3,6642689;4349,6
9743;40,3993657;-3,664381;3847,6
9744;40,3790195;-3,6600461;5598,01
9745;40,3853981;-3,6399207;6427,3
9746;40,29624494;-3,455077725;24965,99
9747;40,3830924;-3,6738828;4524,14
9748;40,3814023;-3,64501396;6337,69
9749;40,384139;-3,6680301;4726,38
9750;40,38040185;-3,637771172;6892,91
9751;40,38924332;-3,657374799;4975,63
9752;40,45565881;-3,711069046;4352,11
9753;40,39033985;-3,666396318;4316,7
9754;40,38414218;-3,629299868;7266,8
9755;40,3826302;-3,671179225;4696,71
9756;40,38853308;-3,670317767;4229,13
9757;40,3925285;-3,6700813;3922,82
9758;40,38642075;-3,667165242;4582,29
9759;40,3876566;-3,663549;4697,08
9760;40,3814786;-3,6693421;4891,74
9761;40,3815908;-3,6546322;5709,08
9762;40,3868601;-3,6591803;5028,78
9763;40,3925285;-3,6700813;3922,82
9764;40,40508589;-3,661938093;3759,65
9765;40,3810309;-3,6317406;7272,96
9766;40,38040185;-3,637771172;6892,91
9767;40,38911215;-3,661342475;4725,9
9768;40,39499873;-3,660509279;4383,97
9769;40,40322826;-3,656868664;4234,3
9770;40,39456181;-3,660638495;4402,17
9771;40,38042849;-3,651926471;5964,6
9772;40,384139;-3,6680301;4726,38
9773;40,39144719;-3,636674392;6330,69
9774;40,3868601;-3,6591803;5028,78
9775;40,379077;-3,66355398;5402,29
9776;40,3995283;-3,6596765;4187,19
9777;40,39191938;-3,645049585;5679,53
9778;40,3810309;-3,6317406;7272,96
9779;40,3868601;-3,6591803;5028,78
9780;40,40508589;-3,661938093;3759,65
9781;40,3974903;-3,6644994;3949,25
9782;40,39293715;-3,67129805;3817,19
9783;40,38921816;-3,670028123;4189,09
9784;40,38201617;-3,670925237;4764,78
9785;40,38661447;-3,657768961;5136,52
9786;40,40075745;-3,651489654;4759,08
9787;40,3868601;-3,6591803;5028,78
9788;40,38052065;-3,660584344;5442,79
9789;40,383977;-3,6384832;6615,91
9790;40,38394641;-3,64609643;6091,77
9791;40,40508589;-3,661938093;3759,65
9792;40,3810309;-3,6317406;7272,96
9793;40,4899079;-3,378312686;28687,94
9794;40,38125332;-3,670740367;4843,13
9795;40,38924332;-3,657374799;4975,63
9796;40,38924332;-3,657374799;4975,63
9797;40,3995283;-3,6596765;4187,19
9798;40,40103392;-3,660387419;4058,15
9799;40,31196495;-3,724831784;11811,79
9800;40,3886373;-3,6704425;4213,45
9801;40,3974903;-3,6644994;3949,25
9802;40,3974903;-3,6644994;3949,25
9803;40,39347864;-3,657163964;4713,44
9804;40,3992045;-3,664729;3831,45
9805;40,3868141;-3,669840343;4399,87
9806;40,3867085;-3,6388382;6426,85
9807;40,3868601;-3,6591803;5028,78
9808;40,139117;-3,6547366;31168,84
9809;40,3969714;-3,6594559;4342,12
9810;40,38699085;-3,638240244;6453,79
9811;40,3886373;-3,6704425;4213,45
9812;40,38921816;-3,670028123;4189,09
9813;40,38579328;-3,667261552;4628,8
9814;40,40012295;-3,664187513;3819,78
9815;40,38394641;-3,64609643;6091,77
9816;40,3868601;-3,6591803;5028,78
9817;40,39491902;-3,667957497;3881,54
9818;40,3910131;-3,6631256;4473,75
9819;40,39997864;-3,666990674;3623,03
9820;40,384139;-3,6680301;4726,38
9821;40,3867085;-3,6388382;6426,85
9822;40,38768935;-3,669008968;4372,95
9823;40,39688389;-3,657586818;4483,68
9824;40,38394641;-3,64609643;6091,77
9825;40,39072652;-3,668880063;4135,6
9826;40,3925285;-3,6700813;3922,82
9827;40,3974903;-3,6644994;3949,25
9828;40,3925285;-3,6700813;3922,82
9829;40,3917726;-3,6666871;4190,74
9830;40,3953006;-3,671688;3613,53
9831;40,39081505;-3,647185668;5585,48
9832;40,3917726;-3,6666871;4190,74
9833;40,3886373;-3,6704425;4213,45
9834;40,30325237;-3,475268935;23105,13
9835;40,31196495;-3,724831784;11811,79
9836;40,39088;-3,669384;4093,34
9837;40,39255785;-3,670410498;3900,47
9838;40,3922796;-3,6674239;4106,64
9839;40,38921816;-3,670028123;4189,09
9840;40,38921816;-3,670028123;4189,09
9841;40,3995662;-3,6656189;3746,14
9842;40,37609856;-3,668549174;5422,1
9843;40,3821307;-3,6661249;5001,38
9844;40,3863365;-3,6626344;4854,96
9845;40,3868601;-3,6591803;5028,78
9846;40,37935104;-3,658637416;5649,85
9847;40,39456181;-3,660638495;4402,17
9848;40,40467835;-3,661998646;3771,01
9849;40,3807149;-3,674485675;4719,58
9850;40,3922796;-3,6674239;4106,64
9851;40,384139;-3,6680301;4726,38
9852;40,38866319;-3,668591056;4317,16
9853;40,3995283;-3,6596765;4187,19
9854;40,45565881;-3,711069046;4352,11
9855;40,39222735;-3,66009185;4591
9856;40,3938371;-3,661939095;4358,81
9857;40,3876566;-3,663549;4697,08
9858;40,3965654;-3,6697503;3648,53
9859;40,3965654;-3,6697503;3648,53
9860;40,58722156;-3,781887594;20059,92
9861;40,38645508;-3,669471597;4450,52
9862;40,39688389;-3,657586818;4483,68
9863;40,39688389;-3,657586818;4483,68
9864;40,40043279;-3,663256856;3872,21
9865;40,4643278;-3,721480357;5483,71
9866;40,4643278;-3,721480357;5483,71
9867;40,4643278;-3,721480357;5483,71
9868;40,384139;-3,6680301;4726,38
9869;40,39390288;-3,617661984;7708,34
9870;40,58492954;-3,996339598;31014,19
9871;40,39390288;-3,617661984;7708,34
9872;40,39390288;-3,617661984;7708,34
9873;40,39390288;-3,617661984;7708,34
9874;40,39390288;-3,617661984;7708,34
9875;40,3868601;-3,6591803;5028,78
9876;40,38309098;-3,633227858;7042,92
9877;40,3882488;-3,6504326;5512,74
9878;40,4048522;-3,6618797;3773,47
9879;40,4048522;-3,6618797;3773,47
9880;40,38309098;-3,633227858;7042,92
9881;40,38309098;-3,633227858;7042,92
9882;40,38309098;-3,633227858;7042,92
9883;40,39204859;-3,639551444;6083,1
9884;40,38040185;-3,637771172;6892,91
9885;40,3922381;-3,6649773;4266,06
9886;40,38042849;-3,651926471;5964,6
9887;40,39390288;-3,617661984;7708,34
9888;40,3900048;-3,646754;5663,88
9889;40,3922796;-3,6674239;4106,64
9890;40,3808683;-3,650216391;6038,87
9891;40,3913273;-3,6692713;4065,07
9892;40,3856043;-3,667637566;4623,56
9893;40,3930246;-3,6680908;4009,35
9894;40,3868601;-3,6591803;5028,78
9895;40,4038178;-3,66058569;3917,44
9896;40,3858407;-3,63835677;6512,38
9897;40,3868601;-3,6591803;5028,78
9898;40,3918668;-3,636100431;6353,55
9899;40,39635016;-3,663697975;4076,07
9900;40,3908151;-3,662195165;4548,31
9901;40,3931467;-3,665115;4192,64
9902;40,3914249;-3,6685782;4099,63
9903;40,42164306;-3,881709776;15093,34
9904;40,38634035;-3,665233468;4700,23
9905;40,3868601;-3,6591803;5028,78
9906;40,3958627;-3,669291618;3727,7
9907;40,39313595;-3,671555394;3786,15
9908;40,39499873;-3,660509279;4383,97
9909;40,380387;-3,6540998;5834,34
9910;40,3876013;-3,670106815;4318,77
9911;40,3922796;-3,6674239;4106,64
9912;40,3821341;-3,6664303;4984,75
9913;40,3922381;-3,6649773;4266,06
9914;40,39569575;-3,665335348;4004,65
9915;40,3868601;-3,6591803;5028,78
9916;40,40322616;-3,664144693;3666,42
9917;40,3868601;-3,6591803;5028,78
9918;40,3911067;-3,6686157;4121,93
9919;40,38568368;-3,668070624;4592,86
9920;40,3992045;-3,664729;3831,45
9921;40,3868601;-3,6591803;5028,78
9922;40,3865851;-3,668725598;4480,8
9923;40,404429;-3,6599962;3939,27
9924;40,40381265;-3,661046249;3881,49
9925;40,39499873;-3,660509279;4383,97
9926;40,38579328;-3,667261552;4628,8
9927;40,38887375;-3,662559135;4666,22
9928;40,3982863;-3,6522487;4811,65
9929;40,3868601;-3,6591803;5028,78
9930;40,4037401;-3,6579065;4131,87
9931;40,3868601;-3,6591803;5028,78
9932;40,3993657;-3,664381;3847,6
9933;40,3868601;-3,6591803;5028,78
9934;40,38911215;-3,661342475;4725,9
9935;40,3739638;-3,6704247;5540,43
9936;40,3922796;-3,6674239;4106,64
9937;40,3739638;-3,6704247;5540,43
9938;40,3904768;-3,6688222;4158,68
9939;40,3868141;-3,669840343;4399,87
9940;40,39041658;-3,642763968;5930,38
9941;40,4038439;-3,657802;4136,06
9942;40,3974903;-3,6644994;3949,25
9943;40,39825008;-3,660958233;4160,46
9944;40,39688389;-3,657586818;4483,68
9945;40,40197643;-3,661184262;3952,26
9946;40,38394641;-3,64609643;6091,77
9947;40,3868601;-3,6591803;5028,78
9948;40,38058311;-3,638977056;6798,68
9949;40,389923;-3,653236779;5211,34
9950;40,3868601;-3,6591803;5028,78
9951;40,39956074;-3,658889855;4244,71
9952;40,39144719;-3,636674392;6330,69
9953;40,3993657;-3,664381;3847,6
9954;40,139117;-3,6547366;31168,84
9955;40,3911414;-3,667245;4203,3
9956;40,39873636;-3,665165692;3827,09
9957;40,3737189;-3,626932113;8072,87
9958;40,38369505;-3,673023068;4509,83
9959;40,3879612;-3,6536704;5310,9
9960;40,3821341;-3,6664303;4984,75
9961;40,38568368;-3,668070624;4592,86
9962;40,384139;-3,6680301;4726,38
9963;40,3918668;-3,636100431;6353,55
9964;40,3850948;-3,6376752;6605,48
9965;40,38394641;-3,64609643;6091,77
9966;40,39688389;-3,657586818;4483,68
9967;40,3921259;-3,6702318;3944,82
9968;40,3969714;-3,6594559;4342,12
9969;40,384139;-3,6680301;4726,38
9970;40,3790195;-3,6600461;5598,01
9971;40,39209529;-3,663592485;4366,46
9972;40,393666;-3,657956;4646,09
9973;40,3925989;-3,664023;4302,83
9974;40,380906;-3,634480596;7088,03
9975;40,3918555;-3,66833335;4081,74
9976;40,3925285;-3,6700813;3922,82
9977;40,38040185;-3,637771172;6892,91
9978;40,3882488;-3,6504326;5512,74
9979;40,38627997;-3,655610428;5299,62
9980;40,39606667;-3,669387525;3707,14
9981;40,3911067;-3,6686157;4121,93
9982;40,38895472;-3,669201324;4258,17
9983;40,39257065;-3,670065233;3920,56
9984;40,4182942;-3,6740052;2503,49
9985;40,33281135;-3,84294105;15066,35
9986;40,42111572;-3,663210908;3444,12
9987;40,4111495;-3,6760566;2413,02
9988;40,4111495;-3,6760566;2413,02
9989;40,4157858;-3,6800067;1995,1
9990;40,41708709;-3,688874444;1240,31
9991;40,40383696;-3,677092635;2670,53
9992;40,42256619;-3,678854399;2179,99
9993;40,40264405;-3,675516284;2855,03
9994;40,40519869;-3,677067059;2592,86
9995;40,4035403;-3,679671348;2509,88
9996;40,4189526;-3,6737251;2532,56
9997;40,4111495;-3,6760566;2413,02
9998;40,4189526;-3,6737251;2532,56
9999;40,4111495;-3,6760566;2413,02
10000;40,4127571;-3,6902954;1212,81
10001;40,41807484;-3,673857544;2514,64
10002;40,4189526;-3,6737251;2532,56
10003;40,4166599;-3,674540437;2453,9
10004;40,40298775;-3,671467788;3126,38
10005;40,4183416;-3,6746229;2451,63
10006;40,4111495;-3,6760566;2413,02
10007;40,4111495;-3,6760566;2413,02
10008;40,4111495;-3,6760566;2413,02
10009;40,4189526;-3,6737251;2532,56
10010;40,4111495;-3,6760566;2413,02
10011;40,4189526;-3,6737251;2532,56
10012;40,403496;-3,672260852;3040,07
10013;40,40825335;-3,680330539;2188,49
10014;40,4160929;-3,6892674;1210,64
10015;40,41666709;-3,672911813;2591,76
10016;40,4189526;-3,6737251;2532,56
10017;40,4111495;-3,6760566;2413,02
10018;40,4091686;-3,6696989;2991,37
10019;40,4152822;-3,6887684;1262,78
10020;40,4189526;-3,6737251;2532,56
10021;40,3945278;-3,6837102;3004,48
10022;40,4111495;-3,6760566;2413,02
10023;40,42111572;-3,663210908;3444,12
10024;40,4201916;-3,672646354;2638,82
10025;40,4019026;-3,6709579;3224,84
10026;40,55588265;-3,32426695;35600,81
10027;40,41807484;-3,673857544;2514,64
10028;40,4189526;-3,6737251;2532,56
10029;40,4189526;-3,6737251;2532,56
10030;40,4189526;-3,6737251;2532,56
10031;40,45651009;-3,445982201;22236,14
10032;40,40487866;-3,675620803;2716,75
10033;40,4013961;-3,6748832;2978,07
10034;40,4111495;-3,6760566;2413,02
10035;40,41936357;-3,674579195;2465,11
10036;40,4125735;-3,6890288;1319,86
10037;40,41807484;-3,673857544;2514,64
10038;40,42283033;-3,677405738;2305,91
10039;40,4189526;-3,6737251;2532,56
10040;40,4013961;-3,6748832;2978,07
10041;40,18885569;-3,772480002;26027,52
10042;40,418309;-3,6736927;2530
10043;40,41807484;-3,673857544;2514,64
10044;40,40459895;-3,680303977;2397,69
10045;40,418775;-3,6763941;2305,75
10046;40,4111495;-3,6760566;2413,02
10047;40,35169491;-3,68866936;7363,53
10048;40,4189526;-3,6737251;2532,56
10049;40,4189526;-3,6737251;2532,56
10050;40,41936357;-3,674579195;2465,11
10051;40,42283033;-3,677405738;2305,91
10052;40,4040429;-3,6807522;2403,07
10053;40,40271375;-3,671781505;3118,7
10054;40,49311725;-3,8658013;16132,71
10055;40,41292276;-3,669775188;2891,95
10056;40,4111495;-3,6760566;2413,02
10057;40,40531158;-3,678615237;2473,92
10058;40,4183416;-3,6746229;2451,63
10059;40,4013961;-3,6748832;2978,07
10060;40,4013961;-3,6748832;2978,07
10061;40,4183416;-3,6746229;2451,63
10062;40,4038646;-3,677642594;2629,93
10063;40,4019026;-3,6709579;3224,84
10064;40,4189526;-3,6737251;2532,56
10065;40,4189526;-3,6737251;2532,56
10066;40,4111495;-3,6760566;2413,02
10067;40,4189526;-3,6737251;2532,56
10068;40,4110941;-3,6737205;2605,69
10069;40,40254454;-3,682887655;2369,83
10070;40,4111495;-3,6760566;2413,02
10071;40,4152822;-3,6887684;1262,78
10072;40,4160929;-3,6892674;1210,64
10073;40,4134344;-3,6903574;1180,99
10074;40,41804626;-3,689710372;1175,85
10075;40,4189526;-3,6737251;2532,56
10076;40,4189526;-3,6737251;2532,56
10077;40,4019026;-3,6709579;3224,84
10078;40,42283033;-3,677405738;2305,91
10079;40,4183416;-3,6746229;2451,63
10080;40,4189526;-3,6737251;2532,56
10081;40,4110941;-3,6737205;2605,69
10082;40,41807484;-3,673857544;2514,64
10083;40,41804626;-3,689710372;1175,85
10084;40,4160929;-3,6892674;1210,64
10085;40,4111495;-3,6760566;2413,02
10086;40,4189526;-3,6737251;2532,56
10087;40,4111495;-3,6760566;2413,02
10088;40,41292276;-3,669775188;2891,95
10089;40,42283033;-3,677405738;2305,91
10090;40,42283033;-3,677405738;2305,91
10091;40,41654731;-3,690516888;1102,04
10092;40,41807484;-3,673857544;2514,64
10093;40,4119861;-3,675643;2423,94
10094;40,4183416;-3,6746229;2451,63
10095;40,40374908;-3,682766286;2289,34
10096;40,42091996;-3,683644633;1740,04
10097;40,4160929;-3,6892674;1210,64
10098;40,4111495;-3,6760566;2413,02
10099;40,4117618;-3,6669977;3145,57
10100;40,51833137;-3,921391047;21604,96
10101;40,40536736;-3,684497564;2061,96
10102;40,42091996;-3,683644633;1740,04
10103;40,49311725;-3,8658013;16132,71
10104;40,42091996;-3,683644633;1740,04
10105;40,41804626;-3,689710372;1175,85
10106;40,417027;-3,675094;2406,85
10107;40,4019026;-3,6709579;3224,84
10108;40,40523667;-3,676912763;2602,04
10109;40,40519869;-3,677067059;2592,86
10110;40,4189526;-3,6737251;2532,56
10111;40,40536736;-3,684497564;2061,96
10112;40,4214328;-3,676759;2320,15
10113;40,41666709;-3,672911813;2591,76
10114;40,4189526;-3,6737251;2532,56
10115;40,41807484;-3,673857544;2514,64
10116;40,41804626;-3,689710372;1175,85
10117;40,4160929;-3,6892674;1210,64
10118;40,4110941;-3,6737205;2605,69
10119;40,42111572;-3,663210908;3444,12
10120;40,4183416;-3,6746229;2451,63
10121;40,4183416;-3,6746229;2451,63
10122;40,4110941;-3,6737205;2605,69
10123;40,4028146;-3,6689091;3325,25
10124;40,4139555;-3,6900599;1187,29
10125;40,41734806;-3,671504869;2711,05
10126;40,42111572;-3,663210908;3444,12
10127;40,40555605;-3,679560468;2391,55
10128;40,40190575;-3,668814261;3381,16
10129;40,4208535;-3,677496;2245,92
10130;40,4056924;-3,67886182;2434,11
10131;40,4100084;-3,6734821;2657,74
10132;40,40487866;-3,675620803;2716,75
10133;40,4152822;-3,6887684;1262,78
10134;40,41348336;-3,676989086;2279,15
10135;40,4201916;-3,672646354;2638,82
10136;40,40734205;-3,67687945;2495,7
10137;40,4042973;-3,6811007;2362,52
10138;40,40446567;-3,674614453;2813,52
10139;40,4189526;-3,6737251;2532,56
10140;40,4078503;-3,6793543;2282,45
10141;40,4147661;-3,6903145;1144,21
10142;40,4111495;-3,6760566;2413,02
10143;40,41807484;-3,673857544;2514,64
10144;40,4111495;-3,6760566;2413,02
10145;40,41743765;-3,67743894;2208,99
10146;40,4160929;-3,6892674;1210,64
10147;40,4019026;-3,6709579;3224,84
10148;40,417071;-3,675661;2358,87
10149;40,40734205;-3,67687945;2495,7
10150;40,41936357;-3,674579195;2465,11
10151;40,4183416;-3,6746229;2451,63
10152;40,42111572;-3,663210908;3444,12
10153;40,4174959;-3,6913082;1035,99
10154;40,4147661;-3,6903145;1144,21
10155;40,4148535;-3,6831943;1736,71
10156;40,41371186;-3,668895034;2953,63
10157;40,41807484;-3,673857544;2514,64
10158;40,42283033;-3,677405738;2305,91
10159;40,4013961;-3,6748832;2978,07
10160;40,40696994;-3,68204739;2129,79
10161;40,4183416;-3,6746229;2451,63
10162;40,40932916;-3,674603748;2590,71
10163;40,4111495;-3,6760566;2413,02
10164;40,42283033;-3,677405738;2305,91
10165;40,41807484;-3,673857544;2514,64
10166;40,40041315;-3,668594388;3482,07
10167;40,4111495;-3,6760566;2413,02
10168;40,4075923;-3,6716693;2890,43
10169;40,42283033;-3,677405738;2305,91
10170;40,42111572;-3,663210908;3444,12
10171;40,4189526;-3,6737251;2532,56
10172;40,41654731;-3,690516888;1102,04
10173;40,40932916;-3,674603748;2590,71
10174;40,4183416;-3,6746229;2451,63
10175;40,4016227;-3,6715256;3200,31
10176;40,4124879;-3,662949855;3470,58
10177;40,4189526;-3,6737251;2532,56
10178;40,4189526;-3,6737251;2532,56
10179;40,4189526;-3,6737251;2532,56
10180;40,42283033;-3,677405738;2305,91
10181;40,4183416;-3,6746229;2451,63
10182;40,4183416;-3,6746229;2451,63
10183;40,4164151;-3,6897654;1166,26
10184;40,4183416;-3,6746229;2451,63
10185;40,33281135;-3,84294105;15066,35
10186;40,40813147;-3,690348921;1484,66
10187;40,42283033;-3,677405738;2305,91
10188;40,3989746;-3,6735968;3226,87
10189;40,4111495;-3,6760566;2413,02
10190;40,4110941;-3,6737205;2605,69
10191;40,42283033;-3,677405738;2305,91
10192;40,42111572;-3,663210908;3444,12
10193;40,4189526;-3,6737251;2532,56
10194;40,4199139;-3,667318;3082,82
10195;40,4089581;-3,6764306;2459,65
10196;40,4189526;-3,6737251;2532,56
10197;40,41348336;-3,676989086;2279,15
10198;40,4089581;-3,6764306;2459,65
10199;40,41831785;-3,689534221;1194,17
10200;40,40383696;-3,677092635;2670,53
10201;40,4197586;-3,6670521;3103,41
10202;40,4176158;-3,6716069;2703,06
10203;40,40707045;-3,669279788;3100,13
10204;40,4089581;-3,6764306;2459,65
10205;40,4183416;-3,6746229;2451,63
10206;40,42283033;-3,677405738;2305,91
10207;40,4208535;-3,677496;2245,92
10208;40,421218;-3,673185;2611,98
10209;40,40536736;-3,684497564;2061,96
10210;40,4111495;-3,6760566;2413,02
10211;40,42111572;-3,663210908;3444,12
10212;40,42091996;-3,683644633;1740,04
10213;40,41048875;-3,667718881;3115,13
10214;40,4111495;-3,6760566;2413,02
10215;40,4134344;-3,6903574;1180,99
10216;40,40445146;-3,674291638;2838,11
10217;40,4111495;-3,6760566;2413,02
10218;40,41674725;-3,676915235;2252,76
10219;40,4189526;-3,6737251;2532,56
10220;40,4189526;-3,6737251;2532,56
10221;40,42283033;-3,677405738;2305,91
10222;40,4111495;-3,6760566;2413,02
10223;40,42283033;-3,677405738;2305,91
10224;40,41807484;-3,673857544;2514,64
10225;40,4208535;-3,677496;2245,92
10226;40,4189526;-3,6737251;2532,56
10227;40,4100655;-3,6645272;3388,97
10228;40,42283033;-3,677405738;2305,91
10229;40,41292276;-3,669775188;2891,95
10230;40,40523667;-3,676912763;2602,04
10231;40,4189526;-3,6737251;2532,56
10232;40,4189526;-3,6737251;2532,56
10233;40,4111495;-3,6760566;2413,02
10234;40,415072;-3,6932785;891,98
10235;40,4002746;-3,6695695;3420,55
10236;40,4110941;-3,6737205;2605,69
10237;40,40569763;-3,675178665;2706,08
10238;40,4013961;-3,6748832;2978,07
10239;40,4110941;-3,6737205;2605,69
10240;40,4110941;-3,6737205;2605,69
10241;40,4189526;-3,6737251;2532,56
10242;40,4063155;-3,6818307;2183,98
10243;40,4111495;-3,6760566;2413,02
10244;40,417836;-3,6617174;3540,64
10245;40,403613;-3,675244495;2815,99
10246;40,4189526;-3,6737251;2532,56
10247;40,4043976;-3,6681663;3302,66
10248;40,4189526;-3,6737251;2532,56
10249;40,42283033;-3,677405738;2305,91
10250;40,4013961;-3,6748832;2978,07
10251;40,41760898;-3,676296696;2306,19
10252;40,4111495;-3,6760566;2413,02
10253;40,42111572;-3,663210908;3444,12
10254;40,3978077;-3,6720753;3408,46
10255;40,4208716;-3,678986;2122,72
10256;40,3847633;-4,2549122;46827,34
10257;40,42283033;-3,677405738;2305,91
10258;40,42111572;-3,663210908;3444,12
10259;40,4111495;-3,6760566;2413,02
10260;40,4020241;-3,6700377;3284,86
10261;40,4013961;-3,6748832;2978,07
10262;40,4117618;-3,6669977;3145,57
10263;40,4110941;-3,6737205;2605,69
10264;40,4019026;-3,6709579;3224,84
10265;40,4189526;-3,6737251;2532,56
10266;40,4111495;-3,6760566;2413,02
10267;40,4013961;-3,6748832;2978,07
10268;40,39770805;-3,694298673;2276,99
10269;40,4013961;-3,6748832;2978,07
10270;40,4111495;-3,6760566;2413,02
10271;40,4111495;-3,6760566;2413,02
10272;40,41807484;-3,673857544;2514,64
10273;40,4111495;-3,6760566;2413,02
10274;40,4019026;-3,6709579;3224,84
10275;40,4152822;-3,6887684;1262,78
10276;40,4110941;-3,6737205;2605,69
10277;40,40523667;-3,676912763;2602,04
10278;40,405388;-3,6823675;2204,39
10279;40,4189526;-3,6737251;2532,56
10280;40,4177513;-3,6729907;2586,44
10281;40,4111495;-3,6760566;2413,02
10282;40,42283033;-3,677405738;2305,91
10283;40,42091996;-3,683644633;1740,04
10284;40,41807484;-3,673857544;2514,64
10285;40,41807484;-3,673857544;2514,64
10286;40,4087176;-3,6817157;2060,48
10287;40,41884;-3,68968355;1190,53
10288;40,41807484;-3,673857544;2514,64
10289;40,42283033;-3,677405738;2305,91
10290;40,40696994;-3,68204739;2129,79
10291;40,41760898;-3,676296696;2306,19
10292;40,4020241;-3,6700377;3284,86
10293;40,41112653;-3,675650214;2446,87
10294;40,41760898;-3,676296696;2306,19
10295;40,4117618;-3,6669977;3145,57
10296;40,40734205;-3,67687945;2495,7
10297;40,40932916;-3,674603748;2590,71
10298;40,41700265;-3,672790193;2601,87
10299;40,4210403;-3,6742599;2518,92
10300;40,4143958;-3,6696729;2879,79
10301;40,4087176;-3,6817157;2060,48
10302;40,4019026;-3,6709579;3224,84
10303;40,4134344;-3,6903574;1180,99
10304;40,42111572;-3,663210908;3444,12
10305;40,4111495;-3,6760566;2413,02
10306;40,4111495;-3,6760566;2413,02
10307;40,41936357;-3,674579195;2465,11
10308;40,4032497;-3,677911649;2649,68
10309;40,4019026;-3,6709579;3224,84
10310;40,40437205;-3,678766494;2519,45
10311;40,4170521;-3,6754269;2378,68
10312;40,49311725;-3,8658013;16132,71
10313;40,4032497;-3,677911649;2649,68
10314;40,4170521;-3,6754269;2378,68
10315;40,40279645;-3,682883109;2351,28
10316;40,4110941;-3,6737205;2605,69
10317;40,4111495;-3,6760566;2413,02
10318;40,4189526;-3,6737251;2532,56
10319;40,40469585;-3,680240495;2395,96
10320;40,41437187;-3,668921899;2943,32
10321;40,42256619;-3,678854399;2179,99
10322;40,40750115;-3,671569312;2901,98
10323;40,42111572;-3,663210908;3444,12
10324;40,41348336;-3,676989086;2279,15
10325;40,4201916;-3,672646354;2638,82
10326;40,4032522;-3,682243604;2358,77
10327;40,4111495;-3,6760566;2413,02
10328;40,4069652;-3,683888425;1998,66
10329;40,4183416;-3,6746229;2451,63
10330;40,42283033;-3,677405738;2305,91
10331;40,42111572;-3,663210908;3444,12
10332;40,42283033;-3,677405738;2305,91
10333;40,4183416;-3,6746229;2451,63
10334;40,4174146;-3,6716276;2700,79
10335;40,4199717;-3,6669425;3115,11
10336;40,4196006;-3,6763182;2322,03
10337;40,41381355;-3,669314579;2917
10338;40,4124879;-3,662949855;3470,58
10339;40,4111495;-3,6760566;2413,02
10340;40,4091932;-3,6679025;3136,52
10341;40,4189526;-3,6737251;2532,56
10342;40,4111495;-3,6760566;2413,02
10343;40,40190575;-3,668814261;3381,16
10344;40,4013961;-3,6748832;2978,07
10345;40,44166363;-3,460477831;20754,83
10346;40,41734806;-3,671504869;2711,05
10347;40,408318;-3,680894894;2142,5
10348;40,41807484;-3,673857544;2514,64
10349;40,4194483;-3,6784806;2138,31
10350;40,40437135;-3,674620041;2818,3
10351;40,42111572;-3,663210908;3444,12
10352;40,40696994;-3,68204739;2129,79
10353;40,4183416;-3,6746229;2451,63
10354;40,41936357;-3,674579195;2465,11
10355;40,40625045;-3,677428346;2508,98
10356;40,41807484;-3,673857544;2514,64
10357;40,41991083;-3,668958254;2944,76
10358;40,4164691;-3,668196829;2991,21
10359;40,40932916;-3,674603748;2590,71
10360;40,40588995;-3,674531298;2745,16
10361;40,18885569;-3,772480002;26027,52
10362;40,4189526;-3,6737251;2532,56
10363;40,4205596;-3,6745546;2485,18
10364;40,41437187;-3,668921899;2943,32
10365;40,4111495;-3,6760566;2413,02
10366;40,42283033;-3,677405738;2305,91
10367;40,4111495;-3,6760566;2413,02
10368;40,4110941;-3,6737205;2605,69
10369;40,40487866;-3,675620803;2716,75
10370;40,41292276;-3,669775188;2891,95
10371;40,4087176;-3,6817157;2060,48
10372;40,40734205;-3,67687945;2495,7
10373;40,42091996;-3,683644633;1740,04
10374;40,4062289;-3,6675322;3271,85
10375;40,4201916;-3,672646354;2638,82
10376;40,4111495;-3,6760566;2413,02
10377;40,40523667;-3,676912763;2602,04
10378;40,51833137;-3,921391047;21604,96
10379;40,4189526;-3,6737251;2532,56
10380;40,41748645;-3,67678036;2264,86
10381;40,4111495;-3,6760566;2413,02
10382;40,40306875;-3,676214232;2779,65
10383;40,42283033;-3,677405738;2305,91
10384;40,40813147;-3,690348921;1484,66
10385;40,42283033;-3,677405738;2305,91
10386;40,40734205;-3,67687945;2495,7
10387;40,4013961;-3,6748832;2978,07
10388;40,4211388;-3,6630925;3454,4
10389;40,41292276;-3,669775188;2891,95
10390;40,41807484;-3,673857544;2514,64
10391;40,40569763;-3,675178665;2706,08
10392;40,42111572;-3,663210908;3444,12
10393;40,41292276;-3,669775188;2891,95
10394;40,4178896;-3,6714677;2715,85
10395;40,4111495;-3,6760566;2413,02
10396;40,4160929;-3,6892674;1210,64
10397;40,4189526;-3,6737251;2532,56
10398;40,40519869;-3,677067059;2592,86
10399;40,40041315;-3,668594388;3482,07
10400;40,41113085;-3,667386062;3127,01
10401;40,42111572;-3,663210908;3444,12
10402;40,4053715;-3,6675693;3304,88
10403;40,41807484;-3,673857544;2514,64
10404;40,40536736;-3,684497564;2061,96
10405;40,4183416;-3,6746229;2451,63
10406;40,4167198;-3,6697451;2859,77
10407;40,40536736;-3,684497564;2061,96
10408;40,42111572;-3,663210908;3444,12
10409;40,51833137;-3,921391047;21604,96
10410;40,41760898;-3,676296696;2306,19
10411;40,41292276;-3,669775188;2891,95
10412;40,4189526;-3,6737251;2532,56
10413;40,4111495;-3,6760566;2413,02
10414;40,41807484;-3,673857544;2514,64
10415;40,33281135;-3,84294105;15066,35
10416;40,4189526;-3,6737251;2532,56
10417;40,49311725;-3,8658013;16132,71
10418;40,40190575;-3,668814261;3381,16
10419;40,40479596;-3,671501386;3029,03
10420;40,4111495;-3,6760566;2413,02
10421;40,4189526;-3,6737251;2532,56
10422;40,42070446;-3,672888109;2627,02
10423;40,55588265;-3,32426695;35600,81
10424;40,4183416;-3,6746229;2451,63
10425;40,41278215;-3,671903929;2716,66
10426;40,40487866;-3,675620803;2716,75
10427;40,4111495;-3,6760566;2413,02
10428;40,4152822;-3,6887684;1262,78
10429;40,4183416;-3,6746229;2451,63
10430;40,4111495;-3,6760566;2413,02
10431;40,4189526;-3,6737251;2532,56
10432;40,41807484;-3,673857544;2514,64
10433;40,41807484;-3,673857544;2514,64
10434;40,4111495;-3,6760566;2413,02
10435;40,4189526;-3,6737251;2532,56
10436;40,42070446;-3,672888109;2627,02
10437;40,41864485;-3,676551267;2291,26
10438;40,42283033;-3,677405738;2305,91
10439;40,4110941;-3,6737205;2605,69
10440;40,41936357;-3,674579195;2465,11
10441;40,4183416;-3,6746229;2451,63
10442;40,4111495;-3,6760566;2413,02
10443;40,40696994;-3,68204739;2129,79
10444;40,4013961;-3,6748832;2978,07
10445;40,42111572;-3,663210908;3444,12
10446;40,4134344;-3,6903574;1180,99
10447;40,4189526;-3,6737251;2532,56
10448;40,4111495;-3,6760566;2413,02
10449;40,4111495;-3,6760566;2413,02
10450;40,4111495;-3,6760566;2413,02
10451;40,42256619;-3,678854399;2179,99
10452;40,40536736;-3,684497564;2061,96
10453;40,40696994;-3,68204739;2129,79
10454;40,40487866;-3,675620803;2716,75
10455;40,40536736;-3,684497564;2061,96
10456;40,42283033;-3,677405738;2305,91
10457;40,4189526;-3,6737251;2532,56
10458;40,4110941;-3,6737205;2605,69
10459;40,4047596;-3,675420047;2738,07
10460;40,42283033;-3,677405738;2305,91
10461;40,4019026;-3,6709579;3224,84
10462;40,4189526;-3,6737251;2532,56
10463;40,41292276;-3,669775188;2891,95
10464;40,41807484;-3,673857544;2514,64
10465;40,4189526;-3,6737251;2532,56
10466;40,4134251;-3,698790061;560,03
10467;40,4111495;-3,6760566;2413,02
10468;40,41290675;-3,665993203;3208,92
10469;40,4189526;-3,6737251;2532,56
10470;40,4110941;-3,6737205;2605,69
10471;40,4111495;-3,6760566;2413,02
10472;40,4111495;-3,6760566;2413,02
10473;40,4189526;-3,6737251;2532,56
10474;40,4201916;-3,672646354;2638,82
10475;40,4111495;-3,6760566;2413,02
10476;40,40881887;-3,686067406;1732,15
10477;40,51833137;-3,921391047;21604,96
10478;40,41831785;-3,689534221;1194,17
10479;40,4189526;-3,6737251;2532,56
10480;40,42091996;-3,683644633;1740,04
10481;40,41292276;-3,669775188;2891,95
10482;40,42091996;-3,683644633;1740,04
10483;40,42111572;-3,663210908;3444,12
10484;40,4207926;-3,6794361;2083,63
10485;40,4013961;-3,6748832;2978,07
10486;40,36164679;-4,340966022;54335,54
10487;40,4111495;-3,6760566;2413,02
10488;40,4189526;-3,6737251;2532,56
10489;40,4111495;-3,6760566;2413,02
10490;40,4111495;-3,6760566;2413,02
10491;40,41615812;-3,673184861;2569,95
10492;40,41615812;-3,673184861;2569,95
10493;40,41615812;-3,673184861;2569,95
10494;40,41804626;-3,689710372;1175,85
10495;40,4111495;-3,6760566;2413,02
10496;40,4134344;-3,6903574;1180,99
10497;40,41807484;-3,673857544;2514,64
10498;40,4183416;-3,6746229;2451,63
10499;40,4111495;-3,6760566;2413,02
10500;40,4201916;-3,672646354;2638,82
10501;40,44136245;-3,610101478;8360,74
10502;40,4367886;-3,6226101;7195,72
10503;40,43491871;-3,623910213;7029,22
10504;40,44296782;-3,610866134;8359,57
10505;40,4287785;-3,625593703;6726,84
10506;40,4416267;-3,6093074;8433,84
10507;40,4275001;-3,615954;7505,29
10508;40,4275001;-3,615954;7505,29
10509;40,42886155;-3,624492758;6820,04
10510;40,4275001;-3,615954;7505,29
10511;40,4440324;-3,5843918;10523,76
10512;40,43758895;-3,613547967;7954,5
10513;40,43966649;-3,613123758;8058,2
10514;40,44533006;-3,624073392;7428,68
10515;40,42640352;-3,622216374;6962,78
10516;40,4275001;-3,615954;7505,29
10517;40,4275001;-3,615954;7505,29
10518;40,42276354;-3,609131834;8016,87
10519;40,4275001;-3,615954;7505,29
10520;40,42717992;-3,613730125;7685,95
10521;40,44018869;-3,618910278;7614,15
10522;40,43326332;-3,631674495;6346,87
10523;40,42731825;-3,628461908;6458
10524;40,4435403;-3,582735054;10642,9
10525;40,42640352;-3,622216374;6962,78
10526;40,42504958;-3,621993894;6960,37
10527;40,4275549;-3,6229906;6918,63
10528;40,4448868;-3,5720332;11555,04
10529;40,4416267;-3,6093074;8433,84
10530;40,4275001;-3,615954;7505,29
10531;40,4257471;-3,6006842;8760,51
10532;40,4275001;-3,615954;7505,29
10533;40,4251111;-3,624351;6763,48
10534;40,42562683;-3,617040323;7384,46
10535;40,4275001;-3,615954;7505,29
10536;40,43886348;-3,612098968;8113,39
10537;40,4275001;-3,615954;7505,29
10538;40,4448868;-3,5720332;11555,04
10539;40,4416267;-3,6093074;8433,84
10540;40,4275001;-3,615954;7505,29
10541;40,42262509;-3,624678077;6704,49
10542;40,44173933;-3,619296088;7643,86
10543;40,42831913;-3,619271256;7243,38
10544;40,43776921;-3,634759394;6264,33
10545;40,44383779;-3,613107899;8216,48
10546;40,44136245;-3,610101478;8360,74
10547;40,43220783;-3,618531659;7391,98
10548;40,4448868;-3,5720332;11555,04
10549;40,42978941;-3,625763328;6735,65
10550;40,44173933;-3,619296088;7643,86
10551;40,4305439;-3,6158115;7577,27
10552;40,41595847;-3,62226471;6880,17
10553;40,43784581;-3,637165031;6078,85
10554;40,44424026;-3,633261658;6676,88
10555;40,42005657;-3,618696702;7189,48
10556;40,4275001;-3,615954;7505,29
10557;40,42436428;-3,618875204;7213,16
10558;40,44621225;-3,576510391;11232,23
10559;40,44312055;-3,568472641;11795,73
10560;40,4299535;-3,6233198;6941,7
10561;40,428311;-3,6186957;7291,2
10562;40,44621225;-3,576510391;11232,23
10563;40,422449;-3,6122237;7753,19
10564;40,4440324;-3,5843918;10523,76
10565;40,42138024;-3,620707228;7028,21
10566;40,4416267;-3,6093074;8433,84
10567;40,4275549;-3,6229906;6918,63
10568;40,44136245;-3,610101478;8360,74
10569;40,44739754;-3,577200611;11215,32
10570;40,4267849;-3,6227985;6920,63
10571;40,44428733;-3,612827199;8256,87
10572;40,44636325;-3,541813087;14072,64
10573;40,42411036;-3,617619864;7315,62
10574;40,44723349;-3,582441618;10787,57
10575;40,50826801;-3,89498343;19117,57
10576;40,43605562;-3,611183046;8100,06
10577;40,4275001;-3,615954;7505,29
10578;40,42138024;-3,620707228;7028,21
10579;40,42462535;-3,62044405;7084,67
10580;40,44486333;-3,574815083;11327,72
10581;40,42715838;-3,614743727;7600,74
10582;40,4269886;-3,6229447;6912,03
10583;40,43024605;-3,6099883;8054,75
10584;40,4275001;-3,615954;7505,29
10585;40,44379847;-3,594994401;9659,25
10586;40,44580048;-3,575991134;11261,2
10587;40,44685158;-3,606284148;8876,82
10588;40,44793582;-3,602061604;9253,32
10589;40,4297875;-3,6241057;6872,79
10590;40,44101292;-3,609811548;8371,47
10591;40,4291487;-3,6278491;6548,1
10592;40,445764;-3,6076197;8727,05
10593;40,43886348;-3,612098968;8113,39
10594;40,42886155;-3,624492758;6820,04
10595;40,44723349;-3,582441618;10787,57
10596;40,44018869;-3,618910278;7614,15
10597;40,42371815;-3,625597952;6639,61
10598;40,44306315;-3,587486514;10242,04
10599;40,4309468;-3,6166039;7520,68
10600;40,43758895;-3,613547967;7954,5
10601;40,4282148;-3,620756952;7117,53
10602;40,4469703;-3,6275054;7248,89
10603;40,43904072;-3,611289049;8184,69
10604;40,4275001;-3,615954;7505,29
10605;40,4474192;-3,612003;8455,06
10606;40,4275001;-3,615954;7505,29
10607;40,42371815;-3,625597952;6639,61
10608;40,43220783;-3,618531659;7391,98
10609;40,44486333;-3,574815083;11327,72
10610;40,4458723;-3,6281254;7146,62
10611;40,446628;-3,627317;7245,64
10612;40,4399513;-3,6125691;8112,71
10613;40,42138024;-3,620707228;7028,21
10614;40,44486333;-3,574815083;11327,72
10615;40,43562161;-3,625533551;6920,61
10616;40,447451;-3,6311928;6999,08
10617;40,4187971;-3,617938494;7248,33
10618;40,42584178;-3,59933125;8875,49
10619;40,42472416;-3,622527136;6911,01
10620;40,44508998;-3,614663268;8146,42
10621;40,44173933;-3,619296088;7643,86
10622;40,42483323;-3,624563087;6741,61
10623;40,51023856;-3,895408265;19264,93
10624;40,44939;-3,5990403;9550,93
10625;40,43491871;-3,623910213;7029,22
10626;40,4275549;-3,6229906;6918,63
10627;40,44326835;-3,585051246;10446,22
10628;40,4275001;-3,615954;7505,29
10629;40,4180498;-3,614611;7528,14
10630;40,4180498;-3,614611;7528,14
10631;40,44435028;-3,566161017;12019,28
10632;40,447451;-3,6311928;6999,08
10633;40,42245933;-3,607793309;8127,21
10634;40,428311;-3,6186957;7291,2
10635;40,4276123;-3,6284793;6462,46
10636;40,44512285;-3,616068548;8038,15
10637;40,44306588;-3,637225794;6318,81
10638;40,4315096;-3,61799768;7418,68
10639;40,444302;-3,6249367;7314,36
10640;40,44851765;-3,610999505;8582,12
10641;40,437638;-3,622783377;7211,31
10642;40,42978941;-3,625763328;6735,65
10643;40,44173933;-3,619296088;7643,86
10644;40,42436428;-3,618875204;7213,16
10645;40,44488723;-3,586977608;10342,34
10646;40,44989497;-3,599369295;9546,53
10647;40,44989497;-3,599369295;9546,53
10648;40,42411036;-3,617619864;7315,62
10649;40,43534327;-3,609399917;8225,78
10650;40,428471;-3,6271427;6591,58
10651;40,44608152;-3,598021921;9499,3
10652;40,4282148;-3,620756952;7117,53
10653;40,44486333;-3,574815083;11327,72
10654;40,4287785;-3,625593703;6726,84
10655;40,142019;-3,1023031;59461,8
10656;40,43918648;-3,621947489;7334,58
10657;40,142019;-3,1023031;59461,8
10658;40,142019;-3,1023031;59461,8
10659;40,44563928;-3,636099842;6538,28
10660;40,4416267;-3,6093074;8433,84
10661;40,43220433;-3,627336062;6668,72
10662;40,43220433;-3,627336062;6668,72
10663;40,43886348;-3,612098968;8113,39
10664;40,44540217;-3,641738071;6112,49
10665;40,427055;-3,6172844;7386,41
10666;40,4273079;-3,6204151;7129,07
10667;40,4275001;-3,615954;7505,29
10668;40,44274624;-3,569542326;11697,77
10669;40,44723349;-3,582441618;10787,57
10670;40,43220433;-3,627336062;6668,72
10671;40,43220433;-3,627336062;6668,72
10672;40,4275001;-3,615954;7505,29
10673;40,43220433;-3,627336062;6668,72
10674;40,43220433;-3,627336062;6668,72
10675;40,43220433;-3,627336062;6668,72
10676;40,43220433;-3,627336062;6668,72
10677;40,43220433;-3,627336062;6668,72
10678;40,43220433;-3,627336062;6668,72
10679;40,43220433;-3,627336062;6668,72
10680;40,43904072;-3,611289049;8184,69
10681;40,43966515;-3,625264649;7089,65
10682;40,4399892;-3,623700839;7226,17
10683;40,43220433;-3,627336062;6668,72
10684;40,44098864;-3,626472306;7048,68
10685;40,43220433;-3,627336062;6668,72
10686;40,43220433;-3,627336062;6668,72
10687;40,43220433;-3,627336062;6668,72
10688;40,43562161;-3,625533551;6920,61
10689;40,4468977;-3,541364934;14123,38
10690;40,43562161;-3,625533551;6920,61
10691;40,43562161;-3,625533551;6920,61
10692;40,43562161;-3,625533551;6920,61
10693;40,43564981;-3,63326452;6300,48
10694;40,47006509;-3,266437849;37456,83
10695;40,4408018;-3,8418229;12002,87
10696;40,44627909;-3,626726655;7272,69
10697;40,44627909;-3,626726655;7272,69
10698;40,44627909;-3,626726655;7272,69
10699;40,44627909;-3,626726655;7272,69
10700;40,44627909;-3,626726655;7272,69
10701;40,44344637;-3,623380221;7395,99
10702;40,4416267;-3,6093074;8433,84
10703;40,44173933;-3,619296088;7643,86
10704;40,30672879;-3,736003865;12560,42
10705;40,43792257;-3,624127993;7113,83
10706;40,44195111;-3,56903359;11718,29
10707;40,43491769;-3,627604531;6729,97
10708;40,4275001;-3,615954;7505,29
10709;40,4275001;-3,615954;7505,29
10710;40,44601273;-3,634609073;6668,71
10711;40,44608152;-3,598021921;9499,3
10712;40,4448868;-3,5720332;11555,04
10713;40,44488723;-3,586977608;10342,34
10714;40,44326835;-3,585051246;10446,22
10715;40,43562161;-3,625533551;6920,61
10716;40,42975081;-3,609003201;8126,94
10717;40,4275001;-3,615954;7505,29
10718;40,4275001;-3,615954;7505,29
10719;40,4275549;-3,6229906;6918,63
10720;40,42701129;-3,630028213;6321,47
10721;40,43122654;-3,619989135;7247,32
10722;40,4344341;-3,6183305;7469,04
10723;40,432916;-3,6248408;6893,12
10724;40,43411692;-3,629134051;6580,1
10725;40,43605562;-3,611183046;8100,06
10726;40,4275549;-3,6229906;6918,63
10727;40,4296454;-3,630394581;6349,5
10728;40,4275001;-3,615954;7505,29
10729;40,43158589;-3,618856559;7349,62
10730;40,42729639;-3,622856892;6924,96
10731;40,424467;-3,62216;6938,35
10732;40,42584178;-3,59933125;8875,49
10733;40,4435403;-3,582735054;10642,9
10734;40,5161527;-3,34343155;32398,14
10735;40,44685158;-3,606284148;8876,82
10736;40,44094165;-3,607091784;8587,44
10737;40,4275549;-3,6229906;6918,63
10738;40,4275001;-3,615954;7505,29
10739;40,4275001;-3,615954;7505,29
10740;40,4275001;-3,615954;7505,29
10741;40,44685158;-3,606284148;8876,82
10742;40,4251111;-3,624351;6763,48
10743;40,44326835;-3,585051246;10446,22
10744;40,4416267;-3,6093074;8433,84
10745;40,42965951;-3,626478985;6673,39
10746;40,4446863;-3,5868223;10348,21
10747;40,43220783;-3,618531659;7391,98
10748;40,42138024;-3,620707228;7028,21
10749;40,4435403;-3,582735054;10642,9
10750;40,44101292;-3,609811548;8371,47
10751;40,4448868;-3,5720332;11555,04
10752;40,42022802;-3,606435909;8227,19
10753;40,42138024;-3,620707228;7028,21
10754;40,42690774;-3,603361508;8551,02
10755;40,436694;-3,6184949;7524,96
10756;40,44098864;-3,626472306;7048,68
10757;40,44739754;-3,577200611;11215,32
10758;40,43886348;-3,612098968;8113,39
10759;40,44486333;-3,574815083;11327,72
10760;40,44051055;-3,635076351;6358,75
10761;40,4275549;-3,6229906;6918,63
10762;40,44551995;-3,615292527;8115,85
10763;40,44094165;-3,607091784;8587,44
10764;40,44563928;-3,636099842;6538,28
10765;40,4275001;-3,615954;7505,29
10766;40,44723349;-3,582441618;10787,57
10767;40,43605562;-3,611183046;8100,06
10768;40,447451;-3,6311928;6999,08
10769;40,47006509;-3,266437849;37456,83
10770;40,447451;-3,6311928;6999,08
10771;40,44488723;-3,586977608;10342,34
10772;40,42707222;-3,602238821;8647,61
10773;40,422449;-3,6122237;7753,19
10774;40,422449;-3,6122237;7753,19
10775;40,44608152;-3,598021921;9499,3
10776;40,42384926;-3,602243061;8608,12
10777;40,4461295;-3,635744476;6591,2
10778;40,4448868;-3,5720332;11555,04
10779;40,43699942;-3,634231576;6274,97
10780;40,4275001;-3,615954;7505,29
10781;40,50826801;-3,89498343;19117,57
10782;40,43425724;-3,617380673;7541,66
10783;40,44481814;-3,570552255;11673,8
10784;40,43904072;-3,611289049;8184,69
10785;40,4448868;-3,631505;6841,97
10786;40,43886348;-3,612098968;8113,39
10787;40,4315955;-3,6273234;6652,88
10788;40,4275001;-3,615954;7505,29
10789;40,42022802;-3,606435909;8227,19
10790;40,4372583;-3,608317303;8369,41
10791;40,44570262;-3,608825429;8629,68
10792;40,44440708;-3,593028668;9838,37
10793;40,44723349;-3,582441618;10787,57
10794;40,4416267;-3,6093074;8433,84
10795;40,29898598;-3,80663112;15759,47
10796;40,44608152;-3,598021921;9499,3
10797;40,44440708;-3,593028668;9838,37
10798;40,43758895;-3,613547967;7954,5
10799;40,41595847;-3,62226471;6880,17
10800;40,44101292;-3,609811548;8371,47
10801;40,44274624;-3,569542326;11697,77
10802;40,4275001;-3,615954;7505,29
10803;40,44739754;-3,577200611;11215,32
10804;40,4469703;-3,6275054;7248,89
10805;40,44537904;-3,595509916;9673,67
10806;40,44101292;-3,609811548;8371,47
10807;40,4275549;-3,6229906;6918,63
10808;40,4245891;-3,6188556;7217,7
10809;40,44580048;-3,575991134;11261,2
10810;40,44793582;-3,602061604;9253,32
10811;40,44689717;-3,617381909;8015,77
10812;40,44173933;-3,619296088;7643,86
10813;40,42701905;-3,61396785;7663,42
10814;40,447451;-3,6311928;6999,08
10815;40,4216045;-3,6163232;7400,16
10816;40,43491769;-3,627604531;6729,97
10817;40,43491769;-3,627604531;6729,97
10818;40,43491769;-3,627604531;6729,97
10819;40,4416267;-3,6093074;8433,84
10820;40,4448868;-3,5720332;11555,04
10821;40,44689717;-3,617381909;8015,77
10822;40,4416267;-3,6093074;8433,84
10823;40,47626939;-3,370701111;28925,91
10824;40,4467812;-3,7039643;3318,07
10825;40,7150319;-3,987361885;40908,32
10826;40,4467812;-3,7039643;3318,07
10827;40,5175755;-3,91638165;21200,21
10828;40,4467812;-3,7039643;3318,07
10829;40,4594841;-3,6900166;4866,53
10830;40,45766505;-3,692132972;4629,58
10831;40,45514898;-3,706230037;4254,49
10832;40,45283942;-3,694348406;4066,35
10833;40,4662853;-3,708394994;5502,09
10834;40,4576221;-3,6952356;4577,39
10835;40,42746421;-3,689920249;1641,6
10836;40,4679108;-3,7034226;5667,38
10837;40,4507241;-3,7053399;3759,44
10838;40,44802183;-3,696948339;3500,35
10839;40,4467812;-3,7039643;3318,07
10840;40,4512501;-3,7089187;3842,01
10841;40,4602706;-3,7043452;4818,32
10842;40,4679108;-3,7034226;5667,38
10843;40,464572;-3,7028003;5296,47
10844;40,4600218;-3,7092417;4814,53
10845;40,4500944;-3,707833;3704,27
10846;40,4576221;-3,6952356;4577,39
10847;40,4467812;-3,7039643;3318,07
10848;40,4651304;-3,7020441;5359,67
10849;40,4602706;-3,7043452;4818,32
10850;40,28921931;-3,78624905;15838,01
10851;40,4518471;-3,6977997;3911,29
10852;40,45102823;-3,708329259;3811,87
10853;40,45760628;-3,707962677;4537,14
10854;40,45797654;-3,703251949;4562,79
10855;40,4583311;-3,6946357;4663,23
10856;40,4679108;-3,7034226;5667,38
10857;40,4605781;-3,6982806;4872,26
10858;40,47034953;-3,699775018;5947,01
10859;40,46786168;-3,701078779;5665,69
10860;40,46786168;-3,701078779;5665,69
10861;40,4663737;-3,7006679;5501,76
10862;40,45102823;-3,708329259;3811,87
10863;40,4653926;-3,6929199;5461,59
10864;40,4679108;-3,7034226;5667,38
10865;40,4467812;-3,7039643;3318,07
10866;40,45104527;-3,702548381;3792,91
10867;40,4679108;-3,7034226;5667,38
10868;40,453253;-3,7032024;4037,59
10869;40,46674031;-3,706638098;5543,48
10870;40,4679108;-3,7034226;5667,38
10871;40,4679108;-3,7034226;5667,38
10872;40,42746421;-3,689920249;1641,6
10873;40,4679108;-3,7034226;5667,38
10874;40,4518471;-3,6977997;3911,29
10875;40,46592538;-3,698513794;5463,08
10876;40,45760628;-3,707962677;4537,14
10877;40,45776189;-3,701257574;4542,91
10878;40,457;-3,699294123;4468,51
10879;40,4467812;-3,7039643;3318,07
10880;40,4602706;-3,7043452;4818,32
10881;40,4605781;-3,6982806;4872,26
10882;40,46158499;-3,694847503;5017,99
10883;40,4679108;-3,7034226;5667,38
10884;40,45871793;-3,705877948;4649,44
10885;40,4540414;-3,7092041;4153,08
10886;40,46884969;-3,709940311;5797,25
10887;40,45648334;-3,702109912;4398,32
10888;40,45906038;-3,717167143;4823,48
10889;40,4679108;-3,7034226;5667,38
10890;40,44740625;-3,695935385;3447,73
10891;40,44623324;-3,693511674;3365,38
10892;40,44740625;-3,695935385;3447,73
10893;40,46997232;-3,700057245;5903,89
10894;40,45104527;-3,702548381;3792,91
10895;40,46710545;-3,711943169;5623,14
10896;40,46105005;-3,700611902;4910,68
10897;40,45283942;-3,694348406;4066,35
10898;40,677459;-3,9597349;36163,4
10899;40,4698213;-3,696293;5911,56
10900;40,46636597;-3,7006113;5501,12
10901;40,70235406;-4,073586909;44547,81
10902;40,45102823;-3,708329259;3811,87
10903;40,46365589;-3,701843972;5196,19
10904;40,45871793;-3,705877948;4649,44
10905;40,46997232;-3,700057245;5903,89
10906;40,44942012;-3,696838041;3655,37
10907;40,45760628;-3,707962677;4537,14
10908;40,4600895;-3,6972444;4827,03
10909;40,4626017;-3,706293;5082,43
10910;40,46592126;-3,703863519;5446,22
10911;40,70235406;-4,073586909;44547,81
10912;40,46710545;-3,711943169;5623,14
10913;40,45648334;-3,702109912;4398,32
10914;40,45175015;-3,706598693;3879,13
10915;40,4679108;-3,7034226;5667,38
10916;40,4540414;-3,7092041;4153,08
10917;40,46997232;-3,700057245;5903,89
10918;40,4580388;-3,7008047;4575,45
10919;40,46955452;-3,698024753;5868,62
10920;40,44623324;-3,693511674;3365,38
10921;40,4521394;-3,706196593;3920,2
10922;40,4528309;-3,7094014;4021,44
10923;40,44957449;-3,69835411;3654,75
10924;40,44896006;-3,700179114;3571,38
10925;40,4602706;-3,7043452;4818,32
10926;40,4526848;-3,7072396;3986,74
10927;40,4612188;-3,706711;4930,64
10928;40,44942012;-3,696838041;3655,37
10929;40,46044339;-3,700672641;4843,05
10930;40,46480641;-3,702056584;5323,63
10931;40,4602706;-3,7043452;4818,32
10932;40,4490855;-3,7054466;3577,79
10933;40,45760628;-3,707962677;4537,14
10934;40,45175015;-3,706598693;3879,13
10935;40,4467812;-3,7039643;3318,07
10936;40,45780374;-3,705181164;4545,68
10937;40,4522578;-3,7078809;3944,11
10938;40,4518506;-3,706989339;3892,62
10939;40,44740625;-3,695935385;3447,73
10940;40,46506481;-3,694981829;5399,52
10941;40,42746421;-3,689920249;1641,6
10942;40,46823694;-3,703030988;5703,79
10943;40,45526601;-3,707317795;4273,41
10944;40,45648334;-3,702109912;4398,32
10945;40,4698213;-3,696293;5911,56
10946;40,4583311;-3,6946357;4663,23
10947;40,45760628;-3,707962677;4537,14
10948;40,45667917;-3,699871729;4429,27
10949;40,44740625;-3,695935385;3447,73
10950;40,4602706;-3,7043452;4818,32
10951;40,45565881;-3,711069046;4352,11
10952;40,44949786;-3,707887516;3638,73
10953;40,4470443;-3,6953834;3417,3
10954;40,45275454;-3,699927228;3993,69
10955;40,460668;-3,704786;4863,18
10956;40,4467812;-3,7039643;3318,07
10957;40,4518471;-3,6977997;3911,29
10958;40,4589633;-3,7058472;4676,59
10959;40,4467812;-3,7039643;3318,07
10960;40,4605781;-3,6982806;4872,26
10961;40,46356638;-3,704100474;5184,52
10962;40,4605781;-3,6982806;4872,26
10963;40,46029157;-3,701632113;4822,81
10964;40,45766505;-3,692132972;4629,58
10965;40,4467812;-3,7039643;3318,07
10966;40,47158579;-3,707255118;6084,21
10967;40,4467812;-3,7039643;3318,07
10968;40,46510574;-3,702047624;5356,92
10969;40,45145501;-3,701448951;3841,59
10970;40,49118519;-3,357530538;30416,61
10971;40,4561698;-3,7024392;4362,8
10972;40,42746421;-3,689920249;1641,6
10973;40,4467812;-3,7039643;3318,07
10974;40,44896006;-3,700179114;3571,38
10975;40,46997232;-3,700057245;5903,89
10976;40,46158499;-3,694847503;5017,99
10977;40,70235406;-4,073586909;44547,81
10978;40,45863523;-3,704775847;4637,18
10979;40,45008362;-3,704698065;3686,42
10980;40,4583311;-3,6946357;4663,23
10981;40,44830297;-3,705209943;3490
10982;40,451787;-3,7049523;3876,37
10983;40,4594841;-3,6900166;4866,53
10984;40,46565083;-3,694375535;5471,13
10985;40,46788698;-3,702176678;5665,87
10986;40,4583311;-3,6946357;4663,23
10987;40,4597558;-3,7051239;4762,5
10988;40,46269045;-3,702378547;5087,82
10989;40,45008362;-3,704698065;3686,42
10990;40,47086358;-3,691701459;6078,6
10991;40,4599653;-3,6997525;4794,51
10992;40,4576024;-3,7080386;4537,24
10993;40,4594841;-3,6900166;4866,53
10994;40,44830297;-3,705209943;3490
10995;40,4192036;-3,7064511;352,97
10996;40,4594841;-3,6900166;4866,53
10997;40,4593058;-3,7009535;4715,56
10998;40,45648334;-3,702109912;4398,32
10999;40,4578642;-3,7095712;4578,93
11000;40,4602706;-3,7043452;4818,32
11001;40,47034953;-3,699775018;5947,01
11002;40,46325651;-3,699698234;5160
11003;40,4702144;-3,6917249;6007,09
11004;40,46884969;-3,709940311;5797,25
11005;40,4578452;-3,7001299;4557,19
11006;40,45275454;-3,699927228;3993,69
11007;40,4698213;-3,696293;5911,56
11008;40,2044986;-3,8032454;25090,41
11009;40,45871793;-3,705877948;4649,44
11010;40,4576024;-3,7080386;4537,24
11011;40,4605781;-3,6982806;4872,26
11012;40,46044339;-3,700672641;4843,05
11013;40,45145501;-3,701448951;3841,59
11014;40,4698213;-3,696293;5911,56
11015;40,44830297;-3,705209943;3490
11016;40,44957449;-3,69835411;3654,75
11017;40,4651304;-3,7020441;5359,67
11018;40,4679108;-3,7034226;5667,38
11019;40,46402566;-3,700944406;5239,91
11020;40,4651304;-3,7020441;5359,67
11021;40,4519255;-3,704251;3890,37
11022;40,4679108;-3,7034226;5667,38
11023;40,4555594;-3,6951559;4351,97
11024;40,45211835;-3,696322978;3958,53
11025;40,44740625;-3,695935385;3447,73
11026;40,4580875;-3,6914446;4687,9
11027;40,46674031;-3,706638098;5543,48
11028;40,4594841;-3,6900166;4866,53
11029;40,4594841;-3,6900166;4866,53
11030;40,450354;-3,708263384;3736,73
11031;40,461551;-3,705482;4962,96
11032;40,45268255;-3,700542327;3982,07
11033;40,45667917;-3,699871729;4429,27
11034;40,45766505;-3,692132972;4629,58
11035;40,45853117;-3,708784129;4645,78
11036;40,45239582;-3,70599227;3947,71
11037;40,70235406;-4,073586909;44547,81
11038;40,44970863;-3,700942584;3649,93
11039;40,45067586;-3,709519064;3785,09
11040;40,42746421;-3,689920249;1641,6
11041;40,45446145;-3,69699372;4208,32
11042;40,45814423;-3,699730902;4592,61
11043;40,46697119;-3,70249659;5563,57
11044;40,45797654;-3,703251949;4562,79
11045;40,46997232;-3,700057245;5903,89
11046;40,42746421;-3,689920249;1641,6
11047;40,44623324;-3,693511674;3365,38
11048;40,4526848;-3,7072396;3986,74
11049;40,4660366;-3,689382185;5588,62
11050;40,45662675;-3,698062491;4436,78
11051;40,46970043;-3,691674625;5951,45
11052;40,46127586;-3,700932032;4934,48
11053;40,4723474;-3,687738421;6303,86
11054;40,46970043;-3,691674625;5951,45
11055;40,46710545;-3,711943169;5623,14
11056;40,4600319;-3,7009022;4796,41
11057;40,44896006;-3,700179114;3571,38
11058;40,47073084;-3,698604973;5995,41
11059;40,4651304;-3,7020441;5359,67
11060;40,4662853;-3,708394994;5502,09
11061;40,4662853;-3,708394994;5502,09
11062;40,44830297;-3,705209943;3490
11063;40,46997232;-3,700057245;5903,89
11064;40,4581055;-3,7029458;4577,33
11065;40,45491743;-3,701334232;4226,64
11066;40,45283942;-3,694348406;4066,35
11067;40,44737519;-3,701480014;3388,33
11068;40,44830297;-3,705209943;3490
11069;40,44737519;-3,701480014;3388,33
11070;40,4654507;-3,7053392;5396,01
11071;40,4698213;-3,696293;5911,56
11072;40,46786168;-3,701078779;5665,69
11073;40,44737519;-3,701480014;3388,33
11074;40,44942012;-3,696838041;3655,37
11075;40,47147712;-3,69279041;6131,58
11076;40,46029157;-3,701632113;4822,81
11077;40,4605781;-3,6982806;4872,26
11078;40,2649617;-3,837698201;20369,34
11079;40,44692785;-3,698174781;3364,77
11080;40,39450123;-3,647609751;5351,76
11081;40,4512678;-3,7093198;3848,15
11082;40,4502714;-3,7045564;3706,99
11083;40,44970863;-3,700942584;3649,93
11084;40,45774353;-3,699927316;4547,02
11085;40,4662853;-3,708394994;5502,09
11086;40,4679108;-3,7034226;5667,38
11087;40,46997232;-3,700057245;5903,89
11088;40,4701406;-3,6895879;6031,73
11089;40,45283942;-3,694348406;4066,35
11090;40,46786168;-3,701078779;5665,69
11091;40,4694836;-3,7031964;5842,32
11092;40,45760628;-3,707962677;4537,14
11093;40,4729271;-3,6891877;6342,27
11094;40,70235406;-4,073586909;44547,81
11095;40,45648334;-3,702109912;4398,32
11096;40,4663933;-3,704980929;5500,01
11097;40,44830297;-3,705209943;3490
11098;40,4518471;-3,6977997;3911,29
11099;40,4518516;-3,7077096;3897,8
11100;40,4594841;-3,6900166;4866,53
11101;40,4712116;-3,694458082;6082,98
11102;40,4550927;-3,6934962;4326,13
11103;40,45667917;-3,699871729;4429,27
11104;40,46882735;-3,694822097;5816,09
11105;40,44740625;-3,695935385;3447,73
11106;40,45666734;-3,70092188;4422,64
11107;40,4512678;-3,7093198;3848,15
11108;40,4605781;-3,6982806;4872,26
11109;40,4679108;-3,7034226;5667,38
11110;40,45379607;-3,695459812;4154,33
11111;40,46788698;-3,702176678;5665,87
11112;40,46835906;-3,712947695;5772,57
11113;40,45662675;-3,698062491;4436,78
11114;40,45963057;-3,695138289;4799,41
11115;40,4651304;-3,7020441;5359,67
11116;40,45011464;-3,701992638;3690,8
11117;40,46710545;-3,711943169;5623,14
11118;40,4594841;-3,6900166;4866,53
11119;40,46835906;-3,712947695;5772,57
11120;40,46510574;-3,702047624;5356,92
11121;40,45662675;-3,698062491;4436,78
11122;40,46788698;-3,702176678;5665,87
11123;40,4602706;-3,7043452;4818,32
11124;40,42746421;-3,689920249;1641,6
11125;40,4662853;-3,708394994;5502,09
11126;40,46812053;-3,702707014;5691,11
11127;40,46812053;-3,702707014;5691,11
11128;40,4679108;-3,7034226;5667,38
11129;40,46812053;-3,702707014;5691,11
11130;40,46812053;-3,702707014;5691,11
11131;40,4527072;-3,7053848;3979,92
11132;40,4527072;-3,7053848;3979,92
11133;40,46325651;-3,699698234;5160
11134;40,2048812;-3,80332;25052,49
11135;40,4679108;-3,7034226;5667,38
11136;40,4605781;-3,6982806;4872,26
11137;40,4467812;-3,7039643;3318,07
11138;40,46029157;-3,701632113;4822,81
11139;40,4641092;-3,6991409;5257,75
11140;40,4641092;-3,6991409;5257,75
11141;40,4511103;-3,7076193;3815,02
11142;40,4511103;-3,7076193;3815,02
11143;40,4511103;-3,7076193;3815,02
11144;40,4662853;-3,708394994;5502,09
11145;40,3269532;-3,760861608;11123,02
11146;40,4444581;-3,711510645;3133,34
11147;40,44830297;-3,705209943;3490
11148;40,45766505;-3,692132972;4629,58
11149;40,450354;-3,708263384;3736,73
11150;40,450354;-3,708263384;3736,73
11151;40,450354;-3,708263384;3736,73
11152;40,4644685;-3,6955481;5327,54
11153;40,4644685;-3,6955481;5327,54
11154;40,4662853;-3,708394994;5502,09
11155;40,4521469;-3,710523111;3959,07
11156;40,4511103;-3,7076193;3815,02
11157;40,4644685;-3,6955481;5327,54
11158;40,42746421;-3,689920249;1641,6
11159;40,45766505;-3,692132972;4629,58
11160;40,46283362;-3,70484295;5104,03
11161;40,46283362;-3,70484295;5104,03
11162;40,46283362;-3,70484295;5104,03
11163;40,46283362;-3,70484295;5104,03
11164;40,45514638;-3,706361711;4254,81
11165;40,4521492;-3,697340274;3949,59
11166;40,42746421;-3,689920249;1641,6
11167;40,4679108;-3,7034226;5667,38
11168;40,4644685;-3,6955481;5327,54
11169;40,4644685;-3,6955481;5327,54
11170;40,46029157;-3,701632113;4822,81
11171;40,45528184;-3,69991203;4274,04
11172;40,4528309;-3,7094014;4021,44
11173;40,4679108;-3,7034226;5667,38
11174;40,44623324;-3,693511674;3365,38
11175;40,4662853;-3,708394994;5502,09
11176;40,44740625;-3,695935385;3447,73
11177;40,44830297;-3,705209943;3490
11178;40,44740625;-3,695935385;3447,73
11179;40,42746421;-3,689920249;1641,6
11180;40,4594841;-3,6900166;4866,53
11181;40,42746421;-3,689920249;1641,6
11182;40,4626381;-3,703849;5081,15
11183;40,4481393;-3,7039687;3469,08
11184;40,47626939;-3,370701111;28925,91
11185;40,4523425;-3,7036604;3936,27
11186;40,4602706;-3,7043452;4818,32
11187;40,4679108;-3,7034226;5667,38
11188;40,4679108;-3,7034226;5667,38
11189;40,4679108;-3,7034226;5667,38
11190;40,4597401;-3,7052165;4760,98
11191;40,4518471;-3,6977997;3911,29
11192;40,4545961;-3,7081927;4205,45
11193;40,4767654;-3,65907378;7641,77
11194;40,4608227;-3,7029992;4879,41
11195;40,42746421;-3,689920249;1641,6
11196;40,45145501;-3,701448951;3841,59
11197;40,46402566;-3,700944406;5239,91
11198;40,4679108;-3,7034226;5667,38
11199;40,4594841;-3,6900166;4866,53
11200;40,4467812;-3,7039643;3318,07
11201;40,4679108;-3,7034226;5667,38
11202;40,44740625;-3,695935385;3447,73
11203;40,4526848;-3,7072396;3986,74
11204;40,4667547;-3,70589;5542,44
11205;40,4482617;-3,6997355;3497,22
11206;40,4612867;-3,6982727;4950,79
11207;40,45906038;-3,717167143;4823,48
11208;40,4597558;-3,7051239;4762,5
11209;40,4498723;-3,7088173;3688,89
11210;40,4660753;-3,691102221;5563,49
11211;40,46084476;-3,701731734;4884,02
11212;40,4532566;-3,7099569;4074,44
11213;40,4467812;-3,7039643;3318,07
11214;40,4587336;-3,6941104;4714,71
11215;40,46029157;-3,701632113;4822,81
11216;40,44936357;-3,713385265;3700,37
11217;40,4689982;-3,7026663;5788,74
11218;40,46884969;-3,709940311;5797,25
11219;40,45863523;-3,704775847;4637,18
11220;40,4660602;-3,7066818;5468,13
11221;40,46723012;-3,699300208;5603,1
11222;40,45648334;-3,702109912;4398,32
11223;40,46723012;-3,699300208;5603,1
11224;40,4723474;-3,687738421;6303,86
11225;40,4562014;-3,7020227;4367,19
11226;40,44957449;-3,69835411;3654,75
11227;40,4535962;-3,706064205;4081,33
11228;40,4662853;-3,708394994;5502,09
11229;40,45426595;-3,699231907;4166
11230;40,4679108;-3,7034226;5667,38
11231;40,4568444;-3,7035243;4436,84
11232;40,4589497;-3,7068075;4679,2
11233;40,45268255;-3,700542327;3982,07
11234;40,4649465;-3,7048053;5338,86
11235;40,4526848;-3,7072396;3986,74
11236;40,4679108;-3,7034226;5667,38
11237;40,4467812;-3,7039643;3318,07
11238;40,45766505;-3,692132972;4629,58
11239;40,45662675;-3,698062491;4436,78
11240;40,47063433;-3,691156826;6061,25
11241;40,42746421;-3,689920249;1641,6
11242;40,49118519;-3,357530538;30416,61
11243;40,45662675;-3,698062491;4436,78
11244;40,45540519;-3,697852329;4303,66
11245;40,45379607;-3,695459812;4154,33
11246;40,45410745;-3,697018144;4169,03
11247;40,47034953;-3,699775018;5947,01
11248;40,4467812;-3,7039643;3318,07
11249;40,4594841;-3,6900166;4866,53
11250;40,44623324;-3,693511674;3365,38
11251;40,4679108;-3,7034226;5667,38
11252;40,45662675;-3,698062491;4436,78
11253;40,4512124;-3,7088362;3837,02
11254;40,45175015;-3,706598693;3879,13
11255;40,47073084;-3,698604973;5995,41
11256;40,4593914;-3,6998559;4730,25
11257;40,46044339;-3,700672641;4843,05
11258;40,45211835;-3,696322978;3958,53
11259;40,45667917;-3,699871729;4429,27
11260;40,45963057;-3,695138289;4799,41
11261;40,4576024;-3,7080386;4537,24
11262;40,4662853;-3,708394994;5502,09
11263;40,46710545;-3,711943169;5623,14
11264;40,46369895;-3,702898648;5199,3
11265;40,450674;-3,7043541;3751,38
11266;40,4481736;-3,6978056;3506,26
11267;40,46719044;-3,692606774;5663,14
11268;40,44942012;-3,696838041;3655,37
11269;40,4467812;-3,7039643;3318,07
11270;40,44942012;-3,696838041;3655,37
11271;40,44830297;-3,705209943;3490
11272;40,45067586;-3,709519064;3785,09
11273;40,4526848;-3,7072396;3986,74
11274;40,46823694;-3,703030988;5703,79
11275;40,4530367;-3,7057452;4017,85
11276;40,4471145;-3,69578764;3418,23
11277;40,42746421;-3,689920249;1641,6
11278;40,45886963;-3,698089135;4684,67
11279;40,47034953;-3,699775018;5947,01
11280;40,4662853;-3,708394994;5502,09
11281;40,45039014;-3,700867972;3725,95
11282;40,45175015;-3,706598693;3879,13
11283;40,45990978;-3,709910792;4808,17
11284;40,46029157;-3,701632113;4822,81
11285;40,45067586;-3,709519064;3785,09
11286;40,46216438;-3,692745998;5110,46
11287;40,44740625;-3,695935385;3447,73
11288;40,46856645;-3,703897294;5740,36
11289;40,4612188;-3,706711;4930,64
11290;40,4698213;-3,696293;5911,56
11291;40,46723012;-3,699300208;5603,1
11292;40,46884969;-3,709940311;5797,25
11293;40,4468453;-3,703643459;3325,01
11294;40,4608316;-3,6904828;5003,45
11295;40,39450123;-3,647609751;5351,76
11296;40,4712116;-3,694458082;6082,98
11297;40,44830297;-3,705209943;3490
11298;40,44830297;-3,705209943;3490
11299;40,4526848;-3,7072396;3986,74
11300;40,46158221;-3,707304126;4973,96
11301;40,45283942;-3,694348406;4066,35
11302;40,47086216;-3,692089679;6073,13
11303;40,42746421;-3,689920249;1641,6
11304;40,45283942;-3,694348406;4066,35
11305;40,4605781;-3,6982806;4872,26
11306;40,45514638;-3,706361711;4254,81
11307;40,4512117;-3,7100384;3850,2
11308;40,45334613;-3,696302905;4093,73
11309;40,45067586;-3,709519064;3785,09
11310;40,4662853;-3,708394994;5502,09
11311;40,460532;-3,7051727;4848,89
11312;40,4550528;-3,696099;4283,97
11313;40,45379607;-3,695459812;4154,33
11314;40,4512678;-3,7093198;3848,15
11315;40,4669791;-3,6968417;5592,44
11316;40,42746421;-3,689920249;1641,6
11317;40,44623324;-3,693511674;3365,38
11318;40,45102823;-3,708329259;3811,87
11319;40,46884969;-3,709940311;5797,25
11320;40,44740625;-3,695935385;3447,73
11321;40,4605781;-3,6982806;4872,26
11322;40,47086358;-3,691701459;6078,6
11323;40,47073084;-3,698604973;5995,41
11324;40,45104527;-3,702548381;3792,91
11325;40,4583311;-3,6946357;4663,23
11326;40,46723012;-3,699300208;5603,1
11327;40,4602706;-3,7043452;4818,32
11328;40,46884969;-3,709940311;5797,25
11329;40,45766505;-3,692132972;4629,58
11330;40,45863523;-3,704775847;4637,18
11331;40,45175015;-3,706598693;3879,13
11332;40,45514898;-3,706230037;4254,49
11333;40,46405165;-3,699119565;5251,5
11334;40,44802183;-3,696948339;3500,35
11335;40,46029157;-3,701632113;4822,81
11336;40,45107494;-3,707931072;3813,59
11337;40,4467812;-3,7039643;3318,07
11338;40,4623428;-3,6902277;5172,13
11339;40,44936357;-3,713385265;3700,37
11340;40,4605781;-3,6982806;4872,26
11341;40,45275454;-3,699927228;3993,69
11342;40,4550927;-3,6934962;4326,13
11343;40,4605781;-3,6982806;4872,26
11344;40,4662853;-3,708394994;5502,09
11345;40,44942012;-3,696838041;3655,37
11346;40,4594841;-3,6900166;4866,53
11347;40,4467812;-3,7039643;3318,07
11348;40,4467812;-3,7039643;3318,07
11349;40,45118167;-3,704786377;3808,67
11350;40,4602706;-3,7043452;4818,32
11351;40,4467812;-3,7039643;3318,07
11352;40,45118167;-3,704786377;3808,67
11353;40,46431336;-3,700092809;5275,35
11354;40,4694836;-3,7031964;5842,32
11355;40,4662853;-3,708394994;5502,09
11356;40,4550927;-3,6934962;4326,13
11357;40,42746421;-3,689920249;1641,6
11358;40,45863523;-3,704775847;4637,18
11359;40,4644685;-3,6955481;5327,54
11360;40,4644685;-3,6955481;5327,54
11361;40,4644685;-3,6955481;5327,54
11362;40,4660032;-3,699029884;5468,5
11363;40,4594841;-3,6900166;4866,53
11364;40,45906038;-3,717167143;4823,48
11365;40,4517059;-3,707408;3879,42
11366;40,4467812;-3,7039643;3318,07
11367;40,45283942;-3,694348406;4066,35
11368;40,4602706;-3,7043452;4818,32
11369;40,42746421;-3,689920249;1641,6
11370;40,4467812;-3,7039643;3318,07
11371;40,4550927;-3,6934962;4326,13
11372;40,45396146;-3,691534061;4239,51
11373;40,44830297;-3,705209943;3490
11374;40,4505766;-3,706685987;3749,46
11375;40,45565881;-3,711069046;4352,11
11376;40,42746421;-3,689920249;1641,6
11377;40,45283942;-3,694348406;4066,35
11378;40,46029157;-3,701632113;4822,81
11379;40,4518471;-3,6977997;3911,29
11380;40,46710545;-3,711943169;5623,14
11381;40,4662853;-3,708394994;5502,09
11382;40,4467812;-3,7039643;3318,07
11383;40,36573929;-3,695375862;5735,25
11384;40,36603567;-3,699283817;5672,01
11385;40,36609022;-3,696155987;5688,89
11386;40,38654672;-3,712582231;3465,84
11387;40,3877918;-3,7115096;3311,23
11388;40,38141014;-3,706136685;3957,25
11389;40,376647;-3,7077784;4495,16
11390;40,38853355;-3,700262494;3171,03
11391;40,38267126;-3,713197349;3897,87
11392;40,38688491;-3,712051386;3419,41
11393;40,4155414;-3,676334247;2307,13
11394;40,383894;-3,7064459;3683,19
11395;40,4155414;-3,676334247;2307,13
11396;40,383894;-3,7064459;3683,19
11397;40,379209;-3,7152846;4312,39
11398;40,3711037;-3,6901759;5220,93
11399;40,3711037;-3,6901759;5220,93
11400;40,36954661;-3,702177312;5271,46
11401;40,3843762;-3,6992931;3638,93
11402;40,38135936;-3,714467877;4063,79
11403;40,3801848;-3,617315723;8366,55
11404;40,37032419;-3,69074855;5295,47
11405;40,36652448;-3,699007841;5619,31
11406;40,370379;-3,7097052;5204,06
11407;40,3842447;-3,704277683;3636,44
11408;40,3805393;-3,713772193;4139,88
11409;40,37919623;-3,699153973;4213,52
11410;40,38010908;-3,713458572;4181,24
11411;40,37234115;-3,718546427;5120,06
11412;40,37656372;-3,701931324;4491,99
11413;40,38084955;-3,7085015;4035,47
11414;40,37546;-3,6959057;4657,59
11415;40,38114875;-3,716169646;4121,66
11416;40,376647;-3,7077784;4495,16
11417;40,44942012;-3,696838041;3655,37
11418;40,3843762;-3,6992931;3638,93
11419;40,379209;-3,7152846;4312,39
11420;40,4155414;-3,676334247;2307,13
11421;40,38424117;-3,703683097;3636,29
11422;40,37546;-3,6959057;4657,59
11423;40,3691419;-3,7098741;5342,37
11424;40,3691419;-3,7098741;5342,37
11425;40,37919623;-3,699153973;4213,52
11426;40,37956085;-3,712778525;4229,93
11427;40,38442945;-3,70711643;3628,11
11428;40,3843762;-3,6992931;3638,93
11429;40,386075;-3,703826596;3432,45
11430;40,3842447;-3,704277683;3636,44
11431;40,38236395;-3,70879045;3870,78
11432;40,3711037;-3,6901759;5220,93
11433;40,3842447;-3,704277683;3636,44
11434;40,24307375;-3,320784833;37767,32
11435;40,37495326;-3,690981967;4788,32
11436;40,38010908;-3,713458572;4181,24
11437;40,376647;-3,7077784;4495,16
11438;40,3890429;-3,7057718;3108,17
11439;40,37495326;-3,690981967;4788,32
11440;40,38135936;-3,714467877;4063,79
11441;40,3843762;-3,6992931;3638,93
11442;40,37775204;-3,696024551;4403,86
11443;40,38886506;-3,706319717;3131,08
11444;40,36866989;-3,688989019;5507,05
11445;40,3691419;-3,7098741;5342,37
11446;40,38135936;-3,714467877;4063,79
11447;40,38479383;-3,707417224;3589,98
11448;40,3842447;-3,704277683;3636,44
11449;40,38891262;-3,706738145;3128,69
11450;40,37633026;-3,717111287;4660,2
11451;40,3713662;-3,6909201;5179,09
11452;40,3801848;-3,617315723;8366,55
11453;40,36818297;-3,71004445;5449,91
11454;40,38139834;-3,706504849;3960,43
11455;40,386075;-3,703826596;3432,45
11456;40,38628239;-3,700360243;3419,8
11457;40,386075;-3,703826596;3432,45
11458;40,3691192;-3,69907075;5331,11
11459;40,38010908;-3,713458572;4181,24
11460;40,37123866;-3,69312357;5157,84
11461;40,3858113;-3,69980385;3475,98
11462;40,36954661;-3,702177312;5271,46
11463;40,38490232;-3,703156598;3562,89
11464;40,38312021;-3,707326752;3774,67
11465;40,3818592;-3,6999077;3913,13
11466;40,37261953;-3,713954706;5007,07
11467;40,3863121;-3,707027771;3418,89
11468;40,36652448;-3,699007841;5619,31
11469;40,37194777;-3,692175647;5094,7
11470;40,4906361;-3,7161379;8263,52
11471;40,38178514;-3,713475093;3999,15
11472;40,36927854;-3,688591765;5448,81
11473;40,38203447;-3,709878498;3918,76
11474;40,36585476;-3,697738995;5701,83
11475;40,36795911;-3,705251581;5448,72
11476;40,37160521;-3,688169262;5206,33
11477;40,37044551;-3,697193151;5198
11478;40,36667506;-3,702873363;5589,8
11479;40,3667424;-3,687742971;5739,81
11480;40,36736548;-3,715581173;5606,53
11481;40,3827016;-3,707035722;3819,06
11482;40,38604318;-3,714382944;3556,8
11483;40,36585476;-3,697738995;5701,83
11484;40,36495097;-3,714001411;5848,94
11485;40,38752363;-3,703521938;3271,28
11486;40,38719517;-3,713551177;3415,03
11487;40,37874819;-3,693163742;4336,73
11488;40,37283636;-3,693342846;4979,64
11489;40,3681185;-3,7139572;5500,46
11490;40,38141014;-3,706136685;3957,25
11491;40,38223365;-3,712568871;3934,76
11492;40,37874819;-3,693163742;4336,73
11493;40,3813877;-3,70688285;3963,78
11494;40,38427807;-3,708769377;3659,22
11495;40,36691885;-3,6988056;5576,76
11496;40,37141228;-3,690176624;5187,43
11497;40,3801925;-3,693864437;4167,52
11498;40,3817527;-3,696859766;3953,46
11499;40,39461135;-3,669934693;3775,56
11500;40,38371393;-3,709683521;3731,53
11501;40,37495326;-3,690981967;4788,32
11502;40,38604318;-3,714382944;3556,8
11503;40,38363006;-3,704770766;3705,72
11504;40,3796728;-3,714389024;4245,15
11505;40,37283636;-3,693342846;4979,64
11506;40,38312021;-3,707326752;3774,67
11507;40,38891262;-3,706738145;3128,69
11508;40,38089928;-3,702607015;4008,62
11509;40,3890429;-3,7057718;3108,17
11510;40,36917491;-3,691908947;5401,88
11511;40,38312021;-3,707326752;3774,67
11512;40,38637368;-3,709409797;3435,49
11513;40,38557145;-3,709244908;3521,82
11514;40,38660601;-3,699831738;3387,77
11515;40,38558485;-3,711046281;3544,56
11516;40,37956085;-3,712778525;4229,93
11517;40,38604318;-3,714382944;3556,8
11518;40,3877841;-3,7094621;3281,07
11519;40,3869974;-3,7115456;3398,36
11520;40,38148228;-3,70825684;3963,36
11521;40,38480341;-3,709608705;3610,7
11522;40,4012622;-3,6989703;1785,74
11523;40,37160521;-3,688169262;5206,33
11524;40,36555495;-3,709780121;5738,59
11525;40,390988;-3,7030155;2886,38
11526;40,38660601;-3,699831738;3387,77
11527;40,3890429;-3,7057718;3108,17
11528;40,3818541;-3,7085445;3924,79
11529;40,37645965;-3,69361078;4579,14
11530;40,37088939;-3,689931404;5248,7
11531;40,3711037;-3,6901759;5220,93
11532;40,38628239;-3,700360243;3419,8
11533;40,38083103;-3,69275785;4117,66
11534;40,38083103;-3,69275785;4117,66
11535;40,38083103;-3,69275785;4117,66
11536;40,38080305;-3,692920394;4117,67
11537;40,37980145;-3,70809585;4148,05
11538;40,38083103;-3,69275785;4117,66
11539;40,38080305;-3,692920394;4117,67
11540;40,37656372;-3,701931324;4491,99
11541;40,3682456;-3,6947074;5466,13
11542;40,3824158;-3,7086144;3863,36
11543;40,3843762;-3,6992931;3638,93
11544;40,38139834;-3,706504849;3960,43
11545;40,376647;-3,7077784;4495,16
11546;40,386075;-3,703826596;3432,45
11547;40,37874819;-3,693163742;4336,73
11548;40,38654672;-3,712582231;3465,84
11549;40,36549597;-3,696952572;5747,65
11550;40,37261953;-3,713954706;5007,07
11551;40,3711037;-3,6901759;5220,93
11552;40,38480341;-3,709608705;3610,7
11553;40,38324901;-3,705888089;3751,94
11554;40,3651143;-3,7095784;5785,84
11555;40,37775204;-3,696024551;4403,86
11556;40,3691192;-3,69907075;5331,11
11557;40,3810317;-3,698039557;4020,06
11558;40,3830656;-3,699204916;3784,7
11559;40,3877305;-3,705511016;3252,63
11560;40,37941891;-3,714442554;4273,69
11561;40,3859932;-3,7089069;3471,5
11562;40,3691419;-3,7098741;5342,37
11563;40,386075;-3,703826596;3432,45
11564;40,37826982;-3,714009767;4390,97
11565;40,376647;-3,7077784;4495,16
11566;40,383894;-3,7064459;3683,19
11567;40,39087;-3,7079701;2923,52
11568;40,38338594;-3,715041451;3856,72
11569;40,38326145;-3,704251426;3745,71
11570;40,379209;-3,7152846;4312,39
11571;40,3711037;-3,6901759;5220,93
11572;40,376647;-3,7077784;4495,16
11573;40,3843762;-3,6992931;3638,93
11574;40,38660601;-3,699831738;3387,77
11575;40,3591904;-3,693408501;6478,68
11576;40,38639565;-3,713491615;3499,99
11577;40,37049662;-3,702399512;5165,47
11578;40,36609022;-3,696155987;5688,89
11579;40,3771144;-3,71705415;4574,54
11580;40,36691885;-3,6988056;5576,76
11581;40,4155414;-3,676334247;2307,13
11582;40,3827966;-3,699374257;3813,12
11583;40,44942012;-3,696838041;3655,37
11584;40,37874819;-3,693163742;4336,73
11585;40,38660601;-3,699831738;3387,77
11586;40,38891262;-3,706738145;3128,69
11587;40,36954661;-3,702177312;5271,46
11588;40,3691419;-3,7098741;5342,37
11589;40,3685035;-3,690246746;5502,34
11590;40,38097908;-3,694001011;4079,5
11591;40,38660601;-3,699831738;3387,77
11592;40,37919623;-3,699153973;4213,52
11593;40,3667424;-3,687742971;5739,81
11594;40,37088939;-3,689931404;5248,7
11595;40,3801848;-3,617315723;8366,55
11596;40,37000554;-3,698809473;5234,45
11597;40,37645965;-3,69361078;4579,14
11598;40,38660601;-3,699831738;3387,77
11599;40,3842447;-3,704277683;3636,44
11600;40,36615185;-3,696195835;5681,71
11601;40,38886506;-3,706319717;3131,08
11602;40,3806502;-3,697139235;4071,62
11603;40,3786014;-3,70373406;4263,42
11604;40,38660601;-3,699831738;3387,77
11605;40,38043131;-3,707358123;4072,87
11606;40,38639565;-3,713491615;3499,99
11607;40,388498;-3,6995312;3180,95
11608;40,388498;-3,6995312;3180,95
11609;40,37645965;-3,69361078;4579,14
11610;40,3818592;-3,6999077;3913,13
11611;40,37546;-3,6959057;4657,59
11612;40,38490232;-3,703156598;3562,89
11613;40,39528525;-3,706925632;2425,38
11614;40,39528525;-3,706925632;2425,38
11615;40,3667424;-3,687742971;5739,81
11616;40,37874819;-3,693163742;4336,73
11617;40,38752363;-3,703521938;3271,28
11618;40,37911089;-3,718045297;4382,77
11619;40,38089928;-3,702607015;4008,62
11620;40,38518455;-3,707192992;3545,01
11621;40,36555495;-3,709780121;5738,59
11622;40,40431294;-3,603482978;8585,7
11623;40,37184776;-3,588602516;10948,1
11624;40,3972387;-3,547638;13379,53
11625;40,4052863;-3,6072004;8257,63
11626;40,3987117;-3,5564561;12616,09
11627;40,4018377;-3,5950537;9336,23
11628;40,405237;-3,6055229;8398,77
11629;40,40064806;-3,604803794;8552,6
11630;40,4056273;-3,6015377;8725,87
11631;40,40355441;-3,605406315;8439,61
11632;40,2982583;-3,7536234;13863,06
11633;40,40202497;-3,607094151;8331,27
11634;40,40712507;-3,606796602;8261,79
11635;40,40529285;-3,608719614;8130,5
11636;40,405837;-3,6047472;8453,62
11637;40,40192408;-3,603210483;8655,91
11638;40,3999118;-3,621522;7196,64
11639;40,4052863;-3,6072004;8257,63
11640;40,41770479;-3,58293903;10208,77
11641;40,375856;-3,5871885;10859,52
11642;40,39464163;-3,604852627;8714,95
11643;40,375856;-3,5871885;10859,52
11644;40,375856;-3,5871885;10859,52
11645;40,41019455;-3,611690185;7810,98
11646;40,4050205;-3,6147017;7636,14
11647;40,40343177;-3,60198489;8727,24
11648;40,40093011;-3,559376994;12333,84
11649;40,40145895;-3,55668729;12550,98
11650;40,40145895;-3,55668729;12550,98
11651;40,40597492;-3,609277028;8072,07
11652;40,40145895;-3,55668729;12550,98
11653;40,40202863;-3,609189412;8157,41
11654;40,40567634;-3,548644963;13172,54
11655;40,4029393;-3,6048492;8498,35
11656;40,40567634;-3,548644963;13172,54
11657;40,4025252;-3,5550809;12670,07
11658;40,4016049;-3,60545875;8476,3
11659;40,39949964;-3,54861136;13258,92
11660;40,4025252;-3,5550809;12670,07
11661;40,3999118;-3,621522;7196,64
11662;40,4018377;-3,5950537;9336,23
11663;40,4631617;-3,771625;7721,91
11664;40,40396661;-3,612013831;7881,02
11665;40,40202863;-3,609189412;8157,41
11666;40,4063595;-3,6049416;8429
11667;40,40930852;-3,612717457;7734,66
11668;40,40930852;-3,612717457;7734,66
11669;40,4050252;-3,550293699;13040,81
11670;40,3900571;-3,5517762;13192,42
11671;40,4631617;-3,771625;7721,91
11672;40,4631617;-3,771625;7721,91
11673;40,39530678;-3,555722567;12743,73
11674;40,2603661;-3,5765816;20466,72
11675;40,4631617;-3,771625;7721,91
11676;40,4631617;-3,771625;7721,91
11677;40,49137764;-4,034204511;29177,73
11678;40,4631617;-3,771625;7721,91
11679;40,49137764;-4,034204511;29177,73
11680;40,49137764;-4,034204511;29177,73
11681;40,2603661;-3,5765816;20466,72
11682;40,4631617;-3,771625;7721,91
11683;40,2603661;-3,5765816;20466,72
11684;40,2603661;-3,5765816;20466,72
11685;40,2603661;-3,5765816;20466,72
11686;40,4631617;-3,771625;7721,91
11687;40,2603661;-3,5765816;20466,72
11688;40,4631617;-3,771625;7721,91
11689;40,2603661;-3,5765816;20466,72
11690;40,3879683;-3,5527434;13167,75
11691;40,3879683;-3,5527434;13167,75
11692;40,3691177;-3,5857307;11304,62
11693;40,5318205;-3,6291598;14238,54
11694;40,3900571;-3,5517762;13192,42
11695;40,49137764;-4,034204511;29177,73
11696;40,49137764;-4,034204511;29177,73
11697;40,49137764;-4,034204511;29177,73
11698;40,49137764;-4,034204511;29177,73
11699;40,49137764;-4,034204511;29177,73
11700;40,49137764;-4,034204511;29177,73
11701;40,3892976;-3,5728777;11481,68
11702;40,3892976;-3,5728777;11481,68
11703;40,3892976;-3,5728777;11481,68
11704;40,3486146;-3,6779703;7900,05
11705;40,3691177;-3,5857307;11304,62
11706;40,6596882;-4,0264131;38380,68
11707;40,3892976;-3,5728777;11481,68
11708;40,3892976;-3,5728777;11481,68
11709;40,3892976;-3,5728777;11481,68
11710;40,4845361;-3,6373531;9372,31
11711;40,4845361;-3,6373531;9372,31
11712;40,40266306;-3,548748774;13200,19
11713;40,40266306;-3,548748774;13200,19
11714;40,4845361;-3,6373531;9372,31
11715;40,4845361;-3,6373531;9372,31
11716;40,6596882;-4,0264131;38380,68
11717;40,4845361;-3,6373531;9372,31
11718;40,4845361;-3,6373531;9372,31
11719;40,3599592;-3,2707725;37194,98
11720;40,3599592;-3,2707725;37194,98
11721;40,3599592;-3,2707725;37194,98
11722;40,3599592;-3,2707725;37194,98
11723;40,3879683;-3,5527434;13167,75
11724;40,40734;-3,53571;14247,87
11725;40,40734;-3,53571;14247,87
11726;40,4114959;-3,5617689;12016,45
11727;40,4114959;-3,5617689;12016,45
11728;40,4114959;-3,5617689;12016,45
11729;40,3855101;-3,5913354;10122,44
11730;40,4114959;-3,5617689;12016,45
11731;40,4114959;-3,5617689;12016,45
11732;40,4114959;-3,5617689;12016,45
11733;40,4114959;-3,5617689;12016,45
11734;40,4114959;-3,5617689;12016,45
11735;40,4114959;-3,5617689;12016,45
11736;40,4114959;-3,5617689;12016,45
11737;40,3855101;-3,5913354;10122,44
11738;40,3855101;-3,5913354;10122,44
11739;40,4114959;-3,5617689;12016,45
11740;40,3855101;-3,5913354;10122,44
11741;40,4114959;-3,5617689;12016,45
11742;40,4114959;-3,5617689;12016,45
11743;40,4114959;-3,5617689;12016,45
11744;40,3855101;-3,5913354;10122,44
11745;40,38793;-3,59307;9893,58
11746;40,40145895;-3,55668729;12550,98
11747;40,40145895;-3,55668729;12550,98
11748;40,38793;-3,59307;9893,58
11749;40,40145895;-3,55668729;12550,98
11750;40,38793;-3,59307;9893,58
11751;40,40145895;-3,55668729;12550,98
11752;40,40145895;-3,55668729;12550,98
11753;40,40145895;-3,55668729;12550,98
11754;40,6549234;-3,9626957;34350,36
11755;40,6549234;-3,9626957;34350,36
11756;40,40145895;-3,55668729;12550,98
11757;40,40145895;-3,55668729;12550,98
11758;40,40145895;-3,55668729;12550,98
11759;40,40145895;-3,55668729;12550,98
11760;40,40145895;-3,55668729;12550,98
11761;40,40145895;-3,55668729;12550,98
11762;40,4018726;-3,5608226;12197,81
11763;40,4018726;-3,5608226;12197,81
11764;40,4018726;-3,5608226;12197,81
11765;40,402219;-3,5226897;15398,02
11766;40,402219;-3,5226897;15398,02
11767;40,4018726;-3,5608226;12197,81
11768;40,375856;-3,5871885;10859,52
11769;40,375856;-3,5871885;10859,52
11770;40,375856;-3,5871885;10859,52
11771;40,4047152;-3,599072666;8947,35
11772;40,3932796;-3,8450152;12265,99
11773;40,3997259;-3,5485938;13256,71
11774;40,3932796;-3,8450152;12265,99
11775;40,3996872;-3,5467274;13413,72
11776;40,3997259;-3,5485938;13256,71
11777;40,3932796;-3,8450152;12265,99
11778;40,3932796;-3,8450152;12265,99
11779;40,3466249;-3,6972116;7837,27
11780;40,3932796;-3,8450152;12265,99
11781;40,3466249;-3,6972116;7837,27
11782;40,39730211;-3,553862494;12858,7
11783;40,47467997;-3,851495517;14071,49
11784;40,38826;-3,56898;11830,66
11785;40,38826;-3,56898;11830,66
11786;40,38826;-3,56898;11830,66
11787;40,4473192;-3,5461562;13741,03
11788;40,3997259;-3,5485938;13256,71
11789;40,3996872;-3,5467274;13413,72
11790;40,4473192;-3,5461562;13741,03
11791;40,4050205;-3,6147017;7636,14
11792;40,39530678;-3,555722567;12743,73
11793;40,4473192;-3,5461562;13741,03
11794;40,4473192;-3,5461562;13741,03
11795;40,4473192;-3,5461562;13741,03
11796;40,38826;-3,56898;11830,66
11797;40,4473192;-3,5461562;13741,03
11798;40,40119025;-3,544280212;13596,13
11799;40,40119025;-3,544280212;13596,13
11800;40,375856;-3,5871885;10859,52
11801;40,375856;-3,5871885;10859,52
11802;40,3466745;-3,6973896;7830,75
11803;40,3466745;-3,6973896;7830,75
11804;40,3996872;-3,5467274;13413,72
11805;40,3997259;-3,5485938;13256,71
11806;40,3774351;-3,6369061;7150,13
11807;40,3774351;-3,6369061;7150,13
11808;40,3774351;-3,6369061;7150,13
11809;40,3774351;-3,6369061;7150,13
11810;40,38826;-3,56898;11830,66
11811;40,47467997;-3,851495517;14071,49
11812;40,3979848;-3,5527682;12937,37
11813;40,4018377;-3,5950537;9336,23
11814;40,40202863;-3,609189412;8157,41
11815;40,40683339;-3,60463679;8447,35
11816;40,40125018;-3,606920665;8363,26
11817;40,40666165;-3,6154417;7544,56
11818;40,4018377;-3,5950537;9336,23
11819;40,4018377;-3,5950537;9336,23
11820;40,40595508;-3,620337993;7148,12
11821;40,4053838;-3,60038;8826,79
11822;40,4147946;-3,60034;8738,75
11823;40,39927881;-3,557071793;12554,56
11824;40,40332486;-3,60373108;8583,74
11825;40,4147946;-3,60034;8738,75
11826;40,40093011;-3,559376994;12333,84
11827;40,40431294;-3,603482978;8585,7
11828;40,4043549;-3,5505074;13030,67
11829;40,4064867;-3,6022466;8653,07
11830;40,4102991;-3,6126043;7732,83
11831;40,40576892;-3,604370232;8486,3
11832;40,3999118;-3,621522;7196,64
11833;40,4029393;-3,6048492;8498,35
11834;40,3996872;-3,5467274;13413,72
11835;40,3996872;-3,5467274;13413,72
11836;40,3466745;-3,6973896;7830,75
11837;40,3466745;-3,6973896;7830,75
11838;40,3466745;-3,6973896;7830,75
11839;40,3996872;-3,5467274;13413,72
11840;40,4033554;-3,6064251;8358,7
11841;40,38221722;-3,618324317;8183,01
11842;40,38234175;-3,62240019;7873,61
11843;40,3739576;-3,6121632;9094,25
11844;40,3773477;-3,6217118;8208,71
11845;40,3829244;-3,6117674;8641,75
11846;40,3667532;-3,5993259;10441,14
11847;40,38112405;-3,620912;8049,97
11848;40,37999798;-3,625660913;7768,6
11849;40,3739576;-3,6121632;9094,25
11850;40,3667532;-3,5993259;10441,14
11851;40,37896693;-3,618455954;8350,15
11852;40,37702519;-3,622298981;8186,19
11853;40,37904825;-3,6291411;7578,33
11854;40,38046554;-3,615681953;8472,54
11855;40,38168014;-3,619747342;8105,71
11856;40,38122379;-3,605949309;9167,7
11857;40,37056615;-3,621970959;8619,33
11858;40,3773477;-3,6217118;8208,71
11859;40,3829244;-3,6117674;8641,75
11860;40,37787985;-3,619156439;8361,24
11861;40,3694605;-3,6192278;8879,17
11862;40,37798646;-3,620973419;8223,9
11863;40,37824576;-3,620446569;8246,76
11864;40,3773477;-3,6217118;8208,71
11865;40,38046554;-3,615681953;8472,54
11866;40,3667532;-3,5993259;10441,14
11867;40,38058083;-3,626112001;7701,96
11868;40,3748231;-3,624705549;8153,95
11869;40,3777303;-3,625102881;7944,39
11870;40,3773477;-3,6217118;8208,71
11871;40,38058083;-3,626112001;7701,96
11872;40,38046554;-3,615681953;8472,54
11873;40,36562302;-3,617818984;9233
11874;40,37589758;-3,606338987;9410,8
11875;40,38329107;-3,607900405;8920,12
11876;40,38329107;-3,607900405;8920,12
11877;40,38011905;-3,616576654;8424,77
11878;40,36653687;-3,610018115;9701,81
11879;40,3814447;-3,610196786;8833,89
11880;40,40286815;-3,6071387;8309,35
11881;40,38046554;-3,615681953;8472,54
11882;40,38046554;-3,615681953;8472,54
11883;40,3667532;-3,5993259;10441,14
11884;40,3700136;-3,6196981;8810,59
11885;40,3834752;-3,606589448;9012,53
11886;40,3736021;-3,620302389;8537,84
11887;40,37517672;-3,621893914;8327,97
11888;40,37787985;-3,619156439;8361,24
11889;40,3667532;-3,5993259;10441,14
11890;40,36531033;-3,595746944;10783,18
11891;40,37971256;-3,605940926;9242,46
11892;40,37971808;-3,622637546;8003,11
11893;40,37862758;-3,623545881;8001,33
11894;40,3773477;-3,6217118;8208,71
11895;40,38221722;-3,618324317;8183,01
11896;40,37817295;-3,622289024;8118,37
11897;40,3668912;-3,6055203;9993,13
11898;40,3667532;-3,5993259;10441,14
11899;40,37034908;-3,623000397;8564,22
11900;40,37202699;-3,629987243;7982,9
11901;40,37787985;-3,619156439;8361,24
11902;40,3801848;-3,617315723;8366,55
11903;40,3726109;-3,612703828;9135,33
11904;40,37903053;-3,62340537;7987,65
11905;40,3668912;-3,6055203;9993,13
11906;40,3617836;-3,5907666;11349,72
11907;40,37978342;-3,633138184;7252,51
11908;40,37396447;-3,618101997;8670
11909;40,36995763;-3,619664204;8816,59
11910;40,36507328;-3,584693654;11599,39
11911;40,3626364;-3,5887703;11441,96
11912;40,38046554;-3,615681953;8472,54
11913;40,37375488;-3,621313891;8457,6
11914;40,37978342;-3,633138184;7252,51
11915;40,38058083;-3,626112001;7701,96
11916;40,38046554;-3,615681953;8472,54
11917;40,36424564;-3,613355995;9625,53
11918;40,3668912;-3,6055203;9993,13
11919;40,3582923;-3,5899011;11624,94
11920;40,3719811;-3,620439;8631,5
11921;40,9177178;-3,8438216;56926,99
11922;40,36653601;-3,58955051;11161,73
11923;40,3771098;-3,6034743;9560,42
11924;40,36507328;-3,584693654;11599,39
11925;40,3658562;-3,62074558;9023,1
11926;40,38329107;-3,607900405;8920,12
11927;40,3621958;-3,5955756;10983,74
11928;40,3797416;-3,633038;7262,14
11929;40,37905022;-3,626950469;7733,09
11930;40,3789208;-3,6299768;7527,57
11931;40,37034908;-3,623000397;8564,22
11932;40,37294096;-3,620726903;8550,07
11933;40,36562302;-3,617818984;9233
11934;40,3617836;-3,5907666;11349,72
11935;40,36983772;-3,622625219;8623,98
11936;40,3668912;-3,6055203;9993,13
11937;40,38226266;-3,607108562;9029,33
11938;40,3668912;-3,6055203;9993,13
11939;40,3644378;-3,620461;9141,81
11940;40,3739576;-3,6121632;9094,25
11941;40,38058083;-3,626112001;7701,96
11942;40,38128158;-3,622663286;7912,64
11943;40,38329107;-3,607900405;8920,12
11944;40,36229372;-3,58747615;11555,22
11945;40,37971256;-3,605940926;9242,46
11946;40,3668912;-3,6055203;9993,13
11947;40,37070442;-3,612105073;9293,73
11948;40,3829244;-3,6117674;8641,75
11949;40,37362449;-3,60824349;9397,22
11950;40,3739576;-3,6121632;9094,25
11951;40,37294096;-3,620726903;8550,07
11952;40,37551255;-3,625996849;8020,37
11953;40,38046554;-3,615681953;8472,54
11954;40,37995514;-3,622882617;7971,71
11955;40,38046554;-3,615681953;8472,54
11956;40,3785238;-3,604784092;9389,61
11957;40,37782281;-3,603698082;9507,05
11958;40,9177178;-3,8438216;56926,99
11959;40,36676659;-3,622048899;8873,58
11960;40,36676659;-3,622048899;8873,58
11961;40,3599901;-3,5921171;11363,68
11962;40,3599901;-3,5921171;11363,68
11963;40,3599901;-3,5921171;11363,68
11964;40,3599901;-3,5921171;11363,68
11965;40,3599901;-3,5921171;11363,68
11966;40,36061503;-3,58843031;11586,5
11967;40,35707239;-3,586586607;11933,58
11968;40,35707239;-3,586586607;11933,58
11969;40,35707239;-3,586586607;11933,58
11970;40,36061503;-3,58843031;11586,5
11971;40,3718445;-3,6111311;9293,48
11972;40,38329107;-3,607900405;8920,12
11973;40,38023743;-3,628893092;7523,2
11974;40,36676659;-3,622048899;8873,58
11975;40,3785681;-3,626646464;7783,96
11976;40,36995763;-3,619664204;8816,59
11977;40,37771349;-3,620321048;8286,86
11978;40,38329107;-3,607900405;8920,12
11979;40,35810266;-3,590022996;11628,26
11980;40,38329107;-3,607900405;8920,12
11981;40,35810266;-3,590022996;11628,26
11982;40,35810266;-3,590022996;11628,26
11983;40,38329107;-3,607900405;8920,12
11984;40,38046554;-3,615681953;8472,54
11985;40,36847076;-3,613992221;9302,79
11986;40,38329107;-3,607900405;8920,12
11987;40,37862758;-3,623545881;8001,33
11988;40,37483593;-3,608529637;9307,88
11989;40,9177178;-3,8438216;56926,99
11990;40,35949185;-3,602112243;10704,23
11991;40,3704893;-3,609485195;9492,36
11992;40,3667532;-3,5993259;10441,14
11993;40,3773477;-3,6217118;8208,71
11994;40,30397876;-3,446091206;25170,27
11995;40,3773477;-3,6217118;8208,71
11996;40,379382;-3,6190494;8283,45
11997;40,37056615;-3,621970959;8619,33
11998;40,36589018;-3,644424228;7568,21
11999;40,3793085;-3,616841682;8449,48
12000;40,3784676;-3,627745696;7712,48
12001;40,3773477;-3,6217118;8208,71
12002;40,37479696;-3,633774407;7540,01
12003;40,3829244;-3,6117674;8641,75
12004;40,3667532;-3,5993259;10441,14
12005;40,3739576;-3,6121632;9094,25
12006;40,37483593;-3,608529637;9307,88
12007;40,3700136;-3,6196981;8810,59
12008;40,36531033;-3,595746944;10783,18
12009;40,3773477;-3,6217118;8208,71
12010;40,3668912;-3,6055203;9993,13
12011;40,40286815;-3,6071387;8309,35
12012;40,37396447;-3,618101997;8670
12013;40,37896693;-3,618455954;8350,15
12014;40,37108388;-3,634006765;7788,57
12015;40,37517672;-3,621893914;8327,97
12016;40,3739576;-3,6121632;9094,25
12017;40,37056615;-3,621970959;8619,33
12018;40,3770149;-3,623054645;8133,12
12019;40,3829244;-3,6117674;8641,75
12020;40,3667532;-3,5993259;10441,14
12021;40,36562302;-3,617818984;9233
12022;40,37056615;-3,621970959;8619,33
12023;40,38046554;-3,615681953;8472,54
12024;40,37798646;-3,620973419;8223,9
12025;40,35949185;-3,602112243;10704,23
12026;40,37056615;-3,621970959;8619,33
12027;40,37902007;-3,613594704;8704,92
12028;40,35949185;-3,602112243;10704,23
12029;40,3665158;-3,62327595;8810,74
12030;40,37782281;-3,603698082;9507,05
12031;40,37902007;-3,613594704;8704,92
12032;40,36061503;-3,58843031;11586,5
12033;40,36061503;-3,58843031;11586,5
12034;40,35949185;-3,602112243;10704,23
12035;40,37957571;-3,627256039;7679,61
12036;40,3770149;-3,623054645;8133,12
12037;40,37774195;-3,621343271;8211,7
12038;40,9177178;-3,8438216;56926,99
12039;40,3773477;-3,6217118;8208,71
12040;40,3667532;-3,5993259;10441,14
12041;40,3617836;-3,5907666;11349,72
12042;40,38046554;-3,615681953;8472,54
12043;40,38046554;-3,615681953;8472,54
12044;40,7648655;-3,745941707;38852,67
12045;40,3704893;-3,609485195;9492,36
12046;40,3704893;-3,609485195;9492,36
12047;40,9177178;-3,8438216;56926,99
12048;40,3668912;-3,6055203;9993,13
12049;40,3667532;-3,5993259;10441,14
12050;40,36653687;-3,610018115;9701,81
12051;40,38168014;-3,619747342;8105,71
12052;40,37483593;-3,608529637;9307,88
12053;40,3739576;-3,6121632;9094,25
12054;40,3801673;-3,608675676;9012,93
12055;40,3764619;-3,609646498;9135,75
12056;40,3590165;-3,69874295;6453,84
12057;40,3430681;-3,7070327;8219,88
12058;40,34617515;-3,711014976;7894,56
12059;40,34617515;-3,711014976;7894,56
12060;40,34274018;-3,716111104;8319,57
12061;40,34443168;-3,716401143;8136,32
12062;40,34617515;-3,711014976;7894,56
12063;40,34277201;-3,717851005;8336,23
12064;40,3455741;-3,7150038;7995,2
12065;40,34617515;-3,711014976;7894,56
12066;40,34560159;-3,716545946;8009,11
12067;40,3444749;-3,6901562;8137,24
12068;40,34100934;-3,687049804;8557,97
12069;40,34100934;-3,687049804;8557,97
12070;40,34484655;-3,71033015;8037,45
12071;40,33699569;-3,71076608;8910,87
12072;40,34749148;-3,690114262;7805,73
12073;40,3456104;-3,6959556;7957,68
12074;40,3456104;-3,6959556;7957,68
12075;40,33967127;-3,691891577;8648,53
12076;40,33967127;-3,691891577;8648,53
12077;40,34126569;-3,68409588;8574,33
12078;40,3456104;-3,6959556;7957,68
12079;40,357812;-3,699782078;6582,69
12080;40,3456104;-3,6959556;7957,68
12081;40,34100934;-3,687049804;8557,97
12082;40,35177625;-3,696114701;7273,33
12083;40,3456104;-3,6959556;7957,68
12084;40,3489582;-3,7053848;7561,2
12085;40,34957756;-3,689354321;7586,23
12086;40,3456104;-3,6959556;7957,68
12087;40,3456137;-3,7126785;7969,26
12088;40,34749148;-3,690114262;7805,73
12089;40,35003696;-3,690426274;7521,86
12090;40,3437513;-3,709494856;8154,24
12091;40,33375552;-3,70404774;9250,12
12092;40,34516315;-3,687343736;8098,36
12093;40,34100934;-3,687049804;8557,97
12094;40,3430922;-3,7036297;8211,83
12095;40,3544551;-3,6921626;7014,65
12096;40,350456;-3,7075895;7401,02
12097;40,33375552;-3,70404774;9250,12
12098;40,34802363;-3,676623566;7995,03
12099;40,36164641;-3,699322752;6158,98
12100;40,3524874;-3,707008224;7173,2
12101;40,35180305;-3,710092168;7264,55
12102;40,34316665;-3,691714807;8264,31
12103;40,34957756;-3,689354321;7586,23
12104;40,3442274;-3,707776513;8093,62
12105;40,34655101;-3,711745896;7858,14
12106;40,34351231;-3,697118624;8183,12
12107;40,3443639;-3,6909672;8140,2
12108;40,33375552;-3,70404774;9250,12
12109;40,35520398;-3,68947581;6967,4
12110;40,34139251;-3,690460796;8473,38
12111;40,34431433;-3,710372557;8096,74
12112;40,3456104;-3,6959556;7957,68
12113;40,3788568;-3,9357628;20117,21
12114;40,3456104;-3,6959556;7957,68
12115;40,3571948;-3,6894484;6749,8
12116;40,3416545;-3,674719;8720,01
12117;40,3416121;-3,6934141;8420,07
12118;40,3456104;-3,6959556;7957,68
12119;40,3456104;-3,6959556;7957,68
12120;40,3456104;-3,6959556;7957,68
12121;40,3456104;-3,6959556;7957,68
12122;40,3456104;-3,6959556;7957,68
12123;40,3492503;-3,700581729;7531,2
12124;40,34728695;-3,710185043;7765,91
12125;40,3456104;-3,6959556;7957,68
12126;40,3456104;-3,6959556;7957,68
12127;40,3456104;-3,6959556;7957,68
12128;40,34139251;-3,690460796;8473,38
12129;40,3416121;-3,6934141;8420,07
12130;40,3456104;-3,6959556;7957,68
12131;40,33375552;-3,70404774;9250,12
12132;40,3456104;-3,6959556;7957,68
12133;40,35088958;-3,689379646;7441,86
12134;40,597611;-3,5003864;26429,75
12135;40,34639215;-3,707313361;7851,45
12136;40,34900699;-3,688788313;7656,55
12137;40,35389668;-3,705870404;7013,24
12138;40,34100934;-3,687049804;8557,97
12139;40,34846682;-3,688673914;7717,39
12140;40,34647983;-3,684175174;8004,71
12141;40,3457076;-3,71428157;7973,24
12142;40,34316665;-3,691714807;8264,31
12143;40,345096;-3,71452114;8043,13
12144;40,34485956;-3,708112641;8024,72
12145;40,34342391;-3,71195587;8206,08
12146;40,3456104;-3,6959556;7957,68
12147;40,34647983;-3,684175174;8004,71
12148;40,36164641;-3,699322752;6158,98
12149;40,34802363;-3,676623566;7995,03
12150;40,3456104;-3,6959556;7957,68
12151;40,3571948;-3,6894484;6749,8
12152;40,3456104;-3,6959556;7957,68
12153;40,35080793;-3,688452904;7463,85
12154;40,3456104;-3,6959556;7957,68
12155;40,3456104;-3,6959556;7957,68
12156;40,35520398;-3,68947581;6967,4
12157;40,34957756;-3,689354321;7586,23
12158;40,3442274;-3,707776513;8093,62
12159;40,3456104;-3,6959556;7957,68
12160;40,34100934;-3,687049804;8557,97
12161;40,34955629;-3,688564131;7599,43
12162;40,3456104;-3,6959556;7957,68
12163;40,34639215;-3,707313361;7851,45
12164;40,35168961;-3,696320364;7281,45
12165;40,3456104;-3,6959556;7957,68
12166;40,3505296;-3,685086104;7548,15
12167;40,3255904;-3,7315529;10431,77
12168;40,35520398;-3,68947581;6967,4
12169;40,34100934;-3,687049804;8557,97
12170;40,3456104;-3,6959556;7957,68
12171;40,3437513;-3,709494856;8154,24
12172;40,34957756;-3,689354321;7586,23
12173;40,35046782;-3,687153577;7520,62
12174;40,3443639;-3,6909672;8140,2
12175;40,34618643;-3,714842466;7925,96
12176;40,3456137;-3,7126785;7969,26
12177;40,34100934;-3,687049804;8557,97
12178;40,35168961;-3,696320364;7281,45
12179;40,34957756;-3,689354321;7586,23
12180;40,34729225;-3,674127748;8135,21
12181;40,3416121;-3,6934141;8420,07
12182;40,35597847;-3,682270724;7013,86
12183;40,3436838;-3,71603725;8214,71
12184;40,3456104;-3,6959556;7957,68
12185;40,34846682;-3,688673914;7717,39
12186;40,3456104;-3,6959556;7957,68
12187;40,3483869;-3,7117147;7654,58
12188;40,35520398;-3,68947581;6967,4
12189;40,349035;-3,701043404;7553,94
12190;40,34454215;-3,71066465;8073,29
12191;40,35080793;-3,688452904;7463,85
12192;40,3456104;-3,6959556;7957,68
12193;40,3416121;-3,6934141;8420,07
12194;40,3456104;-3,6959556;7957,68
12195;40,34443168;-3,716401143;8136,32
12196;40,34139251;-3,690460796;8473,38
12197;40,34139251;-3,690460796;8473,38
12198;40,3255904;-3,7315529;10431,77
12199;40,35046782;-3,687153577;7520,62
12200;40,3571948;-3,6894484;6749,8
12201;40,34206795;-3,709025837;8338,75
12202;40,35520398;-3,68947581;6967,4
12203;40,36238437;-3,696624358;6094,71
12204;40,35662579;-3,691093721;6789,09
12205;40,3437513;-3,709494856;8154,24
12206;40,3485563;-3,700758174;7607,85
12207;40,34126569;-3,68409588;8574,33
12208;40,3441106;-3,714447064;8151,26
12209;40,35003696;-3,690426274;7521,86
12210;40,3456104;-3,6959556;7957,68
12211;40,35046782;-3,687153577;7520,62
12212;40,3571948;-3,6894484;6749,8
12213;40,3474593;-3,7136299;7773,5
12214;40,34374391;-3,712577482;8175,4
12215;40,3456104;-3,6959556;7957,68
12216;40,34303508;-3,70421677;8218,39
12217;40,3511105;-3,698761324;7331,34
12218;40,34454215;-3,71066465;8073,29
12219;40,33375552;-3,70404774;9250,12
12220;40,34139251;-3,690460796;8473,38
12221;40,35336508;-3,701735415;7071,16
12222;40,34392356;-3,711391132;8146,68
12223;40,343734;-3,7121982;8173,55
12224;40,35399715;-3,682532963;7221,52
12225;40,3558971;-3,6900031;6883,91
12226;40,3522908;-3,682697;7402,25
12227;40,3456104;-3,6959556;7957,68
12228;40,3456104;-3,6959556;7957,68
12229;40,3589274;-3,6955212;6486,54
12230;40,35084111;-3,679258779;7632,12
12231;40,3513669;-3,680297812;7552,43
12232;40,35084111;-3,679258779;7632,12
12233;40,3532597;-3,6819786;7312,61
12234;40,3433714;-3,715713194;8245,67
12235;40,34100934;-3,687049804;8557,97
12236;40,3485753;-3,703692968;7602,15
12237;40,3416121;-3,6934141;8420,07
12238;40,34772913;-3,708888489;7709,62
12239;40,34957756;-3,689354321;7586,23
12240;40,34126569;-3,68409588;8574,33
12241;40,3456104;-3,6959556;7957,68
12242;40,34139251;-3,690460796;8473,38
12243;40,35804883;-3,698312752;6563,58
12244;40,3456137;-3,7126785;7969,26
12245;40,34834944;-3,708507001;7638,92
12246;40,3186993;-3,6958449;10943,55
12247;40,33375552;-3,70404774;9250,12
12248;40,34139251;-3,690460796;8473,38
12249;40,34955629;-3,688564131;7599,43
12250;40,3456104;-3,6959556;7957,68
12251;40,35020775;-3,686499111;7559,42
12252;40,38088438;-3,731445339;4654,74
12253;40,36270845;-3,698583196;6045,1
12254;40,34601628;-3,677011765;8200,17
12255;40,4173682;-3,5575041;12361,79
12256;40,34998733;-3,685470344;7600,54
12257;40,34454215;-3,71066465;8073,29
12258;40,34424164;-3,711914699;8115,19
12259;40,3456104;-3,6959556;7957,68
12260;40,35752888;-3,691109327;6689,69
12261;40,35051383;-3,687845781;7505
12262;40,3571948;-3,6894484;6749,8
12263;40,34100934;-3,687049804;8557,97
12264;40,35942665;-3,690989521;6483,03
12265;40,34618643;-3,714842466;7925,96
12266;40,3471627;-3,70746113;7766,37
12267;40,3471627;-3,70746113;7766,37
12268;40,3471627;-3,70746113;7766,37
12269;40,3471627;-3,70746113;7766,37
12270;40,3471627;-3,70746113;7766,37
12271;40,3471627;-3,70746113;7766,37
12272;40,3550261;-3,69105;6965,43
12273;40,35180305;-3,710092168;7264,55
12274;40,33967127;-3,691891577;8648,53
12275;40,34957756;-3,689354321;7586,23
12276;40,3456104;-3,6959556;7957,68
12277;40,34826312;-3,711246929;7664,81
12278;40,34100934;-3,687049804;8557,97
12279;40,3583961;-3,687137194;6656,41
12280;40,34234636;-3,71042038;8315,3
12281;40,34234636;-3,71042038;8315,3
12282;40,3485753;-3,703692968;7602,15
12283;40,3485753;-3,703692968;7602,15
12284;40,3485753;-3,703692968;7602,15
12285;40,3485753;-3,703692968;7602,15
12286;40,3485753;-3,703692968;7602,15
12287;40,34618643;-3,714842466;7925,96
12288;40,34618643;-3,714842466;7925,96
12289;40,34618643;-3,714842466;7925,96
12290;40,34618643;-3,714842466;7925,96
12291;40,34618643;-3,714842466;7925,96
12292;40,34618643;-3,714842466;7925,96
12293;40,34618643;-3,714842466;7925,96
12294;40,35180305;-3,710092168;7264,55
12295;40,34528472;-3,710261154;7988,44
12296;40,3485753;-3,703692968;7602,15
12297;40,34356798;-3,70874441;8170,89
12298;40,34356798;-3,70874441;8170,89
12299;40,34356798;-3,70874441;8170,89
12300;40,35051383;-3,687845781;7505
12301;40,34676133;-3,69544455;7833,79
12302;40,34676133;-3,69544455;7833,79
12303;40,34676133;-3,69544455;7833,79
12304;40,34676133;-3,69544455;7833,79
12305;40,34676133;-3,69544455;7833,79
12306;40,34676133;-3,69544455;7833,79
12307;40,34676133;-3,69544455;7833,79
12308;40,34676133;-3,69544455;7833,79
12309;40,34676133;-3,69544455;7833,79
12310;40,34407615;-3,675476711;8443,53
12311;40,3485753;-3,703692968;7602,15
12312;40,34955629;-3,688564131;7599,43
12313;40,34955629;-3,688564131;7599,43
12314;40,3431067;-3,7029843;8210,34
12315;40,33375552;-3,70404774;9250,12
12316;40,35180305;-3,710092168;7264,55
12317;40,34617515;-3,711014976;7894,56
12318;40,3456104;-3,6959556;7957,68
12319;40,3475755;-3,6771178;8031,04
12320;40,34516315;-3,687343736;8098,36
12321;40,34639215;-3,707313361;7851,45
12322;40,34100934;-3,687049804;8557,97
12323;40,3449437;-3,716037872;8075,81
12324;40,3456104;-3,6959556;7957,68
12325;40,3456104;-3,6959556;7957,68
12326;40,36316258;-3,698009436;5998,31
12327;40,3456104;-3,6959556;7957,68
12328;40,3456104;-3,6959556;7957,68
12329;40,3456104;-3,6959556;7957,68
12330;40,3456104;-3,6959556;7957,68
12331;40,3456104;-3,6959556;7957,68
12332;40,3456104;-3,6959556;7957,68
12333;40,3437513;-3,709494856;8154,24
12334;40,34303508;-3,70421677;8218,39
12335;40,3456104;-3,6959556;7957,68
12336;40,3456104;-3,6959556;7957,68
12337;40,3456104;-3,6959556;7957,68
12338;40,3456104;-3,6959556;7957,68
12339;40,34826312;-3,711246929;7664,81
12340;40,3416545;-3,674719;8720,01
12341;40,3456104;-3,6959556;7957,68
12342;40,34302364;-3,709039078;8232,71
12343;40,3456104;-3,6959556;7957,68
12344;40,3456104;-3,6959556;7957,68
12345;40,36054944;-3,695256907;6309,64
12346;40,34100934;-3,687049804;8557,97
12347;40,33385468;-3,699566407;9245,07
12348;40,34316665;-3,691714807;8264,31
12349;40,3456104;-3,6959556;7957,68
12350;40,3456104;-3,6959556;7957,68
12351;40,36211234;-3,698779708;6110,11
12352;40,35465178;-3,694388167;6969,55
12353;40,34649293;-3,704163635;7833,87
12354;40,3416545;-3,674719;8720,01
12355;40,35465178;-3,694388167;6969,55
12356;40,3456104;-3,6959556;7957,68
12357;40,3456104;-3,6959556;7957,68
12358;40,3056348;-3,46923975;23392,86
12359;40,34728695;-3,710185043;7765,91
12360;40,35864015;-3,683281094;6705,84
12361;40,35310913;-3,681133431;7346,97
12362;40,34957756;-3,689354321;7586,23
12363;40,35080793;-3,688452904;7463,85
12364;40,33385468;-3,699566407;9245,07
12365;40,34987419;-3,701859087;7459,04
12366;40,3484973;-3,690871378;7685,89
12367;40,34875419;-3,68576344;7730,03
12368;40,3456104;-3,6959556;7957,68
12369;40,35900649;-3,6973086;6463,71
12370;40,34957756;-3,689354321;7586,23
12371;40,35080793;-3,688452904;7463,85
12372;40,36211234;-3,698779708;6110,11
12373;40,357812;-3,699782078;6582,69
12374;40,34516315;-3,687343736;8098,36
12375;40,33858592;-3,676389185;9010,98
12376;40,34100934;-3,687049804;8557,97
12377;40,3511105;-3,698761324;7331,34
12378;40,35336508;-3,701735415;7071,16
12379;40,3511105;-3,698761324;7331,34
12380;40,34957756;-3,689354321;7586,23
12381;40,35169491;-3,68866936;7363,53
12382;40,3455719;-3,6954459;7965,54
12383;40,34221728;-3,702929018;8309,26
12384;40,3456104;-3,6959556;7957,68
12385;40,47530421;-3,839710156;13225,77
12386;40,57486839;-3,928031246;25860,43
12387;40,45966746;-3,863362089;14337,23
12388;40,585672;-3,951412851;28130,07
12389;40,43732973;-3,849555732;12567
12390;40,4806878;-3,7304851;7446,2
12391;40,49487125;-4,046580927;30291,46
12392;40,4612172;-3,862044874;14290,39
12393;40,49299762;-3,967992393;23921,41
12394;40,53060855;-3,9213116;22340,75
12395;40,49254085;-4,031636556;29006,43
12396;40,59020907;-3,963912722;29255,32
12397;40,40883421;-3,818042245;9737,28
12398;40,4867675;-3,8623723;15522,12
12399;40,6054979;-4,0245092;34291,94
12400;40,5143798;-4,04655;30975,4
12401;40,4407412;-3,8740265;14672,42
12402;40,4867675;-3,8623723;15522,12
12403;40,45381889;-3,796959456;8907,74
12404;40,4867675;-3,8623723;15522,12
12405;40,4630152;-4,0886363;32991,77
12406;40,4683892;-3,8301676;12148,45
12407;40,670761;-3,9714849;36183,11
12408;40,44914404;-3,806559442;9427,13
12409;40,5610133;-4,0168423;30962,82
12410;40,4531937;-3,912544434;18143,87
12411;40,6811667;-3,9733498;37188,01
12412;40,45579295;-3,831733474;11679,11
12413;40,6021621;-4,1271995;41317,05
12414;40,4418584;-3,8023081;8808,34
12415;40,5814032;-4,000942643;31094,07
12416;40,53867575;-3,934273899;23751,68
12417;40,4406999;-3,8211389;10299,79
12418;40,62075498;-4,004003916;34040,17
12419;40,4746635;-3,8486843;13859,38
12420;40,4492889;-3,7961954;8628,81
12421;40,43758754;-3,897857673;16608,75
12422;40,57218279;-3,942649058;26586,42
12423;40,48397925;-3,94508945;21756,97
12424;40,60549425;-4,024984751;34323,51
12425;40,49045498;-3,866810154;16052,91
12426;40,5143798;-4,04655;30975,4
12427;40,41804669;-3,805469858;8631,31
12428;40,4766084;-4,0009195;26025,53
12429;40,4366608;-3,9982501;25043,37
12430;40,43596329;-3,805233102;8865,23
12431;40,51200206;-4,046090072;30847,85
12432;40,42638911;-3,844598346;11988,31
12433;40,6515647;-3,96459;34166,99
12434;40,59277348;-4,151000729;42586,15
12435;40,6308753;-4,006900182;34977,17
12436;40,5850816;-4,1295201;40581,97
12437;40,45266199;-3,805276078;9483,59
12438;40,43228417;-3,810183538;9188,27
12439;40,44123181;-3,911445909;17805,07
12440;40,46347642;-3,866412576;14724,13
12441;40,59546105;-4,142154033;42062,62
12442;40,4053485;-3,8764663;14698,83
12443;40,59546105;-4,142154033;42062,62
12444;40,59546105;-4,142154033;42062,62
12445;40,59546105;-4,142154033;42062,62
12446;40,6908037;-3,972860576;38014,55
12447;40,59546105;-4,142154033;42062,62
12448;40,59546105;-4,142154033;42062,62
12449;40,59546105;-4,142154033;42062,62
12450;40,3885232;-3,9261827;19116,79
12452;40,69419748;-3,930397761;36301,76
12453;40,48379058;-3,946928668;21896,14
12454;40,40219934;-3,902233859;16903,87
12455;40,4689237;-3,9467068;21375,66
12456;40,47446481;-3,363050952;29512,82
12457;40,45579295;-3,831733474;11679,11
12458;40,45638887;-3,810030835;10024,5
12459;40,5872599;-3,9328762;27105,46
12460;40,6722604;-4,0890518;43210,85
12461;40,4582833;-3,916578661;18607,93
12462;40,64797165;-4,02486106;37382,24
12463;40,4925117;-3,959442;23226,55
12464;40,64023055;-4,009321851;35838,84
12465;40,62829714;-4,011527655;35072,55
12466;40,4582833;-3,916578661;18607,93
12467;40,49172966;-3,876352287;16822,31
12468;40,4582833;-3,916578661;18607,93
12469;40,49172966;-3,876352287;16822,31
12470;40,49172966;-3,876352287;16822,31
12471;40,51023856;-3,895408265;19264,93
12472;40,37781966;-3,937803264;20310,7
12473;40,5143798;-4,04655;30975,4
12474;40,62876664;-4,009108712;34956,14
12475;40,4630152;-4,0886363;32991,77
12476;40,4346528;-3,814834;9625,61
12477;40,4630152;-4,0886363;32991,77
12478;40,631482;-4,01891223;35773,04
12479;40,53128467;-3,909078308;21539,69
12480;40,4390885;-3,7930351;7966,69
12481;40,6988128;-3,9315856;36790,7
12482;40,6988128;-3,9315856;36790,7
12483;40,6986528;-3,9318567;36787,56
12484;40,4211318;-3,785927164;6991,39
12485;40,4746635;-3,8486843;13859,38
12486;40,45579295;-3,831733474;11679,11
12488;40,64196569;-3,994546056;35086,08
12489;40,42638911;-3,844598346;11988,31
12490;40,49204495;-3,9657819;23709,18
12491;40,49204495;-3,9657819;23709,18
12492;40,69291079;-4,024147287;40931,33
12493;40,69291079;-4,024147287;40931,33
12494;40,6986528;-3,9318567;36787,56
12495;40,6986528;-3,9318567;36787,56
12496;40,69291079;-4,024147287;40931,33
12497;40,4568167;-3,864436056;14322
12498;40,5353454;-3,8924373;20704,16
12499;40,46665845;-4,0953501;33616,53
12500;40,5872851;-4,1331796;40969,02
12501;40,4472106;-4,002795;25552,55
12502;40,47248764;-4,072718636;31846,94
12503;40,59183389;-4,144567433;42055,5
12504;40,7415013;-4,0547846;46716,64
12505;40,4582833;-3,916578661;18607,93
12506;40,5309378;-3,9098357;21568,79
12507;40,59466318;-4,147752971;42439,36
12508;40,4173297;-3,8952442;16230,63
12509;40,44489968;-3,888031995;15923,19
12510;40,62971428;-4,006782947;34882,38
12511;40,60540629;-4,130431565;41733,36
12512;40,4367138;-3,8146612;9660,71
12513;40,5814032;-4,000942643;31094,07
12514;40,5811689;-3,9357833;26816,78
12515;40,5857487;-4,0460818;34514,12
12516;40,449488;-3,7995117;8893,69
12517;40,6351644;-4,0023942;35027,03
12518;40,6351644;-4,0023942;35027,03
12519;40,5857487;-4,0460818;34514,12
12520;40,44581172;-3,805539088;9211,92
12521;40,6431496;-3,9930128;35089,45
12522;40,58847515;-3,920135291;26442,71
12523;40,57116593;-3,935403809;26049,03
12524;40,57116593;-3,935403809;26049,03
12525;40,64667081;-3,993507406;35399,65
12526;40,4366776;-3,8146017;9654,9
12527;40,4460595;-4,002050078;25473,68
12528;40,4370924;-3,8228251;10343,83
12529;40,55201315;-3,896472919;22177,88
12530;40,4460595;-4,002050078;25473,68
12531;40,43733121;-3,801597703;8605,44
12532;40,4343871;-3,8922393;16091,49
12533;40,44489968;-3,888031995;15923,19
12534;40,5550147;-4,0186245;30754,57
12535;40,44648159;-3,874571683;14845,26
12536;40,43763232;-3,791880605;7824,76
12537;40,41507003;-3,882743917;15174,01
12538;40,65480649;-4,046363658;39229,76
12539;40,4227806;-3,892752228;16032,1
12540;40,7218937;-3,9201015;38528,74
12541;40,5509386;-3,889099692;21640,82
12542;40,40111478;-3,777561316;6510,96
12543;40,55201315;-3,896472919;22177,88
12544;40,40219934;-3,902233859;16903,87
12545;40,40219934;-3,902233859;16903,87
12546;40,61214531;-3,932933775;29107,07
12547;40,55201315;-3,896472919;22177,88
12548;40,6308753;-4,006900182;34977,17
12549;40,55201315;-3,896472919;22177,88
12550;40,5811689;-3,9357833;26816,78
12551;40,5811689;-3,9357833;26816,78
12552;40,55201315;-3,896472919;22177,88
12553;40,61710313;-3,904621692;28005,98
12554;40,55201315;-3,896472919;22177,88
12555;40,3885232;-3,9261827;19116,79
12556;40,5811689;-3,9357833;26816,78
12557;40,53271665;-3,908208917;21574,86
12558;40,43794384;-3,824229326;10480,52
12559;40,53271665;-3,908208917;21574,86
12560;40,5814032;-4,000942643;31094,07
12561;40,53271665;-3,908208917;21574,86
12562;40,5814032;-4,000942643;31094,07
12564;40,5814032;-4,000942643;31094,07
12565;40,53271665;-3,908208917;21574,86
12566;40,57958005;-3,958411258;28134,29
12567;40,5814032;-4,000942643;31094,07
12568;40,5171931;-3,906548801;20475,28
12569;40,5814032;-4,000942643;31094,07
12570;40,5236749;-3,8861088;19478,13
12571;40,70992795;-4,009104499;41565,38
12572;40,5814032;-4,000942643;31094,07
12573;40,43794384;-3,824229326;10480,52
12574;40,53271665;-3,908208917;21574,86
12575;40,53271665;-3,908208917;21574,86
12576;40,5814032;-4,000942643;31094,07
12577;40,43794384;-3,824229326;10480,52
12578;40,5738039;-3,9815433;29272,9
12579;40,63156501;-4,004709029;34893,94
12580;40,4582833;-3,916578661;18607,93
12581;40,49587526;-3,96450822;23761,76
12582;40,62918143;-4,003290099;34625,68
12583;40,5916674;-4,1491229;42388,93
12584;40,62810609;-4,007238927;34790
12585;40,63156501;-4,004709029;34893,94
12586;40,5916674;-4,1491229;42388,93
12587;40,45797126;-3,858370252;13876,34
12588;40,4028693;-3,6072165;8302,86
12589;40,5916674;-4,1491229;42388,93
12590;40,5176473;-3,925728183;21879,83
12591;40,5916674;-4,1491229;42388,93
12592;40,5916674;-4,1491229;42388,93
12593;40,6190553;-4,1159955;41481,78
12594;40,5916674;-4,1491229;42388,93
12595;40,4683892;-3,8301676;12148,45
12596;40,5916674;-4,1491229;42388,93
12597;40,53867575;-3,934273899;23751,68
12598;40,57526221;-3,936422707;26414,84
12599;40,61823276;-4,012751423;34412,7
12600;40,4579786;-3,9119021;18216,2
12601;40,57526221;-3,936422707;26414,84
12602;40,5916674;-4,1491229;42388,93
12603;40,5916674;-4,1491229;42388,93
12604;40,57526221;-3,936422707;26414,84
12605;40,57526221;-3,936422707;26414,84
12606;40,57526221;-3,936422707;26414,84
12607;40,4867675;-3,8623723;15522,12
12608;40,5916674;-4,1491229;42388,93
12609;40,535731;-4,1138684;37136,55
12610;40,41148492;-3,731337055;2431,64
12611;40,5874531;-4,1293187;40688,5
12612;40,40219934;-3,902233859;16903,87
12613;40,5874531;-4,1293187;40688,5
12614;40,40364961;-3,776965299;6391,27
12615;40,40364961;-3,776965299;6391,27
12616;40,40364961;-3,776965299;6391,27
12617;40,40364961;-3,776965299;6391,27
12618;40,6908037;-3,972860576;38014,55
12619;40,40364961;-3,776965299;6391,27
12620;40,40364961;-3,776965299;6391,27
12621;40,6908037;-3,972860576;38014,55
12622;40,5529607;-4,0122231;30171,89
12623;40,4728332;-3,8723044;15576,15
12624;40,4766084;-4,0009195;26025,53
12625;40,48782965;-3,961913999;23240,68
12626;40,5176473;-3,925728183;21879,83
12627;40,5636714;-4,0164403;31087,38
12628;40,48782965;-3,961913999;23240,68
12629;40,5176473;-3,925728183;21879,83
12630;40,5176473;-3,925728183;21879,83
12631;40,48782965;-3,961913999;23240,68
12632;40,44144026;-3,810355292;9443,84
12633;40,5636714;-4,0164403;31087,38
12634;40,48782965;-3,961913999;23240,68
12635;40,44144026;-3,810355292;9443,84
12636;40,45352784;-3,801037301;9201,16
12637;40,35989552;-3,900371633;17837,76
12638;40,59321644;-4,129364077;40993,05
12639;40,42221638;-3,888747927;15691
12640;40,5236749;-3,8861088;19478,13
12641;40,5236749;-3,8861088;19478,13
12642;40,5236749;-3,8861088;19478,13
12643;40,5236749;-3,8861088;19478,13
12644;40,5236749;-3,8861088;19478,13
12645;40,5236749;-3,8861088;19478,13
12646;40,5176473;-3,925728183;21879,83
12647;40,5176473;-3,925728183;21879,83
12648;40,7163841;-3,989412;41131,53
12649;40,5236749;-3,8861088;19478,13
12650;40,5176473;-3,925728183;21879,83
12651;40,5236749;-3,8861088;19478,13
12652;40,5236749;-3,8861088;19478,13
12653;40,5236749;-3,8861088;19478,13
12654;40,50850146;-3,90475622;19836,22
12655;40,40963111;-3,883318671;15243,55
12656;40,4728332;-3,8723044;15576,15
12657;40,4728332;-3,8723044;15576,15
12658;40,40963111;-3,883318671;15243,55
12659;40,6702517;-4,1074258;44250,89
12660;40,62362685;-4,007694301;34485,14
12661;40,48199405;-3,85693755;14860,6
12662;40,7134797;-3,9189213;37660,24
12663;40,62362685;-4,007694301;34485,14
12664;40,580398;-3,9993445;30919,2
12665;40,6236403;-4,007594;34479,81
12666;40,62362685;-4,007694301;34485,14
12667;40,62362685;-4,007694301;34485,14
12668;40,62362685;-4,007694301;34485,14
12669;40,6236403;-4,007594;34479,81
12670;40,3459204;-3,7084211;7908,23
12671;40,62362685;-4,007694301;34485,14
12672;40,580398;-3,9993445;30919,2
12673;40,47862382;-3,858082427;14767,86
12674;40,62362685;-4,007694301;34485,14
12675;40,62362685;-4,007694301;34485,14
12676;40,6908037;-3,972860576;38014,55
12677;40,64196569;-3,994546056;35086,08
12678;40,41616953;-3,89493143;16204,46
12679;40,4524387;-3,795820764;8752,1
12680;40,5853784;-4,1289169;40551,87
12681;40,4033114;-3,787041822;7231,78
12682;40,64196569;-3,994546056;35086,08
12683;40,49686022;-3,879594447;17346,04
12684;40,4402722;-3,888505169;15870,83
12685;40,64196569;-3,994546056;35086,08
12686;40,41616953;-3,89493143;16204,46
12687;40,55525298;-3,901920373;22760,58
12688;40,5853784;-4,1289169;40551,87
12689;40,64196569;-3,994546056;35086,08
12690;40,5529607;-4,0122231;30171,89
12691;40,6908037;-3,972860576;38014,55
12692;40,4033114;-3,787041822;7231,78
12693;40,41616953;-3,89493143;16204,46
12694;40,5853513;-4,128832;40544,12
12695;40,64196569;-3,994546056;35086,08
12696;40,5529607;-4,0122231;30171,89
12697;40,5853513;-4,128832;40544,12
12698;40,4033114;-3,787041822;7231,78
12699;40,42230554;-3,922947581;18584,75
12700;40,4746635;-3,8486843;13859,38
12701;40,64196569;-3,994546056;35086,08
12702;40,5853784;-4,1289169;40551,87
12703;40,55525298;-3,901920373;22760,58
12704;40,5853513;-4,128832;40544,12
12705;40,44264415;-3,81287675;9686,95
12706;40,5853513;-4,128832;40544,12
12707;40,44264415;-3,81287675;9686,95
12708;40,5853513;-4,128832;40544,12
12709;40,44264415;-3,81287675;9686,95
12710;40,4460595;-4,002050078;25473,68
12711;40,4460595;-4,002050078;25473,68
12712;40,4460595;-4,002050078;25473,68
12713;40,42013923;-3,91510323;17914,94
12714;40,53867575;-3,934273899;23751,68
12715;40,57116593;-3,935403809;26049,03
12716;40,449488;-3,7995117;8893,69
12717;40,44264415;-3,81287675;9686,95
12718;40,42013923;-3,91510323;17914,94
12719;40,42013923;-3,91510323;17914,94
12720;40,4460595;-4,002050078;25473,68
12721;40,42013923;-3,91510323;17914,94
12722;40,4460595;-4,002050078;25473,68
12723;40,42013923;-3,91510323;17914,94
12724;40,4528023;-3,7954136;8739,71
12725;40,4460595;-4,002050078;25473,68
12726;40,4460595;-4,002050078;25473,68
12727;40,49686022;-3,879594447;17346,04
12728;40,4460595;-4,002050078;25473,68
12729;40,4460595;-4,002050078;25473,68
12730;40,44264415;-3,81287675;9686,95
12731;40,42013923;-3,91510323;17914,94
12732;40,4460595;-4,002050078;25473,68
12733;40,57116593;-3,935403809;26049,03
12734;40,62707775;-4,009532051;34856,66
12735;40,62707775;-4,009532051;34856,66
12736;40,62707775;-4,009532051;34856,66
12737;40,62707775;-4,009532051;34856,66
12738;40,4460595;-4,002050078;25473,68
12739;40,5309378;-3,9098357;21568,79
12740;40,46710117;-3,93985643;20763,04
12741;40,5309378;-3,9098357;21568,79
12742;40,5309378;-3,9098357;21568,79
12743;40,5309378;-3,9098357;21568,79
12744;40,5309378;-3,9098357;21568,79
12745;40,5309378;-3,9098357;21568,79
12746;40,5309378;-3,9098357;21568,79
12747;40,5309378;-3,9098357;21568,79
12748;40,42430634;-3,907441973;17281,71
12749;40,52562168;-3,895330584;20230,67
12750;40,5743618;-3,9500532;27220,56
12751;40,4173297;-3,8952442;16230,63
12752;40,65981494;-4,061026608;40521,76
12753;40,52562168;-3,895330584;20230,67
12754;40,65431181;-3,959365621;34119,04
12755;40,41644263;-3,836030201;11217,87
12756;40,4053485;-3,8764663;14698,83
12757;40,5743618;-3,9500532;27220,56
12758;40,5743618;-3,9500532;27220,56
12759;40,48149413;-3,856982609;14837
12760;40,5814032;-4,000942643;31094,07
12761;40,70867203;-3,98321009;40130,65
12762;40,46885195;-3,859047396;14371,26
12763;40,52562168;-3,895330584;20230,67
12764;40,52562168;-3,895330584;20230,67
12765;40,41616953;-3,89493143;16204,46
12766;40,46885195;-3,859047396;14371,26
12767;40,4524387;-3,795820764;8752,1
12768;40,52562168;-3,895330584;20230,67
12769;40,46885195;-3,859047396;14371,26
12770;40,5814032;-4,000942643;31094,07
12771;40,4033114;-3,787041822;7231,78
12772;40,46885195;-3,859047396;14371,26
12773;40,46885195;-3,859047396;14371,26
12774;40,4524387;-3,795820764;8752,1
12775;40,41616953;-3,89493143;16204,46
12776;40,46885195;-3,859047396;14371,26
12777;40,4579786;-3,9119021;18216,2
12778;40,52562168;-3,895330584;20230,67
12779;40,52562168;-3,895330584;20230,67
12780;40,44489968;-3,888031995;15923,19
12781;40,46587977;-3,860734769;14374,08
12782;40,49614343;-3,960776305;23479,75
12783;40,49614343;-3,960776305;23479,75
12784;40,4528023;-3,7954136;8739,71
12785;40,4053485;-3,8764663;14698,83
12786;40,49614343;-3,960776305;23479,75
12787;40,49614343;-3,960776305;23479,75
12788;40,4528023;-3,7954136;8739,71
12789;40,62362685;-4,007694301;34485,14
12790;40,37094744;-3,929912512;19842,57
12791;40,57276485;-3,953886595;27356,98
12792;40,5749772;-3,9369724;26428,46
12793;40,57526221;-3,936422707;26414,84
12794;40,57526221;-3,936422707;26414,84
12795;40,57526221;-3,936422707;26414,84
12796;40,741452;-4,0546664;46706,08
12797;40,49342743;-4,03104406;28987,05
12798;40,5720241;-3,9378498;26267,52
12799;40,41325974;-3,917483225;18118,45
12800;40,5390963;-3,920371902;22823,07
12801;40,5720241;-3,9378498;26267,52
12802;40,48782965;-3,961913999;23240,68
12803;40,42669453;-3,910988634;17595,67
12804;40,5720241;-3,9378498;26267,52
12805;40,42669453;-3,910988634;17595,67
12806;40,6190553;-4,1159955;41481,78
12807;40,5567723;-4,1195619;38466,58
12808;40,4215229;-3,969172;22494,18
12809;40,4272892;-3,785156194;7005,38
12810;40,4499583;-3,8115953;9856,06
12811;40,44996527;-3,812364063;9916,76
12812;40,53128467;-3,909078308;21539,69
12813;40,4683892;-3,8301676;12148,45
12814;40,53128467;-3,909078308;21539,69
12815;40,53128467;-3,909078308;21539,69
12816;40,39139776;-3,92349081;18840,8
12817;40,417495;-3,8988464;16535,62
12818;40,53128467;-3,909078308;21539,69
12819;40,53128467;-3,909078308;21539,69
12820;40,53128467;-3,909078308;21539,69
12821;40,42959545;-3,785930429;7116,15
12823;40,4683892;-3,8301676;12148,45
12824;40,41186066;-3,907005111;17236,19
12825;40,61795014;-4,115080351;41350,47
12826;40,42125927;-3,784252442;6850,9
12827;40,4010187;-3,8857125;15526,8
12828;40,6227332;-3,90712;28632,04
12829;40,4010187;-3,8857125;15526,8
12830;40,4010187;-3,8857125;15526,8
12831;40,4010187;-3,8857125;15526,8
12832;40,4010187;-3,8857125;15526,8
12833;40,4010187;-3,8857125;15526,8
12834;40,45352784;-3,801037301;9201,16
12835;40,6811667;-3,9733498;37188,01
12836;40,4411443;-3,852728736;12912,61
12837;40,5769405;-3,885864045;23542,21
12838;40,40111478;-3,777561316;6510,96
12839;40,5694164;-3,9358654;25951,1
12840;40,44914404;-3,806559442;9427,13
12841;40,44914404;-3,806559442;9427,13
12842;40,58403713;-3,924787172;26367,03
12843;40,5155024;-3,919985163;21340,68
12844;40,49911871;-3,88419884;17809,05
12846;40,3885232;-3,9261827;19116,79
12847;40,5337379;-3,8964131;20853,16
12848;40,4579786;-3,9119021;18216,2
12849;40,5094034;-3,9060068;19978,42
12850;40,35326143;-3,90450498;18436,71
12852;40,44123181;-3,911445909;17805,07
12853;40,42979874;-3,892818726;16087,39
12854;40,41871235;-3,90584969;17129,36
12855;40,52153078;-3,894064988;19875,76
12856;40,41804669;-3,805469858;8631,31
12857;40,40941433;-3,804479445;8588,04
12858;40,41421635;-3,811356227;9134,06
12859;40,6021621;-4,1271995;41317,05
12860;40,55201315;-3,896472919;22177,88
12861;40,40225845;-3,788377768;7367,53
12862;40,4725084;-3,8723343;15564,13
12863;40,4215229;-3,969172;22494,18
12864;40,4725084;-3,8723343;15564,13
12865;40,4725084;-3,8723343;15564,13
12866;40,4725084;-3,8723343;15564,13
12867;40,4725084;-3,8723343;15564,13
12868;40,4725084;-3,8723343;15564,13
12869;40,4725084;-3,8723343;15564,13
12870;40,4725084;-3,8723343;15564,13
12871;40,4725084;-3,8723343;15564,13
12872;40,4725084;-3,8723343;15564,13
12873;40,4725084;-3,8723343;15564,13
12874;40,4468114;-4,0053552;25761,68
12875;40,3574273;-3,896227508;17611,73
12876;40,4411321;-3,7875441;7603,32
12877;40,4411321;-3,7875441;7603,32
12878;40,28743503;-3,798030643;16477,64
12879;40,39139776;-3,92349081;18840,8
12880;40,42230554;-3,922947581;18584,75
12881;40,49189716;-3,942760292;21890,64
12882;40,4411321;-3,7875441;7603,32
12883;40,57630319;-4,001344086;30792,5
12884;40,64669098;-3,964703925;33761,83
12885;40,4411321;-3,7875441;7603,32
12886;40,4411321;-3,7875441;7603,32
12887;40,42991812;-3,816213811;9647,64
12888;40,47323177;-3,869717974;15393,64
12889;40,4411321;-3,7875441;7603,32
12890;40,4389354;-3,8960189;16476,03
12891;40,59536756;-4,054770428;35713,99
12892;40,42230554;-3,922947581;18584,75
12893;40,65860182;-4,028464487;38419,69
12894;40,43561615;-4,000646281;25235,8
12895;40,35794295;-3,901958731;18041,5
12896;40,39202455;-3,916519763;18246,7
12897;40,4344856;-3,8121332;9398,08
12898;40,53867575;-3,934273899;23751,68
12899;40,43848345;-4,00520215;25647,41
12900;40,4712777;-4,0852768;32865,4
12901;40,6702517;-4,1074258;44250,89
12902;40,535731;-4,1138684;37136,55
12903;40,503057;-3,8832391;17968,51
12904;40,40364961;-3,776965299;6391,27
12905;40,41389439;-3,912659416;17708,6
12906;40,40364961;-3,776965299;6391,27
12907;40,40364961;-3,776965299;6391,27
12908;40,40364961;-3,776965299;6391,27
12909;40,5779771;-3,9522672;27622,65
12910;40,47777649;-3,869884002;15618,18
12911;40,62753307;-3,91140191;29275,78
12912;40,59172047;-3,964365724;29394,8
12913;40,49210366;-3,875240538;16761,27
12914;40,43358655;-3,897592615;16531,31
12915;40,47200116;-3,849688811;13801,15
12916;40,42959545;-3,785930429;7116,15
12917;40,42959545;-3,785930429;7116,15
12918;40,73393786;-3,945536937;40745,87
12919;40,42324624;-3,847562255;12213,52
12920;40,449488;-3,7995117;8893,69
12921;40,43358655;-3,897592615;16531,31
12922;40,53408595;-3,90046525;21146,18
12923;40,41186066;-3,907005111;17236,19
12924;40,48003938;-3,867625835;15557,79
12925;40,42726919;-3,786460549;7113,96
12926;40,40883421;-3,818042245;9737,28
12927;40,40883421;-3,818042245;9737,28
12928;40,46513273;-4,070023207;31475,37
12929;40,55792939;-3,898667866;22762,27
12930;40,40883421;-3,818042245;9737,28
12931;40,4667785;-4,0845509;32717,65
12932;40,46276615;-4,0859519;32763,11
12933;40,4072198;-3,8073892;8859,85
12934;40,4072198;-3,8073892;8859,85
12935;40,4072198;-3,8073892;8859,85
12936;40,4072198;-3,8073892;8859,85
12937;40,4072198;-3,8073892;8859,85
12938;40,4072198;-3,8073892;8859,85
12939;40,4072198;-3,8073892;8859,85
12940;40,55201315;-3,896472919;22177,88
12941;40,5827941;-4,1296026;40472,18
12942;40,3533487;-3,889645502;17277,45
12943;40,4182231;-3,8941121;16135,25
12944;40,535731;-4,1138684;37136,55
12945;40,62780959;-4,016456295;35346,97
12946;40,40883421;-3,818042245;9737,28
12947;40,3582759;-3,8967436;17616,99
12948;40,35786499;-3,876944412;16089,95
12949;40,56534745;-3,8898104;22813,88
12950;40,5155024;-3,919985163;21340,68
12951;40,4136512;-3,843419008;11849,15
12952;40,41007332;-3,909009661;17413,62
12953;40,41007332;-3,909009661;17413,62
12954;40,4056081;-3,8964779;16384,98
12955;40,4468114;-4,0053552;25761,68
12956;40,49172835;-3,965501516;23674,63
12957;40,6702517;-4,1074258;44250,89
12958;40,6925664;-4,0693762;43527,45
12959;40,4906652;-3,868144749;16162,02
12960;40,6730082;-3,9704756;36325,1
12961;40,4746635;-3,8486843;13859,38
12962;40,45579295;-3,831733474;11679,11
12963;40,36933467;-3,930056689;19901,53
12964;40,5143798;-4,04655;30975,4
12965;40,5779771;-3,9522672;27622,65
12966;40,54740047;-3,930582813;24066,79
12967;40,7163841;-3,989412;41131,53
12968;40,42422195;-3,91538118;17952,65
12969;40,4215229;-3,969172;22494,18
12970;40,5954841;-3,9861152;31063,68
12971;40,53521852;-3,890144288;20545,82
12972;40,47318779;-3,869371745;15364,89
12973;40,47525625;-3,860861648;14809,09
12974;40,55162559;-3,991449683;28587,4
12975;40,6525803;-4,0499053;39286,15
12976;40,40759036;-3,797888264;8056,63
12977;40,7351835;-3,9449102;40839,2
12978;40,40806913;-3,783810475;6868,57
12979;40,43549873;-3,882500863;15289,56
12980;40,6431496;-3,9930128;35089,45
12981;40,5916674;-4,1491229;42388,93
12982;40,4746635;-3,8486843;13859,38
12983;40,4551891;-3,6929164;4346,51
12984;40,4746635;-3,8486843;13859,38
12986;40,45488324;-3,85373762;13394,88
12987;40,49614343;-3,960776305;23479,75
12988;40,590113;-3,9520002;28497,89
12989;40,6402737;-4,0002104;35290,9
12990;40,4028693;-3,6072165;8302,86
12991;40,5570303;-3,9663399;27141,26
12992;40,6425604;-4,0305708;37328,04
12993;40,65718514;-3,964288363;34629,73
12994;40,58761688;-3,997807077;31293,24
12995;40,5390963;-3,920371902;22823,07
12996;40,49711458;-3,864232236;16258,92
12997;40,40883421;-3,818042245;9737,28
12998;40,43247957;-3,84413326;12027,02
12999;40,52324211;-3,906267133;20828,84
13000;40,4231954;-3,783694229;6822,24
13001;40,44123181;-3,911445909;17805,07
13002;40,42812795;-3,914159089;17873,75
13003;40,53271665;-3,908208917;21574,86
13004;40,411201;-3,810465365;9076,29
13005;40,6304894;-4,0115319;35236,31
13006;40,4689237;-3,9467068;21375,66
13007;40,411201;-3,810465365;9076,29
13008;40,43358655;-3,897592615;16531,31
13009;40,449488;-3,7995117;8893,69
13010;40,6554861;-3,9594002;34221,88
13011;40,4411443;-3,852728736;12912,61
13012;40,41729745;-3,835578952;11179,52
13013;40,4052141;-3,8769548;14741,36
13014;40,4746635;-3,8486843;13859,38
13015;40,4028693;-3,6072165;8302,86
13016;40,4579786;-3,9119021;18216,2
13017;40,4028693;-3,6072165;8302,86
13018;40,28743503;-3,798030643;16477,64
13019;40,4766084;-4,0009195;26025,53
13020;40,4336741;-3,916358651;18111,68
13021;40,62635125;-4,001111614;34277
13022;40,5610133;-4,0168423;30962,82
13023;40,7163841;-3,989412;41131,53
13024;40,5779771;-3,9522672;27622,65
13025;40,4468114;-4,0053552;25761,68
13026;40,5259765;-3,6506483;12922,7
13027;40,5926673;-4,1471642;42292,82
13028;40,4402722;-3,888505169;15870,83
13029;40,5916674;-4,1491229;42388,93
13030;40,4052141;-3,8769548;14741,36
13031;40,4465091;-3,7981079;8654,28
13032;40,40977405;-3,797079059;7960,6
13033;40,4906342;-3,9643222;23538,78
13034;40,5155024;-3,919985163;21340,68
13035;40,63100855;-4,014154599;35439,08
13036;40,41148492;-3,731337055;2431,64
13037;40,6298594;-4,0277607;36215,82
13038;40,43358655;-3,897592615;16531,31
13039;40,41148492;-3,731337055;2431,64
13040;40,5143798;-4,04655;30975,4
13041;40,5143798;-4,04655;30975,4
13042;40,43417012;-3,853797575;12863,63
13043;40,45579295;-3,831733474;11679,11
13044;40,5155024;-3,919985163;21340,68
13045;40,70267499;-4,070408205;44385,26
13046;40,6554861;-3,9594002;34221,88
13047;40,40883421;-3,818042245;9737,28
13048;40,411201;-3,810465365;9076,29
13049;40,40883421;-3,818042245;9737,28
13050;40,41379057;-3,796262606;7859,05
13051;40,52562168;-3,895330584;20230,67
13052;40,41421635;-3,811356227;9134,06
13053;40,5155024;-3,919985163;21340,68
13054;40,4336741;-3,916358651;18111,68
13055;40,4211318;-3,785927164;6991,39
13056;40,4746635;-3,8486843;13859,38
13057;40,53271665;-3,908208917;21574,86
13058;40,40941433;-3,804479445;8588,04
13059;40,449488;-3,7995117;8893,69
13060;40,4411443;-3,852728736;12912,61
13061;40,4053485;-3,8764663;14698,83
13062;40,4402722;-3,888505169;15870,83
13063;40,41644263;-3,836030201;11217,87
13064;40,45359995;-3,892496777;16504,9
13065;40,55241576;-3,905802043;22794,2
13066;40,43358655;-3,897592615;16531,31
13067;40,44980265;-3,896833924;16764,23
13068;40,57484513;-3,920325449;25384,18
13069;40,40961375;-3,800693408;8266,86
13070;40,4367138;-3,8146612;9660,71
13071;40,449488;-3,7995117;8893,69
13072;40,33962418;-3,950921581;22651,2
13073;40,35375573;-3,893980251;17594,91
13074;40,45359995;-3,892496777;16504,9
13075;40,42720085;-3,888613312;15709,53
13076;40,5248604;-3,7838938;13791,89
13077;40,58290534;-3,930770262;26641,14
13078;40,4211318;-3,785927164;6991,39
13079;40,42638911;-3,844598346;11988,31
13080;40,44109252;-3,817793562;10037,92
13081;40,48359853;-3,934655118;20914,7
13082;40,41421635;-3,811356227;9134,06
13083;40,40977405;-3,797079059;7960,6
13084;40,3885232;-3,9261827;19116,79
13085;40,449693;-3,809991436;9719,13
13086;40,48383198;-3,864823567;15543,51
13087;40,42211514;-3,784569317;6884,92
13088;40,413673;-3,907328698;17257,91
13089;40,40883421;-3,818042245;9737,28
13090;40,4238866;-3,8877237;15612,25
13091;40,413673;-3,907328698;17257,91
13092;40,47294802;-3,877608497;15993,69
13093;40,449488;-3,7995117;8893,69
13094;40,46721868;-3,87233471;15340,69
13095;40,41421635;-3,811356227;9134,06
13096;40,45579295;-3,831733474;11679,11
13097;40,40998983;-3,801551718;8335,17
13098;40,44110374;-3,80362318;8888,39
13099;40,5176473;-3,925728183;21879,83
13100;40,48383198;-3,864823567;15543,51
13101;40,4173297;-3,8952442;16230,63
13102;40,5309378;-3,9098357;21568,79
13103;40,5176473;-3,925728183;21879,83
13104;40,5309378;-3,9098357;21568,79
13105;40,4932791;-3,875189;16822,95
13106;40,5309378;-3,9098357;21568,79
13107;40,45359995;-3,892496777;16504,9
13108;40,43561384;-3,917989504;18271,99
13109;40,4173297;-3,8952442;16230,63
13110;40,4173297;-3,8952442;16230,63
13111;40,4136512;-3,843419008;11849,15
13112;40,530672;-3,924179369;22545,14
13113;40,47200116;-3,849688811;13801,15
13114;40,55439889;-3,901384067;22663,08
13115;40,52827662;-3,930011669;22809,86
13116;40,42230554;-3,922947581;18584,75
13117;40,46587977;-3,860734769;14374,08
13118;40,4053485;-3,8764663;14698,83
13119;40,5720241;-3,9378498;26267,52
13120;40,5720241;-3,9378498;26267,52
13121;40,41030282;-3,897377888;16428,66
13122;40,413673;-3,907328698;17257,91
13123;40,44746292;-3,803327922;9103,47
13124;40,41372454;-3,895750014;16277,76
13125;40,4198371;-3,916060497;17995,37
13126;40,43744889;-3,887761606;15760,59
13127;40,45094822;-3,892748611;16455,61
13128;40,45094822;-3,892748611;16455,61
13129;40,40051227;-3,884359546;15419,63
13130;40,41379057;-3,796262606;7859,05
13131;40,44746392;-3,803560044;9121,75
13132;40,43943573;-3,79772458;8356,54
13133;40,4134831;-3,9082118;17333,14
13134;40,4238866;-3,8877237;15612,25
13135;40,42560122;-3,91863347;18234,96
13136;40,3573085;-3,9010211;17993,5
13137;40,35223415;-3,889828193;17342,74
13138;40,4683892;-3,8301676;12148,45
13139;40,44123181;-3,911445909;17805,07
13140;40,42676885;-3,872870084;14377
13141;40,44123181;-3,911445909;17805,07
13142;40,44123181;-3,911445909;17805,07
13143;40,40617691;-3,848102299;12299,06
13144;40,40617691;-3,848102299;12299,06
13145;40,35550267;-3,909062101;18700,93
13146;40,35504224;-3,875483998;16108,99
13147;40,3573085;-3,9010211;17993,5
13148;40,42638911;-3,844598346;11988,31
13149;40,4211318;-3,785927164;6991,39
13150;40,411201;-3,810465365;9076,29
13151;40,42037636;-3,921037629;18417,72
13152;40,42037636;-3,921037629;18417,72
13153;40,41389439;-3,912659416;17708,6
13154;40,41389439;-3,912659416;17708,6
13155;40,41389439;-3,912659416;17708,6
13156;40,43971101;-3,852200607;12836,64
13157;40,44110374;-3,80362318;8888,39
13158;40,42850306;-3,922036007;18541,77
13159;40,42959545;-3,785930429;7116,15
13160;40,42959545;-3,785930429;7116,15
13161;40,41007332;-3,909009661;17413,62
13162;40,41007332;-3,909009661;17413,62
13163;40,39202455;-3,916519763;18246,7
13164;40,40883421;-3,818042245;9737,28
13165;40,40883421;-3,818042245;9737,28
13166;40,4072198;-3,8073892;8859,85
13167;40,4072198;-3,8073892;8859,85
13168;40,3885232;-3,9261827;19116,79
13169;40,4053485;-3,8764663;14698,83
13170;40,39691827;-3,92074206;18526,24
13171;40,4411443;-3,852728736;12912,61
13172;40,40883421;-3,818042245;9737,28
13173;40,5176473;-3,925728183;21879,83
13174;40,36383286;-3,880065881;16075,59
13175;40,35353737;-3,878104713;16381,42
13176;40,35934241;-3,872522235;15680,84
13177;40,3849848;-3,924973229;19085,6
13178;40,35892977;-3,874087293;15820,61
13179;40,35428483;-3,905957835;18507,13
13180;40,3574939;-3,8719532;15722,35
13181;40,38525285;-3,933805802;19815,58
13182;40,39422045;-3,917748205;18313,94
13183;40,6702517;-4,1074258;44250,89
13184;40,4239259;-3,91894;18252,23
13185;40,36724875;-3,93157491;20088,35
13186;40,40977405;-3,797079059;7960,6
13187;40,40617691;-3,848102299;12299,06
13188;40,44381659;-3,843121867;12187,7
13189;40,4158312;-3,786559;7030,7
13190;40,449488;-3,7995117;8893,69
13191;40,6554861;-3,9594002;34221,88
13192;40,4390885;-3,7930351;7966,69
13193;40,41904572;-3,79420842;7680,58
13194;40,57458845;-3,957022417;27690,38
13195;40,4746635;-3,8486843;13859,38
13196;40,41904572;-3,79420842;7680,58
13197;40,449488;-3,7995117;8893,69
13198;40,53867575;-3,934273899;23751,68
13199;40,4579786;-3,9119021;18216,2
13200;40,49711458;-3,864232236;16258,92
13201;40,5720241;-3,9378498;26267,52
13202;40,5094034;-3,9060068;19978,42
13203;40,36419062;-3,910530225;18486,84
13204;40,4411443;-3,852728736;12912,61
13205;40,4411443;-3,852728736;12912,61
13206;40,43228417;-3,810183538;9188,27
13207;40,5155024;-3,919985163;21340,68
13208;40,4052141;-3,8769548;14741,36
13209;40,40883421;-3,818042245;9737,28
13210;40,4746635;-3,8486843;13859,38
13211;40,507932;-3,8781526;17906,02
13212;40,41421635;-3,811356227;9134,06
13213;40,51695913;-3,907342791;20517,56
13214;40,40941433;-3,804479445;8588,04
13215;40,3555801;-3,8676456;15484,85
13216;40,53867575;-3,934273899;23751,68
13217;40,45649674;-3,905923044;17685,25
13218;40,65718514;-3,964288363;34629,73
13219;40,4402722;-3,888505169;15870,83
13220;40,4052141;-3,8769548;14741,36
13221;40,4746635;-3,8486843;13859,38
13222;40,5779771;-3,9522672;27622,65
13223;40,4402722;-3,888505169;15870,83
13224;40,42638911;-3,844598346;11988,31
13225;40,53830828;-3,939601273;24100,44
13226;40,44333084;-3,87368564;14698,54
13227;40,40207307;-3,894415436;16246,6
13228;40,4411443;-3,852728736;12912,61
13229;40,40998983;-3,801551718;8335,17
13230;40,4579786;-3,9119021;18216,2
13231;40,6554861;-3,9594002;34221,88
13232;40,40883421;-3,818042245;9737,28
13233;40,57548203;-3,951930054;27422,07
13234;40,4673483;-3,8747323;15535
13235;40,4737486;-3,854222892;14231,07
13236;40,4579786;-3,9119021;18216,2
13237;40,40941433;-3,804479445;8588,04
13238;40,4465091;-3,7981079;8654,28
13239;40,4052141;-3,8769548;14741,36
13240;40,41904572;-3,79420842;7680,58
13241;40,45359995;-3,892496777;16504,9
13242;40,4211318;-3,785927164;6991,39
13243;40,4899066;-3,8905634;17784,22
13244;40,41421635;-3,811356227;9134,06
13245;40,55201315;-3,896472919;22177,88
13246;40,4305445;-3,8987944;16598,54
13247;40,42223975;-3,810231567;9052,45
13248;40,4579786;-3,9119021;18216,2
13249;40,46587977;-3,860734769;14374,08
13250;40,4800627;-3,8901953;17284,88
13251;40,44110374;-3,80362318;8888,39
13252;40,3623389;-3,9110419;18594,38
13253;40,4291719;-3,8032607;8551,53
13254;40,4485818;-3,8167516;10208,69
13255;40,46587977;-3,860734769;14374,08
13256;40,4701189;-3,8713852;15386,63
13257;40,4533096;-3,8664418;14369,27
13258;40,46254752;-3,863589018;14464,22
13259;40,47272238;-3,854688594;14216,32
13260;40,4561797;-3,8642253;14283,31
13261;40,449488;-3,7995117;8893,69
13262;40,42991812;-3,816213811;9647,64
13263;40,43117623;-3,913953173;17882,76
13264;40,44489968;-3,888031995;15923,19
13265;40,4007664;-3,8837107;15361,72
13266;40,456623;-3,8670908;14529,27
13267;40,38064894;-3,926416653;19301,32
13268;40,4020393;-3,7867249;7236,69
13269;40,41421635;-3,811356227;9134,06
13270;40,40941433;-3,804479445;8588,04
13271;40,39320586;-3,927498336;19147,32
13272;40,44109252;-3,817793562;10037,92
13273;40,39212317;-3,926262426;19060,88
13274;40,35519736;-3,911647605;18917,28
13275;40,4457254;-3,8198013;10348,99
13276;40,35223415;-3,889828193;17342,74
13277;40,3535973;-3,8953134;17705,51
13278;40,3594133;-3,8727578;15695,83
13279;40,3603979;-3,8823828;16401,2
13280;40,3547366;-3,8792293;16410,68
13281;40,38591846;-3,934962833;19898,94
13282;40,38525285;-3,933805802;19815,58
13283;40,39280907;-3,920272987;18547,95
13284;40,3580627;-3,9076828;18489,22
13285;40,4447124;-3,8253722;10765,61
13286;40,35819262;-3,898731893;17776,94
13287;40,43358655;-3,897592615;16531,31
13288;40,4387013;-3,888293;15825,65
13289;40,41729745;-3,835578952;11179,52
13290;40,4211318;-3,785927164;6991,39
13291;40,4105092;-3,8011162;8293,25
13292;40,4053485;-3,8764663;14698,83
13293;40,4052141;-3,8769548;14741,36
13294;40,4388456;-3,8224959;10360,58
13295;40,45579295;-3,831733474;11679,11
13296;40,40883421;-3,818042245;9737,28
13297;40,4112877;-3,8102348;9056,14
13298;40,42324624;-3,847562255;12213,52
13299;40,4474794;-3,8033298;9104,3
13300;40,42676885;-3,872870084;14377
13301;40,40617691;-3,848102299;12299,06
13302;40,4377419;-3,8957506;16434,51
13303;40,43561384;-3,917989504;18271,99
13304;40,44123181;-3,911445909;17805,07
13305;40,4072198;-3,8073892;8859,85
13306;40,4088335;-3,8180402;9737,12
13307;40,4485818;-3,8167516;10208,69
13308;40,42037636;-3,921037629;18417,72
13309;40,41421635;-3,811356227;9134,06
13310;40,4411443;-3,852728736;12912,61
13311;40,449488;-3,7995117;8893,69
13312;40,4052141;-3,8769548;14741,36
13313;40,4402722;-3,888505169;15870,83
13314;40,41421635;-3,811356227;9134,06
13315;40,42669453;-3,910988634;17595,67
13316;40,42638911;-3,844598346;11988,31
13317;40,4211318;-3,785927164;6991,39
13318;40,449488;-3,7995117;8893,69
13319;40,4402722;-3,888505169;15870,83
13320;40,41804669;-3,805469858;8631,31
13321;40,40941433;-3,804479445;8588,04
13322;40,449488;-3,7995117;8893,69
13323;40,4147441;-3,8828312;15181,97
13324;40,43247957;-3,84413326;12027,02
13325;40,449488;-3,7995117;8893,69
13326;40,4160378;-3,8305525;10754,5
13327;40,4211318;-3,785927164;6991,39
13328;40,4087682;-3,8093634;9006,66
13329;40,4227806;-3,892752228;16032,1
13330;40,4136512;-3,843419008;11849,15
13331;40,4272898;-3,7855084;7034,8
13332;40,41325974;-3,917483225;18118,45
13333;40,43924883;-3,921273903;18597,32
13334;40,41030282;-3,897377888;16428,66
13335;40,4147441;-3,8828312;15181,97
13336;40,4245477;-3,8419757;11750,82
13337;40,4112877;-3,8102348;9056,14
13338;40,5555944;-3,9036551;22894,46
13339;40,53271665;-3,908208917;21574,86
13340;40,6431496;-3,9930128;35089,45
13341;40,4579786;-3,9119021;18216,2
13342;40,449488;-3,7995117;8893,69
13343;40,62740044;-4,011764793;35020,85
13344;40,62955238;-4,009551567;35042,58
13345;40,4411443;-3,852728736;12912,61
13346;40,4683892;-3,8301676;12148,45
13347;40,2877894;-3,7979813;16441,17
13348;40,60122612;-3,983802548;31326,65
13349;40,5155024;-3,919985163;21340,68
13350;40,65184323;-4,027529395;37841,66
13351;40,4906342;-3,9643222;23538,78
13352;40,4112877;-3,8102348;9056,14
13353;40,44333084;-3,87368564;14698,54
13354;40,41888844;-3,840371304;11587,05
13355;40,62344412;-3,901937554;28434,64
13356;40,62879743;-4,003703697;34622,26
13357;40,61752764;-4,0365214;35914,05
13358;40,63271685;-4,001615069;34791,66
13359;40,62475076;-4,005485165;34429,73
13360;40,43571455;-3,816386085;9778,69
13361;40,4612172;-3,862044874;14290,39
13362;40,5241594;-3,884130277;19378,74
13363;40,6208972;-4,0114666;34523,78
13364;40,4689237;-3,9467068;21375,66
13365;40,6431496;-3,9930128;35089,45
13366;40,4579786;-3,9119021;18216,2
13367;40,4630152;-4,0886363;32991,77
13368;40,5694164;-3,9358654;25951,1
13369;40,4052141;-3,8769548;14741,36
13370;40,5694164;-3,9358654;25951,1
13371;40,50186445;-3,891390263;18487,73
13372;40,45579295;-3,831733474;11679,11
13373;40,5727798;-3,906807036;24407,97
13374;40,57458845;-3,957022417;27690,38
13375;40,4052141;-3,8769548;14741,36
13376;40,4746635;-3,8486843;13859,38
13377;40,53867575;-3,934273899;23751,68
13378;40,3574273;-3,896227508;17611,73
13379;40,5872599;-3,9328762;27105,46
13380;40,5779771;-3,9522672;27622,65
13381;40,5954841;-3,9861152;31063,68
13382;40,4630152;-4,0886363;32991,77
13383;40,4134695;-3,842777;11795,48
13384;40,4109973;-3,902182249;16831,71
13385;40,45579295;-3,831733474;11679,11
13386;40,3559175;-3,901088601;18056,53
13387;40,63035433;-4,014425996;35407,38
13388;40,5954841;-3,9861152;31063,68
13389;40,6304892;-4,004107391;34775,21
13390;40,4367138;-3,8146612;9660,71
13391;40,4465091;-3,7981079;8654,28
13392;40,38859595;-3,6947642;3238,14
13393;40,5849054;-4,1326789;40810,28
13394;40,5737807;-3,9074199;24523,43
13395;40,56902835;-3,949945175;26836,6
13396;40,40646922;-3,878480644;14858,31
13397;40,42850306;-3,922036007;18541,77
13398;40,62687611;-4,014147842;35132,28
13399;40,50186445;-3,891390263;18487,73
13400;40,608365;-4,0296831;34832,52
13401;40,6284397;-4,011447231;35078,11
13402;40,608365;-4,0296831;34832,52
13403;40,6702517;-4,1074258;44250,89
13404;40,6474455;-4,0551434;39242,67
13405;40,50186445;-3,891390263;18487,73
13406;40,5610133;-4,0168423;30962,82
13407;40,449488;-3,7995117;8893,69
13408;40,4336741;-3,916358651;18111,68
13409;40,41804669;-3,805469858;8631,31
13410;40,50186445;-3,891390263;18487,73
13412;40,535731;-4,1138684;37136,55
13413;40,3573085;-3,9010211;17993,5
13414;40,5738039;-3,9815433;29272,9
13415;40,5831153;-3,921141;26076,54
13416;40,57511085;-3,952826403;27453,76
13417;40,65339775;-4,048258334;39243,26
13418;40,5867495;-3,9224109;26439,13
13419;40,6311542;-3,993843;34197,89
13420;40,4472106;-4,002795;25552,55
13421;40,4052141;-3,8769548;14741,36
13422;40,45731783;-3,914615387;18420,64
13423;40,3727017;-3,918582323;18865,05
13424;40,46647022;-4,084343479;32694,63
13425;40,4756027;-3,9766522;24015,12
13426;40,4471737;-4,0070095;25905,67
13427;40,43932947;-4,010577167;26109,06
13428;40,39202455;-3,916519763;18246,7
13429;40,4630152;-4,0886363;32991,77
13430;40,55201315;-3,896472919;22177,88
13431;40,62032343;-4,03274242;35859,02
13432;40,61551983;-3,924643172;28929,95
13433;40,47524832;-3,864068537;15053,15
13434;40,65515267;-4,016290216;37419,28
13435;40,4689237;-3,9467068;21375,66
13436;40,46155577;-3,879949772;15733,39
13437;40,4052141;-3,8769548;14741,36
13438;40,6304892;-4,004107391;34775,21
13439;40,48284816;-3,878709096;16536,06
13440;40,4598385;-4,0945849;33437,74
13441;40,6304892;-4,004107391;34775,21
13442;40,6365091;-4,0252515;36544,37
13443;40,53867575;-3,934273899;23751,68
13444;40,59508079;-3,968247086;29887,69
13445;40,4279297;-3,842856;11857,68
13446;40,55145769;-3,888937245;21670,61
13447;40,61649462;-4,00491665;33785,38
13448;40,4365579;-3,8138423;9589,28
13449;40,6456673;-3,994307931;35366,33
13450;40,49397315;-3,87281225;16689,05
13451;40,45803447;-3,812038468;10257,65
13452;40,54851846;-4,004046698;29326,78
13453;40,41421635;-3,811356227;9134,06
13454;40,41610408;-3,963841084;22038,21
13455;40,65075356;-4,045787059;38891,74
13456;40,67516322;-3,967670378;36367,06
13457;40,4683892;-3,8301676;12148,45
13458;40,6386388;-4,009757783;35743,34
13459;40,64771313;-4,033270052;37882,22
13460;40,6287785;-4,002224178;34529,29
13461;40,58437814;-4,128892809;40499,05
13462;40,4472106;-4,002795;25552,55
13463;40,50411564;-3,894673267;18854,29
13464;40,4415918;-3,8414479;11991,62
13465;40,4052141;-3,8769548;14741,36
13466;40,5867495;-3,9224109;26439,13
13467;40,413673;-3,907328698;17257,91
13468;40,59536756;-4,054770428;35713,99
13469;40,67126534;-4,087591537;43045,32
13470;40,4028693;-3,6072165;8302,86
13471;40,5926673;-4,1471642;42292,82
13472;40,6208972;-4,0114666;34523,78
13473;40,5155024;-3,919985163;21340,68
13474;40,449488;-3,7995117;8893,69
13475;40,4056081;-3,8964779;16384,98
13476;40,47303296;-3,875559303;15837,82
13477;40,4472106;-4,002795;25552,55
13478;40,62740044;-4,011764793;35020,85
13479;40,3885232;-3,9261827;19116,79
13480;40,4112877;-3,8102348;9056,14
13481;40,43358655;-3,897592615;16531,31
13482;40,44301073;-3,803008742;8905,46
13483;40,6150079;-3,9275791;29047,79
13484;40,42061993;-3,905577925;17109,86
13485;40,4766084;-4,0009195;26025,53
13486;40,63028447;-4,001928369;34625,31
13487;40,40941433;-3,804479445;8588,04
13488;40,43411168;-3,901182118;16839,73
13489;40,43247957;-3,84413326;12027,02
13490;40,7278413;-4,0194205;43669,09
13491;40,4279643;-3,9224188;18570,12
13492;40,43571455;-3,816386085;9778,69
13493;40,64558316;-3,976639908;34338,62
13494;40,7325844;-4,004533;43337,85
13495;40,52355619;-3,922717339;22007,56
13497;40,4390885;-3,7930351;7966,69
13498;40,6554861;-3,9594002;34221,88
13499;40,5773606;-4,0035703;31013,95
13500;40,4932791;-3,875189;16822,95
13501;40,41148492;-3,731337055;2431,64
13502;40,4683892;-3,8301676;12148,45
13503;40,4052141;-3,8769548;14741,36
13504;40,4472106;-4,002795;25552,55
13505;40,62829714;-4,011527655;35072,55
13506;40,5779771;-3,9522672;27622,65
13507;40,44489968;-3,888031995;15923,19
13508;40,4263027;-3,849821976;12428,06
13510;40,6400456;-4,0204774;36510,65
13511;40,51034251;-3,972815539;25037,37
13512;40,4041832;-3,817008673;9712,47
13513;40,5094034;-3,9060068;19978,42
13514;40,4297229;-3,785334;7069,5
13515;40,42850306;-3,922036007;18541,77
13516;40,535731;-4,1138684;37136,55
13517;40,6400456;-4,0204774;36510,65
13518;40,44980265;-3,896833924;16764,23
13519;40,40432349;-3,880153202;15020,14
13520;40,73105721;-3,952235675;40758
13521;40,5916674;-4,1491229;42388,93
13522;40,4932791;-3,875189;16822,95
13523;40,4024472;-3,882327366;15224,3
13524;40,41832489;-3,91659367;18038,48
13525;40,37354119;-3,928958691;19691,51
13526;40,54740047;-3,930582813;24066,79
13527;40,42898406;-3,895938867;16342,9
13528;40,5644299;-3,947439555;26351,74
13529;40,62918143;-4,003290099;34625,68
13530;40,554847;-4,11814497;38271,19
13531;40,4683892;-3,8301676;12148,45
13532;40,58619265;-4,131858747;40814,13
13533;40,44961007;-3,902123191;17196,9
13534;40,7419045;-4,0512412;46561,92
13535;40,4683892;-3,8301676;12148,45
13536;40,68234298;-4,10412225;44905,52
13537;40,5951319;-3,9647328;29669,64
13538;40,4579786;-3,9119021;18216,2
13539;40,5906018;-4,1391793;41588,62
13540;40,4998445;-3,968734059;24258,02
13541;40,43358655;-3,897592615;16531,31
13542;40,3885232;-3,9261827;19116,79
13543;40,6227332;-3,90712;28632,04
13544;40,42365212;-3,897560655;16442,84
13545;40,3885232;-3,9261827;19116,79
13546;40,4053485;-3,8764663;14698,83
13547;40,42363868;-3,906027744;17158,83
13548;40,5694164;-3,9358654;25951,1
13549;40,6702517;-4,1074258;44250,89
13550;40,66233022;-4,043576432;39626,29
13551;40,4028693;-3,6072165;8302,86
13552;40,590113;-3,9520002;28497,89
13553;40,5926673;-4,1471642;42292,82
13554;40,62328253;-4,041544116;36644,05
13555;40,41621676;-3,897204373;16396,85
13556;40,58274504;-4,127515868;40312,72
13557;40,47104328;-3,871897702;15466,28
13558;40,58165782;-4,127746553;40275,2
13559;40,4819882;-3,9386212;21167,22
13560;40,60354317;-3,901766018;26672,07
13561;40,6304894;-4,0115319;35236,31
13562;40,4472106;-4,002795;25552,55
13563;40,4291719;-3,8032607;8551,53
13565;40,4932791;-3,875189;16822,95
13566;40,41904572;-3,79420842;7680,58
13567;40,71336975;-3,996051212;41194,92
13568;40,4711888;-3,871093086;15409,89
13569;40,6227334;-3,9072054;28636,4
13570;40,3885232;-3,9261827;19116,79
13571;40,6515647;-3,96459;34166,99
13572;40,4472106;-4,002795;25552,55
13573;40,43571455;-3,816386085;9778,69
13574;40,6160874;-4,1508437;43819,72
13575;40,67799959;-4,099175068;44273,98
13576;40,6660179;-4,095982582;43207,03
13577;40,63222416;-3,997518339;34503,77
13578;40,7376282;-3,9478644;41199,19
13579;40,54855576;-3,911376794;22873,56
13580;40,52161734;-3,892888292;19800,78
13581;40,62978076;-4,004136079;34723,35
13582;40,488357;-3,883297931;17159,19
13583;40,33962418;-3,950921581;22651,2
13584;40,4418745;-3,8733454;14638,94
13585;40,63271685;-4,001615069;34791,66
13586;40,359808;-3,90202;17971,76
13587;40,61823276;-4,012751423;34412,7
13588;40,6274049;-3,9881825;33564,71
13589;40,65800028;-4,058798814;40247,24
13590;40,52173094;-3,907484881;20819,4
13591;40,67769378;-3,974683499;36953,8
13592;40,69120795;-4,02898855;41062,56
13593;40,65546623;-4,04278898;39056,86
13594;40,6929592;-4,024696;40966,05
13595;40,63398317;-4,016343976;35798,11
13596;40,57349111;-3,896873637;23881,42
13597;40,69201202;-4,03263852;41335,68
13598;40,62218945;-4,003533044;34116,77
13599;40,68632923;-3,972117556;37579,69
13600;40,6214174;-4,114298785;41504,09
13601;40,69918776;-3,968263028;38537,83
13602;40,4630152;-4,0886363;32991,77
13603;40,57505249;-3,923851944;25616,16
13604;40,6618994;-4,0225102;38320,97
13605;40,4109973;-3,902182249;16831,71
13606;40,6938894;-4,0231235;40955,77
13607;40,57646235;-3,88550554;23482,21
13608;40,6592198;-4,0246571;38238,69
13609;40,3644391;-3,8744453;15608,44
13610;40,4746635;-3,8486843;13859,38
13611;40,6702517;-4,1074258;44250,89
13612;40,67236471;-3,969485903;36217,16
13613;40,6916975;-4,0139847;40265,98
13614;40,38799555;-3,936384412;19978,69
13615;40,68011972;-3,971378699;36994,1
13616;40,59612295;-4,15283908;42895,16
13617;40,3573085;-3,9010211;17993,5
13618;40,5390963;-3,920371902;22823,07
13620;40,58452414;-4,130491989;40626,59
13621;40,58377607;-4,130219192;40568,17
13622;40,55997052;-4,017452124;30947,39
13623;40,62075498;-4,004003916;34040,17
13624;40,57859462;-4,011945164;31673,35
13625;40,43677795;-3,888682305;15827,22
13626;40,56463862;-4,017634977;31229,68
13627;40,45414533;-3,799325013;9102,37
13628;40,53271665;-3,908208917;21574,86
13629;40,5951319;-3,9647328;29669,64
13630;40,62947285;-4,0202625;35710,23
13631;40,57427065;-4,003234234;30794,71
13632;40,6304894;-4,0115319;35236,31
13633;40,7313008;-3,9806368;42067,04
13634;40,73194425;-3,945308616;40544,69
13635;40,680347;-4,0950464;44183,34
13636;40,54750506;-4,010370007;29736,46
13637;40,58619265;-4,131858747;40814,13
13638;40,5779771;-3,9522672;27622,65
13639;40,40860805;-3,797877729;8041,86
13640;40,6783167;-4,0795126;43057,09
13641;40,48120711;-3,93985593;21236,16
13642;40,62667072;-4,006603897;34642,97
13643;40,5933855;-4,1406868;41845,1
13644;40,69068489;-4,025003737;40794,54
13645;40,68921442;-3,969357303;37696,21
13646;40,69406742;-4,02451752;41048,34
13647;40,657424;-4,0235142;38029,8
13648;40,4995013;-4,0282797;28969,24
13649;40,6947613;-4,0288616;41349,23
13650;40,54855576;-3,911376794;22873,56
13651;40,6159169;-4,0100416;34071,59
13652;40,62666249;-3,912205839;29239,42
13653;40,7079952;-4,004430362;41152,33
13654;40,43255704;-3,885878596;15533,29
13655;40,44301073;-3,803008742;8905,46
13656;40,4728332;-3,8723044;15576,15
13657;40,47958378;-3,858956979;14883,01
13658;40,44786035;-4,006752999;25894,04
13659;40,5891319;-4,146461174;42060,59
13660;40,43571455;-3,816386085;9778,69
13661;40,5860872;-4,1292501;40613,13
13662;40,58633871;-4,12978595;40666,18
13663;40,45210147;-4,000920202;25472,13
13664;40,5827941;-4,1296026;40472,18
13666;40,5655702;-4,010323113;30760,86
13667;40,5455264;-4,1095545;37198,32
13668;40,6739565;-4,0880538;43271,33
13669;40,5494204;-3,6351988;15823,69
13670;40,4367138;-3,8146612;9660,71
13671;40,5764217;-3,9346032;26386,69
13672;40,57486839;-3,928031246;25860,43
13673;40,40211065;-3,8996049;16683,33
13674;40,64969277;-4,037744737;38309,33
13675;40,598742;-4,134676774;41681,28
13676;40,5779771;-3,9522672;27622,65
13677;40,75659871;-4,072372787;48954,54
13678;40,39139776;-3,92349081;18840,8
13679;40,4966509;-3,6636826;9482,5
13680;40,43358655;-3,897592615;16531,31
13681;40,4052141;-3,8769548;14741,36
13682;40,590113;-3,9520002;28497,89
13684;40,54858925;-3,90353418;22370,26
13685;40,6406161;-3,992948119;34884,56
13686;40,5954841;-3,9861152;31063,68
13687;40,4185938;-3,9189059;18234,46
13688;40,3727017;-3,918582323;18865,05
13689;40,4109973;-3,902182249;16831,71
13690;40,4930864;-3,876142227;16881,89
13691;40,55201315;-3,896472919;22177,88
13692;40,59577124;-4,13925037;41862,65
13693;40,45123922;-4,00596728;25880,18
13694;40,6702517;-4,1074258;44250,89
13695;40,5779771;-3,9522672;27622,65
13696;40,503057;-3,8832391;17968,51
13697;40,4215229;-3,969172;22494,18
13699;40,53867575;-3,934273899;23751,68
13700;40,535731;-4,1138684;37136,55
13701;40,4630152;-4,0886363;32991,77
13702;40,41421635;-3,811356227;9134,06
13703;40,5155024;-3,919985163;21340,68
13704;40,5867495;-3,9224109;26439,13
13705;40,42211514;-3,784569317;6884,92
13706;40,62829714;-4,011527655;35072,55
13707;40,5854591;-3,971234371;29384,98
13708;40,5248604;-3,7838938;13791,89
13709;40,4053485;-3,8764663;14698,83
13710;40,4746635;-3,8486843;13859,38
13711;40,5248604;-3,7838938;13791,89
13712;40,7192919;-4,013525822;42613,76
13713;40,5738039;-3,9815433;29272,9
13714;40,73906662;-4,064312584;47025,52
13715;40,6227332;-3,90712;28632,04
13716;40,55201315;-3,896472919;22177,88
13717;40,5143798;-4,04655;30975,4
13718;40,6481664;-4,0432123;38538,07
13719;40,4630152;-4,0886363;32991,77
13720;40,44537327;-4,003592586;25593,77
13721;40,4932791;-3,875189;16822,95
13722;40,64828225;-4,0434802;38563,52
13723;40,44625135;-3,995704853;24943,81
13724;40,62829714;-4,011527655;35072,55
13725;40,45579295;-3,831733474;11679,11
13726;40,3854733;-3,9282918;19351,81
13727;40,46310155;-4,08308505;32529,25
13728;40,4350402;-3,797763;8226,9
13729;40,4472106;-4,002795;25552,55
13730;40,60594238;-4,125226352;41383,52
13731;40,5815173;-4,1291533;40374,12
13732;40,4468114;-4,0053552;25761,68
13733;40,449488;-3,7995117;8893,69
13734;40,4465091;-3,7981079;8654,28
13735;40,62635125;-4,001111614;34277
13736;40,6474455;-4,0551434;39242,67
13737;40,39973109;-3,886287257;15592,22
13738;40,4367138;-3,8146612;9660,71
13739;40,4215229;-3,969172;22494,18
13740;40,5653693;-3,895909;23174,72
13741;40,48685466;-4,042792323;29740,74
13742;40,57869;-4,020691;32290,86
13743;40,6715521;-4,086371;42988,56
13744;40,4857378;-3,9452426;21836,63
13745;40,56407037;-4,013870734;30926,01
13746;40,48397925;-3,94508945;21756,97
13747;40,53128467;-3,909078308;21539,69
13748;40,67162449;-4,091623498;43328,78
13749;40,5598112;-3,8902105;22396,94
13750;40,64677074;-3,989615596;35180,81
13751;40,5323694;-3,9300171;23059,92
13752;40,66570987;-4,089696534;42778,59
13753;40,4472106;-4,002795;25552,55
13754;40,50544613;-4,117250658;36359,27
13755;40,57501654;-3,941746133;26734,18
13756;40,5902245;-3,986983419;30751,11
13757;40,65852338;-4,024865678;38196,8
13758;40,6602535;-4,0223967;38184,57
13759;40,4342725;-3,850234768;12567,23
13760;40,5779771;-3,9522672;27622,65
13761;40,5814032;-4,000942643;31094,07
13762;40,449488;-3,7995117;8893,69
13763;40,5653693;-3,895909;23174,72
13764;40,55241576;-3,905802043;22794,2
13765;40,57358744;-3,952618206;27332,16
13766;40,59765982;-3,982164968;30963,72
13767;40,55647666;-4,030646949;31718,57
13768;40,66570987;-4,089696534;42778,59
13769;40,65039775;-4,020976115;37331,14
13770;40,4390885;-3,7930351;7966,69
13771;40,5570303;-3,9663399;27141,26
13772;40,5849728;-4,1281883;40476,5
13773;40,45464652;-3,796201401;8893,8
13774;40,449488;-3,7995117;8893,69
13775;40,45464652;-3,796201401;8893,8
13776;40,4949232;-3,9600065;23368,89
13777;40,45464652;-3,796201401;8893,8
13778;40,5202718;-3,9327269;22537,56
13779;40,4630152;-4,0886363;32991,77
13780;40,5202718;-3,9327269;22537,56
13781;40,6076104;-4,0300311;34804,75
13782;40,59020907;-3,963912722;29255,32
13783;40,6474455;-4,0551434;39242,67
13784;40,6035754;-3,984680307;31553,69
13785;40,4422668;-3,8135625;9730,23
13786;40,5797439;-4,0026344;31102,38
13787;40,4630152;-4,0886363;32991,77
13788;40,53867575;-3,934273899;23751,68
13789;40,47139887;-3,875079383;15729,82
13790;40,4336741;-3,916358651;18111,68
13791;40,6515647;-3,96459;34166,99
13792;40,5143798;-4,04655;30975,4
13793;40,4422668;-3,8135625;9730,23
13794;40,4766084;-4,0009195;26025,53
13795;40,4579786;-3,9119021;18216,2
13796;40,4949232;-3,9600065;23368,89
13797;40,5874531;-4,1293187;40688,5
13798;40,5874531;-4,1293187;40688,5
13799;40,5570303;-3,9663399;27141,26
13800;40,4630152;-4,0886363;32991,77
13801;40,6304892;-4,004107391;34775,21
13802;40,45649674;-3,905923044;17685,25
13803;40,413673;-3,907328698;17257,91
13804;40,4465091;-3,7981079;8654,28
13805;40,5814032;-4,000942643;31094,07
13806;40,4323999;-3,8027532;8573,6
13807;40,35261707;-3,901330194;18216,82
13808;40,68234298;-4,10412225;44905,52
13809;40,552072;-4,0042322;29538,82
13810;40,52354272;-3,912829673;21306,81
13811;40,4332228;-3,8124049;9392,6
13812;40,42720085;-3,888613312;15709,53
13813;40,42720085;-3,888613312;15709,53
13814;40,5814032;-4,000942643;31094,07
13815;40,49614343;-3,960776305;23479,75
13816;40,6474455;-4,0551434;39242,67
13817;40,3660392;-3,9444092;21171,2
13818;40,3660392;-3,9444092;21171,2
13819;40,3692601;-3,930005132;19899,54
13820;40,52791125;-4,065371224;33001,47
13821;40,5779771;-3,9522672;27622,65
13822;40,57364484;-3,890552062;23531,33
13823;40,48120711;-3,93985593;21236,16
13824;40,63100855;-4,014154599;35439,08
13825;40,59610926;-4,13492361;41559,03
13826;40,59610926;-4,13492361;41559,03
13827;40,59610926;-4,13492361;41559,03
13828;40,4336741;-3,916358651;18111,68
13829;40,59381142;-4,142991738;42039,36
13830;40,3573085;-3,9010211;17993,5
13831;40,53867575;-3,934273899;23751,68
13832;40,4683892;-3,8301676;12148,45
13833;40,41007332;-3,909009661;17413,62
13834;40,3573787;-3,9002334;17928,6
13835;40,44914404;-3,806559442;9427,13
13836;40,44914404;-3,806559442;9427,13
13837;40,45226825;-3,806472466;9557,58
13838;40,49614343;-3,960776305;23479,75
13839;40,49614343;-3,960776305;23479,75
13840;40,50186445;-3,891390263;18487,73
13841;40,6072512;-4,0533065;36361,76
13842;40,4052141;-3,8769548;14741,36
13843;40,41904572;-3,79420842;7680,58
13844;40,7163841;-3,989412;41131,53
13845;40,3637698;-3,910019343;18460,8
13846;40,4472106;-4,002795;25552,55
13847;40,5390963;-3,920371902;22823,07
13848;40,4056081;-3,8964779;16384,98
13849;40,4411321;-3,7875441;7603,32
13850;40,4411321;-3,7875441;7603,32
13851;40,41148492;-3,731337055;2431,64
13852;40,4822779;-3,9497888;22068,21
13853;40,6407186;-4,0140017;36162,36
13854;40,5851216;-4,1632828;43137,64
13855;40,6160874;-4,1508437;43819,72
13856;40,5764217;-3,9346032;26386,69
13858;40,3573085;-3,9010211;17993,5
13859;40,5248604;-3,7838938;13791,89
13860;40,53867575;-3,934273899;23751,68
13861;40,5983949;-3,9478179;28873,13
13862;40,4272898;-3,7855084;7034,8
13863;40,44123181;-3,911445909;17805,07
13864;40,47425108;-3,878830927;16145,52
13865;40,6218918;-3,910364433;28723,49
13866;40,36344958;-3,912032894;18633,8
13867;40,6702517;-4,1074258;44250,89
13868;40,57548203;-3,951930054;27422,07
13869;40,449488;-3,7995117;8893,69
13870;40,65412159;-4,041787696;38893,46
13871;40,552072;-4,0042322;29538,82
13872;40,60387069;-4,129941157;41612,31
13873;40,55201315;-3,896472919;22177,88
13874;40,6404448;-4,0239837;36758,57
13875;40,57862002;-3,886844687;23737,59
13876;40,56455598;-3,9036109;23573,51
13877;40,5902245;-3,986983419;30751,11
13878;40,4778869;-3,85425185;14443,01
13879;40,42850306;-3,922036007;18541,77
13880;40,4382332;-3,7935985;7983,38
13881;40,43549814;-3,993296041;24614,71
13882;40,5764217;-3,9346032;26386,69
13883;40,53830828;-3,939601273;24100,44
13884;40,59427284;-4,147540884;42403,39
13885;40,5779771;-3,9522672;27622,65
13886;40,59393306;-4,146731646;42325,33
13887;40,6260875;-4,039534105;36708,07
13888;40,5902245;-3,986983419;30751,11
13889;40,4215229;-3,969172;22494,18
13890;40,44521948;-4,005649678;25764,5
13891;40,52354272;-3,912829673;21306,81
13892;40,43415713;-3,995756301;24810,53
13893;40,51034251;-3,972815539;25037,37
13894;40,48645508;-3,964870437;23425,5
13895;40,5922797;-4,1457421;42166,37
13896;40,4423199;-4,0013392;25365,08
13897;40,41379057;-3,796262606;7859,05
13898;40,4505398;-3,859511302;13720,63
13899;40,4492178;-3,8003652;8947,65
13900;40,6722604;-4,0890518;43210,85
13902;40,55638291;-4,124321274;38817,85
13903;40,3688415;-3,9362016;20418,02
13904;40,3688415;-3,9362016;20418,02
13905;40,48974047;-3,880228818;17001,98
13906;40,57458845;-3,957022417;27690,38
13907;40,54021157;-4,124097127;38121,57
13908;40,5656561;-3,914337999;24315,78
13909;40,5916674;-4,1491229;42388,93
13910;40,57458845;-3,957022417;27690,38
13911;40,57146218;-4,001635159;30507
13912;40,6021621;-4,1271995;41317,05
13913;40,44840204;-4,007846755;25993,73
13914;40,4388453;-4,0075155;25846,07
13915;40,4052141;-3,8769548;14741,36
13916;40,57146218;-4,001635159;30507
13917;40,60454585;-4,056149788;36384,69
13918;40,60393755;-4,062840143;36811,39
13919;40,59470011;-4,043556747;34887,67
13920;40,44786035;-4,006752999;25894,04
13921;40,5635309;-4,0200575;31340,07
13922;40,4388453;-4,0075155;25846,07
13923;40,5872851;-4,1331796;40969,02
13924;40,48876763;-3,966472091;23638,75
13925;40,69446781;-4,070496717;43743,3
13926;40,6190553;-4,1159955;41481,78
13927;40,60594238;-4,125226352;41383,52
13928;40,49174788;-3,962811227;23462,41
13929;40,66407479;-4,036393957;39323,44
13930;40,4211318;-3,785927164;6991,39
13931;40,5390963;-3,920371902;22823,07
13932;40,5033107;-3,6781555;9840,57
13933;40,3345617;-3,771034;10798,91
13934;40,4525319;-3,493891;18178,36
13935;40,55277515;-4,023320779;30977,55
13936;40,58571319;-4,043538566;34331,72
13937;40,449488;-3,7995117;8893,69
13938;40,7046083;-3,930035;37273,38
13939;40,5941637;-4,1475981;42402,06
13940;40,6702517;-4,1074258;44250,89
13941;40,55446637;-4,125140354;38797,34
13942;40,58987453;-4,136155963;41324,89
13943;40,5854251;-4,1310522;40714,47
13944;40,6577218;-4,0647234;40601,7
13945;40,5390963;-3,920371902;22823,07
13946;40,4896385;-3,967459;23750,01
13947;40,50220195;-3,9672645;24244
13948;40,59402995;-3,99230345;31366,3
13949;40,5934512;-4,1424339;41979,03
13950;40,4071798;-3,8053904;8692,47
13951;40,41082063;-3,850715946;12480,1
13952;40,4215229;-3,969172;22494,18
13953;40,530672;-3,924179369;22545,14
13956;40,3885232;-3,9261827;19116,79
13957;40,5951319;-3,9647328;29669,64
13958;40,6554861;-3,9594002;34221,88
13959;40,6474455;-4,0551434;39242,67
13960;40,68949198;-4,067349275;43165,82
13961;40,6811667;-3,9733498;37188,01
13962;40,6727724;-4,0991097;43891,88
13963;40,4867675;-3,8623723;15522,12
13964;40,68384995;-4,080326676;43524,09
13965;40,58896171;-3,99407539;31134,41
13966;40,5942174;-4,1437342;42115,86
13967;40,4215229;-3,969172;22494,18
13968;40,49998397;-4,054086703;31063,65
13969;40,6739138;-4,0849679;43072,75
13970;40,49258566;-3,966749108;23806,88
13971;40,55278012;-4,012273381;30165,54
13972;40,68234298;-4,10412225;44905,52
13973;40,5851216;-4,1632828;43137,64
13974;40,60658885;-4,128896614;41687,28
13975;40,6035754;-3,984680307;31553,69
13976;40,7336108;-3,9513691;40963,94
13977;40,55258559;-4,004295808;29572,46
13978;40,57484513;-3,920325449;25384,18
13979;40,62818772;-3,901307133;28830,99
13980;40,5926673;-4,1471642;42292,82
13981;40,5973999;-4,1332003;41500,12
13982;40,5990631;-4,05516014;35970,45
13983;40,449488;-3,7995117;8893,69
13984;40,5155024;-3,919985163;21340,68
13985;40,6722053;-4,0836234;42862,08
13986;40,4102664;-3,6977073;890,88
13987;40,6304894;-4,0115319;35236,31
13988;40,73197023;-4,004718771;43291,85
13989;40,61621726;-4,037431165;35884,42
13990;40,6225933;-4,0291718;35785,69
13991;40,608365;-4,0296831;34832,52
13992;40,5933855;-4,1406868;41845,1
13993;40,58316211;-4,132591366;40715,76
13994;40,5808845;-4,1337316;40688,14
13995;40,5872851;-4,1331796;40969,02
13996;40,5690104;-4,011849288;31075,7
13997;40,59528342;-3,981428697;30745,61
13998;40,4551891;-3,6929164;4346,51
13999;40,6702517;-4,1074258;44250,89
14000;40,4689237;-3,9467068;21375,66
14001;40,55201315;-3,896472919;22177,88
14002;40,4468114;-4,0053552;25761,68
14003;40,4630152;-4,0886363;32991,77
14004;40,4630152;-4,0886363;32991,77
14005;40,56508925;-3,948790493;26486,71
14006;40,48120711;-3,93985593;21236,16
14007;40,4689237;-3,9467068;21375,66
14008;40,468826;-3,9536876;21942,14
14009;40,5586774;-4,0234216;31309,13
14010;40,58633871;-4,12978595;40666,18
14011;40,5932489;-4,041263351;34636,73
14012;40,60423383;-4,133593094;41900,03
14013;40,5934512;-4,1424339;41979,03
14014;40,47268467;-4,091701943;33428,32
14015;40,54181315;-3,914199044;22589,78
14016;40,50826801;-3,89498343;19117,57
14017;40,7054534;-3,9418535;37875,12
14018;40,6554861;-3,9594002;34221,88
14019;40,71170445;-4,012168729;41880,82
14020;40,65981494;-4,061026608;40521,76
14021;40,4689237;-3,9467068;21375,66
14022;40,49512643;-4,043861609;30079,21
14023;40,49374699;-4,044613312;30096,5
14024;40,4477691;-3,84209915;12219,39
14025;40,59535939;-4,050889458;35441,13
14026;40,43358655;-3,897592615;16531,31
14027;40,4136512;-3,843419008;11849,15
14028;40,4411443;-3,852728736;12912,61
14029;40,4800627;-3,8901953;17284,88
14030;40,5684949;-3,946473218;26571,67
14031;40,53060855;-3,9213116;22340,75
14032;40,4465091;-3,7981079;8654,28
14033;40,38064894;-3,926416653;19301,32
14034;40,4411443;-3,852728736;12912,61
14035;40,4052141;-3,8769548;14741,36
14036;40,43358655;-3,897592615;16531,31
14037;40,57486839;-3,928031246;25860,43
14038;40,43742527;-3,90227252;16976,52
14039;40,4052141;-3,8769548;14741,36
14040;40,4465091;-3,7981079;8654,28
14041;40,3585149;-3,8821729;16466,46
14042;40,47306245;-3,8773295;15976,9
14043;40,3573085;-3,9010211;17993,5
14044;40,4402722;-3,888505169;15870,83
14045;40,3727017;-3,918582323;18865,05
14046;40,4383223;-3,8137983;9632,07
14047;40,4053485;-3,8764663;14698,83
14048;40,4683892;-3,8301676;12148,45
14049;40,43358655;-3,897592615;16531,31
14050;40,4112877;-3,8102348;9056,14
14051;40,3574273;-3,896227508;17611,73
14052;40,4870213;-3,8627934;15567,07
14053;40,449488;-3,7995117;8893,69
14054;40,4052141;-3,8769548;14741,36
14055;40,4052141;-3,8769548;14741,36
14056;40,42638911;-3,844598346;11988,31
14057;40,5155024;-3,919985163;21340,68
14058;40,4136512;-3,843419008;11849,15
14059;40,3885232;-3,9261827;19116,79
14060;40,40759036;-3,797888264;8056,63
14061;40,413673;-3,907328698;17257,91
14062;40,4324979;-3,898603;16603,39
14063;40,65102279;-4,02285639;37493,63
14064;40,4211318;-3,785927164;6991,39
14065;40,4052141;-3,8769548;14741,36
14066;40,4052141;-3,8769548;14741,36
14067;40,43358655;-3,897592615;16531,31
14068;40,4683892;-3,8301676;12148,45
14069;40,4336741;-3,916358651;18111,68
14070;40,45579295;-3,831733474;11679,11
14071;40,42850306;-3,922036007;18541,77
14072;40,4211318;-3,785927164;6991,39
14073;40,4336741;-3,916358651;18111,68
14074;40,57635859;-3,940319201;26741,92
14075;40,53271665;-3,908208917;21574,86
14076;40,57458845;-3,957022417;27690,38
14077;40,57500562;-3,891019848;23669,96
14078;40,55201315;-3,896472919;22177,88
14079;40,4052141;-3,8769548;14741,36
14080;40,40977405;-3,797079059;7960,6
14081;40,4746635;-3,8486843;13859,38
14082;40,4211318;-3,785927164;6991,39
14083;40,4867675;-3,8623723;15522,12
14084;40,53867575;-3,934273899;23751,68
14085;40,45579295;-3,831733474;11679,11
14086;40,43358655;-3,897592615;16531,31
14087;40,4336741;-3,916358651;18111,68
14088;40,52561956;-3,626261348;13738,42
14089;40,5062435;-3,6464946;11039,88
14090;40,82275821;-3,536967711;47263,58
14091;40,6601698;-3,7717343;27653,01
14093;40,9648999;-3,7188916;60943,81
14094;40,75031184;-3,774156997;37545,76
14095;40,3176527;-3,7105712;11056,7
14096;41,04411547;-3,539793452;71089,92
14097;40,6126866;-3,6864633;21813,43
14098;40,9936977;-3,6367163;64378,98
14099;40,3918969;-3,836792088;11622,88
14100;40,52710652;-3,642590465;13289,85
14101;40,72887931;-3,873029121;37524,19
14102;40,52248575;-3,538753473;18220,93
14103;40,7336731;-3,5916044;36465,23
14104;40,504808;-3,5322702;17474,92
14105;40,5950134;-3,7050227;19800,94
14106;40,6387703;-3,5112904;29536,2
14107;40,5320326;-3,6354938;14031,6
14108;40,5025103;-3,5138073;18658,96
14109;40,557688;-3,7119159;15666,22
14110;40,5527048;-3,6595431;15547,52
14111;40,5414467;-3,6258864;15322,57
14112;40,74310403;-3,510254374;39771,05
14113;40,6862998;-3,5367566;33099,74
14114;40,9654372;-3,5834186;61824,7
14115;40,5025103;-3,5138073;18658,96
14116;40,5092813;-3,6380571;11666,09
14117;40,5025381;-3,5177623;18373,51
14118;40,5025103;-3,5138073;18658,96
14119;40,72887931;-3,873029121;37524,19
14120;40,47396159;-3,512330406;17377,11
14121;40,5684824;-3,4703896;25934,43
14123;40,5320326;-3,6354938;14031,6
14124;40,75149433;-3,789393682;37900,58
14126;40,5243786;-3,639600409;13113,09
14127;40,2147203;-3,5770223;24913,07
14128;40,7848271;-3,6927193;40917,02
14129;40,5950134;-3,7050227;19800,94
14130;40,6414858;-3,5956879;26579,43
14131;40,5732385;-3,6040568;19307,57
14132;40,5320895;-3,630324;14222,23
14133;40,5025103;-3,5138073;18658,96
14134;40,6566296;-3,7639679;27137
14135;40,5452199;-3,6383901;15290,58
14137;40,5025381;-3,5177623;18373,51
14139;40,7468784;-3,5132442;40051,99
14140;40,6977872;-3,5125511;35149,78
14141;40,8060981;-3,7541421;43482,52
14142;40,99635529;-3,63414094;64692,61
14143;40,40098257;-3,71131921;1893,46
14144;40,5092813;-3,6380571;11666,09
14145;40,7300913;-3,747295027;35016,21
14146;40,56861164;-3,505330438;23776,23
14147;40,56861164;-3,505330438;23776,23
14148;40,5492871;-3,631474;15927,73
14149;40,5473029;-3,6225958;16030,09
14151;40,49669352;-3,524753841;17533,24
14152;40,6409101;-3,415133596;34846,68
14153;40,6409262;-3,5814278;26958,94
14154;40,8281094;-3,537571427;47816,89
14155;40,8433154;-3,4925409;50643,39
14156;40,21011;-3,8738136;27155,34
14157;40,75149433;-3,789393682;37900,58
14158;40,5296182;-3,5402839;18644,95
14159;40,7311419;-3,8589212;37321,26
14161;40,52561956;-3,626261348;13738,42
14162;40,81059396;-3,748925021;43939,44
14163;40,5222313;-3,539733962;18139,31
14164;40,5495507;-3,6259715;16138,28
14165;40,6387703;-3,5112904;29536,2
14166;40,54326048;-3,452079628;25486,48
14167;40,6989814;-3,51106705;35325,27
14168;40,8180892;-3,6639457;44730,35
14169;40,5513597;-3,6360791;15997,9
14170;40,52219283;-3,640749656;12851,63
14171;40,82053228;-3,537057195;47025,14
14172;40,5990717;-3,7122577;20265,25
14173;40,876136;-3,8874042;53364,66
14174;40,65690207;-3,76366742;27161,99
14175;40,6304717;-3,4771272;30494,65
14176;40,63558104;-3,510735491;29267
14177;40,5503164;-3,62503;16248,47
14178;40,6448202;-3,5048886;30395,32
14179;40,65646777;-3,77129031;27242,66
14180;40,5765842;-3,9971644;30522,26
14181;40,7848271;-3,6927193;40917,02
14182;40,7300913;-3,747295027;35016,21
14183;40,5424746;-3,4581445;25011,28
14184;40,73256885;-3,867015903;37714,7
14185;40,5025103;-3,5138073;18658,96
14186;40,5426542;-3,6444356;14844,98
14187;40,59585828;-3,699580745;19897,27
14188;40,55850879;-3,623063621;17149,12
14189;40,5450399;-3,6172499;16003,99
14190;40,5560944;-3,624039;16870,03
14191;40,50265839;-3,636522412;11089,43
14192;40,8174635;-3,6815849;44574,34
14194;40,53807714;-3,637053536;14595,78
14195;40,85345152;-3,486792793;51868,6
14196;40,6099098;-3,5429585;25389,82
14197;40,53546145;-3,626846717;14688,1
14199;40,52219283;-3,640749656;12851,63
14201;40,5118642;-3,5938796;14051,4
14202;40,5581828;-3,6241353;17080,03
14203;40,543179;-3,45648345;25171,48
14205;40,65792623;-3,753688314;27129,37
14206;40,7442692;-3,6037668;37359,3
14207;40,6783792;-3,6177474;29960,21
14210;41,0579725;-3,535373;72673,48
14211;40,5202046;-3,6401792;12671
14212;40,7347865;-3,584376;36747,26
14213;40,9650478;-3,7176879;60958,18
14214;40,5567375;-3,611670697;17377,34
14215;40,54500531;-3,622583994;15799,93
14216;40,73562678;-3,581631106;36901,12
14217;40,5823613;-3,5726469;21465,95
14218;40,5944452;-3,4977293;26311,45
14219;40,53871077;-3,637217629;14655,49
14220;40,7347865;-3,584376;36747,26
14221;40,5068334;-3,6077474;12867,14
14222;40,4070477;-3,7965478;7952,26
14223;40,52248575;-3,538753473;18220,93
14224;40,5340627;-3,623846302;14663,64
14225;40,5243786;-3,639600409;13113,09
14226;40,62510254;-3,510770972;28305,57
14227;40,2417627;-3,9313708;27431,2
14228;40,7351603;-3,5825347;36830,07
14229;40,5081017;-3,5322955;17680,25
14230;40,7265439;-3,538088;37153,76
14231;40,7347865;-3,584376;36747,26
14232;40,620809;-3,6140748;23896,61
14233;40,5320895;-3,630324;14222,23
14234;40,50279238;-3,508959325;19028,62
14236;40,8326134;-3,5377082;48292,48
14237;40,67895706;-3,616078891;30056,9
14238;40,5268614;-3,5413575;18372,67
14239;40,9759439;-3,5250823;63952,55
14240;40,9637585;-3,5825487;61652,67
14241;40,52864805;-3,541619705;18488,86
14242;40,9501095;-3,7920273;59753,26
14243;40,95976711;-3,714676989;60366,62
14244;40,6414858;-3,5956879;26579,43
14245;40,460628;-3,7800499;8095,66
14247;40,5244017;-3,458392;23932,14
14248;40,50057208;-3,509891161;18837,61
14249;40,5990717;-3,7122577;20265,25
14250;40,82699601;-3,534855366;47766,38
14251;40,5581828;-3,6241353;17080,03
14252;40,6627337;-3,7739696;27971,47
14253;40,6123389;-3,7141797;21745,71
14255;40,6606153;-3,7804622;27864,26
14256;40,4504733;-3,6879979;3953,21
14257;40,6302704;-3,4724925;30724,72
14258;40,48470835;-3,703208682;7535,22
14259;40,6786715;-3,6158607;30030,66
14260;40,9936977;-3,6367163;64378,98
14261;40,5106461;-3,6455967;11514,25
14263;40,6570505;-3,7682494;27253,27
14264;40,6394699;-3,5926251;26459,6
14265;40,55684025;-3,634155555;16625,31
14266;40,56155586;-3,623023807;17461,89
14267;40,9214423;-3,6885761;56111,94
14268;40,66584045;-3,390764332;38267,9
14269;40,55348966;-3,635058029;16249,93
14270;40,867638;-3,4907431;53233,66
14271;40,5349952;-3,6309727;14490,4
14272;40,8878085;-3,5606135;53727,95
14273;40,8599826;-3,7112757;49268,11
14274;40,48470835;-3,703208682;7535,22
14275;40,54753628;-3,628948031;15831,96
14276;40,7822384;-3,7007794;40619,67
14277;41,0297867;-3,625026;68465,44
14278;40,6770309;-3,6183187;29803,08
14279;40,5429122;-3,634449;15176,7
14280;40,52272198;-3,636378265;13061,73
14281;40,6811043;-3,6177489;30254,25
14282;40,21011;-3,8738136;27155,34
14284;40,783555;-3,705867;40765,88
14285;40,52272198;-3,636378265;13061,73
14286;40,5320895;-3,630324;14222,23
14287;40,9419782;-3,7099217;58383,75
14288;40,59585828;-3,699580745;19897,27
14289;40,74310403;-3,510254374;39771,05
14290;40,55081001;-3,636965654;15914,14
14291;40,6549704;-3,7694044;27046,66
14292;40,55927725;-3,618937605;17368,35
14293;40,6589526;-3,7660432;27423,96
14294;39,8703296;-4,3600238;82511,65
14296;40,81314881;-3,766971358;44380,39
14297;40,6066033;-3,5057874;26910,83
14298;40,7906783;-3,6119625;42270,25
14299;40,620809;-3,6140748;23896,61
14300;40,8570636;-3,6943844;48945,26
14302;40,63192722;-3,515414901;28709,73
14303;40,5459656;-3,6594393;14823,26
14304;40,6415296;-3,505263;30073,55
14305;40,5121377;-3,6533858;11403,38
14306;40,85345152;-3,486792793;51868,6
14307;40,5629484;-3,6245165;17556,13
14308;40,85345152;-3,486792793;51868,6
14309;40,6340134;-3,5111746;29101,72
14310;40,9262886;-3,8175523;57447,29
14311;40,74825752;-3,787184806;37511,83
14312;40,55340135;-3,632679021;16313,58
14313;40,54315187;-3,639787398;15033,55
14315;40,52272198;-3,636378265;13061,73
14316;40,6332881;-3,403812;34934,65
14317;40,53871077;-3,637217629;14655,49
14318;40,7817247;-3,6976308;40564,94
14319;40,5320326;-3,6354938;14031,6
14320;40,541924;-3,637254153;14985,01
14322;40,727054;-3,8649141;37079,32
14323;40,597611;-3,5003864;26429,75
14324;40,5320326;-3,6354938;14031,6
14325;40,827698;-3,6041852;46437,01
14326;40,81302892;-3,765888093;44356,22
14327;40,81635984;-3,675555404;44475,83
14328;40,63051696;-3,522291916;28260,13
14329;40,7293518;-3,5814656;36235,71
14330;40,78549707;-3,702261218;40981,49
14331;40,8133845;-3,7654016;44390,62
14332;40,6387703;-3,5112904;29536,2
14333;40,81225644;-3,764416746;44256,34
14334;40,5296182;-3,5402839;18644,95
14335;40,53807714;-3,637053536;14595,78
14336;40,5320326;-3,6354938;14031,6
14337;40,85345152;-3,486792793;51868,6
14338;40,53959808;-3,630896856;14958,17
14339;40,5064278;-3,6344972;11537,37
14340;40,9934235;-3,7086793;64103,19
14341;40,85345152;-3,486792793;51868,6
14343;40,54936344;-3,625463005;16136,81
14344;40,7468784;-3,5132442;40051,99
14345;40,5581828;-3,6241353;17080,03
14346;40,5447658;-3,4578619;25173,78
14347;40,522232;-3,5397531;18138,13
14348;40,60955029;-3,691311372;21441,83
14350;40,5487781;-3,6283123;15980,01
14351;40,75374839;-3,789999546;38156,36
14352;40,6071853;-3,5451555;25034,65
14353;40,8138071;-3,7666985;44450,29
14354;40,54456105;-3,632075332;15423,6
14355;40,5917258;-3,4952283;26227,14
14356;40,93629346;-3,598031264;58430,34
14357;40,6066208;-3,5815738;23476,04
14358;40,53546145;-3,626846717;14688,1
14359;40,5243786;-3,639600409;13113,09
14360;40,6624025;-3,765136;27785,99
14361;40,5990717;-3,7122577;20265,25
14362;40,6387703;-3,5112904;29536,2
14364;40,715345;-3,634433;33690,14
14365;40,63415642;-3,574000613;26518,22
14366;40,3866225;-3,7208747;3677,69
14367;40,5350441;-3,6299177;14533,33
14368;40,56328566;-3,551593967;20733,29
14369;40,5448738;-3,6223168;15796,57
14370;40,21011;-3,8738136;27155,34
14371;40,8576086;-3,7154421;49010,11
14372;40,8638954;-3,6145542;50262,6
14373;40,5571937;-3,6523559;16184,4
14374;40,8939401;-3,5563634;54473,04
14375;40,9040864;-3,8795335;56165,6
14376;40,50815924;-3,629511414;11919,84
14377;40,5695393;-3,5027139;24005,43
14378;40,5708595;-3,6051;19031,13
14379;40,5478404;-3,6309214;15797,36
14380;40,6763813;-3,7711136;29408,08
14381;40,5422941;-3,6261923;15396,73
14382;40,5274681;-3,6415005;13362,84
14383;40,7798963;-3,7074113;40359,91
14384;40,729077;-3,5810169;36217,23
14385;40,8604288;-3,6138024;49891,1
14386;40,5320326;-3,6354938;14031,6
14387;40,74645241;-3,603852265;37594,2
14388;40,5635201;-4,2720545;50765,53
14389;40,7300574;-3,7473451;35012,91
14390;40,8259006;-3,5351575;47642,54
14391;40,7441451;-3,5055137;40042,13
14392;40,6645213;-3,77357;28158,58
14393;40,8282167;-3,5378908;47820,41
14394;40,66820945;-3,761927587;28372,06
14395;40,6267934;-3,5749959;25739,36
14396;40,9566459;-3,7942886;60498,23
14397;40,542058;-3,6221422;15521,82
14398;40,5361683;-3,6389039;14339,78
14399;40,5099196;-3,5162223;18920,05
14400;40,66607087;-3,391802464;38225,91
14401;40,780953;-3,7870963;41086,46
14402;40,5910124;-3,5886479;21655,83
14403;40,9262886;-3,8175523;57447,29
14404;40,9017505;-3,876902;55856,68
14405;41,0664739;-3,5857325;72903,1
14406;40,354809;-3,905423;18443,19
14407;40,5516312;-3,6138775;16786,37
14408;40,543179;-3,45648345;25171,48
14409;40,5425173;-3,6377026;15032,12
14410;40,5990717;-3,7122577;20265,25
14411;40,905098;-3,8819714;56328,66
14412;40,55406705;-3,617584201;16891,16
14413;40,6784228;-3,5579098;31571,23
14414;40,5422941;-3,6261923;15396,73
14415;40,9050432;-3,877884;56231,63
14417;40,7528871;-3,7878555;38028,05
14418;40,5228456;-3,6361207;13083,58
14419;40,6642809;-3,7692481;28057,88
14420;40,6595837;-3,7700893;27560,57
14421;40,5121377;-3,6533858;11403,38
14422;40,5429617;-3,6431766;14913,29
14423;40,6307478;-3,5125504;28736
14424;40,5135729;-3,6177515;12965,38
14425;40,2098776;-3,8743972;27203,56
14426;40,8240153;-3,67969;45309,06
14427;40,8580262;-3,7083352;49047,9
14428;40,6790453;-3,5199808;33013,61
14429;40,5025103;-3,5138073;18658,96
14430;40,5708595;-3,6051;19031,13
14431;40,5092813;-3,6380571;11666,09
14432;40,6088101;-3,581396;23701,47
14433;40,5243786;-3,639600409;13113,09
14434;40,859769;-3,7113561;49244,45
14435;40,5243786;-3,639600409;13113,09
14436;40,549664;-3,641041;15675,51
14438;40,5452174;-3,6315202;15509,13
14439;40,50418268;-3,509545062;19063,82
14440;40,59382585;-3,709170688;19674,28
14441;40,5425173;-3,6377026;15032,12
14442;40,5631381;-3,6271137;17493,33
14443;40,54485705;-3,458314974;25147,89
14444;40,5561228;-3,6208355;16982,68
14445;40,5243786;-3,639600409;13113,09
14446;40,5271485;-3,6424626;13298,35
14447;40,5475111;-3,6263943;15916,68
14448;40,6162729;-3,6222756;23204,21
14450;40,6082681;-3,7115229;21285,13
14451;40,5609481;-3,6321221;17113,31
14452;40,5243786;-3,639600409;13113,09
14453;40,6365699;-3,537648;28159,52
14454;40,6005202;-3,5085962;26234,77
14455;40,5447658;-3,4578619;25173,78
14456;40,5581828;-3,6241353;17080,03
14457;40,5320326;-3,6354938;14031,6
14458;40,5561727;-3,6204207;17002,21
14459;40,9284239;-3,6224395;57283,71
14460;40,8739757;-3,6086974;51445,62
14461;40,5274681;-3,6415005;13362,84
14462;40,4204264;-3,7085723;576,78
14464;40,5427179;-3,6214346;15614,12
14466;40,5320326;-3,6354938;14031,6
14467;40,5631381;-3,6271137;17493,33
14468;40,52272198;-3,636378265;13061,73
14469;40,6503952;-3,7795595;26742,21
14470;40,7627721;-3,6116034;39229,95
14471;40,5243786;-3,639600409;13113,09
14472;40,5685082;-3,5017414;23983,05
14473;40,6492519;-3,7910701;26870,25
14475;40,6786715;-3,6158607;30030,66
14476;40,6402452;-3,5803181;26925,15
14477;40,6598648;-3,770853;27604,39
14478;40,7215442;-3,9422726;39418,95
14479;40,55778424;-3,653066661;16231,77
14481;40,8133774;-3,7685528;44421,92
14482;40,7368654;-3,7509688;35798,72
14483;40,6334797;-3,5164654;28804,69
14484;40,21011;-3,8738136;27155,34
14485;40,2791867;-4,3057685;53285,88
14486;40,5672057;-3,508096;23500,68
14487;40,5410362;-3,6264513;15260,88
14488;40,6334797;-3,5164654;28804,69
14489;41,1066481;-3,5928503;77256,08
14490;40,67764995;-3,61276455;29986,44
14491;40,5242083;-3,642892;12983,36
14492;40,5501654;-3,6234031;16289,9
14493;40,74645241;-3,603852265;37594,2
14494;40,5581828;-3,6241353;17080,03
14495;40,5452199;-3,6383901;15290,58
14496;40,54753628;-3,628948031;15831,96
14497;40,9654505;-3,7180554;61003,56
14498;40,72809813;-3,861065367;37069,35
14499;40,61051922;-3,5380291;25671,78
14500;40,5320326;-3,6354938;14031,6
14501;40,873675;-3,8845298;53032,63
14502;40,864269;-3,6885032;49756,54
14503;40,6652324;-3,392851;38097,4
14504;40,7309116;-3,5812301;36407,62
14505;40,5475305;-3,6225687;16053,95
14506;40,6733835;-3,7818208;29272,3
14507;40,6587726;-3,7659722;27403,17
14508;40,5092813;-3,6380571;11666,09
14509;40,9010502;-3,6058003;54457,77
14510;40,618418;-3,4010728;33993,21
14511;40,504808;-3,5322702;17474,92
14512;40,8632642;-3,6134499;50207,22
14514;40,6141803;-3,7227793;21992,12
14515;40,5243786;-3,639600409;13113,09
14516;40,8309516;-3,630191;46449,83
14517;40,50592358;-3,532632172;17519,2
14518;40,4204264;-3,7085723;576,78
14519;40,5320895;-3,630324;14222,23
14520;40,859763;-3,7070523;49240,25
14521;40,5469005;-3,6361038;15534,96
14522;40,69010848;-3,60473411;31500,46
14523;40,6862998;-3,5367566;33099,74
14524;40,620809;-3,6140748;23896,61
14525;40,5135729;-3,6177515;12965,38
14526;40,515;-3,641944;12084,02
14527;40,6377555;-3,5825189;26598,06
14528;40,5402651;-3,62574;15209,34
14529;40,6767426;-3,614249;29856,99
14530;41,0441101;-3,5409214;71070,95
14531;40,5475111;-3,6263943;15916,68
14532;40,5964617;-3,5016452;26263,55
14533;40,49845669;-3,510492192;18678,36
14534;40,6061106;-3,688843598;21071,07
14535;40,6512893;-3,6166164;27073,4
14537;40,6777064;-3,613356844;29979,75
14538;40,5090437;-3,62222;12336,62
14539;40,82612;-3,5366269;47629
14540;40,6099098;-3,5429585;25389,82
14541;40,2609554;-3,865082;22098,58
14542;40,73536295;-3,849386;37488,57
14543;40,6234315;-3,6034644;24468,72
14544;40,55155673;-3,613722845;16784,89
14545;40,58859888;-3,59530755;21166,97
14546;40,5320326;-3,6354938;14031,6
14547;40,6303005;-3,5810038;25885,99
14548;40,6308283;-3,4724858;30772,95
14549;40,6769186;-3,6162874;29832,91
14550;40,6414858;-3,5956879;26579,43
14551;40,54420309;-3,457790065;25143,6
14552;40,5963895;-3,6018687;21725,75
14553;40,5515463;-3,6601614;15409,95
14554;40,6003153;-3,5077711;26260,96
14555;40,5243786;-3,639600409;13113,09
14556;40,7460907;-3,6019043;37592,22
14557;40,5320895;-3,630324;14222,23
14558;40,65976525;-3,768191078;27548,06
14559;40,637637;-3,4115221;34803,71
14560;40,50241518;-3,506028483;19222,79
14561;40,535936;-3,63926926;14304,14
14562;40,5630518;-3,4346276;27946,97
14563;40,6067587;-3,5479426;24869,2
14564;40,55694374;-3,619281554;17120,16
14565;40,5320326;-3,6354938;14031,6
14566;40,55096972;-3,630343561;16137,15
14567;40,52410849;-3,657293819;12541,55
14568;40,53855276;-3,637807317;14620,23
14569;40,5068334;-3,6077474;12867,14
14570;40,73993885;-3,510640414;39437,05
14571;40,5501714;-3,6261334;16195,82
14572;40,6241117;-3,5155589;27983,87
14573;40,56604652;-3,610552974;18349,2
14574;40,63155822;-3,60387178;25306,95
14575;40,55657548;-3,625360619;16875,01
14576;40,73294619;-3,860242417;37548,27
14577;40,53993623;-3,63186442;14959,11
14578;40,5271485;-3,6424626;13298,35
14579;40,62853187;-3,517502874;28297,92
14580;40,9640956;-3,7173555;60851,78
14581;40,6235748;-3,6100322;24297,48
14582;40,65356791;-3,778339594;27060,48
14583;40,5475111;-3,6263943;15916,68
14584;40,63534082;-3,512398951;29166,72
14585;40,6099098;-3,5429585;25389,82
14586;40,92331932;-3,64503589;56522,14
14587;40,54691452;-3,63109141;15696,95
14588;40,4722654;-3,6467454;7805,63
14589;40,61051922;-3,5380291;25671,78
14590;40,7301014;-3,5762851;36442,23
14591;40,82641;-3,5405978;47561,82
14592;40,637637;-3,4115221;34803,71
14593;40,6674866;-3,3941633;38203,17
14594;40,63388755;-3,513551452;28978,32
14595;40,5631381;-3,6271137;17493,33
14596;40,21011;-3,8738136;27155,34
14597;40,49827747;-3,525648471;17557,9
14598;40,7757556;-3,6338846;40329,07
14599;40,6854244;-3,5288196;33303,47
14600;40,5459656;-3,6594393;14823,26
14601;40,60846365;-3,651657716;21742,82
14602;40,55364368;-3,632252849;16351,89
14603;40,661424;-3,7709319;27775,42
14604;40,74263186;-3,601957026;37216,9
14605;40,4067737;-3,632651;6106,03
14606;40,50005486;-3,641676046;10620,2
14607;40,5066675;-3,6079906;12839,86
14608;40,2099596;-3,5671354;25757,36
14609;40,6372998;-3,4051376;35162,32
14610;40,859414;-3,6916394;49210,76
14611;40,65976525;-3,768191078;27548,06
14612;40,74310403;-3,510254374;39771,05
14613;40,91476921;-3,590245831;56174,22
14614;40,66947516;-3,777721613;28771,71
14615;40,5068334;-3,6077474;12867,14
14616;40,52272198;-3,636378265;13061,73
14617;40,8703947;-3,6624465;50540,51
14618;40,5066675;-3,6079906;12839,86
14619;40,54651399;-3,614047123;16274,19
14620;40,693403;-3,5095961;34834,35
14621;40,6341745;-3,5120972;29073,1
14622;40,525957;-3,5369577;18586,51
14623;40,7845639;-3,6929313;40887,37
14624;40,6632861;-3,7637541;27860,94
14625;40,76762491;-3,505697971;42421,12
14626;40,5243786;-3,639600409;13113,09
14627;40,54651399;-3,614047123;16274,19
14628;40,5450399;-3,6172499;16003,99
14629;40,5452763;-3,6307369;15541,28
14630;40,6373871;-3,5143125;29267,63
14631;40,7788754;-3,7049185;40245,23
14632;40,5990717;-3,7122577;20265,25
14633;40,7320902;-3,747131;35235,79
14634;40,5565869;-3,621245605;17015,5
14635;40,50654882;-3,635611339;11501,6
14637;40,60688353;-3,692887043;21139,57
14638;40,5612719;-3,6250782;17365,72
14639;40,8264576;-3,5355499;47691,79
14640;40,5320326;-3,6354938;14031,6
14641;40,5973879;-3,4956587;26672,55
14642;40,6128085;-3,681847888;21856,21
14643;40,54170185;-3,455682418;25136,92
14644;40,5630746;-3,6178096;17792,53
14645;40,544456;-3,6368106;15260,27
14646;40,6796377;-3,6230079;29992,06
14647;40,5062047;-3,528859;17800,93
14648;40,51796634;-3,540101462;17813,11
14649;40,55635675;-3,640906747;16381,65
14650;40,50612723;-3,528816666;17799,11
14651;40,21011;-3,8738136;27155,34
14652;40,50222506;-3,512894911;18709,34
14653;40,52560268;-3,53431377;18731,21
14654;40,50933413;-3,516613011;18856,89
14655;40,66824142;-3,764183065;28409,33
14656;40,6231725;-3,6114962;24215,15
14657;40,6420336;-3,506969;30040,1
14658;40,60988603;-3,716072637;21480,51
14659;40,8602015;-3,6133572;49871,84
14660;40,63774659;-3,506315243;29675,4
14661;40,84199934;-3,496515391;50389,22
14662;40,8655516;-3,615724;50430,09
14663;40,56318914;-3,627059958;17500,28
14664;40,76875851;-3,558149172;41000,66
14665;40,54315187;-3,639787398;15033,55
14666;40,7627721;-3,6116034;39229,95
14667;40,4553051;-3,9949206;25028,15
14668;40,9150862;-3,5905881;56204,05
14669;40,52272198;-3,636378265;13061,73
14670;41,0673904;-3,5863414;72997,1
14671;40,8172477;-3,6238289;45017,26
14672;40,8304843;-3,6357595;46337,99
14673;40,6169409;-3,4667916;29916,87
14674;40,9046702;-3,8797282;56232,53
14675;40,56097892;-3,632044823;17118,82
14676;40,87014924;-3,609495809;51014,87
14677;40,8899632;-3,5579884;54011,32
14678;41,0300134;-3,6258039;68484,22
14679;40,52835282;-3,54459901;18280,73
14680;40,91476921;-3,590245831;56174,22
14681;40,50500074;-3,532944289;17439,67
14682;40,9153485;-3,5816991;56364,63
14683;40,52375981;-3,644406398;12887,32
14684;40,5025381;-3,5177623;18373,51
14685;40,52953935;-3,636942962;13728,53
14686;40,81302892;-3,765888093;44356,22
14687;40,69749463;-3,511683617;35154,63
14688;40,81302892;-3,765888093;44356,22
14689;40,69216292;-3,514052035;34536,71
14690;40,21011;-3,8738136;27155,34
14691;40,5135729;-3,6177515;12965,38
14692;40,21011;-3,8738136;27155,34
14693;40,65851767;-3,762508746;27320,44
14694;40,4983505;-3,530433021;17216,46
14695;40,50544945;-3,509567129;19134,15
14696;40,5470086;-3,6178378;16176,74
14697;40,53993623;-3,63186442;14959,11
14698;40,8794322;-3,5834886;52414,06
14699;40,74263186;-3,601957026;37216,9
14700;40,54160208;-3,653892326;14483,16
14701;40,62057191;-3,595329874;24419,77
14702;40,5581828;-3,6241353;17080,03
14703;40,6165972;-3,5590108;25339,59
14704;40,7256515;-3,8649152;36934,42
14705;40,87014924;-3,609495809;51014,87
14706;40,5398814;-3,644007049;14567,55
14707;40,6654645;-3,772834773;28248,17
14708;40,7669012;-3,5829371;40223,63
14709;40,6614208;-3,7724715;27802,05
14710;40,8625478;-3,608786;50189,66
14712;40,85345152;-3,486792793;51868,6
14713;40,6165273;-3,6150858;23418,11
14715;40,5114245;-3,717329;10570,59
14716;40,55512755;-3,617086976;17015,68
14717;40,60846365;-3,651657716;21742,82
14718;40,7442589;-3,5971795;37487,56
14719;40,8172477;-3,6238289;45017,26
14720;40,6625319;-3,7681211;27848,47
14721;40,6394601;-3,4484951;32814,61
14722;40,5469274;-3,4574123;25341,21
14723;40,21011;-3,8738136;27155,34
14724;40,7280552;-3,868393945;37291,58
14725;40,8584842;-3,7110283;49101,23
14726;40,5073547;-3,608986;12846,7
14727;40,4102744;-3,7008049;776,42
14728;40,5025103;-3,5138073;18658,96
14729;40,6387703;-3,5112904;29536,2
14730;40,5732385;-3,6040568;19307,57
14731;40,5732385;-3,6040568;19307,57
14732;40,5732385;-3,6040568;19307,57
14734;40,61513366;-3,468884618;29649,32
14735;40,86581006;-3,615582638;50460,27
14736;40,8679456;-3,6196751;50645,76
14737;40,5411022;-3,4518561;25371,16
14738;40,54239426;-3,4560892;25150,76
14739;40,5411022;-3,4518561;25371,16
14740;40,59570184;-3,586386429;22207,58
14741;40,21011;-3,8738136;27155,34
14742;40,65674123;-3,764587147;27159,08
14744;40,59570184;-3,586386429;22207,58
14745;40,5509618;-3,6527105;15509,5
14747;40,98524733;-3,637939407;63433,96
14748;40,56914828;-3,510270251;23526,49
14749;40,54315187;-3,639787398;15033,55
14750;40,6781288;-3,7714275;29603,83
14751;40,6387703;-3,5112904;29536,2
14752;40,421463;-3,7078894;623,84
14753;40,5457419;-3,6210538;15930,01
14754;40,6183217;-3,6224837;23416,73
14755;40,5457419;-3,6210538;15930,01
14756;40,5457419;-3,6210538;15930,01
14757;40,61059095;-3,696959947;21539,83
14758;40,6340134;-3,5111746;29101,72
14759;40,59426523;-3,586200875;22071,8
14760;40,64856921;-3,77760756;26505,73
14761;40,78654813;-3,696042046;41103,08
14762;40,78654813;-3,696042046;41103,08
14763;40,5554134;-3,8955401;22378,04
14764;40,7816585;-3,6130181;41268,11
14765;40,78654813;-3,696042046;41103,08
14766;40,7816585;-3,6130181;41268,11
14767;40,7816585;-3,6130181;41268,11
14768;40,661075;-3,759022;27548,38
14769;40,65149761;-3,609024628;27276,59
14770;40,59426523;-3,586200875;22071,8
14771;40,5526057;-3,631413559;16271,14
14772;40,6955935;-3,5142508;34867,28
14773;40,78654813;-3,696042046;41103,08
14774;40,7816585;-3,6130181;41268,11
14775;40,2099596;-3,5671354;25757,36
14776;40,6574874;-3,7672899;27284,73
14777;40,81238447;-3,777071125;44407,16
14778;40,6576725;-3,7674198;27307,07
14779;40,81302892;-3,765888093;44356,22
14780;40,54299153;-3,461856641;24783,77
14781;40,56437069;-3,502364446;23624,43
14782;40,537084;-3,4836359;22899,21
14783;40,5630746;-3,6178096;17792,53
14784;40,5630746;-3,6178096;17792,53
14785;40,537084;-3,4836359;22899,21
14786;40,5630746;-3,6178096;17792,53
14787;40,53807714;-3,637053536;14595,78
14788;40,56437069;-3,502364446;23624,43
14789;40,5630746;-3,6178096;17792,53
14790;40,56437069;-3,502364446;23624,43
14791;40,59384277;-3,58446186;22096,45
14792;40,61051922;-3,5380291;25671,78
14793;40,54583108;-3,63154762;15571
14794;40,4067737;-3,632651;6106,03
14795;40,8175335;-3,6807939;44584,94
14796;40,8175335;-3,6807939;44584,94
14797;40,5243786;-3,639600409;13113,09
14798;40,81229465;-3,774267375;44364,8
14799;40,79818391;-3,620406217;42968,82
14800;40,5243786;-3,639600409;13113,09
14801;40,74345145;-3,510858259;39785,38
14802;40,7816585;-3,6130181;41268,11
14803;40,5943644;-3,4969167;26350,21
14804;40,52561956;-3,626261348;13738,42
14805;40,55121514;-3,458554953;25537,14
14806;40,5508156;-3,6147834;16670,89
14807;40,5243786;-3,639600409;13113,09
14808;40,620809;-3,6140748;23896,61
14809;40,54631342;-3,458262027;25243,33
14812;40,5732385;-3,6040568;19307,57
14813;40,5475111;-3,6263943;15916,68
14815;40,5475111;-3,6263943;15916,68
14816;40,4067737;-3,632651;6106,03
14817;40,4102744;-3,7008049;776,42
14818;40,6387703;-3,5112904;29536,2
14819;40,4102744;-3,7008049;776,42
14820;40,4102744;-3,7008049;776,42
14821;40,4102744;-3,7008049;776,42
14822;40,4102744;-3,7008049;776,42
14823;40,76355839;-3,745571702;38705,07
14824;40,4102744;-3,7008049;776,42
14825;40,78515269;-3,700287808;40943,97
14826;40,54583108;-3,63154762;15571
14827;40,53879953;-3,62153775;15221,21
14828;40,4102744;-3,7008049;776,42
14829;40,4102744;-3,7008049;776,42
14830;40,5694363;-3,5105866;23530,96
14833;40,5320895;-3,630324;14222,23
14834;40,80150859;-3,763314258;43058,58
14835;40,21011;-3,8738136;27155,34
14836;40,80150859;-3,763314258;43058,58
14837;40,53681186;-3,480580185;23092,17
14838;40,80150859;-3,763314258;43058,58
14839;40,80150859;-3,763314258;43058,58
14840;40,76355839;-3,745571702;38705,07
14841;40,76355839;-3,745571702;38705,07
14842;40,76355839;-3,745571702;38705,07
14844;40,7582482;-3,7443144;38107,4
14845;40,6414858;-3,5956879;26579,43
14846;40,75149433;-3,789393682;37900,58
14847;40,75149433;-3,789393682;37900,58
14848;40,6620915;-3,7673686;27788,04
14849;40,53903146;-3,630079926;14929,38
14850;40,6770035;-3,777459319;29584,5
14851;40,75149433;-3,789393682;37900,58
14852;40,75149433;-3,789393682;37900,58
14853;40,75149433;-3,789393682;37900,58
14854;40,7517432;-3,7894058;37927,94
14855;40,6620915;-3,7673686;27788,04
14856;40,73024282;-3,581539076;36328,92
14857;40,75149433;-3,789393682;37900,58
14858;40,8175335;-3,6807939;44584,94
14859;40,7517432;-3,7894058;37927,94
14860;40,54319378;-3,637818113;15098,41
14861;40,75149433;-3,789393682;37900,58
14862;40,7517432;-3,7894058;37927,94
14863;40,5933855;-3,5981021;21549,21
14864;40,6227586;-3,714765375;22905,38
14865;40,5467293;-3,6287859;15755,21
14866;40,5320895;-3,630324;14222,23
14867;40,5481476;-3,6265154;15977,08
14868;40,6569891;-3,7650798;27194,08
14869;40,6569891;-3,7650798;27194,08
14870;40,6569891;-3,7650798;27194,08
14871;40,6569891;-3,7650798;27194,08
14872;40,6569891;-3,7650798;27194,08
14873;40,6569891;-3,7650798;27194,08
14874;40,6569891;-3,7650798;27194,08
14875;40,6569891;-3,7650798;27194,08
14876;40,3995202;-3,5414834;13855,9
14877;40,5507741;-3,6146335;16672,49
14878;40,54631342;-3,458262027;25243,33
14879;40,5705128;-3,5113485;23572,82
14880;40,55292482;-3,612654191;16961,42
14881;40,55694374;-3,619281554;17120,16
14882;40,6620915;-3,7673686;27788,04
14883;40,69104237;-3,607343018;31543,09
14884;40,6620915;-3,7673686;27788,04
14885;40,4067737;-3,632651;6106,03
14886;40,5092813;-3,6380571;11666,09
14887;40,6956481;-3,5146559;34857
14888;40,6055958;-3,8271178;23435,35
14889;40,61708257;-3,721671354;22307,32
14890;40,61708257;-3,721671354;22307,32
14891;40,6387703;-3,5112904;29536,2
14892;40,62351716;-3,713221801;22984,63
14893;40,67835385;-3,622394166;29864,92
14894;40,67835385;-3,622394166;29864,92
14895;40,54583108;-3,63154762;15571
14896;40,54583108;-3,63154762;15571
14897;40,69104237;-3,607343018;31543,09
14898;40,6099098;-3,5429585;25389,82
14899;40,69104237;-3,607343018;31543,09
14902;40,6770035;-3,777459319;29584,5
14903;40,5320326;-3,6354938;14031,6
14904;40,6174184;-3,6058584;23771,53
14905;40,62057191;-3,595329874;24419,77
14906;40,5976894;-3,594565;22108,62
14907;40,6234315;-3,6034644;24468,72
14908;40,7582482;-3,7443144;38107,4
14909;40,542058;-3,6221422;15521,82
14910;40,5300562;-3,641038833;13643,03
14911;40,7582482;-3,7443144;38107,4
14912;40,639207;-3,5774721;26913,07
14913;40,62827727;-3,582160936;25640,74
14914;40,5452671;-3,6261496;15698,08
14915;40,7071419;-4,129265;48318,72
14916;40,6183217;-3,6224837;23416,73
14917;40,7582482;-3,7443144;38107,4
14918;40,62889233;-3,58329747;25665,23
14919;40,471939;-3,7193701;6260,58
14920;41,007022;-3,671007;65671,01
14921;40,5025103;-3,5138073;18658,96
14922;40,7311419;-3,8589212;37321,26
14923;40,6266504;-3,604233;24782,75
14924;40,7582482;-3,7443144;38107,4
14925;40,7311419;-3,8589212;37321,26
14926;40,5410216;-3,6266001;15254,04
14927;40,52248575;-3,538753473;18220,93
14928;40,8333091;-3,5031693;49288,92
14929;40,53541174;-3,47925433;23094,85
14930;40,61304494;-3,620116479;22917,15
14931;40,266242;-3,8582207;21276,74
14932;40,6569891;-3,7650798;27194,08
14933;40,49922588;-3,519987565;18023,33
14934;40,72912186;-3,879588152;37763,8
14935;40,81210107;-3,765770708;44252,6
14936;40,5477366;-3,6295241;15833,07
14937;40,5709494;-3,605073;19041,12
14938;40,77984778;-3,707364198;40354,48
14939;40,783555;-3,705867;40765,88
14940;40,6605278;-3,7649276;27577,95
14941;40,4067737;-3,632651;6106,03
14942;40,5569638;-3,649791438;16219,19
14943;40,5243786;-3,639600409;13113,09
14944;40,9149031;-3,8561546;56847,43
14946;40,6839011;-3,6199798;30512,09
14947;40,5581828;-3,6241353;17080,03
14948;40,78118543;-3,692214046;40513,17
14949;40,54271207;-3,642850543;14896,69
14950;40,56352575;-3,613037045;18006,12
14951;40,7839444;-3,691930766;40820,44
14952;40,54271207;-3,642850543;14896,69
14953;40,5972415;-3,5959337;22015,31
14954;40,8817702;-3,5852777;52640,32
14955;40,78571365;-3,710309789;41009,44
14956;40,6222406;-3,6201695;23890,67
14957;40,5092813;-3,6380571;11666,09
14958;40,62091643;-3,608086446;24072,82
14959;40,56216693;-3,626936324;17398,61
14960;40,74093695;-3,880154;38992,62
14962;40,50654882;-3,635611339;11501,6
14963;40,6141803;-3,7227793;21992,12
14964;40,62305364;-3,722480128;22974,41
14965;40,85345152;-3,486792793;51868,6
14966;40,8159058;-3,6023505;45177,1
14967;40,5064278;-3,6344972;11537,37
14968;40,52504998;-3,630879163;13500,54
14969;40,47396159;-3,512330406;17377,11
14970;40,6433052;-3,5784122;27301,14
14971;40,63415642;-3,574000613;26518,22
14972;40,62889233;-3,58329747;25665,23
14973;40,6306078;-3,5836838;25827,63
14974;40,49748747;-3,530991924;17125,95
14975;40,6734522;-3,3908861;38876,41
14976;40,6094173;-3,5386791;25539,17
14977;40,6715234;-3,780937644;29053,98
14980;40,54894254;-3,450412106;25955,51
14981;40,421463;-3,7078894;623,84
14982;40,8279378;-3,5382672;47781,47
14983;40,61708257;-3,721671354;22307,32
14984;40,6786623;-3,7918012;30042,5
14985;40,6606153;-3,7804622;27864,26
14986;40,5243786;-3,639600409;13113,09
14987;40,7154876;-3,5761357;34897,06
14988;40,5243786;-3,639600409;13113,09
14989;40,6097675;-3,5824965;23757,09
14990;40,5910124;-3,5886479;21655,83
14991;40,5482836;-3,4535839;25693,08
14992;40,50321178;-3,527685537;17701,17
14993;40,727054;-3,8649141;37079,32
14994;40,5300562;-3,641038833;13643,03
14995;40,53541208;-3,629134466;14598,74
14996;40,5091871;-3,7924771;12721,62
14997;40,7390088;-3,8787825;38750,31
14998;40,61304494;-3,620116479;22917,15
14999;40,7477594;-3,7773516;37309,73
15000;40,4790777;-3,5202125;16980,72
15001;40,620809;-3,6140748;23896,61
15002;40,5908411;-3,594068975;21437
15003;40,21011;-3,8738136;27155,34
15004;40,6334645;-3,592376251;25844,01
15005;40,21011;-3,8738136;27155,34
15006;40,6303005;-3,5810038;25885,99
15007;40,50815924;-3,629511414;11919,84
15008;40,5243786;-3,639600409;13113,09
15009;40,5320326;-3,6354938;14031,6
15010;40,5320326;-3,6354938;14031,6
15011;40,5243786;-3,639600409;13113,09
15012;40,5320326;-3,6354938;14031,6
15013;40,5320326;-3,6354938;14031,6
15015;40,6817157;-3,770608696;29982,03
15016;40,6606153;-3,7804622;27864,26
15017;40,557688;-3,7119159;15666,22
15018;40,4067737;-3,632651;6106,03
15019;40,5300562;-3,641038833;13643,03
15020;40,6589526;-3,7660432;27423,96
15021;40,54165154;-3,621401643;15509,28
15022;40,6587726;-3,7659722;27403,17
15023;40,40098257;-3,71131921;1893,46
15024;40,562674;-3,63338076;17256,11
15025;40,727054;-3,8649141;37079,32
15026;40,6394699;-3,5926251;26459,6
15028;40,8138071;-3,7666985;44450,29
15029;40,7848271;-3,6927193;40917,02
15030;40,5320895;-3,630324;14222,23
15031;40,5121377;-3,6533858;11403,38
15032;40,6385429;-3,4532436;32475,04
15034;40,7534432;-3,7866573;38070
15036;40,6715234;-3,780937644;29053,98
15037;40,5407002;-3,620446847;15451,35
15038;40,8296662;-3,5375273;47983,47
15039;40,6301678;-3,5148843;28572,15
15040;40,72716856;-3,870011056;37251,52
15041;40,8289296;-3,5381214;47890,52
15042;40,5320895;-3,630324;14222,23
15043;40,6817157;-3,770608696;29982,03
15045;40,471939;-3,7193701;6260,58
15046;40,5439403;-3,6557203;14688,87
15047;40,754284;-3,7833556;38111,58
15048;40,5581828;-3,6241353;17080,03
15049;40,5064278;-3,6344972;11537,37
15050;40,5003869;-3,6428971;10601,97
15051;40,6312151;-3,5125918;28777,01
15053;40,63664603;-3,409042237;34875,51
15054;40,5402651;-3,62574;15209,34
15055;40,6633721;-3,3918579;38006,12
15056;40,5402651;-3,62574;15209,34
15057;40,5402651;-3,62574;15209,34
15058;40,5402651;-3,62574;15209,34
15059;40,54753628;-3,628948031;15831,96
15060;40,50743522;-3,515250402;18840,24
15061;40,6594718;-3,7773777;27680,72
15062;40,6162115;-3,6129233;23443,92
15063;40,54461682;-3,628313727;15556,66
15064;40,59339129;-3,700242354;19622,13
15065;40,72853166;-3,581976158;36136,04
15066;40,5243786;-3,639600409;13113,09
15067;40,679505;-3,494583568;34118,03
15068;40,55694374;-3,619281554;17120,16
15069;40,60728592;-3,690220118;21195,04
15070;40,6414858;-3,5956879;26579,43
15071;40,58859888;-3,59530755;21166,97
15072;40,78549707;-3,702261218;40981,49
15073;40,557688;-3,7119159;15666,22
15074;40,52103492;-3,64553012;12571,25
15075;40,7996105;-3,60106605;43420,83
15076;40,6602774;-3,7599458;27474,43
15077;40,8104633;-3,7717092;44134,36
15078;40,543182;-3,636667958;15133,27
15079;40,7343344;-3,5795995;36811,59
15080;40,50523441;-3,638076662;11271,34
15081;40,8269587;-3,5348784;47761,84
15083;40,5516312;-3,6138775;16786,37
15084;40,561676;-3,6144521;17769,14
15085;40,661424;-3,7709319;27775,42
15086;40,54631815;-3,460895143;25060,95
15087;40,6436439;-3,4136198;35153,28
15088;40,54165154;-3,621401643;15509,28
15089;40,6989814;-3,51106705;35325,27
15090;40,5902123;-3,5868482;21645,3
15091;40,7453268;-3,5148475;39839,74
15092;40,5066675;-3,6079906;12839,86
15093;40,6294847;-3,4750165;30521,95
15096;40,6674275;-3,3930713;38261,59
15097;40,63196616;-3,514201583;28770,24
15098;40,565446;-3,5049824;23549,11
15099;40,3634144;-3,8851387;16492,71
15100;40,6606153;-3,7804622;27864,26
15101;40,52864805;-3,541619705;18488,86
15102;40,7965054;-3,6053778;43010,98
15103;40,62525482;-3,526019531;27598,01
15104;40,7420887;-3,5991979;37212,62
15105;40,78985392;-3,612022503;42179,21
15106;40,6357813;-3,4041331;35106,22
15107;40,6587726;-3,7659722;27403,17
15108;40,6235128;-3,4005561;34400,99
15109;40,8138071;-3,7666985;44450,29
15110;40,829067;-3,5440486;47761,76
15111;40,59347972;-3,701733801;19630,58
15112;40,421463;-3,7078894;623,84
15113;40,5271485;-3,6424626;13298,35
15114;40,74280648;-3,605006865;37177,31
15115;40,5503164;-3,62503;16248,47
15116;40,50005486;-3,641676046;10620,2
15117;40,5732385;-3,6040568;19307,57
15118;40,5950134;-3,7050227;19800,94
15119;40,5469005;-3,6361038;15534,96
15120;40,50005486;-3,641676046;10620,2
15121;40,5459656;-3,6594393;14823,26
15122;40,68087695;-3,527702129;32893,71
15123;40,51046499;-3,648108761;11407,06
15124;40,7909203;-3,6015824;42465,59
15125;40,7909203;-3,6015824;42465,59
15126;40,5320326;-3,6354938;14031,6
15127;40,54651399;-3,614047123;16274,19
15128;40,8139339;-3,7675275;44472,73
15129;40,6379338;-3,4547748;32339,46
15130;40,7351724;-3,8674584;37997,75
15131;40,5913825;-3,4869586;26673,91
15132;40,54165154;-3,621401643;15509,28
15133;40,8402743;-3,7540099;47264,72
15135;40,5407002;-3,620446847;15451,35
15136;40,5695991;-3,5042582;23917,94
15137;41,0600855;-3,5285007;73018,62
15138;40,5243786;-3,639600409;13113,09
15139;40,5422941;-3,6261923;15396,73
15140;40,7447918;-3,5136056;39827,37
15141;40,54621681;-3,456229249;25378,72
15142;40,63774659;-3,506315243;29675,4
15143;40,5990717;-3,7122577;20265,25
15144;40,6692361;-3,7710353;28627,85
15145;40,9177985;-3,8436933;56933,52
15146;40,9069093;-3,8845768;56581,63
15147;40,6385429;-3,4532436;32475,04
15148;40,4067737;-3,632651;6106,03
15149;40,2417627;-3,9313708;27431,2
15150;41,1058067;-3,5935726;77155,88
15151;40,5324733;-3,6556078;13470,58
15152;40,63454016;-3,509125841;29247,21
15153;40,903815;-3,87970866;56140,41
15154;40,4456118;-3,687254774;3472,54
15155;40,66161722;-3,510842399;31706,6
15156;40,8219597;-3,5375688;47163,75
15157;40,5473698;-3,6260586;15914,02
15158;40,7205716;-3,9455445;39468,57
15159;40,6337604;-3,5813203;26228,39
15160;40,5516312;-3,6138775;16786,37
15161;40,96544421;-3,716932176;61001,04
15162;40,6587228;-3,767310106;27419,73
15163;40,65667839;-3,768852874;27223,03
15164;40,54582586;-3,623877548;15835,35
15165;40,6404804;-3,5032202;30073,67
15166;40,6385429;-3,4532436;32475,04
15167;40,8594347;-3,7117415;49207,73
15168;40,59652761;-3,499503881;26387,1
15169;40,9164524;-3,8413795;56746,83
15170;40,54215963;-3,622052533;15535,31
15171;40,6026202;-3,70137505;20647,17
15172;40,81302892;-3,765888093;44356,22
15173;40,56105819;-3,626857864;17286,76
15174;40,66161193;-3,765456833;27704,76
15175;40,5537399;-3,650124;15867,39
15176;40,7906969;-3,6016057;42440,87
15177;40,9181507;-3,8425774;56952,37
15178;40,7906969;-3,6016057;42440,87
15179;40,54651399;-3,614047123;16274,19
15180;40,90485231;-3,8805113;56269,54
15181;40,68599824;-3,688194067;29945,61
15182;40,5570358;-3,6191539;17133,96
15183;40,5179139;-3,537659;17970,3
15184;40,754284;-3,7833556;38111,58
15185;40,5933855;-3,5981021;21549,21
15186;40,54727707;-3,630256015;15761,71
15187;40,50180836;-3,518461893;18280,97
15188;40,50279238;-3,508959325;19028,62
15189;40,6861384;-3,3870599;40135,83
15190;40,4997063;-3,5458112;16209,24
15191;40,5631381;-3,6271137;17493,33
15192;40,6234315;-3,6034644;24468,72
15193;40,5554134;-3,8955401;22378,04
15194;40,7299355;-3,5814695;36297,83
15195;40,6004143;-3,5084165;26235,16
15196;40,6834164;-3,533916;32913,82
15197;40,9514067;-3,7894;59869,17
15198;40,56318914;-3,627059958;17500,28
15199;40,5147397;-3,5390112;17661,9
15200;40,6304819;-3,5198258;28370,4
15201;40,630072;-3,5900337;25566,67
15202;40,8263998;-3,5365136;47661,54
15203;40,83004266;-3,542758257;47896,57
15204;40,66144615;-3,771069845;27780,23
15205;40,6123389;-3,7141797;21745,71
15206;40,5431652;-3,453685;25367,44
15207;40,6165478;-3,6149559;23423,77
15208;40,45194321;-3,660278088;5342,6
15209;40,54315187;-3,639787398;15033,55
15210;40,5990717;-3,7122577;20265,25
15211;40,75979947;-3,46400378;43156,69
15213;40,537084;-3,4836359;22899,21
15214;40,6055199;-3,707791;20971,91
15215;40,5025103;-3,5138073;18658,96
15216;40,620349;-3,6101649;23954,94
15217;40,5985368;-3,5043572;26291,75
15218;40,8278388;-3,53915453;47749,14
15219;40,5631878;-3,5124233;22926,11
15220;40,5679991;-3,5071733;23618,21
15221;40,6387703;-3,5112904;29536,2
15222;40,85345152;-3,486792793;51868,6
15223;40,82767155;-3,538164638;47755,7
15224;40,59770421;-3,712770101;20114,93
15227;40,727054;-3,8649141;37079,32
15228;40,7811871;-3,701104707;40502,62
15229;40,421463;-3,7078894;623,84
15231;40,5475111;-3,6263943;15916,68
15232;40,6387703;-3,5112904;29536,2
15233;40,5732385;-3,6040568;19307,57
15235;40,5732385;-3,6040568;19307,57
15236;40,52313503;-3,536865496;18389,61
15237;40,9177985;-3,8436933;56933,52
15238;40,6394601;-3,4484951;32814,61
15240;40,5732385;-3,6040568;19307,57
15241;40,52864805;-3,541619705;18488,86
15242;40,661424;-3,7709319;27775,42
15243;40,50180836;-3,518461893;18280,97
15244;40,5320326;-3,6354938;14031,6
15245;40,5243786;-3,639600409;13113,09
15246;40,78549707;-3,702261218;40981,49
15247;40,55096972;-3,630343561;16137,15
15248;40,6385429;-3,4532436;32475,04
15249;40,56914828;-3,510270251;23526,49
15250;40,5694363;-3,5105866;23530,96
15251;40,5694363;-3,5105866;23530,96
15252;40,8287527;-3,6337155;46168,63
15253;40,9182349;-3,8426022;56961,96
15254;40,7906783;-3,6119625;42270,25
15255;40,68722041;-3,609227337;31091,53
15256;40,54953726;-3,621545846;16292,64
15257;40,5435031;-3,6428342;14979,76
15258;40,81879836;-3,758120034;44921,27
15259;40,5049562;-3,5319403;17507,26
15260;40,620349;-3,6101649;23954,94
15261;40,50823737;-3,516725784;18782,81
15264;40,63430455;-3,50917086;29223,42
15265;40,6438532;-3,5108705;30028,7
15266;40,50815924;-3,629511414;11919,84
15267;40,55974271;-3,636732746;16853,33
15268;41,1312065;-3,5826769;80071,73
15269;40,8127459;-3,7802936;44485,76
15270;40,7523908;-3,7818656;37882,24
15271;40,5435143;-3,6263164;15515,22
15272;40,54160208;-3,653892326;14483,16
15273;40,80308263;-3,763681114;43236,02
15274;40,72684707;-3,863037903;36999,93
15275;40,55773624;-3,639115246;16576,03
15276;40,61165827;-3,68351969;21717,3
15277;40,65672588;-3,769868147;27245,73
15278;40,74258038;-3,510421082;39712,2
15279;40,8664764;-3,4938409;53024,36
15280;40,6587726;-3,7659722;27403,17
15281;40,60830435;-3,68905755;21313,54
15282;40,6504054;-3,4999008;31145,47
15283;41,13231705;-3,582351308;80197,69
15284;40,55694374;-3,619281554;17120,16
15285;40,55694374;-3,619281554;17120,16
15286;40,65646777;-3,77129031;27242,66
15287;40,81446504;-3,756224835;44425,71
15288;40,6611458;-3,7605206;27577,97
15289;40,60950161;-3,70791821;21414,77
15290;40,5077428;-3,6096505;12845,65
15291;40,4974474;-3,6892692;9032,57
15292;40,69104237;-3,607343018;31543,09
15293;40,56352575;-3,613037045;18006,12
15295;40,8549585;-3,4849081;52081,48
15296;40,8279191;-3,53852165;47773,22
15297;40,88814;-3,5612547;53751,76
15298;40,74258038;-3,510421082;39712,2
15299;40,6387703;-3,5112904;29536,2
15300;40,6642809;-3,7692481;28057,88
15301;40,62351716;-3,713221801;22984,63
15302;40,62351716;-3,713221801;22984,63
15303;40,60960457;-3,687406243;21466,29
15304;40,665943;-3,7770677;28376,4
15305;40,8171176;-3,7600724;44752,65
15306;40,5320895;-3,630324;14222,23
15307;40,75374839;-3,789999546;38156,36
15308;40,8013064;-3,7659142;43062,55
15309;40,8172403;-3,7589048;44755,81
15310;40,5631381;-3,6271137;17493,33
15311;40,5243786;-3,639600409;13113,09
15312;40,7281944;-3,536443;37376,05
15313;40,5467293;-3,6287859;15755,21
15314;40,50242663;-3,518385936;18321,98
15315;40,52953935;-3,636942962;13728,53
15316;40,5440438;-3,6572746;14664,32
15317;40,50005486;-3,641676046;10620,2
15318;40,80934102;-3,777678149;44079,36
15319;40,55773624;-3,639115246;16576,03
15320;40,6654645;-3,772834773;28248,17
15321;40,62305364;-3,722480128;22974,41
15322;40,62351716;-3,713221801;22984,63
15323;40,1900047;-3,7801272;26057,08
15324;40,1900047;-3,7801272;26057,08
15325;40,1900047;-3,7801272;26057,08
15326;40,6565917;-3,7674219;27189,32
15327;40,65607128;-3,77423412;27253,02
15328;40,621134;-3,3978743;34395,23
15329;40,55204409;-3,458262943;25611,03
15330;40,21011;-3,8738136;27155,34
15331;40,6784716;-3,77648037;29726,81
15332;40,6784716;-3,77648037;29726,81
15333;40,6784716;-3,77648037;29726,81
15334;40,7848271;-3,6927193;40917,02
15335;40,7610795;-3,4648939;43247,32
15336;40,66947516;-3,777721613;28771,71
15337;40,68599824;-3,688194067;29945,61
15338;40,5271485;-3,6424626;13298,35
15339;40,50654882;-3,635611339;11501,6
15340;40,49922588;-3,519987565;18023,33
15341;40,49922588;-3,519987565;18023,33
15342;40,49922588;-3,519987565;18023,33
15344;40,73521466;-3,579949958;36897,03
15345;40,5320895;-3,630324;14222,23
15346;40,51356761;-3,617732188;12965,8
15347;40,6817157;-3,770608696;29982,03
15348;40,81388898;-3,764107474;44433,62
15349;40,65069849;-3,77093886;26609,5
15350;40,652758;-3,7786448;26978,99
15351;40,6305925;-3,3315839;39404,34
15352;40,65035595;-3,789654099;26955,71
15353;40,63545889;-3,511530999;29218,33
15354;40,60714701;-3,502254999;27144,38
15357;40,3934099;-3,5914617;9842,83
15358;40,676563;-3,6208634;29701,31
15359;40,7896644;-3,6130353;42142,91
15360;40,56311925;-3,622261651;17647,08
15361;40,57034352;-3,506080324;23868,66
15362;40,6394601;-3,4484951;32814,61
15363;40,60682236;-3,547771719;24882,84
15364;40,7392814;-3,5848635;37217,02
15365;40,5745067;-3,5010039;24499,39
15366;40,87014924;-3,609495809;51014,87
15367;40,5296182;-3,5402839;18644,95
15368;40,62634294;-3,603888851;24760,47
15369;40,64320504;-3,409714752;35349,41
15370;40,6311035;-3,5096884;28905,13
15371;40,7534432;-3,7866573;38070
15372;40,66325949;-3,771501082;27985,03
15373;40,641099;-3,506061;29996,26
15374;40,86807755;-3,610002271;50780,69
15375;40,74638658;-3,770423295;37065,56
15376;40,65035595;-3,789654099;26955,71
15377;40,54651399;-3,614047123;16274,19
15378;40,6437352;-3,3231192;40860,34
15379;40,6404804;-3,5032202;30073,67
15380;40,59331985;-3,495037928;26369,37
15381;40,5540531;-3,6620834;15643,6
15382;40,55773624;-3,639115246;16576,03
15384;40,63096176;-3,334171771;39254,86
15385;40,5690764;-3,5057086;23790,38
15386;40,6275361;-3,5743284;25838,02
15387;40,54361667;-3,639920383;15077,78
15388;40,5422941;-3,6261923;15396,73
15389;40,5910124;-3,5886479;21655,83
15390;40,54008472;-3,637016418;14803,19
15391;40,7130626;-3,9081285;37187,29
15392;40,6504054;-3,4999008;31145,47
15393;40,68088554;-3,526291049;32948,58
15394;40,57043802;-3,502037669;24116,45
15395;40,6051233;-3,4999815;27091,25
15396;40,5964617;-3,5016452;26263,55
15397;40,6003153;-3,5077711;26260,96
15398;40,57445822;-3,502027369;24435,11
15399;40,748795;-3,497073261;40811,63
15400;40,68087695;-3,527702129;32893,71
15401;40,6437352;-3,3231192;40860,34
15403;40,80934102;-3,777678149;44079,36
15404;40,754284;-3,7833556;38111,58
15405;40,7253623;-3,5259589;37430,68
15406;40,7534432;-3,7866573;38070
15408;40,5745067;-3,5010039;24499,39
15409;40,57445822;-3,502027369;24435,11
15410;40,54438401;-3,464850366;24663,82
15411;40,7459638;-3,6011833;37592,44
15412;40,6099098;-3,5429585;25389,82
15413;40,82079766;-3,661488072;45046,54
15414;40,7364363;-3,5899521;36798,15
15415;40,6504054;-3,4999008;31145,47
15416;40,6304721;-3,5764988;26058,04
15417;40,7307155;-3,5870906;36249,32
15418;40,5118642;-3,5938796;14051,4
15419;40,5972254;-3,5053595;26125,61
15420;40,70001228;-3,510437107;35451,47
15421;40,74928362;-3,785287501;37594,12
15422;40,5243786;-3,639600409;13113,09
15423;40,5320326;-3,6354938;14031,6
15424;40,421463;-3,7078894;623,84
15425;40,5537399;-3,650124;15867,39
15426;40,68135863;-3,775223962;30019,3
15427;40,5573898;-3,657475;16095,22
15428;40,620809;-3,6140748;23896,61
15429;40,5563178;-3,6619305;15891,96
15430;40,50494688;-3,646578198;10907,28
15431;40,5635201;-4,2720545;50765,53
15432;40,460628;-3,7800499;8095,66
15433;40,5422941;-3,6261923;15396,73
15434;40,5933855;-3,5981021;21549,21
15435;40,5067694;-3,6415797;11279,57
15436;40,5947476;-3,5920666;21901,81
15437;40,5243786;-3,639600409;13113,09
15438;40,54164437;-3,61994858;15564
15439;40,5320326;-3,6354938;14031,6
15441;40,6502747;-3,6003178;27372,12
15442;40,5320326;-3,6354938;14031,6
15444;40,5320326;-3,6354938;14031,6
15445;40,620809;-3,6140748;23896,61
15446;40,5243786;-3,639600409;13113,09
15447;40,6782296;-3,9587858;36184,14
15448;40,54165154;-3,621401643;15509,28
15451;40,61011536;-3,711424745;21490,18
15452;40,52219283;-3,640749656;12851,63
15453;40,5243786;-3,639600409;13113,09
15454;40,5228456;-3,6361207;13083,58
15457;40,5243786;-3,639600409;13113,09
15458;40,5300562;-3,641038833;13643,03
15459;40,620349;-3,6101649;23954,94
15460;40,21011;-3,8738136;27155,34
15461;40,5243786;-3,639600409;13113,09
15462;40,5910124;-3,5886479;21655,83
15463;40,5243786;-3,639600409;13113,09
15464;40,63155822;-3,60387178;25306,95
15465;40,6337604;-3,5813203;26228,39
15466;40,421463;-3,7078894;623,84
15468;40,620809;-3,6140748;23896,61
15470;40,21011;-3,8738136;27155,34
15471;40,61304494;-3,620116479;22917,15
15472;40,3238589;-3,6547942;11143,36
15473;40,459342;-3,7807322;8057,48
15474;40,67110589;-3,764851067;28732,78
15476;40,5243786;-3,639600409;13113,09
15477;40,5243786;-3,639600409;13113,09
15478;40,5243786;-3,639600409;13113,09
15479;40,62889233;-3,58329747;25665,23
15481;40,421463;-3,7078894;623,84
15482;40,5320895;-3,630324;14222,23
15484;40,6235748;-3,6100322;24297,48
15485;40,5320326;-3,6354938;14031,6
15486;40,61304494;-3,620116479;22917,15
15487;40,65149761;-3,609024628;27276,59
15488;40,6092739;-3,6175824;22586,59
15489;40,5765842;-3,9971644;30522,26
15490;40,6606709;-3,7725508;27721,94
15491;40,5320326;-3,6354938;14031,6
15492;40,5320326;-3,6354938;14031,6
15493;40,52103492;-3,64553012;12571,25
15494;40,5092813;-3,6380571;11666,09
15495;40,5320326;-3,6354938;14031,6
15496;40,52352703;-3,640735966;12987,32
15497;40,61304494;-3,620116479;22917,15
15498;40,266242;-3,8582207;21276,74
15500;40,6770035;-3,777459319;29584,5
15501;40,6770035;-3,777459319;29584,5
15502;40,6770035;-3,777459319;29584,5
15503;40,620809;-3,6140748;23896,61
15504;40,6154842;-3,6095456;23462,64
15505;40,5135729;-3,6177515;12965,38
15506;40,52884851;-3,616134393;14473,4
15507;40,6722488;-3,777493;29068,6
15508;40,54160208;-3,653892326;14483,16
15509;40,50265839;-3,636522412;11089,43
15510;40,51356761;-3,617732188;12965,8
15511;40,61294275;-3,68928005;21827,42
15512;40,51046499;-3,648108761;11407,06
15513;40,54160208;-3,653892326;14483,16
15514;40,6263529;-3,6120525;24535,4
15515;40,67954105;-3,77216885;29770,03
15516;40,67954105;-3,77216885;29770,03
15517;40,6263529;-3,6120525;24535,4
15518;40,51866645;-3,605761;14012,04
15519;40,6770035;-3,777459319;29584,5
15520;40,6770035;-3,777459319;29584,5
15521;40,5092813;-3,6380571;11666,09
15522;40,639207;-3,5774721;26913,07
15523;40,61726056;-3,605913616;23753,45
15524;40,4334724;-3,6539878;4578,26
15525;40,6378315;-3,5714015;26981
15526;40,6770035;-3,777459319;29584,5
15527;40,5092813;-3,6380571;11666,09
15528;40,5320326;-3,6354938;14031,6
15529;39,870488;-4,3599447;82494,08
15530;40,6097675;-3,5824965;23757,09
15531;40,6409262;-3,5814278;26958,94
15532;40,50654882;-3,635611339;11501,6
15533;40,55070501;-3,638691517;15852,15
15534;40,3096512;-4,4928119;67928,3
15535;40,5092813;-3,6380571;11666,09
15536;40,50265839;-3,636522412;11089,43
15537;40,55070501;-3,638691517;15852,15
15538;40,5440438;-3,6572746;14664,32
15539;40,55372591;-3,656627205;15718,19
15541;40,620809;-3,6140748;23896,61
15542;40,6409262;-3,5814278;26958,94
15543;40,6377555;-3,5825189;26598,06
15544;40,5073547;-3,608986;12846,7
15545;40,6162729;-3,6222756;23204,21
15546;40,62057191;-3,595329874;24419,77
15547;40,5052341;-3,637293;11304,02
15548;40,630072;-3,5900337;25566,67
15549;40,4014155;-3,7252237;2521,22
15550;40,52272198;-3,636378265;13061,73
15551;40,66117146;-3,755883308;27515,05
15552;40,620809;-3,6140748;23896,61
15553;40,6730626;-3,778436862;29174,17
15554;40,52884851;-3,616134393;14473,4
15555;40,52272198;-3,636378265;13061,73
15556;40,62889233;-3,58329747;25665,23
15557;40,5320326;-3,6354938;14031,6
15558;40,5092813;-3,6380571;11666,09
15559;40,56352575;-3,613037045;18006,12
15560;40,62827727;-3,582160936;25640,74
15561;40,5320326;-3,6354938;14031,6
15562;40,5931735;-3,5844671;22030,05
15563;40,6183217;-3,6224837;23416,73
15564;40,66593986;-3,779705533;28425,71
15565;40,6587726;-3,7659722;27403,17
15566;40,5243786;-3,639600409;13113,09
15568;40,54160208;-3,653892326;14483,16
15571;40,3995202;-3,5414834;13855,9
15575;40,5892771;-3,591566;21373,19
15576;40,421463;-3,7078894;623,84
15580;40,6275361;-3,5743284;25838,02
15581;40,5931735;-3,5844671;22030,05
15582;40,6303005;-3,5810038;25885,99
15583;40,542058;-3,6221422;15521,82
15584;40,54160208;-3,653892326;14483,16
15586;40,5243786;-3,639600409;13113,09
15587;40,5243786;-3,639600409;13113,09
15588;40,5931735;-3,5844671;22030,05
15589;40,5910124;-3,5886479;21655,83
15590;40,5243786;-3,639600409;13113,09
15591;40,61304494;-3,620116479;22917,15
15592;40,58859888;-3,59530755;21166,97
15594;40,5320326;-3,6354938;14031,6
15595;40,5243786;-3,639600409;13113,09
15596;40,620809;-3,6140748;23896,61
15597;40,421463;-3,7078894;623,84
15598;40,51866645;-3,605761;14012,04
15599;40,5066675;-3,6079906;12839,86
15600;40,63159;-3,6037544;25313,58
15601;40,421463;-3,7078894;623,84
15602;40,421463;-3,7078894;623,84
15603;40,620809;-3,6140748;23896,61
15604;40,54315187;-3,639787398;15033,55
15605;40,6180608;-3,6225201;23388,09
15606;40,421463;-3,7078894;623,84
15607;40,5883875;-3,599774739;20985,11
15608;40,5892771;-3,591566;21373,19
15609;40,61304494;-3,620116479;22917,15
15610;40,6289033;-3,5832921;25666,53
15611;40,5118642;-3,5938796;14051,4
15612;40,58859888;-3,59530755;21166,97
15613;40,6162115;-3,6129233;23443,92
15614;40,616093;-3,6112574;23477,87
15615;40,6409262;-3,5814278;26958,94
15616;40,639207;-3,5774721;26913,07
15617;40,5320326;-3,6354938;14031,6
15618;40,5243786;-3,639600409;13113,09
15619;40,5243786;-3,639600409;13113,09
15620;40,5243786;-3,639600409;13113,09
15621;40,6165478;-3,6149559;23423,77
15622;40,52272198;-3,636378265;13061,73
15623;40,5933855;-3,5981021;21549,21
15624;40,4218927;-4,1986982;41922,41
15625;40,588991;-3,5844658;21617,61
15626;40,21011;-3,8738136;27155,34
15627;40,6092739;-3,6175824;22586,59
15628;40,6334645;-3,592376251;25844,01
15629;40,52784524;-3,619528602;14232,14
15630;40,63159;-3,6037544;25313,58
15631;40,50654882;-3,635611339;11501,6
15632;40,6329494;-3,5939055;25743,87
15633;40,63936029;-3,571095531;27146,44
15634;40,4432586;-3,8423188;12106,71
15635;40,6234315;-3,6034644;24468,72
15636;40,62889233;-3,58329747;25665,23
15637;40,61304494;-3,620116479;22917,15
15638;40,61304494;-3,620116479;22917,15
15639;40,61304494;-3,620116479;22917,15
15640;40,6154842;-3,6095456;23462,64
15641;40,6266504;-3,604233;24782,75
15642;40,6304721;-3,5764988;26058,04
15643;40,6337604;-3,5813203;26228,39
15644;40,5068334;-3,6077474;12867,14
15645;40,50005486;-3,641676046;10620,2
15646;40,5204121;-3,9825634;26259,32
15647;40,4115843;-3,7313243;2427,85
15648;40,460628;-3,7800499;8095,66
15649;40,52272198;-3,636378265;13061,73
15651;40,3995236;-3,6940975;2094,94
15652;40,21011;-3,8738136;27155,34
15653;40,52784524;-3,619528602;14232,14
15655;40,3426157;-3,82566135;13241,54
15656;40,6310998;-3,5934609;25565,79
15657;40,52219283;-3,640749656;12851,63
15658;40,5002477;-3,6368136;10847,12
15659;40,52784524;-3,619528602;14232,14
15660;40,6416042;-3,5789167;27110,32
15661;40,6263529;-3,6120525;24535,4
15662;40,2791867;-4,3057685;53285,88
15663;40,52272198;-3,636378265;13061,73
15664;40,50005486;-3,641676046;10620,2
15665;40,4218927;-4,1986982;41922,41
15666;40,5324733;-3,6556078;13470,58
15667;40,620809;-3,6140748;23896,61
15668;40,2417627;-3,9313708;27431,2
15669;40,6508327;-3,6150785;27060,15
15671;40,5320326;-3,6354938;14031,6
15673;40,5243786;-3,639600409;13113,09
15674;40,421463;-3,7078894;623,84
15675;40,620809;-3,6140748;23896,61
15676;40,6418832;-3,5804484;27088,93
15677;40,2098776;-3,8743972;27203,56
15678;40,52504998;-3,630879163;13500,54
15679;40,61766558;-3,601696744;23921,62
15681;40,421463;-3,7078894;623,84
15683;40,2098776;-3,8743972;27203,56
15684;40,421463;-3,7078894;623,84
15685;40,61304494;-3,620116479;22917,15
15686;40,6304721;-3,5764988;26058,04
15687;40,5243786;-3,639600409;13113,09
15688;40,5243786;-3,639600409;13113,09
15689;40,5320326;-3,6354938;14031,6
15690;40,4366205;-3,7216855;2674,1
15691;40,266242;-3,8582207;21276,74
15692;40,3096512;-4,4928119;67928,3
15693;40,2098776;-3,8743972;27203,56
15694;40,51091405;-3,625082357;12378,26
15695;40,5092813;-3,6380571;11666,09
15696;40,21011;-3,8738136;27155,34
15697;40,21011;-3,8738136;27155,34
15698;40,6154842;-3,6095456;23462,64
15699;40,2971655;-3,825342;16850,23
15700;40,6195;-3,600355;24152,72
15701;40,2791867;-4,3057685;53285,88
15702;40,4213149;-3,7074006;586,54
15703;40,63155822;-3,60387178;25306,95
15704;40,52219283;-3,640749656;12851,63
15705;40,5262719;-3,6206846;14031,78
15706;40,2971655;-3,825342;16850,23
15707;40,51090555;-3,620748891;12577,82
15708;40,21011;-3,8738136;27155,34
15709;40,51866645;-3,605761;14012,04
15710;40,2971655;-3,825342;16850,23
15711;40,5073547;-3,608986;12846,7
15712;40,21011;-3,8738136;27155,34
15713;40,51090555;-3,620748891;12577,82
15714;40,50265839;-3,636522412;11089,43
15715;40,56300944;-3,512976627;22879,09
15717;40,8646525;-3,6169979;50315,5
15718;40,550917;-3,628779;16182,97
15719;40,54239426;-3,4560892;25150,76
15720;40,6021544;-3,7212801;20649,21
15721;40,86862105;-3,613591494;50794,26
15722;40,6362582;-3,451885;32358,3
15723;40,6362582;-3,451885;32358,3
15724;40,8278185;-3,5432712;47647,19
15725;40,6362582;-3,451885;32358,3
15726;40,3663921;-3,6893314;5748,07
15727;40,3663921;-3,6893314;5748,07
15728;40,8278185;-3,5432712;47647,19
15729;40,6370557;-3,5105686;29411,07
15730;40,3663921;-3,6893314;5748,07
15731;40,62470093;-3,707613506;23104,22
15733;40,6275467;-3,4779175;30200,14
15734;40,5694363;-3,5105866;23530,96
15735;40,5694363;-3,5105866;23530,96
15736;40,5694363;-3,5105866;23530,96
15737;40,5694363;-3,5105866;23530,96
15738;40,56914828;-3,510270251;23526,49
15739;40,620809;-3,6140748;23896,61
15740;40,5243786;-3,639600409;13113,09
15741;40,5243786;-3,639600409;13113,09
15742;40,5092813;-3,6380571;11666,09
15743;40,5243786;-3,639600409;13113,09
15744;40,2099596;-3,5671354;25757,36
15745;40,4167279;-3,7032905;31,03
15746;40,4167279;-3,7032905;31,03
15747;40,5940996;-3,5863505;22049,67
15748;40,4167279;-3,7032905;31,03
15749;40,59426523;-3,586200875;22071,8
15750;40,4167279;-3,7032905;31,03
15751;40,4167279;-3,7032905;31,03
15752;40,2099596;-3,5671354;25757,36
15753;40,59426523;-3,586200875;22071,8
15755;40,61914764;-3,712738404;22497,63
15756;40,7309823;-3,5801456;36441,25
15757;40,5554134;-3,8955401;22378,04
15758;40,4167279;-3,7032905;31,03
15759;40,4167279;-3,7032905;31,03
15760;40,4167279;-3,7032905;31,03
15761;40,4167279;-3,7032905;31,03
15762;40,59426523;-3,586200875;22071,8
15763;40,5716967;-3,6212068;18562,38
15764;40,5457419;-3,6210538;15930,01
15765;40,64856921;-3,77760756;26505,73
15766;40,64856921;-3,77760756;26505,73
15767;40,64856921;-3,77760756;26505,73
15769;40,5716967;-3,6212068;18562,38
15770;40,64856921;-3,77760756;26505,73
15771;40,5457419;-3,6210538;15930,01
15772;40,64856921;-3,77760756;26505,73
15773;40,64856921;-3,77760756;26505,73
15774;40,64856921;-3,77760756;26505,73
15775;40,5457419;-3,6210538;15930,01
15776;40,5243786;-3,639600409;13113,09
15778;40,5300562;-3,641038833;13643,03
15779;40,64856921;-3,77760756;26505,73
15780;40,72912186;-3,879588152;37763,8
15781;40,5566606;-3,625139;16891,06
15782;40,5482801;-3,453496802;25698,92
15783;40,7389675;-3,5764507;37381,16
15784;40,5320895;-3,630324;14222,23
15785;40,50242663;-3,518385936;18321,98
15786;40,56914828;-3,510270251;23526,49
15787;40,56914828;-3,510270251;23526,49
15788;40,5320326;-3,6354938;14031,6
15789;40,5694363;-3,5105866;23530,96
15790;40,5092813;-3,6380571;11666,09
15791;40,5694363;-3,5105866;23530,96
15792;40,52864805;-3,541619705;18488,86
15793;40,8584842;-3,7110283;49101,23
15794;40,61304494;-3,620116479;22917,15
15795;40,1805485;-3,669696;26441,95
15796;40,25889432;-3,824575515;20349,93
15797;40,2195151;-3,8499475;25219,86
15798;40,24548915;-3,693575173;19083,43
15799;40,1558007;-3,621642334;29856,75
15800;40,3161669;-3,717370767;11267,02
15801;40,34667352;-3,828388565;13149,52
15802;40,3161669;-3,717370767;11267,02
15803;40,29661176;-3,831409507;17217,81
15804;40,25109633;-3,821890803;20993,87
15805;40,240167;-3,7644817;20324,43
15806;40,1917369;-3,837321;27492,16
15807;40,30531182;-3,737929296;12750,51
15808;40,2339145;-3,767642889;21065,19
15809;40,2994307;-3,8095582;15857,51
15811;40,2375383;-3,7727413;20793,9
15812;40,2429919;-3,7038365;19342,49
15813;40,311798;-3,7224742;11801,3
15814;40,2221246;-3,757507123;22140,99
15815;40,311798;-3,7224742;11801,3
15816;40,3364492;-3,7405905;9485,25
15817;40,3161669;-3,717370767;11267,02
15818;40,1805485;-3,669696;26441,95
15819;40,2362624;-3,6991508;20094,18
15820;40,2046482;-3,8858194;28216,44
15821;40,20557423;-3,874092418;27596,43
15822;40,3444965;-3,833023592;13609,33
15823;40,2945052;-3,7860595;15305,69
15824;40,1805485;-3,669696;26441,95
15825;40,27682595;-3,801850934;17668,65
15826;40,29644457;-3,830590936;17188,73
15827;40,2493989;-3,8285208;21432,1
15828;40,296741;-3,8367671;17496,08
15829;40,3384323;-3,8296254;13795,33
15830;40,32233324;-3,883257124;18507,27
15831;40,3204515;-3,7550602;11583,68
15832;40,25534999;-3,698530653;17973,3
15833;40,30808783;-3,733358638;12365,26
15834;40,29585685;-3,803910701;15926,02
15835;40,39350946;-3,83289607;11259,91
15836;40,2046482;-3,8858194;28216,44
15837;40,32235692;-3,738544539;10927,93
15838;40,31441966;-3,721511519;11501,47
15839;40,18347977;-3,823893085;27894,75
15840;40,3511268;-3,8226409;12463,92
15841;40,3161669;-3,717370767;11267,02
15843;40,281873;-3,792956;16822,9
15844;40,3009756;-3,734676;13162,35
15845;40,3222023;-3,8690803;17541,21
15846;40,29671685;-3,792483261;15347,19
15847;40,2171616;-3,7624514;22769,54
15848;40,1805485;-3,669696;26441,95
15849;40,25849339;-3,691840378;17646,59
15850;40,34602272;-3,828974289;13232,5
15851;40,317456;-3,722695;11181,03
15852;40,19525863;-3,676960063;24752,87
15853;40,2375052;-3,6967718;19960,77
15854;40,24398329;-3,690722826;19262,82
15855;40,34258145;-3,830616368;13574,31
15856;40,3132012;-3,9216427;21784,57
15857;40,1352502;-3,6574105;31566,15
15858;40,18986945;-3,676777397;25351,08
15859;40,2761632;-3,7989784;17620,61
15860;40,25064953;-3,83149072;21437,54
15861;40,22657774;-3,774733343;22011,67
15862;40,3217767;-3,6538653;11387,6
15863;40,32510282;-3,876279646;17845,84
15864;40,33413988;-3,864280555;16438,21
15865;40,2938755;-3,789119711;15487,75
15866;40,32529401;-3,734711983;10527,82
15867;40,31512347;-3,855535929;17147,74
15868;40,2325575;-3,7665475;21187,41
15869;40,32984866;-3,767490165;11097,34
15870;40,24943465;-3,829014469;21449,36
15871;40,19154648;-3,670182566;25221,91
15872;40,3161669;-3,717370767;11267,02
15873;40,2314646;-3,7699482;21379,16
15874;40,3132012;-3,9216427;21784,57
15875;40,3433185;-3,8293005;13435,94
15876;40,32707473;-3,88422206;18280,69
15877;40,20809146;-3,681034331;23301,38
15878;40,1929537;-3,6867329;24947,13
15879;40,3076615;-3,7297235;12352,63
15881;40,2777211;-3,7911693;17170,38
15882;40,1895172;-3,6864068;25330,21
15883;40,3510079;-3,8271154;12780,22
15884;40,2446562;-3,7660783;19877,69
15885;40,29644457;-3,830590936;17188,73
15886;40,3139852;-3,8554979;17229,24
15887;40,2543165;-3,8236924;20754,45
15888;40,3317089;-3,8648206;16628,9
15889;40,193087;-3,6661755;25092,32
15890;40,3491158;-3,8288109;13018,98
15891;40,1910399;-3,6707141;25272,89
15892;40,2474352;-3,7685247;19637,19
15893;40,3339461;-3,7630984;10518,5
15894;40,1828742;-3,6741386;26146,28
15895;40,1908206;-3,6762119;25250,1
15896;40,3055782;-3,7264535;12534,66
15897;40,2340408;-3,7677531;21054,03
15898;40,22693305;-3,760840006;21679,68
15899;40,2436948;-3,7729685;20143,62
15900;40,3140824;-3,9220606;21762,85
15901;40,3100274;-3,8669806;18251,75
15902;40,2368047;-3,7019298;20030,91
15903;40,3047762;-3,837624331;16871,79
15904;40,30509828;-3,739118518;12797
15905;40,2106013;-3,6887758;22978,19
15906;40,3296004;-3,8650371;16778,76
15907;40,3485803;-3,8205059;12488,46
15908;40,318664;-3,701815;10929,08
15909;40,1900931;-3,6747529;25342,27
15910;40,1556163;-3,6321102;29682,85
15911;40,2874423;-3,7935093;16294,15
15912;40,2945052;-3,7860595;15305,69
15913;40,3289916;-3,8603179;16494,49
15914;40,29462585;-3,787745945;15359,62
15915;40,3243412;-3,7736756;11888,81
15916;40,29661176;-3,831409507;17217,81
15917;40,2378916;-3,7640245;20559,55
15918;40,3132012;-3,9216427;21784,57
15919;40,29428345;-3,795478204;15707,84
15920;40,2874423;-3,7935093;16294,15
15921;40,2865688;-3,7941498;16405,41
15922;40,3132012;-3,9216427;21784,57
15923;40,3023279;-3,7307646;12951,92
15924;40,1938766;-3,6642879;25026
15925;40,2044509;-3,8851988;28206,03
15926;40,30987935;-3,734065029;12182,89
15927;40,2291246;-3,7732849;21705,66
15928;40,334859;-3,868371;16682,44
15929;40,3491158;-3,8288109;13018,98
15930;40,311798;-3,7224742;11801,3
15931;40,3161669;-3,717370767;11267,02
15932;40,213847;-3,8541197;25942,86
15933;40,239664;-3,6968845;19720,55
15935;40,3121763;-3,7300538;11864,37
15936;40,2102569;-3,8548956;26323,28
15937;40,2264448;-3,7645286;21804,65
15938;40,2070729;-3,8840863;27910,24
15939;40,2046482;-3,8858194;28216,44
15940;40,34848996;-3,828295715;13024,02
15942;40,3260519;-3,769803;11561,57
15943;40,3357535;-3,7715345;10709,45
15944;40,39673917;-3,714783244;2440,46
15946;40,3283745;-3,7588823;10907,91
15947;40,3108225;-3,7244442;11932,43
15948;40,35093315;-3,81144871;11723,29
15949;40,2361749;-3,7591534;20646,26
15950;40,2806471;-3,7883391;16773,39
15951;40,160132;-3,6213436;29394,5
15952;40,1892517;-3,6748832;25434,34
15953;40,2774625;-3,7943157;17313,16
15954;40,28506685;-3,794370822;16561,92
15955;40,2091885;-3,8726818;27191,49
15956;40,2429919;-3,7038365;19342,49
15957;40,28920555;-3,808725372;16769,49
15958;40,2335575;-3,777995682;21346,44
15959;40,2253839;-3,7498736;21659,8
15960;40,2885203;-3,7991927;16420,64
15961;40,23185;-3,7735198;21419,71
15962;40,3086131;-3,9256063;22341,58
15963;40,3265327;-3,7653993;11337,63
15964;40,3433185;-3,8293005;13435,94
15965;40,2125806;-3,8498839;25891,56
15966;40,3161669;-3,717370767;11267,02
15967;40,3066786;-3,8752207;19025,09
15968;40,1827534;-3,6844295;26090,99
15969;40,3453594;-3,7484259;8821,7
15970;40,3109457;-3,8758594;18764,54
15971;40,1628981;-3,620282;29117,46
15972;40,1535574;-3,6221331;30089,85
15973;40,2291246;-3,7732849;21705,66
15974;40,3092656;-3,7760918;13459,53
15975;40,3050706;-3,8359468;16752,06
15976;40,2204238;-3,8507219;25164,41
15977;40,3298474;-3,7490278;10423,54
15978;40,301716;-3,7307978;13019,38
15979;40,2767764;-3,793641;17356,32
15980;40,3009756;-3,734676;13162,35
15981;40,1934751;-3,6689232;25021,12
15982;40,33955855;-3,75074816;9489,11
15983;40,3495846;-3,816244711;12134,77
15984;40,3637866;-3,6180251;9347,13
15985;40,1828742;-3,6741386;26146,28
15986;40,2412435;-3,7749557;20453,71
15987;40,3077578;-3,7308081;12358,95
15988;40,3376513;-3,8560065;15638,76
15989;40,3188375;-3,742493;11397,45
15990;40,35151529;-3,817992205;12121,4
15991;40,2935114;-3,8047516;16184,84
15992;40,2238235;-3,7718166;22240,73
15993;40,3134588;-3,7884436;13570,98
15994;40,2573436;-3,8236459;20459,76
15995;40,2524701;-3,8298628;21193,05
15996;40,2417123;-3,7672347;20219,36
15997;40,3092277;-3,9270075;22404,97
15998;40,22693305;-3,760840006;21679,68
15999;40,3196343;-3,8725962;17951,14
16000;40,2408046;-3,7735067;20464,4
16001;40,3199081;-3,8794469;18399,67
16002;40,3095932;-3,7365622;12260,55
16003;40,301716;-3,7307978;13019,38
16004;40,29661176;-3,831409507;17217,81
16005;40,3011826;-3,7328773;13110,04
16006;40,2186603;-3,7551604;22478,45
16007;40,1916394;-3,836338;27467,76
16008;40,2714075;-3,9185326;24370,42
16010;40,3487128;-3,8310864;13202,28
16011;40,3070639;-3,7331808;12473,69
16012;40,3161669;-3,717370767;11267,02
16013;40,3614483;-3,8667456;15138,43
16014;40,2261643;-3,7651119;21846,72
16015;40,34601653;-3,830947185;13367,47
16016;40,3104681;-3,9262812;22279,24
16017;40,300013;-3,9360511;23605,8
16018;40,3104669;-3,9323047;22713,25
16019;40,2799281;-3,805704;17524,17
16020;40,2584092;-3,8245686;20396,26
16021;40,3337475;-3,7629537;10532,02
16022;40,1900916;-3,6747777;25342,23
16023;40,1805485;-3,669696;26441,95
16024;40,286259;-3,790742;16302,94
16025;40,3548698;-3,7842566;9715,76
16026;40,1592091;-3,6141598;29644,13
16027;40,2433365;-3,770655;20125,4
16028;40,2249113;-3,7768502;22239,44
16029;40,3239725;-3,766332;11626,8
16030;40,2486131;-3,8275129;21466,17
16031;40,1567071;-3,6448754;29361,39
16032;40,1796894;-3,6705425;26529,25
16033;40,34630317;-3,826245698;13028,79
16034;40,1912755;-3,6873863;25130,36
16036;40,3219708;-3,8698949;17611,88
16037;41,0286536;-3,6255742;68335,58
16038;40,2091885;-3,8726818;27191,49
16039;40,33955855;-3,75074816;9489,11
16040;40,3471174;-3,8289599;13159,27
16041;40,3161669;-3,717370767;11267,02
16042;40,2455791;-3,6982496;19060,03
16043;40,3346841;-3,8714565;16912,35
16044;40,3009756;-3,734676;13162,35
16045;40,3301251;-3,7727848;11296,84
16046;40,3196429;-3,8629281;17304,03
16047;40,3376513;-3,8560065;15638,76
16048;40,311798;-3,7224742;11801,3
16049;40,311469;-3,717169;11785
16050;40,2362624;-3,6991508;20094,18
16051;40,3573589;-3,7840436;9508,09
16052;40,34240797;-3,844921232;14564,96
16053;40,1571198;-3,6241922;29664,29
16054;40,25824435;-3,820479353;20240,12
16055;40,3449663;-3,825015;13036,59
16056;40,34786871;-3,833194235;13402,41
16057;40,2410464;-3,7693581;20339,38
16058;40,192201;-3,6764412;25095,47
16059;40,34601653;-3,830947185;13367,47
16060;40,2645277;-3,8503415;21025,31
16061;40,337792;-3,8690304;16553,29
16062;40,2113347;-3,8555026;26243,89
16063;40,2323751;-3,7669982;21216,7
16064;40,2373722;-3,7674909;20690,55
16065;40,3251016;-3,7238609;10356,59
16066;40,2374616;-3,7625416;20574,93
16067;40,31593779;-3,732249243;11491,9
16068;40,3110562;-3,7218673;11876,19
16069;40,3301251;-3,7727848;11296,84
16070;40,34786871;-3,833194235;13402,41
16071;40,1594468;-3,615486629;29589,98
16072;40,2397913;-3,7017005;19698,97
16073;40,317135;-3,8680366;17816,43
16074;40,3255919;-3,7727539;11729,3
16075;40,34705045;-3,831410223;13331,74
16076;40,3329369;-3,7733285;11055,35
16077;40,3117286;-3,7263606;11858,21
16078;40,3230426;-3,8776783;18074,68
16079;40,2488801;-3,8288528;21496,18
16080;40,3191585;-3,743134;11379,19
16081;40,3553848;-3,7830922;9605,7
16082;40,3399906;-3,8270188;13514,62
16083;39,870488;-4,3599447;82494,08
16084;40,3302061;-3,7625032;10861,99
16085;40,3287883;-3,8620928;16629,14
16086;40,29703205;-3,810509833;16123,29
16087;40,2418621;-3,7617129;20083,25
16088;40,1581846;-3,6266994;29501,27
16089;40,244207;-3,76869;19985,89
16090;40,2432547;-3,7646272;19995,73
16091;40,1917349;-3,8362873;27456,3
16092;40,1549754;-3,6216354;29946,15
16093;40,3245687;-3,8582033;16649,75
16094;40,2388447;-3,7590501;20355,3
16095;40,1967063;-3,8043948;25939,97
16096;40,3047485;-3,7338952;12738,08
16097;40,2378143;-3,7594154;20473,94
16098;40,2085864;-3,9173748;29420,04
16099;40,3035891;-3,7307191;12813,26
16100;40,3121763;-3,7300538;11864,37
16101;40,2394446;-3,7661214;20437,78
16102;40,30987935;-3,734065029;12182,89
16103;40,1580087;-3,6205514;29639,83
16104;40,1805485;-3,669696;26441,95
16105;40,31593779;-3,732249243;11491,9
16106;40,3132012;-3,9216427;21784,57
16107;40,3399222;-3,8372885;14203,24
16108;40,3326132;-3,8562642;15979,36
16109;40,320967;-3,8712983;17774,05
16110;40,190499;-3,8054835;26622,53
16111;40,3161669;-3,717370767;11267,02
16112;40,2412641;-3,7703593;20339,57
16113;40,2276357;-3,75292;21462,5
16114;40,3161669;-3,717370767;11267,02
16115;40,189277;-3,6839008;25369,93
16116;40,2390097;-3,7789337;20792,31
16117;40,34991118;-3,826572432;12813,2
16118;40,1805485;-3,669696;26441,95
16119;40,3226955;-3,8542308;16517,7
16120;40,28609055;-3,755589486;15204,34
16121;40,3114192;-3,7386532;12105,29
16122;40,3376513;-3,8560065;15638,76
16123;40,4028005;-3,5454993;13471,55
16124;40,3009756;-3,734676;13162,35
16125;40,3161669;-3,717370767;11267,02
16126;40,2946917;-3,7490969;14131,56
16127;40,296741;-3,8367671;17496,08
16128;40,2698157;-3,9005999;23379,64
16129;40,3425284;-3,8302575;13553,82
16130;40,3094081;-3,7198408;12036,98
16131;40,3367045;-3,7767659;10867,2
16133;40,2056282;-3,8732878;27555,62
16134;40,2934701;-3,7991889;15944
16135;40,180796;-3,6914284;26278,37
16136;40,2375383;-3,7727413;20793,9
16137;40,2584092;-3,8245686;20396,26
16138;40,339408;-3,8324179;13911,73
16139;40,33160822;-3,763535567;10764,79
16141;40,2139012;-3,8548128;25966,59
16142;40,3399964;-3,8251926;13394,83
16143;40,2506247;-3,8314005;21436,06
16144;40,3309179;-3,8628316;16541,51
16145;40,3203396;-3,7541616;11566,75
16146;40,3300872;-3,7660633;11015,56
16147;40,32548445;-3,769008778;11584,41
16148;40,2868602;-3,8178293;17408,19
16149;40,3254422;-3,778969;12015,32
16150;40,3463708;-3,828316;13164,64
16151;40,452848;-3,6680616;4994,8
16152;40,32795555;-3,762898858;11099,97
16153;40,2774625;-3,7943157;17313,16
16154;40,311798;-3,7224742;11801,3
16155;40,2488801;-3,8288528;21496,18
16156;40,2841871;-3,7919767;16555,78
16157;40,2835056;-3,814477;17565,79
16158;40,3104681;-3,9262812;22279,24
16159;40,3604692;-3,8705666;15478,44
16160;40,2016343;-3,6880984;23976,93
16161;40,1908467;-3,845956;27891,58
16162;40,3260463;-3,7610241;11219,81
16163;40,3026975;-3,8378293;17055,07
16164;40,2799281;-3,805704;17524,17
16165;40,2357898;-3,7657141;20821,77
16166;40,2377564;-3,7774725;20887,48
16167;40,2368047;-3,7019298;20030,91
16168;40,2155989;-3,8543871;25784,62
16169;40,3550203;-3,7805076;9482,81
16170;40,3333202;-3,7605641;10478,92
16171;40,2324359;-3,7639376;21145,82
16172;40,3019662;-4,5467411;72580,49
16173;40,2117292;-3,8504702;25998,51
16174;40,3093808;-3,7300788;12170,13
16175;40,3114762;-3,792189;13927,03
16176;40,3287883;-3,8620928;16629,14
16177;40,1917349;-3,8362873;27456,3
16178;40,3215062;-3,871227;17733,23
16179;40,206523;-3,9224338;29865,91
16180;40,2400323;-3,7066847;19673,39
16181;40,3206096;-3,8575381;16881,58
16182;40,1551139;-3,620677917;29950,12
16183;40,34786871;-3,833194235;13402,41
16184;40,2864571;-3,7954567;16468,49
16185;40,23185;-3,7735198;21419,71
16186;40,3398598;-3,7837034;10935,88
16187;40,3491158;-3,8288109;13018,98
16188;40,3034639;-3,9268057;22740,48
16189;40,2844276;-3,7970755;16732,27
16190;40,2374616;-3,7625416;20574,93
16191;40,1960111;-3,6646626;24786,53
16192;40,2450808;-3,6980546;19115,82
16193;40,1634388;-3,6213852;29036,53
16194;40,3254015;-3,8679564;17252,66
16195;40,1530209;-3,6166562;30257,69
16196;40,2417123;-3,7672347;20219,36
16197;40,3285035;-3,760738;10963,54
16198;40,3442841;-3,82484;13071,68
16199;40,3236479;-3,8574846;16665,48
16200;40,3475822;-3,8262987;12947,08
16201;40,2387629;-3,7637365;20459,63
16202;40,3023279;-3,7307646;12951,92
16203;40,2441254;-3,7688588;19998,57
16204;40,3215968;-3,6542864;11393,08
16205;40,3115857;-3,7153039;11757,62
16206;40,303334;-3,7339224;12892,63
16207;40,2994995;-3,75531;13776,58
16208;40,5117022;-3,6693452;10926,29
16209;40,2506247;-3,8314005;21436,06
16210;40,3158205;-3,8529614;16932,91
16211;40,1805485;-3,669696;26441,95
16212;40,2802092;-3,798974573;17221,9
16213;40,3278331;-3,7684696;11333,54
16214;40,3445082;-3,7477516;8882,97
16215;40,3016408;-3,8976457;20854,6
16216;40,3113952;-3,7180996;11801,16
16217;40,2103365;-3,8510227;26156,97
16218;40,3287883;-3,8620928;16629,14
16219;40,2934701;-3,7991889;15944
16220;40,1663423;-3,6237525;28675,14
16221;40,24915093;-3,773423309;19575,77
16222;40,3309814;-3,859143;16283,43
16223;40,382083;-3,6464631;6194,57
16224;40,3357354;-3,866959179;16528,95
16225;40,3095877;-3,7380821;12291,19
16226;40,31985;-3,8490847;16389,95
16227;40,2288887;-3,77312;21727,1
16228;40,2154212;-3,8533024;25756,32
16229;40,3292812;-3,7593418;10833,89
16230;40,2893536;-3,808473372;16744,19
16231;40,32323845;-3,767400351;11740,88
16232;40,3161669;-3,717370767;11267,02
16233;40,3261211;-3,6639105;10641,9
16234;40,3440908;-3,7481129;8937,97
16235;40,3009756;-3,734676;13162,35
16236;40,16231125;-3,618691231;29213,71
16237;40,32707473;-3,88422206;18280,69
16238;40,34814629;-3,82114189;12560,6
16239;40,3485803;-3,8205059;12488,46
16240;40,3255919;-3,7727539;11729,3
16241;40,32550798;-3,762358968;11323,09
16242;40,2774625;-3,7943157;17313,16
16243;40,2021399;-3,8785619;28120,75
16244;40,2934701;-3,7991889;15944
16246;40,3300872;-3,7660633;11015,56
16247;40,3563007;-3,7797203;9333,67
16248;40,2857979;-3,8021059;16805,97
16249;40,293337;-3,783692928;15331,47
16250;40,18733917;-3,691042172;25552,7
16251;40,32603839;-3,857230082;16484,11
16252;40,35803458;-3,808721901;11058,46
16253;40,24682976;-3,769936225;19735,62
16254;40,1913667;-3,783223258;25977,49
16255;40,31139808;-3,716187297;11784,99
16256;40,18934014;-3,673877537;25432,84
16257;40,3173909;-3,8513318;16713,67
16258;40,2287658;-3,8140662;22927,05
16259;40,3077396;-3,72644715;12297,2
16260;40,34786871;-3,833194235;13402,41
16261;40,293337;-3,783692928;15331,47
16262;40,19381125;-3,686161338;24854,76
16263;40,3034639;-3,9268057;22740,48
16264;40,18074056;-3,693352114;26278,67
16265;40,17756669;-3,682206506;26678,75
16266;40,16183649;-3,627089475;29097,94
16267;40,1805485;-3,669696;26441,95
16268;40,29573569;-3,813594247;16390,05
16269;40,2830586;-3,7889247;16553,09
16270;40,28759779;-3,737180159;14662,56
16272;40,2221246;-3,757507123;22140,99
16273;40,1601337;-3,6213455;29394,28
16275;40,2994307;-3,8095582;15857,51
16276;40,19217895;-3,82861855;27150,65
16277;40,3082312;-3,726462;12243,42
16278;40,28626604;-3,790839024;16305,97
16279;40,3399222;-3,8372885;14203,24
16280;40,34240797;-3,844921232;14564,96
16281;40,3132012;-3,9216427;21784,57
16282;40,3282258;-3,7656617;11181,45
16283;40,3466354;-3,829042306;13196,62
16284;40,32707473;-3,88422206;18280,69
16285;40,3161669;-3,717370767;11267,02
16286;40,2945052;-3,7860595;15305,69
16288;40,234318;-3,7700672;21075,91
16289;40,2821684;-3,7873515;16584,65
16290;40,34795788;-3,829958933;13172,99
16291;40,3161669;-3,717370767;11267,02
16292;40,3491158;-3,8288109;13018,98
16293;40,29364;-3,792780924;15658,36
16294;40,24858673;-3,827460511;21466,55
16295;40,3281329;-3,765234337;11173,58
16297;40,34705045;-3,831410223;13331,74
16298;40,3458164;-3,849049;14645,46
16299;40,31922415;-3,849449246;16459,1
16301;40,2017034;-3,803372;25386,89
16302;40,27251125;-3,927208625;24845,36
16303;40,32808838;-3,730747652;10145,76
16304;40,24491665;-3,7028806;19128,53
16305;40,3376513;-3,8560065;15638,76
16306;40,1925177;-3,6680939;25135,15
16307;40,3070639;-3,7331808;12473,69
16308;40,35151529;-3,817992205;12121,4
16309;40,30338246;-3,728955019;12809,87
16310;40,25196139;-3,823286041;20966,4
16311;40,29646691;-3,803758868;15861,8
16312;40,31124984;-3,730552669;11973,56
16313;40,3271186;-3,755255143;10907,13
16314;40,28705223;-3,794846229;16385,71
16315;40,3076615;-3,7297235;12352,63
16316;40,2815964;-3,8043215;17304,95
16317;40,244207;-3,76869;19985,89
16318;40,15462735;-3,623136796;29954,56
16319;40,2340408;-3,7677531;21054,03
16320;40,16891356;-3,828888929;29558,21
16321;40,3376513;-3,8560065;15638,76
16322;40,15441465;-3,632388869;29808,88
16323;40,15576755;-3,6221964;29849,44
16324;40,3510093;-3,827111503;12779,86
16325;40,1898321;-3,6817853;25320,77
16326;40,31106573;-3,808330804;14746,27
16327;40,25064953;-3,83149072;21437,54
16328;40,32786407;-3,768536392;11333,28
16329;40,34667352;-3,828388565;13149,52
16330;40,3188375;-3,742493;11397,45
16331;40,25889432;-3,824575515;20349,93
16332;40,15406383;-3,627120552;29940,63
16333;40,24186425;-3,702676093;19467,99
16334;40,33256934;-3,771249109;10997
16335;40,3150937;-3,724879325;11468,73
16336;40,3121763;-3,7300538;11864,37
16337;40,34582805;-3,828660894;13224,14
16338;40,33259376;-3,86892655;16860,85
16339;40,3108225;-3,7244442;11932,43
16340;40,3076615;-3,7297235;12352,63
16341;40,24424714;-3,700555689;19204,54
16342;40,3106479;-3,729347721;12020,26
16343;40,30930672;-3,729836389;12174,45
16344;40,33160822;-3,763535567;10764,79
16345;40,28620844;-3,786920045;16163,75
16346;40,30930672;-3,729836389;12174,45
16347;40,3488788;-3,837411928;13633,96
16348;40,33866953;-3,83546688;14165,68
16349;40,31565572;-3,852616786;16923,3
16350;40,28176787;-3,789650405;16709,09
16351;40,33915648;-3,784501493;11039,18
16352;40,3197239;-3,78290425;12731,36
16353;40,28669556;-3,790529782;16251,51
16354;40,28626604;-3,790839024;16305,97
16355;40,24682976;-3,769936225;19735,62
16356;40,32373782;-3,868806503;17420,42
16357;40,320967;-3,8712983;17774,05
16358;40,31983335;-3,74255415;11293,02
16359;40,31565572;-3,852616786;16923,3
16360;40,19955055;-3,798559453;25480,76
16361;40,1922101;-3,866016;28536,33
16362;40,1792174;-3,6838703;26486,37
16363;40,29881015;-3,759037066;13952,54
16364;40,24104818;-3,77603507;20501,71
16365;40,35805768;-3,779300227;9168,52
16366;40,3121763;-3,7300538;11864,37
16367;40,19665603;-3,851062272;27504,75
16368;40,28155778;-3,92961079;24366,04
16369;40,2004913;-3,6729969;24207,12
16370;40,19249925;-3,6818597;25024,52
16371;40,3026975;-3,8378293;17055,07
16372;40,2340408;-3,7677531;21054,03
16373;40,23975651;-3,69701168;19709,96
16374;40,34705045;-3,831410223;13331,74
16375;40,35103895;-3,82774184;12821,74
16376;40,24197559;-3,708130353;19459,4
16377;40,19653076;-3,853889694;27626,99
16378;40,31512347;-3,855535929;17147,74
16379;40,19987105;-3,681973856;24206,36
16380;40,3070639;-3,7331808;12473,69
16381;40,35506085;-3,815322694;11705,1
16382;40,1901355;-3,7814796;26071,84
16383;40,2362624;-3,6991508;20094,18
16384;40,30418365;-3,726914542;12693,92
16385;40,29661176;-3,831409507;17217,81
16386;40,1903522;-3,6761614;25302,36
16387;40,2430882;-3,7084062;19336,19
16388;40,2438854;-3,763593008;19905,39
16389;40,15612492;-3,619832668;29857,8
16390;40,19086341;-3,676215125;25245,33
16391;40,32045215;-3,8742976;18011,97
16392;40,1931726;-3,8322397;27170,84
16393;40,31916014;-3,869322973;17762,92
16394;40,21951708;-3,760112058;22470,88
16395;40,3203396;-3,7541616;11566,75
16396;40,19086341;-3,676215125;25245,33
16397;40,1663423;-3,6237525;28675,14
16398;40,2615532;-3,8612117;21844,19
16399;40,24197559;-3,708130353;19459,4
16400;40,2374365;-3,764136;20610,92
16401;40,32683581;-3,856815433;16402
16402;40,18227446;-3,670814046;26240,97
16403;40,2430882;-3,7084062;19336,19
16404;40,3296647;-3,8605774;16467,92
16405;40,1903522;-3,6761614;25302,36
16406;40,3206096;-3,8575381;16881,58
16407;40,3029594;-3,727676603;12838,54
16408;40,3173909;-3,8513318;16713,67
16409;40,16409154;-3,620899424;28976
16410;40,29103993;-3,792533818;15902,25
16411;40,32640718;-3,861156566;16723,36
16412;40,30280552;-3,734848802;12966,05
16413;40,212372;-3,8504495;25934,93
16414;40,2371226;-3,7671697;20710,23
16415;40,1963527;-3,79478145;25720,21
16416;40,2429919;-3,7038365;19342,49
16417;40,4220994;-3,70709625;648,23
16418;40,39673917;-3,714783244;2440,46
16419;40,2362624;-3,6991508;20094,18
16420;40,32203924;-3,712685976;10581,31
16421;40,34821998;-3,829019106;13091,31
16422;40,34348112;-3,77291817;10063,6
16423;40,2430882;-3,7084062;19336,19
16424;40,3132012;-3,9216427;21784,57
16425;40,30628302;-3,729243323;12496,29
16426;40,3023279;-3,7307646;12951,92
16427;40,21837;-3,8526781;25445,08
16428;40,3066786;-3,8752207;19025,09
16429;40,31985;-3,8490847;16389,95
16430;40,31401051;-3,839174774;16219,82
16431;40,1911393;-3,8344036;27451,77
16432;40,27685252;-3,917256287;23889,99
16433;40,29661176;-3,831409507;17217,81
16434;40,325093;-3,774412;11847,96
16435;40,21060198;-3,688773176;22978,13
16436;40,2070729;-3,8840863;27910,24
16437;40,19452254;-3,690416734;24756,98
16438;40,3278331;-3,7684696;11333,54
16439;40,29499991;-3,799541055;15813,04
16440;40,32603839;-3,857230082;16484,11
16441;40,3094081;-3,7198408;12036,98
16442;40,33150034;-3,863804123;16571,52
16443;40,4028005;-3,5454993;13471,55
16444;40,34070357;-3,90407204;18985,37
16445;40,34761245;-3,828806626;13116,33
16446;40,32315682;-3,783582206;12440
16447;40,3076615;-3,7297235;12352,63
16448;40,35107421;-3,810599803;11657,44
16449;40,31691395;-3,853650445;16896,24
16450;40,4028005;-3,5454993;13471,55
16451;40,20050085;-3,887302788;28671,79
16452;40,3043823;-3,730034491;12716,13
16453;40,23654422;-3,777903133;21027,03
16454;40,3196429;-3,8629281;17304,03
16455;40,3203396;-3,7541616;11566,75
16456;40,23187115;-3,7735629;21418,46
16457;40,31401051;-3,839174774;16219,82
16458;40,31021466;-3,727371649;12038,41
16459;40,31489469;-3,730169931;11569,63
16460;40,3315356;-3,875572792;17395,6
16461;40,314877;-3,734018426;11639,56
16462;40,2374365;-3,764136;20610,92
16463;40,21060198;-3,688773176;22978,13
16464;40,2012118;-3,6918523;24008,61
16465;40,2012118;-3,6918523;24008,61
16466;40,2106013;-3,6887758;22978,19
16467;40,32493789;-3,868996222;17354,24
16468;40,237705;-3,7773693;20890,31
16469;40,2924388;-3,794133;15830,73
16470;40,2411377;-3,7029349;19548,71
16471;40,33866953;-3,83546688;14165,68
16472;40,241188;-3,775414357;20471,15
16473;40,1950264;-3,6825798;24739,82
16474;40,29293091;-3,840223099;18008,98
16475;40,3201782;-3,8489803;16359,25
16476;40,3311303;-3,766780214;10943,6
16477;40,31969738;-3,86777653;17622,74
16478;40,2086612;-3,8489092;26236,13
16479;40,24042755;-3,6990365;19631,3
16480;40,2933229;-3,787277751;15469,86
16481;40,34000304;-3,835752366;14094,19
16482;40,29433422;-3,823205275;16991,61
16483;40,3265327;-3,7653993;11337,63
16484;40,19538684;-3,68275298;24698,79
16485;40,5752347;-3,6047113;19483,76
16486;40,1987608;-3,6862311;24305,02
16487;40,2269984;-3,7477963;21451,76
16488;40,5752347;-3,6047113;19483,76
16489;40,3046632;-3,927837751;22739,65
16490;40,2106013;-3,6887758;22978,19
16491;40,3008055;-3,7341282;13171,67
16492;40,21060198;-3,688773176;22978,13
16493;40,28759779;-3,737180159;14662,56
16494;40,28759779;-3,737180159;14662,56
16495;40,21060198;-3,688773176;22978,13
16496;40,23185;-3,7735198;21419,71
16497;40,28759779;-3,737180159;14662,56
16498;40,28759779;-3,737180159;14662,56
16499;40,20401797;-3,80088818;25074,23
16500;40,3925276;-3,8337625;11356,97
16501;40,196715;-3,670166;24651,05
16502;40,33568074;-3,839476037;14638,12
16503;40,3010265;-3,7352162;13166,07
16504;40,3203776;-3,6548156;11503,2
16505;40,19987665;-3,84975535;27135,36
16506;40,2000819;-3,849553;27107,21
16507;40,24859795;-3,69098;18749,28
16508;40,19987665;-3,84975535;27135,36
16509;40,31399075;-3,836570392;16065,79
16510;40,33160822;-3,763535567;10764,79
16511;40,1922101;-3,866016;28536,33
16512;40,5752347;-3,6047113;19483,76
16513;40,5752347;-3,6047113;19483,76
16514;40,3008055;-3,7341282;13171,67
16515;40,28759779;-3,737180159;14662,56
16516;40,19182296;-3,83652805;27455,75
16517;40,5752347;-3,6047113;19483,76
16518;40,34991118;-3,826572432;12813,2
16519;40,5752347;-3,6047113;19483,76
16520;40,5752347;-3,6047113;19483,76
16521;40,33265986;-3,768644904;10874,86
16522;40,2510589;-3,8315483;21400,75
16523;40,21060198;-3,688773176;22978,13
16524;40,2862033;-3,9102863;22766,81
16525;40,3210594;-3,699131696;10668,25
16526;40,22721372;-3,749371651;21451,98
16527;40,2146845;-3,85287815;25809,99
16528;40,22721372;-3,749371651;21451,98
16529;40,26609618;-3,92427114;25127,06
16530;40,28954044;-3,915590792;22882,61
16531;40,311798;-3,7224742;11801,3
16532;40,2434195;-3,6981632;19300,27
16533;40,4028693;-3,6072165;8302,86
16534;40,26116321;-3,859847551;21808,09
16535;40,2374365;-3,764136;20610,92
16536;40,1984468;-3,6946613;24307,28
16537;40,1994048;-3,694643939;24200,85
16538;40,1994048;-3,694643939;24200,85
16539;40,1984468;-3,6946613;24307,28
16540;40,19381125;-3,686161338;24854,76
16541;40,34376034;-3,780299331;10416,84
16542;40,3466354;-3,829042306;13196,62
16543;40,3252618;-3,8644158;17020,72
16544;40,28713363;-3,752015927;15007,65
16545;40,34386665;-3,845121277;14487,2
16546;40,3010265;-3,7352162;13166,07
16547;40,3210594;-3,699131696;10668,25
16548;40,3210594;-3,699131696;10668,25
16549;40,3210594;-3,699131696;10668,25
16550;40,2094235;-3,8477863;26116,58
16551;40,24360635;-3,798656633;20893,11
16552;40,3075223;-3,728707;12352,69
16553;40,34376034;-3,780299331;10416,84
16554;40,26116321;-3,859847551;21808,09
16555;40,2374365;-3,764136;20610,92
16556;40,34376034;-3,780299331;10416,84
16557;40,26116321;-3,859847551;21808,09
16558;40,32349871;-3,65564538;11154,15
16559;40,3009756;-3,734676;13162,35
16560;40,34913883;-3,826696253;12871,9
16561;40,3104191;-3,7392072;12224,64
16562;40,2508847;-3,8270997;21228,89
16563;40,31411314;-3,92458101;21943,02
16564;40,28507883;-3,80756942;17109,34
16565;40,33524049;-3,770895922;10728,72
16566;40,15551194;-3,62804527;29766,46
16567;40,31411314;-3,92458101;21943,02
16568;40,3132012;-3,9216427;21784,57
16569;40,1956058;-3,8486356;27516,21
16570;40,1663423;-3,6237525;28675,14
16571;40,34461921;-3,826368921;13150,89
16572;40,2400519;-3,7645268;20337,78
16573;40,1956058;-3,8486356;27516,21
16574;40,3315496;-3,8780288;17569,43
16575;40,1956058;-3,8486356;27516,21
16576;40,3468781;-3,82933335;13200,52
16577;40,3468781;-3,82933335;13200,52
16578;40,3468781;-3,82933335;13200,52
16579;40,29644457;-3,830590936;17188,73
16580;40,34710213;-3,829028883;13164,99
16581;40,32707473;-3,88422206;18280,69
16582;40,3468781;-3,82933335;13200,52
16583;40,30986219;-3,852499062;17351,82
16584;40,3330869;-3,7750034;11117,89
16585;40,2439372;-3,775790859;20189,14
16586;40,19548629;-3,685554467;24671,95
16587;40,30986219;-3,852499062;17351,82
16588;40,34994946;-3,818401918;12254,32
16589;40,30986219;-3,852499062;17351,82
16590;40,3468781;-3,82933335;13200,52
16591;40,3468781;-3,82933335;13200,52
16592;40,2573564;-3,8193704;20280,62
16593;40,2573564;-3,8193704;20280,62
16594;40,34991118;-3,826572432;12813,2
16595;40,2573564;-3,8193704;20280,62
16596;40,34913883;-3,826696253;12871,9
16597;40,34991118;-3,826572432;12813,2
16598;40,34991118;-3,826572432;12813,2
16599;40,2573564;-3,8193704;20280,62
16600;40,34913883;-3,826696253;12871,9
16601;40,34913883;-3,826696253;12871,9
16602;40,29820965;-3,801214111;15582,82
16603;40,28879655;-3,914958286;22892,02
16604;40,24042755;-3,6990365;19631,3
16605;40,3071289;-3,753601;12926,89
16606;40,2825437;-3,787752625;16561,57
16607;40,24042755;-3,6990365;19631,3
16608;40,3315496;-3,8780288;17569,43
16609;40,32415835;-3,865190846;17146,97
16610;40,3315496;-3,8780288;17569,43
16611;40,24042755;-3,6990365;19631,3
16612;40,24042755;-3,6990365;19631,3
16613;40,4073765;-3,7050342;1071,39
16614;40,2314646;-3,7699482;21379,16
16615;40,4073766;-3,7050343;1071,38
16616;40,2046482;-3,8858194;28216,44
16617;40,4073765;-3,7050342;1071,39
16618;40,35943981;-3,780286829;9118,74
16619;40,3203601;-3,8569731;16862,29
16620;40,2375383;-3,7727413;20793,9
16621;40,4073767;-3,7050344;1071,37
16622;40,4073767;-3,7050344;1071,37
16623;40,35943981;-3,780286829;9118,74
16624;40,35943981;-3,780286829;9118,74
16625;40,35943981;-3,780286829;9118,74
16626;40,32478417;-3,880939936;18190,98
16627;40,32291939;-3,87752593;18072,08
16628;40,28136836;-3,792319523;16848,87
16629;40,2807868;-3,7956311;17033,52
16630;40,1922101;-3,866016;28536,33
16631;40,3376513;-3,8560065;15638,76
16632;40,28136836;-3,792319523;16848,87
16633;40,3102964;-3,7378997;12210,97
16634;40,1917369;-3,837321;27492,16
16635;40,1931003;-3,696688213;24896,91
16636;40,1922101;-3,866016;28536,33
16637;40,3102964;-3,7378997;12210,97
16638;40,1931003;-3,696688213;24896,91
16639;40,22754032;-3,758079726;21562,47
16640;40,31868015;-3,7435447;11440,29
16641;40,4073766;-3,7050343;1071,38
16642;40,31868015;-3,7435447;11440,29
16643;40,22754032;-3,758079726;21562,47
16644;40,2147064;-3,855571481;25920,68
16645;40,3009756;-3,734676;13162,35
16646;40,20017691;-3,695950501;24111,83
16647;40,24069734;-3,699544671;19600,52
16648;40,25767311;-3,817857725;20187,95
16649;40,28920555;-3,808725372;16769,49
16650;40,25767311;-3,817857725;20187,95
16651;40,25767311;-3,817857725;20187,95
16652;40,25767311;-3,817857725;20187,95
16653;40,25767311;-3,817857725;20187,95
16654;40,25767311;-3,817857725;20187,95
16655;40,2823355;-3,7855202;16501,92
16656;40,25767311;-3,817857725;20187,95
16657;40,30312375;-3,863885348;18568,58
16658;40,25767311;-3,817857725;20187,95
16659;40,4073766;-3,7050343;1071,38
16660;40,2574778;-3,6935387;17751,9
16661;40,22754032;-3,758079726;21562,47
16662;40,24069734;-3,699544671;19600,52
16663;40,25767311;-3,817857725;20187,95
16664;40,22754032;-3,758079726;21562,47
16665;40,3132012;-3,9216427;21784,57
16666;40,3009756;-3,734676;13162,35
16667;40,39283175;-3,83397095;11366,06
16668;40,34376034;-3,780299331;10416,84
16669;40,25767311;-3,817857725;20187,95
16670;40,25671096;-3,820141999;20375,12
16671;40,25671096;-3,820141999;20375,12
16672;40,25671096;-3,820141999;20375,12
16673;40,25767311;-3,817857725;20187,95
16674;40,25767311;-3,817857725;20187,95
16675;40,3161669;-3,717370767;11267,02
16676;40,25671096;-3,820141999;20375,12
16677;40,1915483;-3,6885529;25094,87
16678;40,25767311;-3,817857725;20187,95
16679;40,3346841;-3,8714565;16912,35
16680;40,1915483;-3,6885529;25094,87
16681;40,1915483;-3,6885529;25094,87
16682;40,25969365;-3,817609775;19980,89
16683;40,25969365;-3,817609775;19980,89
16684;40,25969365;-3,817609775;19980,89
16685;40,34725856;-3,833000416;13428,03
16686;40,3458164;-3,849049;14645,46
16687;40,32201061;-3,739764595;10993,41
16689;40,35532239;-3,782424023;9571,05
16690;40,15441465;-3,632388869;29808,88
16691;40,35532239;-3,782424023;9571,05
16692;40,26972844;-3,903158148;23541,77
16693;40,3253427;-3,866653177;17167,53
16694;40,2825437;-3,787752625;16561,57
16695;40,2811435;-3,763172992;15923,81
16696;40,3253427;-3,866653177;17167,53
16697;40,2026668;-3,7990338;25165,13
16698;40,28608316;-3,795942176;16524,6
16699;40,1663423;-3,6237525;28675,14
16700;40,15406383;-3,627120552;29940,63
16701;40,25969365;-3,817609775;19980,89
16702;40,3276136;-3,867142449;17052,41
16703;40,3276136;-3,867142449;17052,41
16704;40,3132012;-3,9216427;21784,57
16705;40,3468781;-3,82933335;13200,52
16706;40,3276136;-3,867142449;17052,41
16707;40,31316825;-3,926896844;22165,35
16708;40,3086131;-3,9256063;22341,58
16709;40,3104669;-3,9323047;22713,25
16710;40,33915648;-3,784501493;11039,18
16711;40,34991118;-3,826572432;12813,2
16712;40,3468781;-3,82933335;13200,52
16713;40,34991118;-3,826572432;12813,2
16714;40,2774625;-3,7943157;17313,16
16715;40,34537174;-3,815868911;12405,17
16716;40,31039068;-3,719700788;11927,08
16717;40,31665575;-3,728221515;11346,03
16719;40,32291939;-3,87752593;18072,08
16720;40,32291939;-3,87752593;18072,08
16721;40,32291939;-3,87752593;18072,08
16722;40,31040207;-3,716931845;11901,14
16723;40,32291939;-3,87752593;18072,08
16724;40,32291939;-3,87752593;18072,08
16725;40,32291939;-3,87752593;18072,08
16726;40,3077359;-3,920965191;22065,05
16727;40,3376513;-3,8560065;15638,76
16728;40,26241469;-3,847665;21083,02
16729;40,2844159;-3,7959317;16687,71
16730;40,32478417;-3,880939936;18190,98
16731;40,23040636;-3,754376832;21185,19
16732;40,20017691;-3,695950501;24111,83
16733;40,23040636;-3,754376832;21185,19
16734;40,23040636;-3,754376832;21185,19
16735;40,23040636;-3,754376832;21185,19
16736;40,23040636;-3,754376832;21185,19
16737;40,32478417;-3,880939936;18190,98
16738;40,32478417;-3,880939936;18190,98
16739;40,23040636;-3,754376832;21185,19
16740;40,23040636;-3,754376832;21185,19
16741;40,28724139;-3,807214477;16887,98
16742;40,324982;-3,860948;16805,32
16743;40,3114162;-3,9348579;22843,61
16744;40,26575355;-3,90583615;24013,11
16745;40,26994187;-3,90472998;23621,24
16746;40,3009756;-3,734676;13162,35
16747;40,271974;-3,9251069;24748,65
16748;40,27380464;-3,920993845;24351,48
16749;40,28954044;-3,915590792;22882,61
16750;40,29211726;-3,912779292;22518
16751;40,3150937;-3,724879325;11468,73
16752;40,35994755;-3,77979232;9049,28
16753;40,30312375;-3,863885348;18568,58
16754;40,2817917;-3,9199046;23708,2
16756;40,27317935;-3,921793368;24448,28
16757;40,26321327;-3,91260768;24621,71
16758;40,3132012;-3,9216427;21784,57
16759;40,28961389;-3,909969092;22505,3
16760;40,26089427;-3,920769384;25300,54
16761;40,27906934;-3,909760347;23248,52
16762;40,29385989;-3,914302765;22501,23
16764;40,2697534;-3,915959413;24331,3
16765;40,2892523;-3,912538;22700,08
16768;40,2046482;-3,8858194;28216,44
16769;40,30170785;-3,730703314;13018,85
16770;40,31200273;-3,727535606;11844,82
16771;40,3132012;-3,9216427;21784,57
16772;40,1918336;-3,8365745;27456,29
16773;40,3132012;-3,9216427;21784,57
16774;40,15353604;-3,616427051;30206,88
16775;40,26138093;-3,864256184;22018,06
16776;40,3132012;-3,9216427;21784,57
16777;40,18286936;-3,694086431;26040,09
16778;40,237915;-3,7656073;20590,91
16779;40,3565546;-3,815675848;11632,56
16780;40,32492345;-3,7249124;10391,29
16781;40,33542375;-3,82046408;13427,29
16782;40,19387986;-3,675890042;24913,93
16783;40,2945052;-3,7860595;15305,69
16784;40,31401051;-3,839174774;16219,82
16785;40,3189137;-3,738800387;11302,63
16786;40,3094081;-3,7198408;12036,98
16787;40,2136452;-3,8521531;25880,81
16788;40,32927355;-3,759295731;10832,95
16789;40,27942901;-3,916532301;23657,06
16790;40,17115055;-3,8200481;29062,74
16791;40,28136836;-3,792319523;16848,87
16792;40,2823873;-3,9216578;23781,51
16793;40,27836895;-3,792405222;17151,18
16794;40,34558819;-3,830626817;13373,8
16795;40,32640718;-3,861156566;16723,36
16796;40,3389153;-3,7347419;9070,3
16797;40,2958782;-3,7839216;15087,36
16798;40,2375383;-3,7727413;20793,9
16799;40,32014025;-3,861748358;17191,42
16800;40,3132012;-3,9216427;21784,57
16801;40,23951648;-3,764934994;20404,17
16802;40,2413523;-3,7760089;20468,78
16803;40,2314646;-3,7699482;21379,16
16804;40,31861494;-3,77245946;12395,59
16805;40,3023279;-3,7307646;12951,92
16806;40,2384036;-3,7758898;20778,83
16807;40,2375052;-3,6967718;19960,77
16808;40,2375383;-3,7727413;20793,9
16809;40,3367045;-3,7767659;10867,2
16810;40,311303;-3,73231085;11997,15
16811;40,3581963;-3,7776561;9060,47
16812;40,2362624;-3,6991508;20094,18
16813;40,3581963;-3,7776561;9060,47
16814;40,3023279;-3,7307646;12951,92
16815;40,3258332;-3,7707264;11620,96
16816;40,3458164;-3,849049;14645,46
16818;40,23951648;-3,764934994;20404,17
16819;40,3161669;-3,717370767;11267,02
16820;40,2438854;-3,763593008;19905,39
16821;40,3485231;-3,8120243;11930,55
16822;40,342554;-3,8291475;13477,72
16824;40,3367045;-3,7767659;10867,2
16825;40,3364492;-3,7405905;9485,25
16826;40,2436948;-3,7729685;20143,62
16827;40,2375383;-3,7727413;20793,9
16828;40,311303;-3,73231085;11997,15
16829;40,314687;-3,8541908;17094,59
16830;40,2436948;-3,7729685;20143,62
16831;40,1805485;-3,669696;26441,95
16832;40,3070639;-3,7331808;12473,69
16833;40,3367045;-3,7767659;10867,2
16834;40,3565546;-3,815675848;11632,56
16835;40,29671685;-3,792483261;15347,19
16836;40,3250853;-3,768435254;11600,29
16837;40,23078724;-3,774254985;21550,55
16838;40,3161669;-3,717370767;11267,02
16839;40,1917369;-3,837321;27492,16
16842;40,2475108;-3,7705719;19678,53
16843;40,35093315;-3,81144871;11723,29
16844;40,2362624;-3,6991508;20094,18
16845;40,1805485;-3,669696;26441,95
16846;40,1805485;-3,669696;26441,95
16847;40,3458164;-3,849049;14645,46
16848;40,1852972;-3,687951;25791,66
16849;40,3367045;-3,7767659;10867,2
16850;40,32521065;-3,857875732;16583,87
16851;40,2429919;-3,7038365;19342,49
16852;40,4220994;-3,70709625;648,23
16853;40,3132012;-3,9216427;21784,57
16854;40,3092656;-3,7760918;13459,53
16855;40,3132012;-3,9216427;21784,57
16856;40,35093315;-3,81144871;11723,29
16857;40,3281942;-3,76527;11168,97
16858;40,3132012;-3,9216427;21784,57
16859;40,3132012;-3,9216427;21784,57
16860;40,24273655;-3,696644676;19379,64
16862;40,3234196;-3,780066;12255,32
16863;40,296741;-3,8367671;17496,08
16864;40,3389153;-3,7347419;9070,3
16865;40,2774625;-3,7943157;17313,16
16866;40,23951648;-3,764934994;20404,17
16867;40,3092656;-3,7760918;13459,53
16868;40,2761632;-3,7989784;17620,61
16869;40,3271659;-3,7592318;11042,03
16870;40,311303;-3,73231085;11997,15
16871;40,3485231;-3,8120243;11930,55
16872;40,3023279;-3,7307646;12951,92
16873;40,3092656;-3,7760918;13459,53
16874;40,311798;-3,7224742;11801,3
16875;40,3161669;-3,717370767;11267,02
16876;40,3132012;-3,9216427;21784,57
16877;40,3092277;-3,9270075;22404,97
16878;40,2362624;-3,6991508;20094,18
16879;40,2113347;-3,8555026;26243,89
16881;40,2774625;-3,7943157;17313,16
16882;40,3367045;-3,7767659;10867,2
16883;40,3409024;-3,748277822;9266,25
16884;40,23078724;-3,774254985;21550,55
16885;40,2945052;-3,7860595;15305,69
16886;40,2362624;-3,6991508;20094,18
16887;40,2373722;-3,7674909;20690,55
16888;40,2362624;-3,6991508;20094,18
16889;40,2335575;-3,777995682;21346,44
16890;40,311303;-3,73231085;11997,15
16892;40,33568455;-3,85013584;15358,39
16893;40,2113347;-3,8555026;26243,89
16894;40,1964892;-3,8538852;27630,92
16895;40,2286919;-3,7809267;21936,96
16896;40,3161669;-3,717370767;11267,02
16897;40,3203143;-3,755337;11606,66
16898;40,3009756;-3,734676;13162,35
16899;40,2032093;-3,6746783;23891,62
16900;40,3485231;-3,8120243;11930,55
16901;40,342554;-3,8291475;13477,72
16902;40,3458164;-3,849049;14645,46
16903;40,3581963;-3,7776561;9060,47
16904;40,2314646;-3,7699482;21379,16
16905;40,3367045;-3,7767659;10867,2
16906;40,23185;-3,7735198;21419,71
16907;40,3132012;-3,9216427;21784,57
16908;40,34667352;-3,828388565;13149,52
16909;40,3132012;-3,9216427;21784,57
16910;40,3132012;-3,9216427;21784,57
16911;40,2430882;-3,7084062;19336,19
16912;40,4028693;-3,6072165;8302,86
16913;40,3095877;-3,7380821;12291,19
16915;40,4028693;-3,6072165;8302,86
16916;40,3234196;-3,780066;12255,32
16917;40,1352502;-3,6574105;31566,15
16918;40,2314646;-3,7699482;21379,16
16919;40,3132012;-3,9216427;21784,57
16920;40,2375383;-3,7727413;20793,9
16921;40,23078724;-3,774254985;21550,55
16922;40,2291246;-3,7732849;21705,66
16923;40,3094081;-3,7198408;12036,98
16924;40,3200151;-3,8714168;17845,88
16925;40,3177619;-3,870429;17932,43
16926;40,2056282;-3,8732878;27555,62
16927;40,3409024;-3,748277822;9266,25
16928;40,33866953;-3,83546688;14165,68
16929;40,3409024;-3,748277822;9266,25
16930;40,2268733;-3,7632702;21733,25
16932;40,3132012;-3,9216427;21784,57
16933;40,1588847;-3,617480901;29608,32
16934;40,3132012;-3,9216427;21784,57
16935;40,2584092;-3,8245686;20396,26
16936;40,1805485;-3,669696;26441,95
16937;40,2340408;-3,7677531;21054,03
16939;40,3475822;-3,8262987;12947,08
16940;40,2046482;-3,8858194;28216,44
16941;40,3095932;-3,7365622;12260,55
16942;40,3132012;-3,9216427;21784,57
16943;40,1805485;-3,669696;26441,95
16944;40,3234196;-3,780066;12255,32
16945;40,3409024;-3,748277822;9266,25
16946;40,3132012;-3,9216427;21784,57
16947;40,33433325;-3,758209915;10287,75
16948;40,3161669;-3,717370767;11267,02
16949;40,3110561;-3,8657581;18098,59
16950;40,2761632;-3,7989784;17620,61
16951;40,3523542;-3,827838;12745,36
16952;40,2793365;-3,9255671;24252,83
16953;40,2622598;-3,9110896;24603,36
16954;40,2006289;-3,810404454;25703,73
16955;40,212551;-3,8432022;25627,79
16956;40,2502056;-3,8256568;21234,74
16957;40,2109297;-3,8375024;25569,53
16959;40,3225378;-3,6634718;11032,14
16961;40,2747706;-3,9288664;24791,52
16962;40,2912376;-3,9126306;22568,62
16964;40,3161669;-3,717370767;11267,02
16965;40,23951648;-3,764934994;20404,17
16966;40,2004913;-3,6729969;24207,12
16967;40,3322192;-3,8703973;16987,62
16969;40,240386;-3,7680177;20379,23
16970;40,273202;-3,9189756;24266,44
16971;40,2794823;-3,9166072;23658,07
16972;40,2860088;-3,7959637;16532,75
16973;40,2941864;-3,9137592;22442,55
16974;40,31985;-3,8490847;16389,95
16975;40,241336;-3,7715264;20359,68
16976;40,311303;-3,73231085;11997,15
16977;40,3230104;-3,8632727;17095,24
16978;40,329394;-3,729993;9989,89
16979;40,3929442;-3,6968041;2728,52
16980;40,2277138;-3,7634545;21646,03
16981;40,2044509;-3,8851988;28206,03
16982;40,1754065;-3,6880718;26889,58
16983;40,3346841;-3,8714565;16912,35
16984;40,26672342;-3,873360951;22049,96
16985;40,2429919;-3,7038365;19342,49
16986;40,3078278;-3,8505133;17387,06
16987;40,2682773;-3,9171305;24515,36
16988;40,3317651;-3,8396372;14921,63
16989;40,3009756;-3,734676;13162,35
16990;40,3329599;-3,753019367;10236,54
16991;40,2046482;-3,8858194;28216,44
16992;40,1888604;-3,67143;25507,23
16993;40,2430882;-3,7084062;19336,19
16994;40,3491158;-3,8288109;13018,98
16995;40,3092656;-3,7760918;13459,53
16998;40,1916162;-3,675314276;25169,13
16999;40,3161669;-3,717370767;11267,02
17000;40,409995;-3,668925;3029,41
17001;40,32603839;-3,857230082;16484,11
17002;40,2584092;-3,8245686;20396,26
17003;40,28798735;-3,786609635;15974,43
17005;40,3109457;-3,8758594;18764,54
17006;40,2335575;-3,777995682;21346,44
17007;40,33626353;-3,828130709;13852,6
17008;40,2340408;-3,7677531;21054,03
17009;40,2277138;-3,7634545;21646,03
17010;40,2259765;-3,7580897;21732,54
17011;40,1805485;-3,669696;26441,95
17012;40,33318077;-3,769132395;10846,08
17013;40,3475822;-3,8262987;12947,08
17014;40,1918336;-3,8365745;27456,29
17015;40,30581025;-3,73479115;12638,17
17016;40,21550293;-3,857097728;25908,63
17017;40,28608203;-3,801740096;16763,15
17018;40,2015412;-3,7989287;25280,83
17019;40,3092656;-3,7760918;13459,53
17020;40,33607569;-3,741803573;9558,82
17021;40,1918336;-3,8365745;27456,29
17022;40,19357239;-3,676812803;24940,74
17023;40,34643891;-3,831131872;13352,45
17024;40,23702848;-3,774700411;20895,65
17025;40,23707336;-3,775590196;20912,78
17026;40,1896833;-3,8576408;28449,64
17027;40,3026975;-3,8378293;17055,07
17028;40,3317626;-3,8778232;17541,96
17029;40,33362132;-3,759465517;10406,51
17030;40,25253933;-3,825512676;21002,44
17031;40,5133883;-3,3202847;34148,59
17032;40,1927786;-3,827718;27059,45
17033;40,1895172;-3,6864068;25330,21
17034;40,3317626;-3,8778232;17541,96
17036;40,2103858;-3,857933837;26437,38
17037;40,4220994;-3,70709625;648,23
17038;40,2285665;-3,7683797;21656,09
17039;40,35000926;-3,825610542;12740,64
17040;40,3009756;-3,734676;13162,35
17041;40,2598453;-3,8618936;22029,98
17042;40,26048126;-3,857872451;21767,39
17043;40,2934701;-3,7991889;15944
17044;40,14983749;-3,964529291;37044,7
17045;40,33160822;-3,763535567;10764,79
17046;40,3239725;-3,766332;11626,8
17047;40,32014025;-3,861748358;17191,42
17048;40,5133883;-3,3202847;34148,59
17049;40,24104818;-3,77603507;20501,71
17050;40,31860616;-3,863810938;17434,61
17051;40,32487605;-3,859140235;16691,28
17052;40,26840343;-3,922874186;24867,66
17053;40,3121763;-3,7300538;11864,37
17054;40,25534999;-3,698530653;17973,3
17055;40,32477561;-3,852929488;16285,95
17056;40,1643838;-3,619308506;28977,43
17057;40,25525201;-3,822744743;20624,37
17058;40,3396579;-3,7688142;10219,49
17059;40,29440783;-3,840913896;17921,43
17060;40,29935651;-3,80638104;15713,42
17061;40,26116321;-3,859847551;21808,09
17062;40,28705223;-3,794846229;16385,71
17063;40,18843396;-3,838951194;27883,87
17064;40,32472531;-3,761995374;11387,88
17065;40,2058632;-3,8750075;27609,84
17066;40,21241883;-3,851587499;25976,85
17067;40,3206096;-3,8575381;16881,58
17068;40,3161669;-3,717370767;11267,02
17069;40,34312828;-3,807195165;12020,02
17070;40,1524898;-3,6184679;30277,99
17071;40,18957157;-3,680299798;25359,13
17072;40,34786871;-3,833194235;13402,41
17073;40,19333016;-3,846803156;27674,29
17074;40,3574195;-3,781258;9335,54
17075;40,3475822;-3,8262987;12947,08
17076;40,249497;-3,774220501;19559,69
17077;40,1805485;-3,669696;26441,95
17078;40,3557248;-3,7788438;9329,13
17079;40,3009756;-3,734676;13162,35
17080;40,1896833;-3,8576408;28449,64
17081;40,19151219;-3,805390329;26513,4
17082;40,22693305;-3,760840006;21679,68
17083;40,32543324;-3,738654405;10601,7
17084;40,3121763;-3,7300538;11864,37
17085;40,31800915;-3,871400412;17980,54
17086;40,33337757;-3,77242935;10973,26
17087;40,2438854;-3,763593008;19905,39
17088;40,33299079;-3,774943655;11124,1
17089;40,1916162;-3,675314276;25169,13
17090;40,31669004;-3,855508284;17031,34
17091;40,3399964;-3,8251926;13394,83
17092;40,34312828;-3,807195165;12020,02
17093;40,2824081;-3,7990492;17009,37
17094;40,3206096;-3,8575381;16881,58
17095;40,33186224;-3,769571287;10991,14
17096;40,33342932;-3,871205466;16970,52
17098;40,28436633;-3,748935967;15235,85
17099;40,28286827;-3,794954346;16801,56
17100;40,33159962;-3,854836606;15948,48
17101;40,33256934;-3,771249109;10997
17102;40,2277138;-3,7634545;21646,03
17103;40,31603363;-3,872636719;18198,28
17104;40,29138668;-3,798511983;16115,25
17105;40,35955187;-3,780117355;9099,77
17106;40,31768896;-3,86317364;17456,96
17107;40,32733245;-3,761966383;11126,42
17108;40,29049313;-3,91286494;22635,62
17109;40,19433792;-3,67948783;24836,32
17110;40,3575437;-3,7866703;9654,82
17111;40,3075574;-3,8643256;18263,6
17112;40,19525863;-3,676960063;24752,87
17113;40,1888604;-3,67143;25507,23
17114;40,31097455;-3,731281256;12015,53
17115;40,303184;-3,728414274;12824,01
17116;40,18856858;-3,678444115;25482,97
17118;40,357053;-3,7794579;9257,94
17119;40,18533807;-3,687985221;25786,98
17120;40,3281942;-3,76527;11168,97
17121;40,3425654;-3,7476696;9076,46
17122;40,1805485;-3,669696;26441,95
17123;40,1754065;-3,6880718;26889,58
17124;40,19549973;-3,84410083;27357,03
17125;40,32303255;-3,858252796;16759,06
17126;40,34558806;-3,814582703;12306,26
17127;40,29661176;-3,831409507;17217,81
17128;40,34930668;-3,822009036;12541,06
17129;40,35049465;-3,810558626;11695,36
17130;40,3466796;-3,8241524;12862,28
17131;40,2769033;-3,800019137;17588,35
17132;40,2072681;-3,9210728;29729,24
17133;40,19476493;-3,682002614;24772,38
17134;40,29661176;-3,831409507;17217,81
17135;40,34376034;-3,780299331;10416,84
17136;40,3363102;-3,7798725;11055,09
17137;40,32184835;-3,870274015;17645,76
17138;40,2314646;-3,7699482;21379,16
17139;40,31034285;-3,733504457;12122,49
17140;40,3009756;-3,734676;13162,35
17141;40,32108284;-3,851789018;16473,9
17142;40,16397535;-3,62118126;28982,77
17143;40,27373824;-3,904847451;23338,04
17144;40,33721946;-3,866366486;16396,99
17145;40,3317626;-3,8778232;17541,96
17146;40,27864225;-3,800931085;17453,76
17147;40,28286827;-3,794954346;16801,56
17148;40,3094081;-3,7198408;12036,98
17149;40,2374365;-3,764136;20610,92
17150;40,3106963;-3,7280841;11995,94
17151;40,3076615;-3,7297235;12352,63
17152;40,31013641;-3,923769201;22119,06
17153;40,28381314;-3,747596761;15267,22
17154;40,21412254;-3,851843796;25821,66
17155;40,3236479;-3,8574846;16665,48
17156;40,1994555;-3,693405095;24198,71
17157;40,2368047;-3,7019298;20030,91
17158;40,33299079;-3,774943655;11124,1
17159;40,33524049;-3,770895922;10728,72
17160;40,2945052;-3,7860595;15305,69
17161;40,19948093;-3,795309793;25402,33
17162;40,18876665;-3,6787533;25458,85
17163;40,1925177;-3,6680939;25135,15
17164;40,3009756;-3,734676;13162,35
17165;40,2777211;-3,7911693;17170,38
17166;40,27902166;-3,784397173;16797,87
17167;40,32890078;-3,734562093;10136,78
17168;40,15404923;-3,631428449;29865,25
17169;40,29129012;-3,81139527;16696,32
17170;40,2003761;-3,6887262;24113,8
17171;40,26089691;-3,911697168;24746,36
17172;40,26483124;-3,911941326;24456,17
17173;40,28744153;-3,818167005;17370,48
17174;40,34362617;-3,748332198;8992,65
17175;40,31401051;-3,839174774;16219,82
17176;40,34537174;-3,815868911;12405,17
17177;40,33973695;-3,774047663;10458,82
17178;40,27251125;-3,927208625;24845,36
17179;40,28954044;-3,915590792;22882,61
17180;40,26722851;-3,901342944;23626,71
17181;40,24447651;-3,936790162;27545,35
17182;40,2856483;-3,9118331;22907,18
17183;40,20578382;-3,802178478;24925,37
17185;40,2057252;-3,8024992;24940,65
17186;40,16278819;-3,618803873;29159,96
17187;40,30800037;-3,737499505;12451,18
17188;40,3565546;-3,815675848;11632,56
17189;40,16183649;-3,627089475;29097,94
17190;40,15441465;-3,632388869;29808,88
17191;40,3117523;-3,723764309;11821,7
17192;40,29294672;-3,810977188;16522,87
17193;40,18648249;-3,675900098;25732,88
17194;40,35943981;-3,780286829;9118,74
17195;40,35943981;-3,780286829;9118,74
17196;40,35943981;-3,780286829;9118,74
17197;40,26483124;-3,911941326;24456,17
17198;40,26675935;-3,916815779;24610,04
17199;40,28879655;-3,914958286;22892,02
17200;40,2807868;-3,7956311;17033,52
17201;40,25767311;-3,817857725;20187,95
17202;40,25767311;-3,817857725;20187,95
17203;40,1811311;-3,69059115;26244,01
17204;40,35093315;-3,81144871;11723,29
17205;40,1811311;-3,69059115;26244,01
17206;40,3055782;-3,7264535;12534,66
17207;40,3009756;-3,734676;13162,35
17208;40,3009756;-3,734676;13162,35
17209;40,1805485;-3,669696;26441,95
17210;40,25692434;-3,696314114;17803,74
17211;40,25398595;-3,700805575;18121,45
17212;40,24996392;-3,691867311;18593,49
17213;40,25398595;-3,700805575;18121,45
17214;40,2941864;-3,9137592;22442,55
17215;40,21802435;-3,852412897;25467,31
17216;40,3281942;-3,76527;11168,97
17217;40,2003761;-3,6887262;24113,8
17218;40,3557248;-3,7788438;9329,13
17219;40,23987071;-3,69973194;19692,15
17220;40,26253305;-3,859955264;21692,8
17221;40,2590419;-3,6988141;17562,33
17222;40,243422;-3,705388798;19295,29
17223;40,3036844;-3,92557965;22640,46
17224;40,32478417;-3,880939936;18190,98
17225;40,3234196;-3,780066;12255,32
17226;40,32478417;-3,880939936;18190,98
17227;40,2335575;-3,777995682;21346,44
17229;40,26135333;-3,914515497;24881,88
17230;40,3409024;-3,748277822;9266,25
17231;40,31291541;-3,932542634;22589,53
17232;40,1896833;-3,8576408;28449,64
17233;40,2113347;-3,8555026;26243,89
17234;40,2375383;-3,7727413;20793,9
17235;40,3234196;-3,780066;12255,32
17236;40,24686903;-3,701441923;18912,18
17237;40,2762065;-3,924279248;24390,42
17238;40,3009756;-3,734676;13162,35
17239;40,26014701;-3,861179688;21966,51
17240;40,26367049;-3,861713827;21684,6
17241;40,26066387;-3,853364045;21523,5
17242;40,1890494;-3,679911526;25419,59
17243;40,33178973;-3,751020367;10287,99
17244;40,33133278;-3,749465504;10284,22
17245;40,3161669;-3,717370767;11267,02
17246;40,2091885;-3,8726818;27191,49
17247;40,18698207;-3,686403118;25611,67
17248;40,3389153;-3,7347419;9070,3
17249;40,3383891;-3,765930832;10209,87
17250;40,3567429;-3,778091244;9202,97
17251;40,31778485;-3,786155008;13060,51
17252;40,3132012;-3,9216427;21784,57
17253;40,28954044;-3,915590792;22882,61
17254;40,2912376;-3,9126306;22568,62
17255;40,31719406;-3,785544201;13088,49
17256;40,23876893;-3,763545405;20454,94
17257;40,1912403;-3,6740182;25221,4
17258;40,1617895;-3,62192366;29203,76
17259;40,3200151;-3,8714168;17845,88
17260;40,3523542;-3,827838;12745,36
17261;40,2400519;-3,7645268;20337,78
17262;40,19337129;-3,8415627;27477,96
17263;40,33756425;-3,766958766;10333,48
17264;40,15722146;-3,619706326;29741,93
17265;40,2281435;-3,7615099;21561,4
17266;40,31306497;-3,928492707;22286,86
17267;40,31306497;-3,928492707;22286,86
17268;40,21802435;-3,852412897;25467,31
17269;40,2762065;-3,924279248;24390,42
17270;40,24757355;-3,82919815;21637,05
17271;40,3076615;-3,7297235;12352,63
17272;40,3076615;-3,7297235;12352,63
17273;41,0286536;-3,6255742;68335,58
17274;40,3581963;-3,7776561;9060,47
17275;40,3034639;-3,9268057;22740,48
17276;40,296741;-3,8367671;17496,08
17277;40,32683581;-3,856815433;16402
17278;40,2276357;-3,75292;21462,5
17279;40,3458164;-3,849049;14645,46
17280;40,2277138;-3,7634545;21646,03
17281;40,4088976;-3,6990671;970,92
17282;40,3399222;-3,8372885;14203,24
17283;40,2276357;-3,75292;21462,5
17284;40,3095877;-3,7380821;12291,19
17285;40,3161669;-3,717370767;11267,02
17286;40,2774625;-3,7943157;17313,16
17287;40,3399222;-3,8372885;14203,24
17288;40,3529988;-3,8163462;11910,9
17289;40,3161669;-3,717370767;11267,02
17290;40,2436948;-3,7729685;20143,62
17291;40,3161669;-3,717370767;11267,02
17292;40,34667352;-3,828388565;13149,52
17293;40,29671685;-3,792483261;15347,19
17294;40,27435563;-3,802382243;17932,4
17295;40,311798;-3,7224742;11801,3
17296;40,32946994;-3,764751876;11023,09
17297;40,26781161;-3,907154943;23933,73
17298;40,26684447;-3,922082085;24933,38
17299;40,3132012;-3,9216427;21784,57
17300;40,23522772;-3,754405353;20661,06
17301;40,34932494;-3,824023451;12676,81
17302;40,23078724;-3,774254985;21550,55
17303;40,325654;-3,85235;16186,33
17304;40,32293927;-3,717460898;10519,2
17305;40,29110202;-3,783125155;15533,75
17306;40,22657774;-3,774733343;22011,67
17307;40,5039812;-3,5033719;19504,12
17308;40,30603992;-3,858683998;18024,99
17309;40,26230747;-3,918453385;25049,78
17310;40,27251125;-3,927208625;24845,36
17311;40,334859;-3,868371;16682,44
17312;40,26897703;-3,908448085;23923,47
17313;40,27476863;-3,923747675;24459,07
17314;40,27906934;-3,909760347;23248,52
17315;40,28601425;-3,915130871;23097,5
17316;40,2762065;-3,924279248;24390,42
17317;40,27476863;-3,923747675;24459,07
17318;40,27295593;-3,926315365;24755,59
17319;40,27562318;-3,921037309;24222,42
17320;40,28236908;-3,785558283;16499,89
17321;40,3066786;-3,8752207;19025,09
17322;40,27476863;-3,923747675;24459,07
17323;40,29183975;-3,910615691;22393,1
17324;40,31749451;-3,724811522;11204,26
17325;40,32291939;-3,87752593;18072,08
17326;40,32291939;-3,87752593;18072,08
17327;40,32291939;-3,87752593;18072,08
17328;40,30421744;-3,935780404;23331,69
17329;40,30600693;-3,932943329;23021,86
17330;40,28954044;-3,915590792;22882,61
17331;40,30986219;-3,852499062;17351,82
17332;40,30986219;-3,852499062;17351,82
17333;40,30312375;-3,863885348;18568,58
17334;40,30312375;-3,863885348;18568,58
17335;40,30312375;-3,863885348;18568,58
17336;40,28759878;-3,913293206;22865,42
17337;40,29385989;-3,914302765;22501,23
17338;40,30986219;-3,852499062;17351,82
17339;40,32266212;-3,739205606;10910,65
17340;40,3009756;-3,734676;13162,35
17341;40,23819242;-3,76108751;20466,37
17342;40,311798;-3,7224742;11801,3
17343;40,2762065;-3,924279248;24390,42
17344;40,28513751;-3,799236884;16750,69
17345;41,0286536;-3,6255742;68335,58
17346;40,3161669;-3,717370767;11267,02
17347;40,30937788;-3,727132048;12126,78
17348;40,32478417;-3,880939936;18190,98
17349;40,28368145;-3,918295277;23469,45
17350;40,28491165;-3,911456485;22935,02
17351;40,28961389;-3,909969092;22505,3
17352;40,23185;-3,7735198;21419,71
17353;40,4028693;-3,6072165;8302,86
17354;40,24893772;-3,772198099;19567,23
17355;40,3315356;-3,875572792;17395,6
17356;40,23754121;-3,76318335;20579,65
17357;40,39283175;-3,83397095;11366,06
17358;40,26575355;-3,90583615;24013,11
17359;40,27876966;-3,923030347;24126,57
17360;40,28694924;-3,911954656;22823,1
17361;40,29049313;-3,91286494;22635,62
17362;40,27347442;-3,925487989;24664,77
17363;40,27271313;-3,922662163;24537,93
17364;40,29661176;-3,831409507;17217,81
17365;40,24978806;-3,823881769;21202,5
17366;40,3009756;-3,734676;13162,35
17367;40,3231677;-3,7790018;12231,74
17368;40,2429919;-3,7038365;19342,49
17369;40,26131333;-3,861698105;21890,53
17370;40,3009756;-3,734676;13162,35
17371;40,2396703;-3,762329362;20332,35
17372;40,2698157;-3,9005999;23379,64
17373;40,2402408;-3,7649914;20327,52
17374;40,26763573;-3,922766477;24917,71
17375;40,32550798;-3,762358968;11323,09
17376;40,31987262;-3,879393064;18398,29
17377;40,15621444;-3,623718655;29771,46
17378;40,17380533;-3,689037474;27063,57
17379;40,2396703;-3,762329362;20332,35
17380;40,2475108;-3,7705719;19678,53
17381;40,23631223;-3,7664967;20782,52
17382;40,28954044;-3,915590792;22882,61
17383;40,2436948;-3,7729685;20143,62
17384;40,29053562;-3,913010846;22642,37
17385;40,2402773;-3,7610157;20239,82
17386;40,34932494;-3,824023451;12676,81
17387;40,2946917;-3,7490969;14131,56
17389;40,3400305;-3,855370572;15446,07
17390;40,3161669;-3,717370767;11267,02
17391;40,3389153;-3,7347419;9070,3
17392;40,31512347;-3,855535929;17147,74
17393;40,2373952;-3,7718902;20788,94
17394;40,3250853;-3,768435254;11600,29
17395;40,1805485;-3,669696;26441,95
17396;40,1914139;-3,8410547;27656,91
17397;40,3364492;-3,7405905;9485,25
17398;40,3092277;-3,9270075;22404,97
17399;40,2375871;-3,775974795;20867,72
17400;40,2402408;-3,7649914;20327,52
17401;40,1667334;-3,617306;28766,98
17402;40,3009756;-3,734676;13162,35
17403;40,34783146;-3,80455987;11501,91
17404;40,2264448;-3,7645286;21804,65
17405;40,22693305;-3,760840006;21679,68
17406;40,33647452;-3,840484249;14651,28
17407;40,3523542;-3,827838;12745,36
17408;40,19071909;-3,838304801;27629,73
17409;40,1725986;-3,8184669;28865,77
17410;40,2634138;-3,9045217;24117,35
17411;40,2436948;-3,7729685;20143,62
17412;40,32887884;-3,871704301;17287,81
17413;40,32734996;-3,770767949;11475,94
17414;40,32451283;-3,766663374;11586,33
17415;40,2367164;-3,769636224;20809,18
17416;40,2046482;-3,8858194;28216,44
17417;40,17486665;-3,686441326;26956,61
17418;40,16615771;-3,620159351;28768,47
17419;40,3441529;-3,8280233;13293,58
17420;40,35208541;-3,800976342;10960,85
17421;40,2934701;-3,7991889;15944
17422;40,33160822;-3,763535567;10764,79
17423;40,28798735;-3,786609635;15974,43
17424;40,311798;-3,7224742;11801,3
17425;40,2591408;-3,6985568;17551,84
17426;40,29661176;-3,831409507;17217,81
17428;40,2774625;-3,7943157;17313,16
17430;40,29112245;-3,792859029;15907,27
17431;40,34761245;-3,828806626;13116,33
17432;40,2846269;-3,2070525;44569,89
17433;40,2110074;-3,1962658;48725,06
17434;40,0741759;-3,4961218;41982,52
17435;40,1183927;-3,15960005;56849,01
17436;40,1186223;-3,1587454;56892,94
17437;40,03416555;-3,6095064;43304,86
17438;40,1065814;-3,389463;43602,12
17439;40,4473978;-3,6957572;3449,64
17440;40,0302871;-3,5925606;44014,2
17441;40,1374483;-3,5798862;32800,56
17442;40,0609446;-3,5926935;40687,69
17443;40,17102606;-3,282620629;44967,32
17444;40,35580219;-3,268475797;37468,89
17445;40,13555352;-3,443536768;38281,42
17446;40,31173183;-3,444642615;24858,44
17447;40,2177736;-3,5850234;24318,95
17448;40,3549729;-3,262327;37997,99
17449;40,2984186;-3,4329481;26444,66
17450;40,35191047;-3,534827578;16014,03
17451;40,2567009;-3,2376227;43322,87
17452;40,3468965;-3,5229322;17165,3
17453;40,06486;-3,6083016;39975,42
17454;40,11869752;-3,161427049;56703,33
17455;40,0592783;-3,555057901;41719,36
17456;40,1837131;-3,1035311;57109,85
17457;40,3436154;-3,2570901;38683,76
17458;40,1099155;-3,3814108;43732,59
17459;40,2584893;-3,241969827;42904,77
17460;40,2302259;-3,1088277;54523,1
17461;40,2572727;-3,2384267;43234,46
17462;40,29534334;-3,427742473;26998,05
17463;40,106472;-3,3918279;43489,43
17464;40,2963609;-3,3039467;36415,87
17465;40,02357081;-3,613702086;44400,83
17466;40,2937788;-3,3023434;36649,14
17467;40,07276246;-3,450210489;43896,62
17468;40,10581275;-3,382170265;44050,24
17469;40,3612606;-3,26499;37653,23
17470;40,10581275;-3,382170265;44050,24
17471;40,1181925;-3,1595493;56865,56
17472;40,10581275;-3,382170265;44050,24
17473;40,1840316;-3,106115;56898,47
17474;40,2306982;-3,4324007;30938,1
17475;40,107583;-3,387693;43606,04
17476;40,3478717;-3,2790305;36766,28
17477;40,2292321;-3,4400236;30572,32
17478;40,1335708;-3,3388961;44155,72
17479;40,1355924;-3,5691886;33295,8
17480;40,2435984;-3,318825;37880,3
17481;40,1149162;-3,2503308;51053,35
17482;40,11908402;-3,160097421;56769,68
17483;40,3349225;-3,5248423;17671,4
17484;40,1349322;-3,3359973;44220,65
17485;40,0628603;-3,5967187;40402,41
17486;40,1710766;-3,274410841;45518,66
17487;40,1683695;-3,2721484;45853,62
17488;40,36563135;-3,531378048;15655,77
17489;40,3400609;-3,3848538;28314,73
17490;40,2844562;-3,2078574;44511,84
17491;40,3675293;-3,3227499;32712,09
17492;40,1058071;-3,3888007;43704,71
17493;40,2453659;-3,317835;37852,76
17494;40,17023872;-3,275355338;45510,91
17495;40,1681485;-3,275967;45610,57
17496;40,2293959;-3,4405459;30527,52
17497;40,0322384;-3,5902359;43845,12
17498;40,11551753;-3,156890242;57223,28
17499;40,23065795;-3,349514777;36465,48
17500;40,0319415;-3,5971265;43752,83
17501;40,16538423;-3,276790092;45742,99
17502;40,10758366;-3,390396625;43465,37
17503;40,1125858;-3,2557229;50882,13
17504;40,5144105;-3,7722874;12300,37
17505;40,1035044;-3,489408958;39304,12
17506;40,1380933;-3,4202711;39227,7
17507;40,110805;-3,2510851;51308,19
17508;40,11759542;-3,159902903;56880,21
17509;40,10581275;-3,382170265;44050,24
17510;40,29829996;-3,43549082;26264,73
17511;40,146066;-3,0985805;59502,51
17512;40,1679289;-3,2766591;45578,79
17513;40,17222668;-3,275150902;45391,46
17514;40,1164727;-3,160666;56901,24
17515;40,02945945;-3,606509941;43866,4
17516;40,2860344;-3,2087809;44379,67
17517;40,0353604;-3,5806765;43693,03
17518;40,2363735;-3,3532473;35844,66
17519;40,3642427;-3,246215;39170,74
17520;40,1603241;-3,3655464;40447,74
17521;40,1385091;-3,4232042;39039,05
17522;40,11069044;-3,519477549;37463,66
17523;40,0363047;-3,595588;43305,62
17524;40,1734293;-3,2839379;44715,86
17525;40,0843247;-3,4477946;42882,83
17526;40,37277334;-3,533886233;15182,26
17527;40,02280638;-3,604473718;44625,58
17528;40,29956401;-3,432850502;26388,43
17529;40,29640434;-3,438164011;26176,69
17530;40,1686636;-3,2827168;45121,58
17531;40,0538969;-3,5624396;42107,85
17532;40,30258134;-3,439601449;25724,9
17533;40,0882706;-3,4304812;43273,3
17534;40,0807346;-3,4529547;43009,69
17535;40,1403745;-3,414304;39340,94
17536;40,03144245;-3,6015972;43730,44
17537;40,1118634;-3,2531525;51098,64
17538;40,2077983;-3,5685442;25919,44
17539;40,1194722;-3,1591493;56809,79
17540;40,107583;-3,387693;43606,04
17541;40,2583799;-3,2402283;43044,41
17542;40,0349777;-3,5979681;43407,7
17543;40,3027507;-3,4467849;25188,09
17544;40,1839061;-3,1044656;57029,43
17545;40,10581275;-3,382170265;44050,24
17546;40,2457356;-3,3174177;37862,55
17547;40,3591215;-3,256781;38378,91
17548;40,2085407;-3,5829471;25328,28
17549;40,2315461;-3,109853;54386,47
17550;40,03490029;-3,600623089;43370,16
17551;40,2127165;-3,1950237;48728,71
17552;40,0685748;-3,2382707;55316,47
17553;40,3536054;-3,5310879;16214,37
17554;40,30368445;-3,44751605;25082,18
17555;40,10581275;-3,382170265;44050,24
17556;40,0616555;-3,6006678;40459,34
17557;40,16665162;-3,274041143;45841,72
17558;40,3805155;-3,5958896;9974,08
17559;40,2452332;-3,316389019;37966,12
17560;40,3601328;-3,5309459;15922,93
17561;40,0302871;-3,5925606;44014,2
17562;40,03490029;-3,600623089;43370,16
17563;40,03689612;-3,598239451;43194,2
17564;40,0296095;-3,6052628;43870,02
17565;40,2275101;-3,4369658;30892,69
17566;40,10581275;-3,382170265;44050,24
17567;40,02608972;-3,619408927;44043,75
17568;40,22658307;-3,437980219;30900,47
17569;40,10581275;-3,382170265;44050,24
17570;40,0288013;-3,6020231;44011,29
17571;40,2105227;-3,1946591;48870,78
17572;40,29500701;-3,429730987;26871,24
17573;40,3021542;-3,4405944;25675,44
17574;40,2088093;-3,1931697;49072,35
17575;40,1847671;-3,1100671;56562,64
17576;40,0354073;-3,602309;43286,29
17577;40,37797611;-3,529658452;15347,68
17578;40,1643005;-3,3701359;39859,34
17579;40,17102606;-3,282620629;44967,32
17580;40,1414129;-3,42665347;38604,45
17581;40,0836344;-3,450941932;42814,75
17582;40,3651348;-3,5524607;14030,81
17583;40,03960684;-3,610932805;42687,81
17584;40,3190333;-3,4777889;22005,93
17585;40,1833053;-3,103397;57140,72
17586;40,1404671;-3,4231068;38871,46
17587;40,30430527;-3,448405964;24982,24
17588;40,0302677;-3,6087518;43742,71
17589;40,35897672;-3,535138845;15650,21
17590;40,23333518;-3,437248617;30436,23
17591;40,1660064;-3,4641319;34508,37
17592;40,3671189;-3,3204359;32913,04
17593;40,351466;-3,2576665;38459,12
17594;40,0375238;-3,582526;43422,01
17595;40,2270759;-3,4341775;31098,83
17596;40,059921;-3,5989222;40679,79
17597;40,1427364;-3,4215441;38753,64
17598;40,36739292;-3,539237899;14964,46
17599;40,30368445;-3,44751605;25082,18
17600;40,3006226;-3,4398426;25815,86
17601;40,3381881;-3,3813911;28657,8
17602;40,33893377;-3,378809557;28840,9
17603;40,30129761;-3,435360386;26108,08
17604;40,2680021;-3,5680874;20150,36
17605;40,1842736;-3,1076042;56773,7
17606;40,03075699;-3,593926118;43938,46
17607;40,3328474;-3,399192997;27423,61
17608;40,365712;-3,26514235;37561,05
17609;40,29534334;-3,427742473;26998,05
17610;40,2066887;-3,5698645;25981,21
17611;40,03960684;-3,610932805;42687,81
17612;40,1421699;-3,4265625;38542,31
17613;40,1124343;-3,1649035;56877,87
17614;40,1033833;-3,4819553;39612,32
17615;40,0682286;-3,2408342;55188,47
17616;40,2294697;-3,110522;54422,73
17617;40,02801444;-3,616061769;43879,75
17618;40,2552039;-3,2354997;43555,82
17619;40,1102433;-3,2566351;50998,66
17620;40,36731765;-3,320382358;32913,75
17621;40,35941682;-3,529683394;16052,77
17622;40,17739991;-3,440891584;34721,44
17623;40,1372047;-3,4215705;39238,65
17624;40,6786623;-3,7918012;30042,5
17625;40,1369965;-3,571629904;33078,48
17626;40,1414129;-3,42665347;38604,45
17627;40,2077983;-3,5685442;25919,44
17628;40,20987692;-3,570407419;25642,26
17629;40,02275229;-3,627537323;44304,26
17630;40,1181925;-3,1595493;56865,56
17631;40,11175285;-3,38623205;43317,63
17632;40,3691635;-3,2228001;41056,66
17633;40,21040963;-3,571311181;25555,36
17634;40,2068197;-3,5714834;25908,49
17635;40,3339191;-3,2344019;40797,56
17636;40,1389466;-3,4262531;38843,27
17637;40,30368445;-3,44751605;25082,18
17638;40,2474594;-3,315431;37912,2
17639;40,21695494;-3,585575179;24382,68
17640;40,3536054;-3,5310879;16214,37
17641;40,0714241;-3,4868639;42593,94
17642;40,3536054;-3,5310879;16214,37
17643;40,1725693;-3,2746482;45402,71
17644;40,10762111;-3,383718535;43810,77
17645;40,3556708;-3,2574804;38387,7
17646;40,03045315;-3,603121318;43812,93
17647;40,3381881;-3,3813911;28657,8
17648;40,3527259;-3,5134148;17614,2
17649;40,167781;-3,2678473;46184,57
17650;40,1074198;-3,3871634;43648
17651;40,6784222;-3,5233202;32820,65
17652;40,0320927;-3,6032879;43631,34
17653;40,10581275;-3,382170265;44050,24
17654;40,2473364;-3,3137441;38043,14
17655;40,11431117;-3,15701052;57294,02
17656;40,3469794;-3,2526568;38973,6
17657;40,13947492;-3,424250001;38899,74
17658;40,2294199;-3,43671906;30763,43
17659;40,133295;-3,3385656;44197,29
17660;40,2068364;-3,5717149;25898,34
17661;40,29534334;-3,427742473;26998,05
17662;40,34960541;-3,258595966;38422,11
17663;40,2077983;-3,5685442;25919,44
17664;40,0547942;-3,5994331;41227,06
17665;40,1701526;-3,28011705;45195,16
17666;40,10581275;-3,382170265;44050,24
17667;40,3536054;-3,5310879;16214,37
17668;40,33529691;-3,516160327;18284,52
17669;40,24192877;-3,321773415;37761,05
17670;40,03366868;-3,599284933;43527,28
17671;40,2177785;-3,583213;24382,27
17672;40,2077983;-3,5685442;25919,44
17673;40,3381741;-3,3809863;28690,93
17674;40,2077983;-3,5685442;25919,44
17675;40,3536054;-3,5310879;16214,37
17676;40,2125458;-3,4483654;31378,1
17677;40,33479691;-3,525470142;17633,11
17678;40,29978376;-3,450729483;25070,25
17679;40,3536054;-3,5310879;16214,37
17680;40,0320927;-3,6032879;43631,34
17681;40,29932941;-3,45369806;24882,27
17682;40,3837428;-3,6425709;6345,79
17683;40,1401904;-3,4156842;39284,09
17684;40,3296966;-3,5169413;18545,72
17685;40,29974806;-3,437334617;26048,62
17686;40,0320927;-3,6032879;43631,34
17687;40,119408;-3,1616809;56639,48
17688;40,2269877;-3,4347405;31070,48
17689;40,0302871;-3,5925606;44014,2
17690;40,4012423;-3,5957286;9292,28
17691;40,21170956;-3,574418542;25310,44
17692;40,29978376;-3,450729483;25070,25
17693;40,107583;-3,387693;43606,04
17694;40,0320927;-3,6032879;43631,34
17695;40,10581275;-3,382170265;44050,24
17696;40,29978376;-3,450729483;25070,25
17697;40,03490029;-3,600623089;43370,16
17698;40,10581275;-3,382170265;44050,24
17699;40,29978376;-3,450729483;25070,25
17700;40,29978376;-3,450729483;25070,25
17701;40,4012423;-3,5957286;9292,28
17702;40,29978376;-3,450729483;25070,25
17703;40,3536054;-3,5310879;16214,37
17704;40,107583;-3,387693;43606,04
17705;40,22760429;-3,114970489;54155,5
17706;40,02918145;-3,59805946;44037,03
17707;40,10581275;-3,382170265;44050,24
17708;40,02765113;-3,600294452;44165,62
17709;40,25555802;-3,236217281;43484,07
17710;40,1181925;-3,1595493;56865,56
17711;40,03326213;-3,595459832;43638,66
17712;40,0275305;-3,613214407;43974,3
17713;40,0115449;-3,6003573;45921,49
17714;40,10574429;-3,484326058;39285,65
17715;40,10581275;-3,382170265;44050,24
17716;40,0308179;-3,5921319;43964,36
17717;40,3193722;-3,1813692;45547,5
17718;40,10581275;-3,382170265;44050,24
17719;40,353516;-3,2554682;38599,09
17720;40,0593356;-3,6017649;40691,42
17721;40,10995875;-3,38030115;43787,74
17722;40,107583;-3,387693;43606,04
17723;40,0720975;-3,5586816;40267,49
17724;40,2275483;-3,4393826;30740,22
17725;40,0214555;-3,620732;44534,48
17726;40,1409814;-3,4250258;38726,67
17727;40,2980682;-3,4363836;26212,37
17728;40,02454235;-3,601133324;44490,55
17729;40,22658307;-3,437980219;30900,47
17730;40,29155008;-3,301122166;36838,75
17731;40,107583;-3,387693;43606,04
17732;40,30690264;-3,484878966;22201,32
17733;40,33479691;-3,525470142;17633,11
17734;40,1022742;-3,4932965;39274,62
17735;40,10581275;-3,382170265;44050,24
17736;40,29155008;-3,301122166;36838,75
17737;40,10581275;-3,382170265;44050,24
17738;40,3492389;-3,2712634;37378,62
17739;40,2680021;-3,5680874;20150,36
17740;40,10581275;-3,382170265;44050,24
17741;40,211441;-3,584124536;24992,86
17742;40,3837428;-3,6425709;6345,79
17743;40,0320927;-3,6032879;43631,34
17744;40,0373094;-3,583982445;43416,1
17745;40,3536054;-3,5310879;16214,37
17746;40,3469794;-3,2526568;38973,6
17747;40,30368445;-3,44751605;25082,18
17748;40,29978376;-3,450729483;25070,25
17749;40,03438795;-3,608585626;43295,04
17750;40,1406476;-3,1106862;58932,77
17751;40,344941;-3,2637917;38097,44
17752;40,06808202;-3,50202424;42394,39
17753;40,35026999;-3,524718647;16862,01
17754;40,2295055;-3,1086844;54565,13
17755;40,3296966;-3,5169413;18545,72
17756;40,0320927;-3,6032879;43631,34
17757;40,23879084;-3,352099711;35775,31
17758;40,0320927;-3,6032879;43631,34
17759;40,107583;-3,387693;43606,04
17760;40,16994323;-3,272692167;45711,14
17761;40,17015218;-3,276988598;45406,29
17762;40,1687436;-3,2759509;45571,43
17763;40,8271863;-3,5383965;47698,39
17764;40,02956564;-3,603551424;43902,67
17765;40,3711961;-3,528031972;15708,27
17766;40,3393561;-3,5176085;17956,56
17767;40,3296966;-3,5169413;18545,72
17768;40,05950569;-3,596678108;40766,82
17769;40,35478295;-3,539402792;15524,17
17770;40,02979823;-3,591246475;44091,3
17771;40,3501242;-3,2550625;38704,44
17772;40,1383114;-3,4217174;39133,44
17773;40,1822288;-3,1052097;57058,85
17774;40,3521623;-3,2717065;37276,9
17775;40,3318595;-3,180994;45263,94
17776;40,3296966;-3,5169413;18545,72
17777;40,2332892;-3,0899819;55877,21
17778;40,1783146;-3,492458387;32007,44
17779;40,2968233;-3,431368;26649,51
17780;40,33479691;-3,525470142;17633,11
17781;40,205222;-3,5838203;25637,03
17782;40,1418049;-3,4203799;38896,2
17783;40,1416223;-3,4220403;38825,4
17784;40,0364631;-3,600927;43194,73
17785;40,3536054;-3,5310879;16214,37
17786;40,34953726;-3,524494828;16915,05
17787;40,1373436;-3,5683812;33136,49
17788;40,2680021;-3,5680874;20150,36
17789;40,3536054;-3,5310879;16214,37
17790;40,2567839;-3,2389443;43216,97
17791;40,4753287;-3,6655074;7245,54
17792;40,3116684;-3,4864275;21802,38
17793;40,064052;-3,5954077;40298,47
17794;40,11869752;-3,161427049;56703,33
17795;40,3296966;-3,5169413;18545,72
17796;40,1083542;-3,3857229;43641,42
17797;40,0260846;-3,593944;44446,11
17798;40,02979823;-3,591246475;44091,3
17799;40,359044;-3,2658195;37625,93
17800;40,2393776;-3,352781845;35690,93
17801;40,3530025;-3,2612449;38128,91
17802;40,3824602;-3,633668;7049,37
17803;40,37876765;-3,610825697;8924,11
17804;40,10581275;-3,382170265;44050,24
17805;40,2077983;-3,5685442;25919,44
17806;40,23333518;-3,437248617;30436,23
17807;40,4012423;-3,5957286;9292,28
17808;40,16994323;-3,272692167;45711,14
17809;40,06808202;-3,50202424;42394,39
17810;40,344941;-3,2637917;38097,44
17811;40,2295055;-3,1086844;54565,13
17812;40,1406476;-3,1106862;58932,77
17813;40,2410398;-3,3537277;35521,76
17814;40,0627361;-3,6047981;40267,59
17815;40,3322533;-3,4006119;27333,45
17816;40,062047;-3,5969532;40486,11
17817;40,064052;-3,5954077;40298,47
17818;40,2669669;-3,142351;50399,51
17819;40,3532705;-3,519096053;17150,29
17820;40,4065683;-3,6369083;5756,76
17821;40,11869752;-3,161427049;56703,33
17822;40,15508296;-3,45657115;35869,33
17823;40,29484585;-3,443618622;25871,51
17824;40,2567839;-3,2389443;43216,97
17825;40,2968233;-3,431368;26649,51
17826;40,3318595;-3,180994;45263,94
17827;40,1822288;-3,1052097;57058,85
17828;40,3539404;-3,2713551;37267,96
17829;40,3527259;-3,5134148;17614,2
17830;40,107583;-3,387693;43606,04
17831;40,3378282;-3,383367;28510,87
17832;40,44949786;-3,707887516;3638,73
17833;40,29640434;-3,438164011;26176,69
17834;40,31388583;-3,450622972;24298,37
17835;40,1830493;-3,1053925;57003,11
17836;40,18551376;-3,107849571;56692,04
17837;40,033497;-3,595253223;43616,82
17838;39,994388;-3,7709972;47334,06
17839;40,10581275;-3,382170265;44050,24
17840;40,14330976;-3,417677476;38907,01
17841;40,0320927;-3,6032879;43631,34
17842;40,10581275;-3,382170265;44050,24
17843;40,1840316;-3,106115;56898,47
17844;40,2848352;-3,2072082;44549,73
17845;40,0320927;-3,6032879;43631,34
17846;40,10581275;-3,382170265;44050,24
17847;40,2068197;-3,5714834;25908,49
17848;40,3487534;-3,517487038;17486,84
17849;40,1660809;-3,274827;45827,5
17850;40,02979823;-3,591246475;44091,3
17851;40,3544995;-3,51832;17154,28
17852;40,10581275;-3,382170265;44050,24
17853;40,0778886;-3,4494296;43433,03
17854;40,31662407;-3,4740335;22415,39
17855;40,10581275;-3,382170265;44050,24
17856;40,0719109;-3,4873795;42526,2
17857;40,365316;-3,548028504;14365,82
17858;40,34101434;-3,36905703;29562,48
17859;40,0854961;-3,1324906;60883,33
17860;40,2553226;-3,2377916;43373,47
17861;40,0349494;-3,6186492;43082,59
17862;40,3301008;-3,1820894;45215,13
17863;40,3527276;-3,513453287;17611,15
17864;40,3536054;-3,5310879;16214,37
17865;40,1181925;-3,1595493;56865,56
17866;40,1383566;-3,417501;39349
17867;40,0320927;-3,6032879;43631,34
17868;40,03490029;-3,600623089;43370,16
17869;40,13991785;-3,421056981;39026,37
17870;40,13785656;-3,420292159;39247,44
17871;40,37574205;-3,523790104;15895,09
17872;40,353516;-3,2554682;38599,09
17873;40,1687436;-3,2759509;45571,43
17874;40,30307909;-3,436962263;25892,34
17875;40,0606439;-3,5962052;40652,4
17876;40,0766644;-3,1293836;61693,32
17877;40,4012423;-3,5957286;9292,28
17878;40,0856868;-3,4499638;42659
17879;40,1096206;-3,3882892;43396,08
17880;40,2085061;-3,5714642;25740,16
17881;40,33688804;-3,381637189;28682,73
17882;40,4814636;-3,7306177;7531,77
17883;40,4814636;-3,7306177;7531,77
17884;40,3381741;-3,3809863;28690,93
17885;40,03007156;-3,598496073;43932,57
17886;40,0305018;-3,6040527;43792,31
17887;40,13455393;-3,338415064;44106,27
17888;40,0320927;-3,6032879;43631,34
17889;40,2077983;-3,5685442;25919,44
17890;40,21795092;-3,460743056;30220,63
17891;40,3539404;-3,2713551;37267,96
17892;40,21271551;-3,574644161;25201,29
17893;40,26072032;-3,235745176;43285,61
17894;40,34101434;-3,36905703;29562,48
17895;40,232942;-3,356206;35854,14
17896;40,1667307;-3,271947636;45977,6
17897;40,1582311;-3,3670895;40520,29
17898;40,17102606;-3,282620629;44967,32
17899;40,3536054;-3,5310879;16214,37
17900;40,295797;-3,3023411;36565,58
17901;40,2077983;-3,5685442;25919,44
17902;40,0320927;-3,6032879;43631,34
17903;40,10581275;-3,382170265;44050,24
17904;40,3702563;-3,266899924;37339,1
17905;40,29627736;-3,4445467;25721,01
17906;40,34765705;-3,517326923;17552,35
17907;40,29997346;-3,436000539;26134,04
17908;40,2913474;-3,302171;36765,11
17909;40,3296966;-3,5169413;18545,72
17910;40,3837428;-3,6425709;6345,79
17911;40,0841242;-3,4927726;41103,21
17912;40,10581275;-3,382170265;44050,24
17913;40,05557505;-3,604305707;41055,41
17914;40,36840469;-3,540071791;14857,49
17915;40,0706959;-3,5108151;41831,14
17916;40,006407;-3,6839881;45679,64
17917;40,10581275;-3,382170265;44050,24
17918;40,10581275;-3,382170265;44050,24
17919;40,03661592;-3,586843709;43435,05
17920;40,10581275;-3,382170265;44050,24
17921;40,0320927;-3,6032879;43631,34
17922;40,35410679;-3,516473578;17315,01
17923;40,02576586;-3,603903205;44311,63
17924;40,02993892;-3,600745843;43908,66
17925;40,30353803;-3,450571962;24866,88
17926;40,3837428;-3,6425709;6345,79
17927;40,02454235;-3,601133324;44490,55
17928;40,06808202;-3,50202424;42394,39
17929;40,20651937;-3,584510084;25481,37
17930;40,2279592;-3,1154771;54100,47
17931;40,1414286;-3,444269121;37712,52
17932;40,3400828;-3,3785174;28826,14
17933;40,10581275;-3,382170265;44050,24
17934;40,07825527;-3,483019958;42053,82
17935;40,2930232;-3,2992706;36922,23
17936;40,2202782;-3,3454083;37417,06
17937;40,20517021;-3,581557477;25718,87
17938;40,37457211;-3,527235421;15654,72
17939;40,35712302;-3,254012978;38648,23
17940;40,2325718;-3,3517265;36190,01
17941;40,02924894;-3,609058257;43849,31
17942;40,10581275;-3,382170265;44050,24
17943;40,10581275;-3,382170265;44050,24
17944;40,1185446;-3,160254;56794,07
17945;40,1185446;-3,160254;56794,07
17946;40,10581275;-3,382170265;44050,24
17947;40,29932941;-3,45369806;24882,27
17948;40,0841756;-3,4491964;42837,08
17949;40,37457211;-3,527235421;15654,72
17950;40,0801837;-3,493026;41489,11
17951;40,3002295;-3,4508705;25034,26
17952;40,36496969;-3,535332234;15371,98
17953;40,2275101;-3,4369658;30892,69
17954;40,0841756;-3,4491964;42837,08
17955;40,37040415;-3,531871415;15430,4
17956;40,23447624;-3,3536996;35931,95
17957;40,2590088;-3,2329232;43581,59
17958;40,34830767;-3,531567815;16443,27
17959;40,0756343;-3,4470002;43753,2
17960;40,2553226;-3,2377916;43373,47
17961;40,1609782;-3,3643192;40470,29
17962;40,4139874;-3,7058262;382,08
17963;40,1123218;-3,5600486;35993,53
17964;40,3439655;-3,252125644;39086,72
17965;40,1408613;-3,4199371;39002,04
17966;40,3648311;-3,550782;14174,36
17967;40,3394737;-3,3824786;28526,36
17968;40,14136856;-3,417773146;39071,23
17969;40,0593356;-3,6017649;40691,42
17970;40,37376465;-3,5269293;15706,74
17971;40,262072;-3,4714802;26140,88
17972;40,10581275;-3,382170265;44050,24
17973;40,23109016;-3,433944257;30811,71
17974;40,23078788;-3,090346645;55951,62
17975;40,05682351;-3,59507972;41087,87
17976;40,1076365;-3,3838706;43801,44
17977;40,10581275;-3,382170265;44050,24
17978;40,3469794;-3,2526568;38973,6
17979;40,3011437;-3,44652745;25297,64
17980;40,548031;-3,6533329;15181,86
17981;40,34893125;-3,524208795;16966,76
17982;40,10581275;-3,382170265;44050,24
17983;40,3659255;-3,2443102;39302,33
17984;40,3668009;-3,5511866;14054,61
17985;40,3659255;-3,2443102;39302,33
17986;40,3837428;-3,6425709;6345,79
17987;40,31776041;-3,479233969;21970,48
17988;40,10581275;-3,382170265;44050,24
17989;40,3582265;-3,2680363;37456,92
17990;40,1830387;-3,1056259;56986,04
17991;40,0299856;-3,5924951;44048,15
17992;40,29434485;-3,303808257;36510,36
17993;40,3364465;-3,2355624;40638,26
17994;40,03445125;-3,596463631;43491,5
17995;40,3416892;-3,5168641;17888,84
17996;40,29932941;-3,45369806;24882,27
17997;40,8245904;-3,539367;47398,48
17998;40,3536054;-3,5310879;16214,37
17999;40,05572183;-3,60156924;41087,73
18000;40,084257;-3,1321911;60987,39
18001;40,0566621;-3,5900069;41203,93
18002;40,0707713;-3,5011155;42152,18
18003;40,3501825;-3,2595379;38331,22
18004;40,3536054;-3,5310879;16214,37
18005;40,03438795;-3,608585626;43295,04
18006;40,10581275;-3,382170265;44050,24
18007;40,03960684;-3,610932805;42687,81
18008;40,35869002;-3,518227077;16977,85
18009;40,1687436;-3,2759509;45571,43
18010;40,3824602;-3,633668;7049,37
18011;40,3556708;-3,2574804;38387,7
18012;40,10581275;-3,382170265;44050,24
18013;40,10581275;-3,382170265;44050,24
18014;40,3673126;-3,3211735;32847,8
18015;40,3807894;-3,6353805;7032,72
18016;40,07873774;-3,443924671;43585,32
18017;40,2983557;-3,301843184;36500,46
18018;40,17197754;-3,282993443;44877,73
18019;40,29015469;-3,445031328;26048,92
18020;40,2972188;-3,4323078;26558,51
18021;40,1401904;-3,4156842;39284,09
18022;40,3468061;-3,269873;37549,88
18023;40,3381881;-3,3813911;28657,8
18024;40,02956564;-3,603551424;43902,67
18025;40,30368445;-3,44751605;25082,18
18026;40,10581275;-3,382170265;44050,24
18027;40,3664055;-3,3200082;32962,35
18028;40,24586925;-3,315315612;38009,21
18029;40,36769836;-3,32075654;32875,35
18030;40,0302871;-3,5925606;44014,2
18031;40,10581275;-3,382170265;44050,24
18032;40,0354571;-3,5973397;43366,59
18033;40,2201635;-3,3433837;37563,93
18034;40,3400122;-3,3829355;28471,31
18035;40,31173183;-3,444642615;24858,44
18036;40,37287849;-3,526727157;15753,5
18037;40,1378493;-3,4220708;39155,89
18038;40,2623236;-3,2362121;43177,64
18039;40,07124041;-3,497364543;42235,43
18040;40,3776242;-3,24811;38812,64
18041;40,3486083;-3,2595533;38364,66
18042;40,03558122;-3,600535903;43297,48
18043;40,29978168;-3,437977229;25999,61
18044;40,4814636;-3,7306177;7531,77
18045;40,365316;-3,548028504;14365,82
18046;40,1117571;-3,2535752;51079,7
18047;40,1102757;-3,387091756;43401,45
18048;40,02608972;-3,619408927;44043,75
18049;40,2035789;-3,4829104;30212,55
18050;40,1191601;-3,1618117;56646,65
18051;40,1063128;-3,3903782;43578,4
18052;40,5526466;-3,8997531;22430,05
18053;40,34830767;-3,531567815;16443,27
18054;40,10581275;-3,382170265;44050,24
18055;40,3396471;-3,3770185;28961,85
18056;40,30220075;-3,448034368;25127,79
18057;40,07071269;-3,496137778;42332,06
18058;40,02280638;-3,604473718;44625,58
18059;40,3824602;-3,633668;7049,37
18060;40,3333902;-3,3974817;27539,42
18061;40,2983557;-3,301843184;36500,46
18062;40,10581275;-3,382170265;44050,24
18063;40,2077983;-3,5685442;25919,44
18064;40,3480108;-3,2584404;38470,41
18065;40,15508296;-3,45657115;35869,33
18066;40,1851328;-3,106752;56794,33
18067;40,37040415;-3,531871415;15430,4
18068;40,02979823;-3,591246475;44091,3
18069;40,08005072;-3,493021865;41502,61
18070;40,0320927;-3,6032879;43631,34
18071;40,0320927;-3,6032879;43631,34
18072;40,08539506;-3,495038287;40892,38
18073;40,0311082;-3,6117601;43604,48
18074;40,32975935;-3,512601378;18856,44
18075;40,0291122;-3,607292305;43891,92
18076;40,36650396;-3,536549538;15212,62
18077;40,02585329;-3,604339303;44295,03
18078;40,3837428;-3,6425709;6345,79
18079;40,03075699;-3,593926118;43938,46
18080;40,35941682;-3,529683394;16052,77
18081;40,4377961;-3,6470227;5315,02
18082;40,10581275;-3,382170265;44050,24
18083;40,107583;-3,387693;43606,04
18084;40,37510925;-3,523971696;15900,87
18085;40,3580151;-3,5407389;15264,94
18086;40,03075699;-3,593926118;43938,46
18087;40,29523767;-3,438443085;26223,26
18088;40,20991356;-3,192765296;49044,52
18089;40,03007156;-3,598496073;43932,57
18090;40,36817759;-3,544059213;14552,8
18091;40,05508091;-3,502074758;43720,04
18092;40,1089297;-3,393757281;43172,66
18093;40,2868601;-3,2085523;44367,71
18094;40,34514904;-3,521650245;17350,85
18095;40,2949252;-3,3007233;36728,96
18096;40,31561162;-3,449170484;24317,2
18097;40,5526466;-3,8997531;22430,05
18098;40,1102757;-3,387091756;43401,45
18099;40,3643402;-3,2667156;37453,25
18100;40,0759434;-3,4940944;41876,82
18101;40,23093374;-3,434964946;30759,3
18102;40,1102025;-3,556969;36304,12
18103;40,28688727;-3,208462234;44373,93
18104;40,30307909;-3,436962263;25892,34
18105;40,1978551;-3,4808061;30824,35
18106;40,21695494;-3,585575179;24382,68
18107;40,1375745;-3,4466605;37944,98
18108;40,33479691;-3,525470142;17633,11
18109;40,2338834;-3,35351;35982,57
18110;40,3837428;-3,6425709;6345,79
18111;40,10581275;-3,382170265;44050,24
18112;40,3837428;-3,6425709;6345,79
18113;40,3659255;-3,2443102;39302,33
18114;40,37262881;-3,270462912;37003,62
18115;40,31641833;-3,449505966;24250,43
18116;40,03438795;-3,608585626;43295,04
18117;40,10581275;-3,382170265;44050,24
18118;40,3628784;-3,5525434;14129,53
18119;40,3469794;-3,2526568;38973,6
18120;40,36299589;-3,243108352;39452,1
18121;40,31233243;-3,476827346;22454,38
18122;40,20651937;-3,584510084;25481,37
18123;40,3837428;-3,6425709;6345,79
18124;40,3480108;-3,2584404;38470,41
18125;40,37040415;-3,531871415;15430,4
18126;40,03366868;-3,599284933;43527,28
18127;40,03366868;-3,599284933;43527,28
18128;40,14061321;-3,418854579;39080,46
18129;40,4038107;-3,6198292;7235,01
18130;40,20590753;-3,597303885;25135,08
18131;40,3536054;-3,5310879;16214,37
18132;40,02280638;-3,604473718;44625,58
18133;40,182109;-3,1087417;56798,82
18134;40,06983024;-3,239073145;55169,85
18135;40,3601441;-3,2588405;38187,7
18136;40,35999731;-3,540657089;15177,75
18137;40,03687454;-3,595395954;43247,14
18138;40,03074492;-3,592095167;43972,95
18139;40,13374074;-3,338117036;44188,55
18140;40,0322275;-3,588164655;43885,21
18141;40,07568359;-3,44714151;43742,48
18142;40,02945945;-3,606509941;43866,4
18143;40,02945945;-3,606509941;43866,4
18144;40,3480108;-3,2584404;38470,41
18145;40,02280638;-3,604473718;44625,58
18146;40,37852219;-3,543701523;14192,37
18147;40,3030838;-3,4420718;25515,32
18148;40,3601187;-3,5290583;16070,42
18149;40,10581275;-3,382170265;44050,24
18150;40,02831154;-3,591729237;44243,93
18151;40,3694275;-3,2217042;41144,84
18152;40,37095207;-3,530019511;15558,04
18153;40,2171863;-3,3320604;38538,74
18154;40,07632844;-3,450213496;43550,94
18155;40,35337581;-3,519805047;17090,75
18156;40,0756585;-3,4886312;42104,29
18157;40,08306066;-3,489035309;41348,42
18158;40,31388583;-3,450622972;24298,37
18159;40,29611339;-3,430500679;26752,8
18160;40,3872894;-3,6998704;3311,8
18161;40,2868601;-3,2085523;44367,71
18162;40,03326213;-3,595459832;43638,66
18163;40,3005851;-3,4435951;25543,3
18164;40,3369721;-3,3847754;28427,21
18165;40,34953726;-3,524494828;16915,05
18166;40,16241132;-3,36387599;40384,97
18167;40,22637273;-3,433893716;31169,69
18168;40,22637273;-3,433893716;31169,69
18169;40,0098161;-3,6933262;45278,72
18170;40,02945945;-3,606509941;43866,4
18171;40,02280638;-3,604473718;44625,58
18172;40,4551891;-3,6929164;4346,51
18173;40,31388583;-3,450622972;24298,37
18174;40,03045315;-3,603121318;43812,93
18175;40,1330434;-3,4183202;39774,04
18176;40,2053661;-3,5809101;25721,06
18177;40,34293001;-3,378658628;28721,85
18178;40,3469794;-3,2526568;38973,6
18179;40,02765113;-3,600294452;44165,62
18180;40,13374074;-3,338117036;44188,55
18181;40,348979;-3,2685214;37612
18182;40,05880104;-3,592761424;40918,33
18183;40,33688804;-3,381637189;28682,73
18184;40,2202782;-3,3454083;37417,06
18185;40,23030494;-3,435916704;30746,85
18186;40,33479691;-3,525470142;17633,11
18187;40,36946644;-3,536263902;15116,66
18188;40,05487333;-3,599329503;41220,35
18189;40,36859243;-3,265538952;37479,78
18190;40,3837428;-3,6425709;6345,79
18191;40,10581275;-3,382170265;44050,24
18192;40,1098823;-3,39055;43255,1
18193;40,02280638;-3,604473718;44625,58
18194;40,3536054;-3,5310879;16214,37
18195;40,3678971;-3,2200542;41306
18196;40,03075699;-3,593926118;43938,46
18197;40,2543866;-3,2409854;43170,96
18198;40,36946644;-3,536263902;15116,66
18199;40,37040415;-3,531871415;15430,4
18200;40,3534796;-3,52049753;17032,57
18201;40,1357381;-3,338994;43977,89
18202;40,03661592;-3,586843709;43435,05
18203;40,2856695;-3,2080236;44453,71
18204;40,4167279;-3,7032905;31,03
18205;40,0318175;-3,6011306;43697,42
18206;40,2393488;-3,3533095;35655,46
18207;40,0298711;-3,591842;44072,48
18208;40,4065232;-3,6371057;5741,4
18209;40,0320927;-3,6032879;43631,34
18210;40,37040415;-3,531871415;15430,4
18211;40,0705927;-3,5052804;42027,56
18212;40,4930043;-3,6478717;9680,08
18213;40,3193722;-3,1813692;45547,5
18214;40,37391732;-3,542729841;14432,86
18215;40,10581275;-3,382170265;44050,24
18216;40,02945945;-3,606509941;43866,4
18217;40,02945945;-3,606509941;43866,4
18218;40,4038107;-3,6198292;7235,01
18219;40,3582265;-3,2680363;37456,92
18220;40,02945945;-3,606509941;43866,4
18221;40,02945945;-3,606509941;43866,4
18222;40,02945945;-3,606509941;43866,4
18223;40,02945945;-3,606509941;43866,4
18224;40,02945945;-3,606509941;43866,4
18225;40,1136567;-3,5547632;36008,57
18226;40,3477669;-3,2532084;38910,2
18227;40,0691793;-3,2374945;55316,38
18228;40,30430527;-3,448405964;24982,24
18229;40,3042468;-3,4489962;24942,25
18230;40,30430527;-3,448405964;24982,24
18231;40,2680021;-3,5680874;20150,36
18232;40,3805155;-3,5958896;9974,08
18233;40,36825743;-3,225087447;40878,08
18234;40,3623016;-3,2654809;37593,06
18235;40,2972188;-3,4323078;26558,51
18236;40,4551891;-3,6929164;4346,51
18237;40,0759434;-3,4940944;41876,82
18238;40,35844872;-3,534481826;15725,18
18239;40,347377;-3,2791056;36771,72
18240;40,3494741;-3,2474438;39351,84
18241;40,3568463;-3,2555358;38526,59
18242;40,33765758;-3,514369707;18288,12
18243;40,1183927;-3,15960005;56849,01
18244;40,30116493;-3,449218354;25100,43
18245;40,3776242;-3,24811;38812,64
18246;40,21695494;-3,585575179;24382,68
18247;40,06304396;-3,59440519;40427,04
18248;40,2040903;-3,5827921;25787,16
18249;40,3813825;-3,6337194;7111,68
18250;40,0737105;-3,128437;61959,41
18251;40,3438753;-3,3772833;28803,47
18252;40,3438753;-3,3772833;28803,47
18253;40,3695225;-3,2213199;41175,73
18254;40,07376844;-3,499315988;41910,84
18255;40,231532;-3,4391287;30453,81
18256;40,35104323;-3,526851498;16661,87
18257;40,34521619;-3,519805965;17486,29
18258;40,34521619;-3,519805965;17486,29
18259;40,4147661;-3,6903145;1144,21
18260;40,0331677;-3,5824111;43895,14
18261;40,37050334;-3,52650483;15855,68
18262;40,02676916;-3,600677209;44255,34
18263;40,02676916;-3,600677209;44255,34
18264;40,0267562;-3,5996807;44273,52
18265;40,2564348;-3,2350383;43534,82
18266;40,3537975;-3,2664839;37676,26
18267;40,0311082;-3,6117601;43604,48
18268;40,3380774;-3,382924;28537,99
18269;40,2992024;-3,446564;25405,8
18270;40,2992024;-3,446564;25405,8
18271;40,2992024;-3,446564;25405,8
18272;40,2992024;-3,446564;25405,8
18273;40,14007058;-3,448691924;37618,56
18274;40,3328474;-3,399192997;27423,61
18275;40,2623236;-3,2362121;43177,64
18276;40,33765758;-3,514369707;18288,12
18277;40,10581275;-3,382170265;44050,24
18278;40,02801444;-3,616061769;43879,75
18279;40,3296966;-3,5169413;18545,72
18280;40,2035789;-3,4829104;30212,55
18281;40,35200375;-3,523352386;16882,49
18282;40,07149285;-3,451008768;43986,8
18283;40,3539404;-3,2713551;37267,96
18284;40,35344844;-3,522071663;16912,77
18285;40,3293097;-3,1812015;45307,7
18286;40,2376901;-3,3531364;35770,42
18287;40,37941985;-3,248154498;38786,4
18288;40,10581275;-3,382170265;44050,24
18289;40,3536054;-3,5310879;16214,37
18290;40,107583;-3,387693;43606,04
18291;40,14007058;-3,448691924;37618,56
18292;40,0615926;-3,5995958;40485,9
18293;40,0302871;-3,5925606;44014,2
18294;40,1830849;-3,1056118;56984,75
18295;40,1102025;-3,556969;36304,12
18296;40,2275101;-3,4369658;30892,69
18297;40,4012423;-3,5957286;9292,28
18298;40,6784222;-3,5233202;32820,65
18299;40,1401904;-3,4156842;39284,09
18300;40,2445707;-3,3144655;38144,24
18301;40,10581275;-3,382170265;44050,24
18302;40,06722029;-3,502350416;42470,99
18303;40,10581275;-3,382170265;44050,24
18304;40,2564348;-3,2350383;43534,82
18305;40,1336417;-3,3396544;44105,04
18306;40,3296966;-3,5169413;18545,72
18307;40,3296966;-3,5169413;18545,72
18308;40,3296966;-3,5169413;18545,72
18309;40,3296966;-3,5169413;18545,72
18310;40,3824602;-3,633668;7049,37
18311;40,3006217;-3,439791798;25819,63
18312;40,10581275;-3,382170265;44050,24
18313;40,0278566;-3,604096102;44080,28
18314;40,3296966;-3,5169413;18545,72
18315;40,3536054;-3,5310879;16214,37
18316;40,3536054;-3,5310879;16214,37
18317;40,3296966;-3,5169413;18545,72
18318;40,2275101;-3,4369658;30892,69
18319;40,3536054;-3,5310879;16214,37
18320;40,3630983;-3,5493075;14367,79
18321;40,6784222;-3,5233202;32820,65
18322;40,10581275;-3,382170265;44050,24
18323;40,3296966;-3,5169413;18545,72
18324;40,4054392;-3,63663785;5805,6
18325;40,3536054;-3,5310879;16214,37
18326;40,10581275;-3,382170265;44050,24
18327;40,1209219;-3,541617552;35667,39
18328;40,3824602;-3,633668;7049,37
18329;40,3630983;-3,5493075;14367,79
18330;40,3649814;-3,2419114;39518,85
18331;40,3296966;-3,5169413;18545,72
18332;40,3805155;-3,5958896;9974,08
18333;40,3536054;-3,5310879;16214,37
18334;40,3190333;-3,4777889;22005,93
18335;40,3527259;-3,5134148;17614,2
18336;40,4012423;-3,5957286;9292,28
18337;40,4012423;-3,5957286;9292,28
18338;40,0593356;-3,6017649;40691,42
18339;40,10581275;-3,382170265;44050,24
18340;40,10581275;-3,382170265;44050,24
18341;40,4012423;-3,5957286;9292,28
18342;40,3536054;-3,5310879;16214,37
18343;40,10581275;-3,382170265;44050,24
18344;40,107583;-3,387693;43606,04
18345;40,3536054;-3,5310879;16214,37
18346;40,20517021;-3,581557477;25718,87
18347;40,0593356;-3,6017649;40691,42
18348;40,2077983;-3,5685442;25919,44
18349;40,3824602;-3,633668;7049,37
18350;40,2564348;-3,2350383;43534,82
18351;40,4012423;-3,5957286;9292,28
18352;40,4012423;-3,5957286;9292,28
18353;40,10581275;-3,382170265;44050,24
18354;40,10581275;-3,382170265;44050,24
18355;40,3381741;-3,3809863;28690,93
18356;40,3837428;-3,6425709;6345,79
18357;40,05583729;-3,594495772;41205,87
18358;40,1414129;-3,42665347;38604,45
18359;40,3536054;-3,5310879;16214,37
18360;40,02990526;-3,591904693;44067,63
18361;40,1084308;-3,386469;43595,62
18362;40,06151232;-3,59282023;40623,78
18363;40,02922525;-3,58991634;44178,03
18364;40,36946644;-3,536263902;15116,66
18365;40,03003386;-3,603980209;43844,55
18366;40,3344708;-3,398943912;27382,18
18367;40,10581275;-3,382170265;44050,24
18368;40,10581275;-3,382170265;44050,24
18369;40,02589123;-3,601426745;44338,57
18370;40,1423992;-3,4211137;38805,71
18371;40,3536054;-3,5310879;16214,37
18372;40,1683582;-3,2738764;45737,53
18373;40,3296966;-3,5169413;18545,72
18374;40,3630983;-3,5493075;14367,79
18375;40,2880567;-3,2154464;43771,75
18376;40,0320927;-3,6032879;43631,34
18377;40,10581275;-3,382170265;44050,24
18378;40,05389;-3,5135505;43471,32
18379;40,4012423;-3,5957286;9292,28
18380;40,2680021;-3,5680874;20150,36
18381;40,2328136;-3,4402541;30286,99
18382;40,0768038;-3,447764;43608,05
18383;40,2435984;-3,318825;37880,3
18384;40,1748871;-3,2755764;45185,18
18385;40,36817759;-3,544059213;14552,8
18386;40,1404724;-3,449835;37526,28
18387;40,2313282;-3,4357229;30682,2
18388;40,348979;-3,2685214;37612
18389;40,07276246;-3,450210489;43896,62
18390;40,29627736;-3,4445467;25721,01
18391;40,33529691;-3,516160327;18284,52
18392;40,3296966;-3,5169413;18545,72
18393;40,29412827;-3,448463598;25565,58
18394;40,35503072;-3,540433878;15433,69
18395;40,3556708;-3,2574804;38387,7
18396;40,07632844;-3,450213496;43550,94
18397;40,02924894;-3,609058257;43849,31
18398;40,03661592;-3,586843709;43435,05
18399;40,20517021;-3,581557477;25718,87
18400;40,03661592;-3,586843709;43435,05
18401;40,2951896;-3,4328165;26635,49
18402;40,30368445;-3,44751605;25082,18
18403;40,10581275;-3,382170265;44050,24
18404;40,11536336;-3,390957279;42753,55
18405;40,3008652;-3,4379756;25939,41
18406;40,3468965;-3,5229322;17165,3
18407;40,3536054;-3,5310879;16214,37
18408;40,3043369;-3,4440205;25302,68
18409;40,02301644;-3,612233249;44483,12
18410;40,02376327;-3,615167218;44358,54
18411;40,025702;-3,6037019;44321,86
18412;40,3296966;-3,5169413;18545,72
18413;40,0278566;-3,604096102;44080,28
18414;40,29978376;-3,450729483;25070,25
18415;40,0593356;-3,6017649;40691,42
18416;40,138217;-3,420378;39211,26
18417;40,36071965;-3,265767884;37598,35
18418;40,02989721;-3,594053902;44029,62
18419;40,02341281;-3,612289896;44438,88
18420;40,37095207;-3,530019511;15558,04
18421;40,3633711;-3,3606702;29641,55
18422;40,0808268;-3,4514808;43062,77
18423;40,2301915;-3,4355235;30779,98
18424;40,02280638;-3,604473718;44625,58
18425;40,34167456;-3,376257496;28957,05
18426;40,34901917;-3,529711495;16546,37
18427;40,36650396;-3,536549538;15212,62
18428;40,03661592;-3,586843709;43435,05
18429;40,10581275;-3,382170265;44050,24
18430;40,02924894;-3,609058257;43849,31
18431;40,03001441;-3,605613137;43820,17
18432;40,2269877;-3,4347405;31070,48
18433;40,0593356;-3,6017649;40691,42
18434;40,02945945;-3,606509941;43866,4
18435;40,3837428;-3,6425709;6345,79
18436;40,35503072;-3,540433878;15433,69
18437;40,1417683;-3,424561989;38681,35
18438;40,29978376;-3,450729483;25070,25
18439;40,31641833;-3,449505966;24250,43
18440;40,13911267;-3,421572231;39070,39
18441;40,35712302;-3,254012978;38648,23
18442;40,35978501;-3,521757512;16654,89
18443;40,0759434;-3,4940944;41876,82
18444;40,10581275;-3,382170265;44050,24
18445;40,02769576;-3,613991354;43944,75
18446;40,10581275;-3,382170265;44050,24
18447;40,10581275;-3,382170265;44050,24
18448;40,30430527;-3,448405964;24982,24
18449;40,3449062;-3,2625069;38204,66
18450;40,10581275;-3,382170265;44050,24
18451;40,0276532;-3,6004917;44162,08
18452;40,254888;-3,2365833;43486,82
18453;40,3328474;-3,399192997;27423,61
18454;40,36488056;-3,530007987;15794,36
18455;40,10581275;-3,382170265;44050,24
18456;40,37277334;-3,533886233;15182,26
18457;40,06722029;-3,502350416;42470,99
18458;40,0264085;-3,617451264;44036,05
18459;40,03110927;-3,581093727;44143,93
18460;40,1993108;-3,4816548;30652,24
18461;40,1392717;-3,4502635;37615,06
18462;40,3503168;-3,248281;39264,2
18463;40,3412358;-3,3802015;28651,78
18464;40,0824566;-3,1320664;61117,94
18465;40,36021805;-3,549001345;14527,78
18466;40,3824602;-3,633668;7049,37
18467;40,38165951;-3,539189547;14458,34
18468;40,2992024;-3,446564;25405,8
18469;40,2992024;-3,446564;25405,8
18470;40,2992024;-3,446564;25405,8
18471;40,3824602;-3,633668;7049,37
18472;40,08362564;-3,492117971;41177,33
18473;40,07595672;-3,494347806;41866,36
18474;40,0344418;-3,5831704;43742,3
18475;40,10581275;-3,382170265;44050,24
18476;40,34830767;-3,531567815;16443,27
18477;40,3824602;-3,633668;7049,37
18478;40,0593356;-3,6017649;40691,42
18479;40,3346273;-3,3959583;27614,81
18480;40,3030838;-3,4420718;25515,32
18481;40,36840469;-3,540071791;14857,49
18482;40,36599579;-3,536151312;15264,91
18483;40,33748928;-3,394126667;27657,42
18484;40,3630737;-3,2653701;37588,33
18485;40,03003386;-3,603980209;43844,55
18486;40,05627778;-3,59134156;41219,16
18487;40,03427428;-3,611791796;43257,63
18488;40,05432268;-3,602932724;41215,72
18489;40,06653431;-3,599592746;39949,77
18490;40,29627736;-3,4445467;25721,01
18491;40,02482775;-3,599051821;44494,32
18492;40,35625384;-3,521373853;16838,78
18493;40,035939;-3,607901502;43136,47
18494;40,1102025;-3,556969;36304,12
18495;40,07149285;-3,451008768;43986,8
18496;40,2345311;-3,3521981;36033,63
18497;40,33765758;-3,514369707;18288,12
18498;40,33979338;-3,516044757;18049,64
18499;40,3296966;-3,5169413;18545,72
18500;40,34514904;-3,521650245;17350,85
18501;40,3603856;-3,5545272;14099,32
18502;40,36644302;-3,529824528;15745,86
18503;40,34121675;-3,521746802;17549,54
18504;40,3536054;-3,5310879;16214,37
18505;40,3468858;-4,0263262;28430,02
18506;40,2312266;-3,9870044;31685,7
18507;40,30141632;-4,442543514;63921,38
18508;40,227461;-3,9927022;32325,46
18509;40,3215212;-4,19936;43325,43
18510;40,49818514;-4,240988346;46361,66
18511;40,3637254;-4,2760522;48847,84
18512;40,3211918;-4,2004909;43427,39
18513;40,52188864;-4,259045722;48419,72
18514;40,49959897;-4,237459788;46099,5
18515;40,38907031;-4,37203058;56690,71
18516;40,3914191;-4,3720576;56678,33
18517;40,4673734;-4,1246389;36075,77
18518;40,3617379;-4,3975214;59095,96
18519;40,2295442;-3,9931342;32202,58
18520;40,3459121;-3,845747022;14405,01
18521;40,2297183;-3,9926884;32161,22
18522;40,2878105;-4,013766;29955,29
18523;40,2775409;-4,3060762;53364,32
18524;40,3459121;-3,845747022;14405,01
18525;40,3865491;-4,2532345;46670,28
18526;40,46906985;-4,122687265;35942,13
18527;40,3622326;-4,3951023;58886,27
18528;40,30180338;-4,437483277;63492,57
18529;40,3849812;-4,250588;46460,32
18530;40,5008922;-4,2380429;46176,28
18531;40,43627836;-4,174161846;39895,4
18532;40,3246929;-4,2017534;43436,45
18533;40,25307711;-4,53519804;72809,9
18534;40,2852955;-4,3550615;57119,18
18535;40,3530719;-4,400456492;59454,37
18536;40,2878105;-4,013766;29955,29
18537;40,36245806;-4,410228748;60158,02
18538;40,4131198;-3,7496981;3932,15
18539;40,5118774;-4,2967211;51281,5
18540;40,300808;-4,1088044;36687,57
18541;40,3852899;-4,251664016;46548,46
18542;40,26003563;-4,469702794;67241,36
18543;40,52310818;-4,256847044;48271,81
18544;40,30345165;-4,44203355;63833
18545;40,5889352;-4,2662773;51280,1
18546;40,36181633;-4,336055892;53920,17
18547;40,3016713;-4,4387392;63599,82
18548;40,42330311;-3,980168298;23429,67
18549;40,3459121;-3,845747022;14405,01
18550;40,31672941;-4,465166299;65481,89
18551;40,3602606;-4,3342455;53788,45
18552;40,3139898;-4,4587338;64999,18
18553;40,3459121;-3,845747022;14405,01
18554;40,5092894;-4,2879057;50493,56
18555;40,36245806;-4,410228748;60158,02
18556;40,3459121;-3,845747022;14405,01
18557;40,36086743;-4,399608535;59282,25
18558;40,3597772;-4,330922413;53515,51
18559;40,4270592;-4,0566787;29916,21
18560;40,3459121;-3,845747022;14405,01
18561;40,3459121;-3,845747022;14405,01
18562;40,3459121;-3,845747022;14405,01
18563;40,3019091;-4,4514394;64648,84
18564;40,3597772;-4,330922413;53515,51
18565;40,3373032;-4,1319139;37352,89
18566;40,30396149;-4,002555594;28280,22
18567;40,3459121;-3,845747022;14405,01
18568;40,3459121;-3,845747022;14405,01
18569;40,3891315;-4,3735373;56817,7
18570;40,3469031;-4,0263412;28430,71
18571;40,3459121;-3,845747022;14405,01
18572;40,3459121;-3,845747022;14405,01
18573;40,28185347;-4,019201351;30680,17
18574;40,3459121;-3,845747022;14405,01
18575;40,3459121;-3,845747022;14405,01
18576;40,3459121;-3,845747022;14405,01
18577;40,3009392;-4,4437368;64031,31
18578;40,23397531;-3,992867793;31867,96
18579;40,5092694;-4,2360876;46209,51
18580;40,3459121;-3,845747022;14405,01
18581;40,30204677;-4,002349197;28360,15
18582;40,3459121;-3,845747022;14405,01
18583;40,361113;-4,4048241;59718,59
18584;40,5008922;-4,2380429;46176,28
18585;40,3851103;-4,3510217;54942,75
18586;40,3597772;-4,330922413;53515,51
18587;40,2534345;-4,0534336;34787,74
18588;40,343189;-4,1287537;36940,57
18589;40,27859903;-4,354247635;57250,73
18590;40,38907031;-4,37203058;56690,71
18591;40,31023776;-4,491818602;67833,73
18592;40,4534764;-3,6645848;5231,03
18593;40,3983438;-3,9956377;24819,44
18594;40,2582865;-3,9860338;29742,01
18595;40,2605458;-4,3484844;57363,82
18596;40,362537;-4,3979494;59122,51
18597;40,3459121;-3,845747022;14405,01
18598;40,5899248;-4,2659096;51292,09
18599;40,3899756;-4,4147675;60298,87
18600;40,34624299;-4,100659367;34544,68
18601;40,3014283;-4,4408876;63783,67
18602;40,4093721;-3,9975492;24907,16
18603;40,3890141;-4,3720451;56692,3
18604;40,51780569;-4,268226385;49069,45
18605;40,3899564;-4,2518987;46530,33
18606;40,52310818;-4,256847044;48271,81
18607;40,3904998;-4,3783552;57216,46
18608;40,3627554;-4,4002606;59314,66
18609;40,31267915;-4,463450086;65418,83
18610;40,29882474;-4,005244714;28741,88
18611;40,29466775;-4,017265844;29859,89
18612;40,3522586;-4,0253268;28189,25
18613;40,45780374;-3,705181164;4545,68
18614;40,4562859;-4,0977473;33649,9
18615;40,4249784;-4,0600627;30195,2
18616;40,3459121;-3,845747022;14405,01
18617;40,265965;-4,3521701;57480,6
18618;40,3459121;-3,845747022;14405,01
18619;40,2285552;-3,9873661;31903,57
18620;40,36344169;-4,391864175;58599,18
18621;40,36225582;-4,399476551;59254,49
18622;40,292444;-4,015716401;29857,29
18623;40,2308925;-3,9969095;32350,99
18624;40,5665077;-4,2882071;52164,92
18625;40,3640258;-4,3948029;58840
18626;40,2633888;-4,4673956;66954,92
18627;40,4290833;-4,0565378;29913,15
18628;40,2285552;-3,9873661;31903,57
18629;40,22962975;-3,99163015;32099,29
18630;40,3574333;-4,320589687;52679,7
18631;40,34715821;-4,096212654;34154,54
18632;40,3614735;-4,3985655;59187,08
18633;40,4727709;-4,1177436;35597,81
18634;40,2284593;-3,9827571;31616,99
18635;40,5540179;-4,2649938;49870,59
18636;40,3663351;-4,4068174;59826,79
18637;40,3995621;-4,2005157;42123,99
18638;40,3960251;-4,382868259;57567,64
18639;40,2926226;-4,0079641;29267,44
18640;40,3595374;-4,3341385;53789,22
18641;40,3459121;-3,845747022;14405,01
18642;40,38305679;-4,35534171;55323,73
18643;40,3904998;-4,3783552;57216,46
18644;40,3459121;-3,845747022;14405,01
18645;40,3459121;-3,845747022;14405,01
18646;40,2767816;-4,3056416;53353,96
18647;40,23358344;-3,995064498;32039,28
18648;40,3009392;-4,4437368;64031,31
18649;40,31171191;-4,458469896;65023,34
18650;40,3009392;-4,4437368;64031,31
18651;40,34627177;-4,033601737;29041,7
18652;40,3459121;-3,845747022;14405,01
18653;40,3459121;-3,845747022;14405,01
18654;40,2297183;-3,9926884;32161,22
18655;40,3459121;-3,845747022;14405,01
18656;40,5607055;-4,2648341;50087,82
18657;40,5663585;-4,266488;50422,1
18658;40,3459121;-3,845747022;14405,01
18659;40,3625;-4,3986503;59181,99
18660;40,3617379;-4,3975214;59095,96
18661;40,43150633;-4,050854527;29445,62
18662;40,5008922;-4,2380429;46176,28
18663;40,2878105;-4,013766;29955,29
18664;40,3459121;-3,845747022;14405,01
18665;40,3009392;-4,4437368;64031,31
18666;40,30180338;-4,437483277;63492,57
18667;40,3215212;-4,19936;43325,43
18668;40,2838926;-4,0185749;30523
18669;40,3459121;-3,845747022;14405,01
18670;40,3459121;-3,845747022;14405,01
18671;40,3459121;-3,845747022;14405,01
18672;40,2767816;-4,3056416;53353,96
18673;40,2878105;-4,013766;29955,29
18674;40,3459121;-3,845747022;14405,01
18675;40,3459121;-3,845747022;14405,01
18676;40,3459121;-3,845747022;14405,01
18677;40,2842715;-4,0063568;29600,54
18678;40,36611547;-4,408147113;59941,3
18679;40,3009392;-4,4437368;64031,31
18680;40,4972758;-4,067504;32064,69
18681;40,28624163;-4,012955095;29979,44
18682;40,3239769;-4,2022107;43493,17
18683;40,2793095;-4,352322;57072,05
18684;40,31643269;-4,468403554;65757,9
18685;40,33831282;-4,132695939;37390,57
18686;40,3617379;-4,3975214;59095,96
18687;40,3642804;-4,3480146;54895,64
18688;40,2737539;-4,3445857;56613,5
18689;40,3904998;-4,3783552;57216,46
18690;40,3863666;-4,2508402;46469,62
18691;40,3597772;-4,330922413;53515,51
18692;40,3459121;-3,845747022;14405,01
18693;40,3459121;-3,845747022;14405,01
18694;40,23397531;-3,992867793;31867,96
18695;40,3459121;-3,845747022;14405,01
18696;40,3453431;-4,1026671;34733,32
18697;40,3459121;-3,845747022;14405,01
18698;40,3459121;-3,845747022;14405,01
18699;40,3490255;-4,1005664;34467,22
18700;40,2878105;-4,013766;29955,29
18701;40,50208397;-4,231955037;45698,85
18702;40,4001962;-3,6869016;2334,18
18703;40,3459121;-3,845747022;14405,01
18704;40,36948942;-4,340861394;54231,84
18705;40,3459121;-3,845747022;14405,01
18706;40,3459121;-3,845747022;14405,01
18707;40,3242929;-4,205133624;43725,34
18708;40,30117511;-4,442232036;63901,04
18709;40,3459121;-3,845747022;14405,01
18710;40,3617379;-4,3975214;59095,96
18711;40,5118855;-4,298037385;51390,65
18712;40,3459121;-3,845747022;14405,01
18713;40,4265569;-4,0574286;29977,71
18714;40,3459121;-3,845747022;14405,01
18715;40,29207443;-4,012739476;29653,31
18716;40,292444;-4,015716401;29857,29
18717;40,3459121;-3,845747022;14405,01
18718;40,22684883;-3,987515266;32038,2
18719;40,3242923;-4,2051297;43725,04
18720;40,3459121;-3,845747022;14405,01
18721;40,3459121;-3,845747022;14405,01
18722;40,4340967;-3,9791231;23406,49
18723;40,3459121;-3,845747022;14405,01
18724;40,3459121;-3,845747022;14405,01
18725;40,29980157;-4,442405508;63946,99
18726;40,23397531;-3,992867793;31867,96
18727;40,2268808;-4,0013789;32928,27
18728;40,23397531;-3,992867793;31867,96
18729;40,3242923;-4,2051297;43725,04
18730;40,4866653;-4,1720225;40392,47
18731;40,3459121;-3,845747022;14405,01
18732;40,5119709;-4,2964265;51259,22
18733;40,3605232;-4,3306681;53484,03
18734;40,51136877;-4,294762422;51107,89
18735;40,4744972;-3,5773117;12450,92
18736;40,3594413;-4,3343775;53810,63
18737;40,3459121;-3,845747022;14405,01
18738;40,26003563;-4,469702794;67241,36
18739;40,3459121;-3,845747022;14405,01
18740;40,3014283;-4,4408876;63783,67
18741;40,3459121;-3,845747022;14405,01
18742;40,382419;-4,2091136;42984,82
18743;40,5259144;-4,2624999;48811,17
18744;40,3515912;-4,054717;30620,42
18745;40,5101466;-4,2535365;47670,72
18746;40,5114657;-4,2959261;51206,42
18747;40,3904998;-4,3783552;57216,46
18748;40,3617379;-4,3975214;59095,96
18749;40,3459121;-3,845747022;14405,01
18750;40,3459121;-3,845747022;14405,01
18751;40,26264569;-4,348374418;57283,76
18752;40,5122199;-4,3001723;51574,93
18753;40,30279625;-3,944813601;24063,92
18754;40,42416863;-4,053517942;29639,02
18755;40,2683457;-4,349477;57184,37
18756;40,3809556;-4,2068292;42807,52
18757;40,51878342;-4,249273701;47535,48
18758;40,5069612;-4,274862;49361,32
18759;40,3945996;-4,2086739;42844,05
18760;40,28912282;-4,000005831;28865,01
18761;40,2767816;-4,3056416;53353,96
18762;40,46858944;-4,125440069;36163,66
18763;40,5116096;-4,2480908;47256,63
18764;40,4340169;-4,1743941;39902,94
18765;40,346824;-4,1288822;36862,63
18766;40,2297183;-3,9926884;32161,22
18767;40,360755;-4,3256357;53057,66
18768;40,3628779;-4,3968127;59022,72
18769;40,38356517;-4,351867691;55026,19
18770;40,3447061;-4,1027613;34757,54
18771;40,40291204;-4,001653571;25289,8
18772;40,3459121;-3,845747022;14405,01
18773;40,3415121;-4,4015869;59721,39
18774;40,4284467;-4,0581352;30045,28
18775;40,3633288;-4,2792691;49123,77
18776;40,3009392;-4,4437368;64031,31
18777;40,4704957;-4,1226236;35962,35
18778;40,3459121;-3,845747022;14405,01
18779;40,2692571;-4,3455604;56836,96
18780;40,566331;-4,266194;50397,63
18781;40,41274995;-4,00157725;25237,63
18782;40,2627188;-4,4657241;66837,34
18783;40,36005625;-4,405096139;59754,29
18784;40,3018212;-4,4548946;64937,8
18785;40,489624;-4,1635381;39752,9
18786;40,49421297;-4,239152032;46126,29
18787;40,3348455;-4,2180674;44532,35
18788;40,3009392;-4,4437368;64031,31
18789;40,36165748;-4,392550653;58678,24
18790;40,2761752;-4,3572888;57572,66
18791;40,394254;-4,3829608;57584,52
18792;40,29882474;-4,005244714;28741,88
18793;40,2829833;-4,008706721;29844,79
18794;40,3459121;-3,845747022;14405,01
18795;40,51063715;-4,2641955;48562,79
18796;40,4001962;-3,6869016;2334,18
18797;40,3459121;-3,845747022;14405,01
18798;40,4551891;-3,6929164;4346,51
18799;40,3597772;-4,330922413;53515,51
18800;40,40291204;-4,001653571;25289,8
18801;40,3610812;-4,4029701;59562,8
18802;40,26676235;-4,345974556;56952,25
18803;40,3897242;-4,3843845;57731,1
18804;40,2866415;-4,0093124;29688,04
18805;40,2286845;-3,9926425;32232,93
18806;40,3791764;-4,2094301;43046,22
18807;40,39022926;-4,3627614;55899,56
18808;40,3459121;-3,845747022;14405,01
18809;40,23397531;-3,992867793;31867,96
18810;40,2297183;-3,9926884;32161,22
18811;40,3459121;-3,845747022;14405,01
18812;40,5034401;-4,2339114;45891,71
18813;40,3009392;-4,4437368;64031,31
18814;40,3459121;-3,845747022;14405,01
18815;40,3459121;-3,845747022;14405,01
18816;40,3009392;-4,4437368;64031,31
18817;40,3014283;-4,4408876;63783,67
18818;40,3459121;-3,845747022;14405,01
18819;40,3459121;-3,845747022;14405,01
18820;40,2918259;-4,0184531;30094,77
18821;40,3595374;-4,3341385;53789,22
18822;40,3459121;-3,845747022;14405,01
18823;40,42885492;-3,980536471;23486,58
18824;40,3459121;-3,845747022;14405,01
18825;40,48891118;-4,170529416;40316,67
18826;40,3459121;-3,845747022;14405,01
18827;40,2338813;-3,997775;32195,87
18828;40,2852359;-4,0216794;30681,56
18829;40,3459121;-3,845747022;14405,01
18830;40,40201644;-3,998619577;25039,99
18831;40,3459121;-3,845747022;14405,01
18832;40,27188362;-4,356667793;57655,39
18833;40,3459121;-3,845747022;14405,01
18834;40,3459121;-3,845747022;14405,01
18835;40,22930405;-3,9929575;32208,49
18836;40,388088;-4,2534929;46679,5
18837;40,3009392;-4,4437368;64031,31
18838;40,3459121;-3,845747022;14405,01
18839;40,3617379;-4,3975214;59095,96
18840;40,3906158;-3,8337612;11409,7
18841;40,2918259;-4,0184531;30094,77
18842;40,560849;-3,8971998;22897,84
18843;40,39134838;-4,380952736;57431
18844;40,3459121;-3,845747022;14405,01
18845;40,35073791;-4,025318009;28232,45
18846;40,5123971;-4,2456481;47074,6
18847;40,3242923;-4,2051297;43725,04
18848;40,3242923;-4,2051297;43725,04
18849;40,3772157;-4,2104342;43153,24
18850;40,2878105;-4,013766;29955,29
18851;40,5137449;-4,2957587;51244,36
18852;40,28555713;-4,014929575;30162,8
18853;40,3798314;-4,205819;42734,6
18854;40,48597848;-4,171493083;40334,1
18855;40,2608326;-4,3484198;57348,83
18856;40,3774343;-4,2198892;43947,27
18857;40,29720307;-4,105709281;36587,03
18858;40,2981321;-4,1107557;36948,35
18859;40,3459121;-3,845747022;14405,01
18860;40,3459121;-3,845747022;14405,01
18861;40,3459121;-3,845747022;14405,01
18862;40,2866401;-4,0063368;29468,29
18863;40,3604268;-4,271018;48472,02
18864;40,2898375;-4,0195369;30279,15
18865;40,419822;-4,1991775;41961,24
18866;40,405536;-3,997736;24941,73
18867;40,30327665;-4,4472041;64266,41
18868;40,2918259;-4,0184531;30094,77
18869;40,2918259;-4,0184531;30094,77
18870;40,3904998;-4,3783552;57216,46
18871;40,3625;-4,3986503;59181,99
18872;40,3459121;-3,845747022;14405,01
18873;40,29726948;-4,111065698;37007,47
18874;40,3459121;-3,845747022;14405,01
18875;40,2297183;-3,9926884;32161,22
18876;40,3459121;-3,845747022;14405,01
18877;40,22715146;-3,992508148;32335,48
18878;40,30158628;-4,003530644;28472,66
18879;40,32431574;-4,200454745;43339,62
18880;40,3459121;-3,845747022;14405,01
18881;40,3459121;-3,845747022;14405,01
18882;40,3459121;-3,845747022;14405,01
18883;40,51136877;-4,294762422;51107,89
18884;40,3459121;-3,845747022;14405,01
18885;40,3459121;-3,845747022;14405,01
18886;40,31938834;-4,192396177;42813,79
18887;40,3509667;-4,025832;28267,82
18888;40,5957043;-4,2579376;50913,46
18889;40,3459121;-3,845747022;14405,01
18890;40,19287766;-3,782476136;25798,77
18891;40,3459121;-3,845747022;14405,01
18892;40,3459121;-3,845747022;14405,01
18893;40,28343172;-4,020082573;30659,67
18894;40,48691581;-4,171634648;40365,55
18895;40,2598329;-4,0533823;34416,29
18896;40,5437875;-4,1726776;42112,22
18897;40,3160378;-4,4596572;65035,56
18898;40,2767816;-4,3056416;53353,96
18899;40,3847329;-4,2517749;46562,74
18900;40,2609582;-4,4662557;66932,16
18901;40,3459121;-3,845747022;14405,01
18902;40,3600139;-4,2797848;49214,36
18903;40,53966813;-4,162515804;41150,36
18904;40,23397531;-3,992867793;31867,96
18905;40,5184506;-4,251902051;47742,8
18906;40,49959897;-4,237459788;46099,5
18907;40,2869931;-4,0155355;30130,59
18908;40,3459121;-3,845747022;14405,01
18909;40,4210082;-4,2003858;42064,36
18910;40,36316535;-4,330520283;53436,89
18911;40,3595374;-4,3341385;53789,22
18912;40,3459121;-3,845747022;14405,01
18913;40,507169;-4,2749871;49376,3
18914;40,3849812;-4,250588;46460,32
18915;40,26462897;-4,351592366;57477,89
18916;40,3863666;-4,2508402;46469,62
18917;40,538631;-4,1579732;40749,93
18918;40,47213;-4,1222683;35962,84
18919;40,5132045;-4,2965509;51297,51
18920;40,2667907;-4,346328;56979,95
18921;40,31466417;-4,201913013;43729,32
18922;40,3459121;-3,845747022;14405,01
18923;40,38429205;-4,254189873;46770,56
18924;40,39861042;-3,994555828;24725,65
18925;40,5008922;-4,2380429;46176,28
18926;40,233973;-3,9928437;31866,55
18927;40,2272317;-3,9935274;32395,18
18928;40,5042304;-4,2324078;45785,62
18929;40,2829833;-4,008706721;29844,79
18930;40,4185797;-4,1985381;41906,67
18931;40,23397531;-3,992867793;31867,96
18932;40,39148471;-4,379353705;57294,96
18933;40,3464962;-4,1020953;34656,69
18934;40,2794063;-4,354056;57210,71
18935;40,3459121;-3,845747022;14405,01
18936;40,2609582;-4,4662557;66932,16
18937;40,28113546;-4,021707536;30904,59
18938;40,46822344;-4,121470174;35825,6
18939;40,2609582;-4,4662557;66932,16
18940;40,2609582;-4,4662557;66932,16
18941;40,3459121;-3,845747022;14405,01
18942;40,3459121;-3,845747022;14405,01
18943;40,3459121;-3,845747022;14405,01
18944;40,3459121;-3,845747022;14405,01
18945;40,3459121;-3,845747022;14405,01
18946;40,5114657;-4,2959261;51206,42
18947;40,3239857;-4,2048521;43710,32
18948;40,419822;-4,1991775;41961,24
18949;40,3617379;-4,3975214;59095,96
18950;40,3763198;-4,0250436;27599,51
18951;40,56495066;-4,26873553;50550,88
18952;40,2313416;-3,9946828;32173,97
18953;40,26436468;-4,46912688;67068,83
18954;40,29882474;-4,005244714;28741,88
18955;40,5407587;-4,1592651;40931,41
18956;40,4281307;-3,6226484;6958,3
18957;40,2315299;-3,9930289;32053,04
18958;40,5650043;-4,2805168;51495,78
18959;40,44774181;-4,153297475;38221,84
18960;40,31404373;-4,457793252;64919,66
18961;40,5169063;-4,2662842;48886,99
18962;40,34627177;-4,033601737;29041,7
18963;40,5394931;-4,166392;41453,45
18964;40,36157264;-4,400542903;59352,45
18965;40,39148471;-4,379353705;57294,96
18966;40,51401744;-4,295288871;51211,78
18967;40,405536;-3,997736;24941,73
18968;40,3960251;-4,382868259;57567,64
18969;40,2297183;-3,9926884;32161,22
18970;40,2606747;-4,349187867;57416,25
18971;40,2875853;-3,9484047;25248,75
18972;40,2861458;-4,0074142;29574,9
18973;40,3009392;-4,4437368;64031,31
18974;40,4039496;-3,999662;25114,41
18975;40,4857131;-4,1708259;40273,15
18976;40,26273503;-4,464689432;66752,11
18977;40,28713821;-4,016372726;30185,12
18978;40,3193928;-4,1949381;43022,02
18979;40,2781673;-4,3066607;53391,32
18980;40,2299395;-3,9803218;31353,11
18981;40,50910743;-4,299297783;51433,59
18982;40,3597772;-4,330922413;53515,51
18983;40,2769071;-4,3033121;53161,05
18984;40,2853356;-4,0217676;30682,82
18985;40,3628987;-4,3392847;54177,95
18986;40,3482411;-4,0526147;30539,24
18987;40,3623368;-4,3339338;53734,84
18988;40,2993198;-4,4417674;63905,22
18989;40,36230823;-4,338110299;54086,67
18990;40,26676235;-4,345974556;56952,25
18991;40,26562994;-4,346055405;56996,28
18992;40,29914849;-4,432948606;63178,02
18993;40,3459121;-3,845747022;14405,01
18994;40,53966813;-4,162515804;41150,36
18995;40,5184506;-4,251902051;47742,8
18996;40,2935104;-4,0120646;29527,99
18997;40,3459121;-3,845747022;14405,01
18998;40,35965791;-4,323037102;52854,1
18999;40,2993102;-3,9838233;27113,92
19000;40,28969042;-4,017635585;30144,46
19001;40,3628779;-4,3968127;59022,72
19002;40,30123805;-3,977972309;26576,01
19003;40,29229469;-4,014404891;29766,62
19004;40,29229469;-4,014404891;29766,62
19005;40,29229469;-4,014404891;29766,62
19006;40,2723229;-4,3024313;53243,07
19007;40,29229469;-4,014404891;29766,62
19008;40,3459121;-3,845747022;14405,01
19009;40,51030819;-4,253880917;47703,02
19010;40,29229469;-4,014404891;29766,62
19011;40,29229469;-4,014404891;29766,62
19012;40,2295442;-3,9931342;32202,58
19013;40,3459121;-3,845747022;14405,01
19014;40,3459121;-3,845747022;14405,01
19015;40,3459121;-3,845747022;14405,01
19016;40,2295442;-3,9931342;32202,58
19017;40,3447061;-4,1027613;34757,54
19018;40,42715561;-4,056871779;29932,93
19019;40,3822031;-4,2110144;43147,35
19020;40,35960376;-4,334227712;53795,82
19021;40,23397531;-3,992867793;31867,96
19022;40,4974406;-4,2388652;46169,61
19023;40,35655939;-4,322942824;52890,01
19024;40,3459121;-3,845747022;14405,01
19025;40,42921535;-4,051807568;29513,8
19026;40,5073209;-4,2742503;49318,65
19027;40,4271186;-4,0555735;29822,96
19028;40,424466;-4,0573988;29968,27
19029;40,4243718;-4,0573866;29966,96
19030;40,2769071;-4,3033121;53161,05
19031;40,424466;-4,0573988;29968,27
19032;40,3530236;-4,026945;28300,16
19033;40,3551226;-4,064096;31303,34
19034;40,3022139;-4,4459351;64184,86
19035;40,2070089;-3,8305585;25708,8
19036;40,2725951;-4,2956725;52687,98
19037;40,2863723;-4,012033;29904,05
19038;40,29384884;-4,016715215;29860,13
19039;40,5497572;-4,1820812;43083,75
19040;40,5165414;-3,774677268;12604,89
19041;40,51301079;-4,24819656;47299,83
19042;40,3459121;-3,845747022;14405,01
19043;40,3026556;-4,4486754;64402,52
19044;40,46796871;-4,122771195;35929,89
19045;40,40736657;-3,999965077;25120,42
19046;40,36059654;-4,400610662;59369,94
19047;40,34740325;-4,03201278;28877,99
19048;40,348683;-4,0241984;28201,94
19049;40,4392668;-4,0591185;30201,04
19050;40,59485873;-4,259313929;50984,33
19051;40,30022819;-4,11336067;37071,83
19052;40,3785528;-4,3466636;54629,27
19053;40,3459121;-3,845747022;14405,01
19054;40,35720266;-4,32654698;53183,58
19055;40,449412;-3,7021666;3612,23
19056;40,30221644;-4,445937987;64185,05
19057;40,3550421;-4,34325815;54618,75
19058;40,3876534;-3,6285053;7138,55
19059;40,2842378;-4,0123439;30043,3
19060;40,3459121;-3,845747022;14405,01
19061;40,3459121;-3,845747022;14405,01
19062;40,5008922;-4,2380429;46176,28
19063;40,29334683;-4,010290736;29403,51
19064;40,3459121;-3,845747022;14405,01
19065;40,29905112;-4,111594608;36978,17
19066;40,3459121;-3,845747022;14405,01
19067;40,5271021;-4,2605624;48685,08
19068;40,2894974;-4,0147022;29935,39
19069;40,3904998;-4,3783552;57216,46
19070;40,36225582;-4,399476551;59254,49
19071;40,4086268;-3,9970381;24867
19072;40,34649206;-4,061707903;31333,98
19073;40,36296945;-4,399634792;59259,42
19074;40,30158628;-4,003530644;28472,66
19075;40,2847199;-4,007153;29634,21
19076;40,298119;-3,9851205;27274,36
19077;40,30373321;-4,004335515;28426,68
19078;40,30378466;-4,003466672;28358,15
19079;40,29229469;-4,014404891;29766,62
19080;40,29229469;-4,014404891;29766,62
19081;40,29229469;-4,014404891;29766,62
19082;40,22650272;-3,98416434;31850,89
19083;40,3643283;-4,3984997;59148,06
19084;40,30326791;-4,002035491;28275,26
19085;40,29229469;-4,014404891;29766,62
19086;40,29229469;-4,014404891;29766,62
19087;40,4017355;-3,9985566;25036,81
19088;40,40171365;-3,99878375;25056,16
19089;40,40171365;-3,99878375;25056,16
19090;40,4017355;-3,9985566;25036,81
19091;40,4017355;-3,9985566;25036,81
19092;40,31855687;-4,1266122;37476,22
19093;40,38151795;-4,223479591;44205,7
19094;40,29229469;-4,014404891;29766,62
19095;40,29229469;-4,014404891;29766,62
19096;40,29229469;-4,014404891;29766,62
19097;40,29229469;-4,014404891;29766,62
19098;40,3447133;-4,102829806;34763
19099;40,2923197;-4,0139163;29728,69
19100;40,2923197;-4,0139163;29728,69
19101;40,34860754;-4,128201487;36764,31
19102;40,5101466;-4,2535365;47670,72
19103;40,29587581;-3,996505739;28240,6
19104;40,29587581;-3,996505739;28240,6
19105;40,29587581;-3,996505739;28240,6
19106;40,29587581;-3,996505739;28240,6
19107;40,2955274;-3,996299;28243,75
19108;40,29587581;-3,996505739;28240,6
19109;40,29587581;-3,996505739;28240,6
19110;40,29587581;-3,996505739;28240,6
19111;40,29587581;-3,996505739;28240,6
19112;40,3459121;-3,845747022;14405,01
19113;40,29074466;-4,019812428;30252,72
19114;40,3459121;-3,845747022;14405,01
19115;40,4230354;-3,9782939;23270,23
19116;40,5716832;-4,23377;48025,82
19117;40,53966813;-4,162515804;41150,36
19118;40,3459121;-3,845747022;14405,01
19119;40,29569931;-3,994639306;28111,11
19120;40,29569931;-3,994639306;28111,11
19121;40,30158628;-4,003530644;28472,66
19122;40,29569931;-3,994639306;28111,11
19123;40,29569931;-3,994639306;28111,11
19124;40,29569931;-3,994639306;28111,11
19125;40,29569931;-3,994639306;28111,11
19126;40,29820356;-3,984972071;27258,79
19127;40,4663966;-4,1282626;36362,41
19128;40,29093547;-4,014637313;29854,92
19129;40,30742779;-4,000573047;27959,23
19130;40,2829833;-4,008706721;29844,79
19131;40,29334683;-4,010290736;29403,51
19132;40,30742779;-4,000573047;27959,23
19133;40,2878105;-4,013766;29955,29
19134;40,4250775;-4,0550192;29768,76
19135;40,4250775;-4,0550192;29768,76
19136;40,4015787;-3,9949263;24731,38
19137;40,4250775;-4,0550192;29768,76
19138;40,2288069;-3,9848454;31724,21
19139;40,29820356;-3,984972071;27258,79
19140;40,4015787;-3,9949263;24731,38
19141;40,3595374;-4,3341385;53789,22
19142;40,29882474;-4,005244714;28741,88
19143;40,29882474;-4,005244714;28741,88
19144;40,29882474;-4,005244714;28741,88
19145;40,29882474;-4,005244714;28741,88
19146;40,29882474;-4,005244714;28741,88
19147;40,29882474;-4,005244714;28741,88
19148;40,29882474;-4,005244714;28741,88
19149;40,29882474;-4,005244714;28741,88
19150;40,29882474;-4,005244714;28741,88
19151;40,29882474;-4,005244714;28741,88
19152;40,29882474;-4,005244714;28741,88
19153;40,2932535;-4,012555;29578,1
19154;40,4043103;-3,9993244;25083,53
19155;40,5327738;-3,6424208;13878,11
19156;40,3459121;-3,845747022;14405,01
19157;40,2863106;-4,0128472;29967,72
19158;40,3625;-4,3986503;59181,99
19159;40,3459121;-3,845747022;14405,01
19160;40,3459121;-3,845747022;14405,01
19161;40,28588751;-4,01316627;30014,26
19162;40,3459121;-3,845747022;14405,01
19163;40,3459121;-3,845747022;14405,01
19164;40,3459121;-3,845747022;14405,01
19165;40,3215212;-4,19936;43325,43
19166;40,2988221;-4,1205828;37700,18
19167;40,3239769;-4,2022107;43493,17
19168;40,3239769;-4,2022107;43493,17
19169;40,3215212;-4,19936;43325,43
19170;40,2361889;-3,9949358;31846,87
19171;40,35996418;-4,319914435;52587,34
19172;40,3459121;-3,845747022;14405,01
19173;40,5008922;-4,2380429;46176,28
19174;40,44945502;-3,70215771;3617,03
19175;40,3459121;-3,845747022;14405,01
19176;40,4906688;-4,231525301;45420,83
19177;40,28481119;-4,011174547;29925,58
19178;40,3459121;-3,845747022;14405,01
19179;40,5008922;-4,2380429;46176,28
19180;40,34172813;-4,128125071;36925,48
19181;40,50597687;-4,23518132;46055,75
19182;40,52027069;-4,246823781;47373,56
19183;40,5008922;-4,2380429;46176,28
19184;40,5008922;-4,2380429;46176,28
19185;40,29882474;-4,005244714;28741,88
19186;40,29163827;-4,021046624;30299,43
19187;40,2814853;-4,0145598;30358,17
19188;40,30221644;-4,445937987;64185,05
19189;40,507169;-4,2749871;49376,3
19190;40,5004193;-4,238112735;46171,62
19191;40,2767816;-4,3056416;53353,96
19192;40,30177755;-3,97666207;26449,74
19193;40,28662609;-4,006374867;29471,87
19194;40,30122628;-3,975142504;26367,1
19195;40,29882474;-4,005244714;28741,88
19196;40,2993294;-3,97807105;26686,98
19197;40,2993102;-3,9838233;27113,92
19198;40,2812188;-3,794692263;16954,43
19199;40,3459121;-3,845747022;14405,01
19200;40,3459121;-3,845747022;14405,01
19201;40,26873787;-4,345554453;56853,39
19202;40,3096324;-4,4906238;67746,18
19203;40,4001962;-3,6869016;2334,18
19204;40,3459121;-3,845747022;14405,01
19205;40,3459121;-3,845747022;14405,01
19206;40,3459121;-3,845747022;14405,01
19207;40,3459121;-3,845747022;14405,01
19208;40,38416843;-4,252855157;46658,99
19209;40,3595374;-4,3341385;53789,22
19210;40,30141632;-4,442543514;63921,38
19211;40,3459121;-3,845747022;14405,01
19212;40,3459121;-3,845747022;14405,01
19213;40,2838926;-4,0185749;30523
19214;40,3239769;-4,2022107;43493,17
19215;40,3459121;-3,845747022;14405,01
19216;40,3009392;-4,4437368;64031,31
19217;40,3617379;-4,3975214;59095,96
19218;40,2297183;-3,9926884;32161,22
19219;40,5152827;-4,29770645;51440,98
19220;40,56085011;-4,265566375;50151,59
19221;40,2297183;-3,9926884;32161,22
19222;40,2297183;-3,9926884;32161,22
19223;40,3036964;-4,44087755;63731,5
19224;40,3459121;-3,845747022;14405,01
19225;40,2297183;-3,9926884;32161,22
19226;40,3459121;-3,845747022;14405,01
19227;40,3849812;-4,250588;46460,32
19228;40,3459121;-3,845747022;14405,01
19229;40,3617379;-4,3975214;59095,96
19230;40,3617379;-4,3975214;59095,96
19231;40,26240709;-4,466564066;66915,18
19232;40,2641871;-4,4686304;67033,2
19233;40,2627291;-4,4663682;66889,8
19234;40,3161741;-4,4598258;65046,95
19235;40,3161741;-4,4598258;65046,95
19236;40,5008922;-4,2380429;46176,28
19237;40,424466;-4,0573988;29968,27
19238;40,44001855;-3,67567535;3484,29
19239;40,35978139;-4,401261671;59434,75
19240;40,4012973;-3,9951133;24749,4
19241;40,3242923;-4,2051297;43725,04
19242;40,4271186;-4,0555735;29822,96
19243;40,3009392;-4,4437368;64031,31
19244;40,3594722;-4,32670555;53165,1
19245;40,3595374;-4,3341385;53789,22
19246;40,23422818;-3,991544622;31763,68
19247;40,35259848;-4,023593961;28037,63
19248;40,2275899;-3,99659825;32567,38
19249;40,23397531;-3,992867793;31867,96
19250;40,51878342;-4,249273701;47535,48
19251;40,3459121;-3,845747022;14405,01
19252;40,2269846;-4,3222046;56543,29
19253;40,22620922;-3,998638282;32798,77
19254;40,3367986;-4,1299313;37203,29
19255;40,5130034;-4,2432462;46891,77
19256;40,34410375;-4,103971847;34872,95
19257;40,33916797;-4,13156814;37275,3
19258;40,53966813;-4,162515804;41150,36
19259;40,26273503;-4,464689432;66752,11
19260;40,26211911;-4,348759121;57332,62
19261;40,2769071;-4,3033121;53161,05
19262;40,26003563;-4,469702794;67241,36
19263;40,3459121;-3,845747022;14405,01
19264;40,3459121;-3,845747022;14405,01
19265;40,3459121;-3,845747022;14405,01
19266;40,3459121;-3,845747022;14405,01
19267;40,3459121;-3,845747022;14405,01
19268;40,4689215;-4,124348049;36078,23
19269;40,3459121;-3,845747022;14405,01
19270;40,3459121;-3,845747022;14405,01
19271;40,4271186;-4,0555735;29822,96
19272;40,4256057;-4,0574941;29979,88
19273;40,34378168;-4,029279383;28766,98
19274;40,34660898;-4,024918667;28323,92
19275;40,2297183;-3,9926884;32161,22
19276;40,5008922;-4,2380429;46176,28
19277;40,5008922;-4,2380429;46176,28
19278;40,3459121;-3,845747022;14405,01
19279;40,43355861;-4,172255987;39719,9
19280;40,5957043;-4,2579376;50913,46
19281;40,3757926;-3,9827582;24085,22
19282;40,2863723;-4,012033;29904,05
19283;40,4803633;-3,7230226;7242,47
19284;40,2932731;-4,0094192;29342,1
19285;40,3087821;-4,4929065;67953,65
19286;40,3624748;-4,3363057;53932,66
19287;40,34918865;-4,028571201;28543,84
19288;40,34905847;-4,058763702;31021,36
19289;40,3459121;-3,845747022;14405,01
19290;40,3549225;-4,0638942;31291,6
19291;40,30889473;-4,433833808;63031,51
19292;40,323879;-4,20465107;43696,62
19293;40,51878342;-4,249273701;47535,48
19294;40,3453772;-4,1039944;34841,89
19295;40,23397531;-3,992867793;31867,96
19296;40,5101466;-4,2535365;47670,72
19297;40,2313272;-3,9928384;32055,21
19298;40,35968251;-4,331528335;53567,75
19299;40,4304753;-3,9843145;23816,3
19300;40,228792;-3,992083;32189,1
19301;40,23243833;-3,987327987;31618,76
19302;40,5008922;-4,2380429;46176,28
19303;40,3459121;-3,845747022;14405,01
19304;40,4271062;-4,252479125;46483,52
19305;40,4995366;-4,2393427;46254,26
19306;40,41980395;-4,198993878;41945,68
19307;40,5211235;-4,2632169;48742,21
19308;40,35195229;-4,021897214;27917,34
19309;40,4105214;-3,998773;25006,52
19310;40,51121;-4,2628462;48464,85
19311;40,2291773;-3,9887551;31947,14
19312;40,3549511;-4,0636134;31267,7
19313;40,23281462;-3,992364424;31917,93
19314;40,2291646;-4,003501;32904,38
19315;40,22650272;-3,98416434;31850,89
19316;40,2297183;-3,9926884;32161,22
19317;40,2291773;-3,9887551;31947,14
19318;40,23208786;-3,989177548;31763,48
19319;40,3651784;-4,343517463;54505,97
19320;40,3640504;-4,338456;54093,67
19321;40,3239769;-4,2022107;43493,17
19322;40,31171191;-4,458469896;65023,34
19323;40,3660973;-4,3415042;54325,33
19324;40,233973;-3,9928437;31866,55
19325;40,3605917;-4,398164816;59164,02
19326;40,3459121;-3,845747022;14405,01
19327;40,2316506;-3,9859593;31587,73
19328;40,23131007;-3,999250052;32474,19
19329;40,23397531;-3,992867793;31867,96
19330;40,3509667;-4,025832;28267,82
19331;40,3459121;-3,845747022;14405,01
19332;40,3459121;-3,845747022;14405,01
19333;40,36316535;-4,330520283;53436,89
19334;40,29587581;-3,996505739;28240,6
19335;40,29587581;-3,996505739;28240,6
19336;40,29587581;-3,996505739;28240,6
19337;40,3461616;-4,1059929;34986,79
19338;40,22981815;-3,992518406;32143,04
19339;40,3439266;-4,10455999;34926,03
19340;40,2526923;-4,052922;34794,17
19341;40,2845416;-4,0167304;30351,19
19342;40,2993294;-3,97807105;26686,98
19343;40,2990295;-4,0042234;28654,48
19344;40,51625328;-4,247035072;47285,93
19345;40,292444;-4,015716401;29857,29
19346;40,30373321;-4,004335515;28426,68
19347;40,29117506;-4,010383792;29524,47
19348;40,30056139;-3,980255421;26781,82
19349;40,30296763;-4,000549504;28177,74
19350;40,29857937;-3,976881066;26640,35
19351;40,28297768;-4,007598458;29763,76
19352;40,43330663;-3,980005224;23474,08
19353;40,4277422;-3,9801037;23443,53
19354;40,5008922;-4,2380429;46176,28
19355;40,29384884;-4,016715215;29860,13
19356;40,29901956;-3,979240828;26790,31
19357;40,507932;-3,8781526;17906,02
19358;40,5165414;-3,774677268;12604,89
19359;40,2901575;-4,0125006;29736,21
19360;40,2297183;-3,9926884;32161,22
19361;40,2734497;-4,355767;57532,95
19362;40,5212407;-4,2615092;48604,98
19363;40,29381706;-4,013594892;29627,03
19364;40,2721744;-4,3552349;57529,64
19365;40,3459121;-3,845747022;14405,01
19366;40,3617379;-4,3975214;59095,96
19367;40,232905;-4,0030256;32610,1
19368;40,3459121;-3,845747022;14405,01
19369;40,3459121;-3,845747022;14405,01
19370;40,3459121;-3,845747022;14405,01
19371;40,2291773;-3,9887551;31947,14
19372;40,5005062;-4,2381823;46179,3
19373;40,30727451;-4,001323074;28023,89
19374;40,40971682;-3,997765519;24924,14
19375;40,2863888;-4,0117896;29885,12
19376;40,4257685;-4,0579639;30020,18
19377;40,3463524;-4,10050935;34529,51
19378;40,3476948;-4,0283063;28566,82
19379;40,3631073;-4,3338707;53719,61
19380;40,4038259;-4,0001252;25154,38
19381;40,2331584;-3,9856235;31456,78
19382;40,3378069;-4,1330053;37429,37
19383;40,3368148;-4,1299456;37204,03
19384;40,29954914;-3,983692724;27091,38
19385;40,4024239;-3,9923828;24510,02
19386;40,34579036;-4,026907063;28511,11
19387;40,3459121;-3,845747022;14405,01
19388;40,3368148;-4,1299456;37204,03
19389;40,35054541;-4,032297556;28809,09
19390;40,34878415;-4,0265452;28390,41
19391;40,34759849;-4,054485223;30710,66
19392;40,34758725;-4,127866011;36760,41
19393;40,343189;-4,1287537;36940,57
19394;40,4127904;-3,9976643;24906,32
19395;40,4036788;-4,003722695;25459,43
19396;40,3441105;-4,1039384;34870,02
19397;40,3489569;-4,0262436;28360,63
19398;40,34543077;-4,031989431;28935,98
19399;40,3459121;-3,845747022;14405,01
19400;40,4018807;-4,0008212;25227,01
19401;40,34978236;-4,031570975;28771,66
19402;40,3380124;-4,1336286;37475,28
19403;40,35259848;-4,023593961;28037,63
19404;40,29963989;-3,976903089;26583,75
19405;40,28610813;-4,022944315;30729,6
19406;40,3443705;-4,0320462;28973,43
19407;40,28794595;-4,012856429;29880,41
19408;40,3414352;-4,0301608;28913,74
19409;40,30373321;-4,004335515;28426,68
19410;40,28880533;-4,012587997;29814,52
19411;40,43079401;-4,055856584;29864,37
19412;40,5129938;-4,2934927;51039,69
19413;40,35144616;-4,002979998;26388,52
19414;40,3459121;-3,845747022;14405,01
19415;40,5008922;-4,2380429;46176,28
19416;40,3459121;-3,845747022;14405,01
19417;40,2850889;-4,014244127;30137,38
19418;40,4291749;-3,9804271;23479,31
19419;40,5085553;-4,24674;47071,59
19420;40,29820356;-3,984972071;27258,79
19421;40,5119531;-4,2422451;46783,15
19422;40,4024246;-3,9923723;24509,13
19423;40,4024885;-3,9918916;24468,04
19424;40,43070082;-4,053168738;29636,64
19425;40,4265569;-4,0574286;29977,71
19426;40,405531;-4,000627;25186,21
19427;40,28434711;-4,014933271;30228,68
19428;40,4024295;-3,9970789;24906,74
19429;40,4055761;-4,001437;25254,44
19430;40,30122628;-3,975142504;26367,1
19431;40,29857937;-3,976881066;26640,35
19432;40,3454699;-4,0296865;28747,26
19433;40,34694957;-4,02690532;28475,25
19434;40,2864699;-4,0164271;30224,88
19435;40,3574936;-4,0047678;26356,35
19436;40,2926232;-4,0106312;29466,8
19437;40,2926221;-4,0102307;29436,89
19438;40,3488455;-4,028098119;28515,37
19439;40,28343172;-4,020082573;30659,67
19440;40,2993294;-3,97807105;26686,98
19441;40,35643754;-4,010902133;26888,95
19442;40,28861341;-4,015892582;30070,95
19443;40,2877473;-4,0135011;29938,97
19444;40,30177755;-3,97666207;26449,74